route_id,route_no,route_name,route_type,direction,sequence,stop_id,stop_name,bis_number,latitude,longitude,sigungu,district_name,담당자,담당순위
69,CWB379001050,덕동공영차고지 ↔ 대방동종점,간선버스,상행,1,CWB379003339,덕동공영차고지,322612,35.1362934,128.5635658,창원시마산합포구,현동,A,1
69,CWB379001050,덕동공영차고지 ↔ 대방동종점,간선버스,상행,2,CWB379001624,묘촌입구,322602,35.1412798,128.5604025,창원시마산합포구,현동,A,1
69,CWB379001050,덕동공영차고지 ↔ 대방동종점,간선버스,상행,3,CWB379001587,현동초등학교,322603,35.1471516,128.5576067,창원시마산합포구,현동,A,1
69,CWB379001050,덕동공영차고지 ↔ 대방동종점,간선버스,상행,4,CWB379003338,현동LH아파트,322611,35.1519728,128.5535186,창원시마산합포구,현동,A,1
69,CWB379001050,덕동공영차고지 ↔ 대방동종점,간선버스,상행,5,CWB379001545,시립마산요양병원,322609,35.1536049,128.5513636,창원시마산합포구,현동,A,1
69,CWB379001050,덕동공영차고지 ↔ 대방동종점,간선버스,상행,6,CWB379001508,우산마을,306612,35.1583227,128.5538513,창원시마산합포구,현동,A,1
69,CWB379001050,덕동공영차고지 ↔ 대방동종점,간선버스,상행,7,CWB379006154,청량산터널앞,300638,35.1684454,128.561119,창원시마산합포구,가포동,A,1
69,CWB379001050,덕동공영차고지 ↔ 대방동종점,간선버스,상행,8,CWB379001452,고운초등학교,300628,35.1717894,128.5619677,창원시마산합포구,월영동,A,1
69,CWB379001050,덕동공영차고지 ↔ 대방동종점,간선버스,상행,9,CWB379001441,월영1차아파트,314702,35.1743086,128.5591801,창원시마산합포구,월영동,A,1
69,CWB379001050,덕동공영차고지 ↔ 대방동종점,간선버스,상행,10,CWB379001437,해운초등학교,314704,35.1757661,128.558648,창원시마산합포구,월영동,A,1
69,CWB379001050,덕동공영차고지 ↔ 대방동종점,간선버스,상행,11,CWB379001419,"경남대,서중학교",300636,35.1791669,128.5584661,창원시마산합포구,월영동,A,1
69,CWB379001050,덕동공영차고지 ↔ 대방동종점,간선버스,상행,12,CWB379001394,문화동,300106,35.1842462,128.5602673,창원시마산합포구,문화동,A,1
69,CWB379001050,덕동공영차고지 ↔ 대방동종점,간선버스,상행,13,CWB379001385,평화아파트,301102,35.1860076,128.5579773,창원시마산합포구,문화동,A,1
69,CWB379001050,덕동공영차고지 ↔ 대방동종점,간선버스,상행,14,CWB379001370,제일여고,301104,35.1879694,128.5575532,창원시마산합포구,문화동,A,1
69,CWB379001050,덕동공영차고지 ↔ 대방동종점,간선버스,상행,15,CWB379001343,마산중앙고등학교,301106,35.1906504,128.5589862,창원시마산합포구,반월중앙동,A,1
69,CWB379001050,덕동공영차고지 ↔ 대방동종점,간선버스,상행,16,CWB379001327,신월경남아파트,301108,35.1930122,128.561077,창원시마산합포구,반월중앙동,A,1
69,CWB379001050,덕동공영차고지 ↔ 대방동종점,간선버스,상행,17,CWB379001294,마산여고,301110,35.1968514,128.5620922,창원시마산합포구,완월동,A,1
69,CWB379001050,덕동공영차고지 ↔ 대방동종점,간선버스,상행,18,CWB379001282,완월동,301112,35.1981014,128.5622722,창원시마산합포구,완월동,A,1
69,CWB379001050,덕동공영차고지 ↔ 대방동종점,간선버스,상행,19,CWB379001256,한우아파트,315702,35.2010532,128.5595652,창원시마산합포구,자산동,A,1
69,CWB379001050,덕동공영차고지 ↔ 대방동종점,간선버스,상행,20,CWB379001176,약수터,306114,35.206005,128.5615467,창원시마산합포구,자산동,A,1
69,CWB379001050,덕동공영차고지 ↔ 대방동종점,간선버스,상행,21,CWB379003379,합포고등학교,306120,35.2086579,128.5636701,창원시마산합포구,교방동,A,1
69,CWB379001050,덕동공영차고지 ↔ 대방동종점,간선버스,상행,22,CWB379001088,서원곡입구,306116,35.2114821,128.5632043,창원시마산합포구,교방동,A,1
69,CWB379001050,덕동공영차고지 ↔ 대방동종점,간선버스,상행,23,CWB379001047,마산성로원,306118,35.2137391,128.5622032,창원시마산합포구,교방동,A,1
69,CWB379001050,덕동공영차고지 ↔ 대방동종점,간선버스,상행,24,CWB379001008,롯데캐슬프리미어아파트,422901,35.216089,128.564477,창원시마산합포구,교방동,A,1
69,CWB379001050,덕동공영차고지 ↔ 대방동종점,간선버스,상행,25,CWB379000983,회원신협,423002,35.2184326,128.5649448,창원시마산회원구,회원2동,A,1
69,CWB379001050,덕동공영차고지 ↔ 대방동종점,간선버스,상행,26,CWB379000978,회원초등학교,423004,35.2184834,128.5671412,창원시마산회원구,회원2동,A,1
69,CWB379001050,덕동공영차고지 ↔ 대방동종점,간선버스,상행,27,CWB379000956,동중입구,407221,35.2196053,128.5708317,창원시마산회원구,회원1동,A,1
69,CWB379001050,덕동공영차고지 ↔ 대방동종점,간선버스,상행,28,CWB379000909,동중후문,407219,35.2222885,128.5710904,창원시마산회원구,회원1동,A,1
69,CWB379001050,덕동공영차고지 ↔ 대방동종점,간선버스,상행,29,CWB379000882,석전사거리,407217,35.2242974,128.5711982,창원시마산회원구,회원1동,A,1
69,CWB379001050,덕동공영차고지 ↔ 대방동종점,간선버스,상행,30,CWB379000848,석전동,400108,35.2273123,128.5741788,창원시마산회원구,석전동,A,1
69,CWB379001050,덕동공영차고지 ↔ 대방동종점,간선버스,상행,31,CWB379000389,3.15아트센터,408608,35.2267199,128.5770923,창원시마산회원구,양덕2동,A,1
69,CWB379001050,덕동공영차고지 ↔ 대방동종점,간선버스,상행,32,CWB379000873,문화방송,408610,35.2248543,128.5795109,창원시마산회원구,양덕2동,A,1
69,CWB379001050,덕동공영차고지 ↔ 대방동종점,간선버스,상행,33,CWB379000903,야구장앞홈플러스,308601,35.2222148,128.5849428,창원시마산합포구,산호동,A,1
69,CWB379001050,덕동공영차고지 ↔ 대방동종점,간선버스,상행,34,CWB379000918,자유무역지역후문,407102,35.2212864,128.59076,창원시마산회원구,양덕2동,A,1
69,CWB379001050,덕동공영차고지 ↔ 대방동종점,간선버스,상행,35,CWB379000906,봉덕초등학교,411213,35.2222088,128.5929463,창원시마산회원구,양덕2동,A,1
69,CWB379001050,덕동공영차고지 ↔ 대방동종점,간선버스,상행,36,CWB379000884,팔룡산돌탑공원입구,411211,35.2239331,128.5911579,창원시마산회원구,양덕2동,A,1
69,CWB379001050,덕동공영차고지 ↔ 대방동종점,간선버스,상행,37,CWB379000854,정우맨션,411209,35.2263343,128.5892213,창원시마산회원구,양덕2동,A,1
69,CWB379001050,덕동공영차고지 ↔ 대방동종점,간선버스,상행,38,CWB379000828,타워맨션,411205,35.2287485,128.5861293,창원시마산회원구,양덕1동,A,1
69,CWB379001050,덕동공영차고지 ↔ 대방동종점,간선버스,상행,39,CWB379000778,양덕1동행정복지센터,420602,35.2317444,128.5862812,창원시마산회원구,양덕1동,A,1
69,CWB379001050,덕동공영차고지 ↔ 대방동종점,간선버스,상행,40,CWB379000750,양덕초등학교,420604,35.2334046,128.5874334,창원시마산회원구,양덕1동,A,1
69,CWB379001050,덕동공영차고지 ↔ 대방동종점,간선버스,상행,41,CWB379000733,서안양덕타운,420606,35.2348964,128.5885662,창원시마산회원구,양덕1동,A,1
69,CWB379001050,덕동공영차고지 ↔ 대방동종점,간선버스,상행,42,CWB379000695,마산동부경찰서,420608,35.2372904,128.5891902,창원시마산회원구,합성2동,A,1
69,CWB379001050,덕동공영차고지 ↔ 대방동종점,간선버스,상행,43,CWB379002395,우리누리청소년문화센터,420610,35.2404694,128.589884,창원시마산회원구,합성2동,A,1
69,CWB379001050,덕동공영차고지 ↔ 대방동종점,간선버스,상행,44,CWB379000626,삼성창원병원,420612,35.2426364,128.5910482,창원시마산회원구,합성2동,A,1
69,CWB379001050,덕동공영차고지 ↔ 대방동종점,간선버스,상행,45,CWB379000561,구암고등학교,420614,35.2465191,128.5947068,창원시마산회원구,구암2동,A,1
69,CWB379001050,덕동공영차고지 ↔ 대방동종점,간선버스,상행,46,CWB379000514,창신대학교입구,420616,35.2484597,128.5984063,창원시마산회원구,구암2동,A,1
69,CWB379001050,덕동공영차고지 ↔ 대방동종점,간선버스,상행,47,CWB379000506,청소년복지회관.창신대학,420618,35.2487659,128.601015,창원시마산회원구,구암2동,A,1
69,CWB379001050,덕동공영차고지 ↔ 대방동종점,간선버스,상행,48,CWB379000499,차룡단지,120602,35.2495177,128.6081181,창원시의창구,팔룡동,A,1
69,CWB379001050,덕동공영차고지 ↔ 대방동종점,간선버스,상행,49,CWB379000448,팔룡동,120604,35.2527404,128.6109002,창원시의창구,팔룡동,A,1
69,CWB379001050,덕동공영차고지 ↔ 대방동종점,간선버스,상행,50,CWB379000429,팔룡동행정복지센터,120606,35.255383,128.613313,창원시의창구,팔룡동,A,1
69,CWB379001050,덕동공영차고지 ↔ 대방동종점,간선버스,상행,51,CWB379000396,창원여중,120608,35.2589124,128.6165122,창원시의창구,의창동,A,1
69,CWB379001050,덕동공영차고지 ↔ 대방동종점,간선버스,상행,52,CWB379000367,윤병원,115310,35.2613931,128.6209841,창원시의창구,의창동,A,1
69,CWB379001050,덕동공영차고지 ↔ 대방동종점,간선버스,상행,53,CWB379000369,의창동환승센터,115312,35.2612419,128.6244038,창원시의창구,의창동,A,1
69,CWB379001050,덕동공영차고지 ↔ 대방동종점,간선버스,상행,54,CWB379000370,소답동,115314,35.2611449,128.6285109,창원시의창구,의창동,A,1
69,CWB379001050,덕동공영차고지 ↔ 대방동종점,간선버스,상행,55,CWB379006067,의창스포츠센터,114230,35.2585337,128.6331077,창원시의창구,명곡동,A,1
69,CWB379001050,덕동공영차고지 ↔ 대방동종점,간선버스,상행,56,CWB379006069,의창구청,114232,35.2556737,128.6355032,창원시의창구,명곡동,A,1
69,CWB379001050,덕동공영차고지 ↔ 대방동종점,간선버스,상행,57,CWB379006071,서부경찰서(원흥사),114234,35.2524711,128.6382404,창원시의창구,명곡동,A,1
69,CWB379001050,덕동공영차고지 ↔ 대방동종점,간선버스,상행,58,CWB379006073,명서초등학교,114236,35.250197,128.640131,창원시의창구,명곡동,A,1
69,CWB379001050,덕동공영차고지 ↔ 대방동종점,간선버스,상행,59,CWB379006075,명서시장,114238,35.2476771,128.6421978,창원시의창구,명곡동,A,1
69,CWB379001050,덕동공영차고지 ↔ 대방동종점,간선버스,상행,60,CWB379006077,명곡다리(명곡교회),114240,35.2461083,128.6437399,창원시의창구,명곡동,A,1
69,CWB379001050,덕동공영차고지 ↔ 대방동종점,간선버스,상행,61,CWB379006079,명서1민원센터,114242,35.2437634,128.6478396,창원시의창구,명곡동,A,1
69,CWB379001050,덕동공영차고지 ↔ 대방동종점,간선버스,상행,62,CWB379006081,시티7,114244,35.2409993,128.6532624,창원시의창구,팔룡동,A,1
69,CWB379001050,덕동공영차고지 ↔ 대방동종점,간선버스,상행,63,CWB379006083,창원컨벤션센터,114246,35.2392602,128.6575222,창원시의창구,팔룡동,A,1
69,CWB379001050,덕동공영차고지 ↔ 대방동종점,간선버스,상행,64,CWB379006085,문성고등학교,114248,35.2376408,128.6612652,창원시의창구,팔룡동,A,1
69,CWB379001050,덕동공영차고지 ↔ 대방동종점,간선버스,상행,65,CWB379006087,창원종합운동장,114250,35.2350633,128.6663423,창원시의창구,팔룡동,A,1
69,CWB379001050,덕동공영차고지 ↔ 대방동종점,간선버스,상행,66,CWB379006089,트리비앙아파트(한국폴리텍대학),114252,35.2323201,128.6718276,창원시의창구,팔룡동,A,1
69,CWB379001050,덕동공영차고지 ↔ 대방동종점,간선버스,상행,67,CWB379006091,창원중앙고등학교,114254,35.2301593,128.6755781,창원시성산구,중앙동,A,1
69,CWB379001050,덕동공영차고지 ↔ 대방동종점,간선버스,상행,68,CWB379006093,창원시청,114256,35.2277477,128.6797076,창원시성산구,중앙동,A,1
69,CWB379001050,덕동공영차고지 ↔ 대방동종점,간선버스,상행,69,CWB379006095,상남시장(은아아파트),114258,35.2243963,128.6856159,창원시성산구,상남동,A,1
69,CWB379001050,덕동공영차고지 ↔ 대방동종점,간선버스,상행,70,CWB379006097,시민생활체육관,114260,35.2226912,128.6886558,창원시성산구,상남동,A,1
69,CWB379001050,덕동공영차고지 ↔ 대방동종점,간선버스,상행,71,CWB379006099,대동백화점,114262,35.2205007,128.691441,창원시성산구,상남동,A,1
69,CWB379001050,덕동공영차고지 ↔ 대방동종점,간선버스,상행,72,CWB379006101,토월성원아파트,114264,35.2171938,128.6939778,창원시성산구,상남동,A,1
69,CWB379001050,덕동공영차고지 ↔ 대방동종점,간선버스,상행,73,CWB379006103,상남도서관,114266,35.2140248,128.6961549,창원시성산구,가음정동,A,1
69,CWB379001050,덕동공영차고지 ↔ 대방동종점,간선버스,상행,74,CWB379001082,더샵센트럴파크2단지,200402,35.2100425,128.6990684,창원시성산구,가음정동,A,1
69,CWB379001050,덕동공영차고지 ↔ 대방동종점,간선버스,상행,75,CWB379001098,더샵센트럴파크1단지,200404,35.2089743,128.7004024,창원시성산구,가음정동,A,1
69,CWB379001050,덕동공영차고지 ↔ 대방동종점,간선버스,상행,76,CWB379001141,남산초등학교,200406,35.2060254,128.7028262,창원시성산구,가음정동,A,1
69,CWB379001050,덕동공영차고지 ↔ 대방동종점,간선버스,상행,77,CWB379001189,대방동종점,200408,35.2034947,128.7044454,창원시성산구,가음정동,A,1
69,CWB379001050,덕동공영차고지 ↔ 대방동종점,간선버스,하행,78,CWB379005462,대방동종점,200409,35.2037207,128.7043979,창원시성산구,가음정동,A,1
69,CWB379001050,덕동공영차고지 ↔ 대방동종점,간선버스,하행,79,CWB379001153,남산초등학교,200405,35.2054904,128.7033702,창원시성산구,가음정동,A,1
69,CWB379001050,덕동공영차고지 ↔ 대방동종점,간선버스,하행,80,CWB379001101,피오르빌아파트,200403,35.2087974,128.7008648,창원시성산구,가음정동,A,1
69,CWB379001050,덕동공영차고지 ↔ 대방동종점,간선버스,하행,81,CWB379001076,남양초등학교,200401,35.2102334,128.6991202,창원시성산구,가음정동,A,1
69,CWB379001050,덕동공영차고지 ↔ 대방동종점,간선버스,하행,82,CWB379006104,상남도서관(한림.우성아파트),114267,35.213436,128.6966863,창원시성산구,가음정동,A,1
69,CWB379001050,덕동공영차고지 ↔ 대방동종점,간선버스,하행,83,CWB379006102,삼익아파트,114265,35.2166754,128.694475,창원시성산구,사파동,A,1
69,CWB379001050,덕동공영차고지 ↔ 대방동종점,간선버스,하행,84,CWB379006100,대동백화점,114263,35.219972,128.6921878,창원시성산구,사파동,A,1
69,CWB379001050,덕동공영차고지 ↔ 대방동종점,간선버스,하행,85,CWB379006098,시민생활체육관,114261,35.2223096,128.6895237,창원시성산구,용지동,A,1
69,CWB379001050,덕동공영차고지 ↔ 대방동종점,간선버스,하행,86,CWB379006096,상남시장(은아아파트),114259,35.2250582,128.6846823,창원시성산구,용지동,A,1
69,CWB379001050,덕동공영차고지 ↔ 대방동종점,간선버스,하행,87,CWB379006094,창원시청(정우상가),114257,35.2283537,128.6788991,창원시성산구,용지동,A,1
69,CWB379001050,덕동공영차고지 ↔ 대방동종점,간선버스,하행,88,CWB379006092,창원중앙고등학교,114255,35.2299507,128.6761669,창원시성산구,용지동,A,1
69,CWB379001050,덕동공영차고지 ↔ 대방동종점,간선버스,하행,89,CWB379006090,트리비앙아파트(한국폴리텍대학),114253,35.2326737,128.6713433,창원시성산구,반송동,A,1
69,CWB379001050,덕동공영차고지 ↔ 대방동종점,간선버스,하행,90,CWB379006088,노블파크아파트,114251,35.2348745,128.6669673,창원시성산구,반송동,A,1
69,CWB379001050,덕동공영차고지 ↔ 대방동종점,간선버스,하행,91,CWB379006086,문성고등학교,114249,35.2374361,128.6618954,창원시성산구,반송동,A,1
69,CWB379001050,덕동공영차고지 ↔ 대방동종점,간선버스,하행,92,CWB379006084,창원컨벤션센터,114247,35.2392207,128.6579388,창원시성산구,반송동,A,1
69,CWB379001050,덕동공영차고지 ↔ 대방동종점,간선버스,하행,93,CWB379006082,시티7,114245,35.2409504,128.6537091,창원시성산구,반송동,A,1
69,CWB379001050,덕동공영차고지 ↔ 대방동종점,간선버스,하행,94,CWB379006080,명서1민원센터,114243,35.2433584,128.6487926,창원시의창구,봉림동,A,1
69,CWB379001050,덕동공영차고지 ↔ 대방동종점,간선버스,하행,95,CWB379006078,명곡다리(명곡교회),114241,35.2451156,128.6456643,창원시의창구,명곡동,A,1
69,CWB379001050,덕동공영차고지 ↔ 대방동종점,간선버스,하행,96,CWB379006076,명서시장,114239,35.2468792,128.6430468,창원시의창구,명곡동,A,1
69,CWB379001050,덕동공영차고지 ↔ 대방동종점,간선버스,하행,97,CWB379006074,명서초등학교,114237,35.2497845,128.6406418,창원시의창구,명곡동,A,1
69,CWB379001050,덕동공영차고지 ↔ 대방동종점,간선버스,하행,98,CWB379006072,서부경찰서(원흥사),114235,35.2517874,128.6389875,창원시의창구,명곡동,A,1
69,CWB379001050,덕동공영차고지 ↔ 대방동종점,간선버스,하행,99,CWB379006070,의창구청,114233,35.2549578,128.6362963,창원시의창구,명곡동,A,1
69,CWB379001050,덕동공영차고지 ↔ 대방동종점,간선버스,하행,100,CWB379006068,의창스포츠센터,114231,35.2579528,128.6337443,창원시의창구,명곡동,A,1
69,CWB379001050,덕동공영차고지 ↔ 대방동종점,간선버스,하행,101,CWB379000366,소답동,115311,35.2614665,128.6257342,창원시의창구,의창동,A,1
69,CWB379001050,덕동공영차고지 ↔ 대방동종점,간선버스,하행,102,CWB379000361,의창동환승센터,115309,35.2616634,128.6228942,창원시의창구,의창동,A,1
69,CWB379001050,덕동공영차고지 ↔ 대방동종점,간선버스,하행,103,CWB379000358,윤병원,115307,35.2617925,128.6200302,창원시의창구,의창동,A,1
69,CWB379001050,덕동공영차고지 ↔ 대방동종점,간선버스,하행,104,CWB379000387,창원여중,120607,35.2594623,128.6166879,창원시의창구,팔룡동,A,1
69,CWB379001050,덕동공영차고지 ↔ 대방동종점,간선버스,하행,105,CWB379000428,팔룡동행정복지센터,120605,35.2554457,128.6130352,창원시의창구,팔룡동,A,1
69,CWB379001050,덕동공영차고지 ↔ 대방동종점,간선버스,하행,106,CWB379000444,팔룡동,120603,35.253248,128.6110368,창원시의창구,팔룡동,A,1
69,CWB379001050,덕동공영차고지 ↔ 대방동종점,간선버스,하행,107,CWB379000498,차룡단지,120601,35.2494294,128.6077662,창원시의창구,팔룡동,A,1
69,CWB379001050,덕동공영차고지 ↔ 대방동종점,간선버스,하행,108,CWB379005414,마창자동차운전전문학원,120622,35.2481047,128.6046175,창원시의창구,팔룡동,A,1
69,CWB379001050,덕동공영차고지 ↔ 대방동종점,간선버스,하행,109,CWB379000504,청소년복지회관.창신대학,420619,35.2490569,128.6017678,창원시마산회원구,구암2동,A,1
69,CWB379001050,덕동공영차고지 ↔ 대방동종점,간선버스,하행,110,CWB379000510,구암2동행정복지센터,420617,35.2486424,128.5982382,창원시마산회원구,구암2동,A,1
69,CWB379001050,덕동공영차고지 ↔ 대방동종점,간선버스,하행,111,CWB379000566,구암고등학교,420615,35.2462964,128.5939782,창원시마산회원구,구암2동,A,1
69,CWB379001050,덕동공영차고지 ↔ 대방동종점,간선버스,하행,112,CWB379000613,삼성창원병원,420613,35.2434464,128.5911962,창원시마산회원구,구암2동,A,1
69,CWB379001050,덕동공영차고지 ↔ 대방동종점,간선버스,하행,113,CWB379002394,우리누리청소년문화센터,420609,35.2400649,128.5893764,창원시마산회원구,합성2동,A,1
69,CWB379001050,덕동공영차고지 ↔ 대방동종점,간선버스,하행,114,CWB379000698,마산동부경찰서,420607,35.2380281,128.5889771,창원시마산회원구,합성2동,A,1
69,CWB379001050,덕동공영차고지 ↔ 대방동종점,간선버스,하행,115,CWB379000735,서안양덕타운,420605,35.2349397,128.5882252,창원시마산회원구,양덕1동,A,1
69,CWB379001050,덕동공영차고지 ↔ 대방동종점,간선버스,하행,116,CWB379000751,양덕초등학교,420603,35.2334698,128.5871982,창원시마산회원구,양덕1동,A,1
69,CWB379001050,덕동공영차고지 ↔ 대방동종점,간선버스,하행,117,CWB379000779,양덕1동행정복지센터,420601,35.2317968,128.5859714,창원시마산회원구,양덕1동,A,1
69,CWB379001050,덕동공영차고지 ↔ 대방동종점,간선버스,하행,118,CWB379000817,타워맨션,411206,35.2293988,128.5851675,창원시마산회원구,양덕2동,A,1
69,CWB379001050,덕동공영차고지 ↔ 대방동종점,간선버스,하행,119,CWB379000855,정우맨션,411208,35.2262485,128.5889766,창원시마산회원구,양덕2동,A,1
69,CWB379001050,덕동공영차고지 ↔ 대방동종점,간선버스,하행,120,CWB379000886,팔룡산돌탑공원입구,411210,35.2234461,128.5912559,창원시마산회원구,양덕2동,A,1
69,CWB379001050,덕동공영차고지 ↔ 대방동종점,간선버스,하행,121,CWB379000907,봉덕초등학교,411212,35.2219321,128.5928506,창원시마산회원구,양덕2동,A,1
69,CWB379001050,덕동공영차고지 ↔ 대방동종점,간선버스,하행,122,CWB379000912,자유무역지역후문,407101,35.2215077,128.5915099,창원시마산회원구,양덕2동,A,1
69,CWB379001050,덕동공영차고지 ↔ 대방동종점,간선버스,하행,123,CWB379000899,야구장앞홈플러스,408613,35.2223286,128.585269,창원시마산회원구,양덕2동,A,1
69,CWB379001050,덕동공영차고지 ↔ 대방동종점,간선버스,하행,124,CWB379002402,문화방송,408611,35.2248307,128.5805716,창원시마산회원구,양덕2동,A,1
69,CWB379001050,덕동공영차고지 ↔ 대방동종점,간선버스,하행,125,CWB379001996,3.15아트센터,408607,35.2259787,128.5784645,창원시마산회원구,양덕2동,A,1
69,CWB379001050,덕동공영차고지 ↔ 대방동종점,간선버스,하행,126,CWB379000853,석전동,400107,35.2266184,128.5731882,창원시마산회원구,석전동,A,1
69,CWB379001050,덕동공영차고지 ↔ 대방동종점,간선버스,하행,127,CWB379000879,석전사거리,407216,35.2245934,128.5709592,창원시마산회원구,회원1동,A,1
69,CWB379001050,덕동공영차고지 ↔ 대방동종점,간선버스,하행,128,CWB379000935,동중후문,407218,35.2208144,128.5707652,창원시마산회원구,회원1동,A,1
69,CWB379001050,덕동공영차고지 ↔ 대방동종점,간선버스,하행,129,CWB379000976,회원초등학교,423003,35.2187904,128.5679636,창원시마산회원구,회원2동,A,1
69,CWB379001050,덕동공영차고지 ↔ 대방동종점,간선버스,하행,130,CWB379000980,회원2동파출소,423001,35.2186694,128.5638082,창원시마산회원구,회원2동,A,1
69,CWB379001050,덕동공영차고지 ↔ 대방동종점,간선버스,하행,131,CWB379000977,삼학사,406103,35.2186309,128.560853,창원시마산회원구,회원2동,A,1
69,CWB379001050,덕동공영차고지 ↔ 대방동종점,간선버스,하행,132,CWB379001018,경남은행연수원,406101,35.2164955,128.5606437,창원시마산합포구,교방동,A,1
69,CWB379001050,덕동공영차고지 ↔ 대방동종점,간선버스,하행,133,CWB379001054,마산성로원,306117,35.213492,128.5620032,창원시마산합포구,교방동,A,1
69,CWB379001050,덕동공영차고지 ↔ 대방동종점,간선버스,하행,134,CWB379001108,서원곡입구,306115,35.2113336,128.5629685,창원시마산합포구,교방동,A,1
69,CWB379001050,덕동공영차고지 ↔ 대방동종점,간선버스,하행,135,CWB379001164,약수터,306113,35.2065926,128.5619841,창원시마산합포구,자산동,A,1
69,CWB379001050,덕동공영차고지 ↔ 대방동종점,간선버스,하행,136,CWB379001248,한우아파트,315701,35.2013244,128.5592252,창원시마산합포구,자산동,A,1
69,CWB379001050,덕동공영차고지 ↔ 대방동종점,간선버스,하행,137,CWB379001283,완월동,301111,35.1980824,128.5621302,창원시마산합포구,완월동,A,1
69,CWB379001050,덕동공영차고지 ↔ 대방동종점,간선버스,하행,138,CWB379001298,마산여고,301109,35.1968395,128.5619169,창원시마산합포구,완월동,A,1
69,CWB379001050,덕동공영차고지 ↔ 대방동종점,간선버스,하행,139,CWB379001324,신월경남아파트,301107,35.1931114,128.5609742,창원시마산합포구,반월중앙동,A,1
69,CWB379001050,덕동공영차고지 ↔ 대방동종점,간선버스,하행,140,CWB379001341,마산중앙고등학교,301105,35.1909764,128.5590602,창원시마산합포구,반월중앙동,A,1
69,CWB379001050,덕동공영차고지 ↔ 대방동종점,간선버스,하행,141,CWB379001369,제일여고,301103,35.1880724,128.5574612,창원시마산합포구,문화동,A,1
69,CWB379001050,덕동공영차고지 ↔ 대방동종점,간선버스,하행,142,CWB379001387,평화아파트,301101,35.1858864,128.5581341,창원시마산합포구,문화동,A,1
69,CWB379001050,덕동공영차고지 ↔ 대방동종점,간선버스,하행,143,CWB379001392,문화동,300105,35.1845804,128.5602312,창원시마산합포구,문화동,A,1
69,CWB379001050,덕동공영차고지 ↔ 대방동종점,간선버스,하행,144,CWB379001418,"경남대,서중학교",300635,35.1793434,128.5582462,창원시마산합포구,월영동,A,1
69,CWB379001050,덕동공영차고지 ↔ 대방동종점,간선버스,하행,145,CWB379001435,해운초등학교,314703,35.1757349,128.5584416,창원시마산합포구,월영동,A,1
69,CWB379001050,덕동공영차고지 ↔ 대방동종점,간선버스,하행,146,CWB379001443,월영동공원,314701,35.1736804,128.5592752,창원시마산합포구,월영동,A,1
69,CWB379001050,덕동공영차고지 ↔ 대방동종점,간선버스,하행,147,CWB379001451,고운초등학교,300627,35.1713438,128.5622757,창원시마산합포구,월영동,A,1
69,CWB379001050,덕동공영차고지 ↔ 대방동종점,간선버스,하행,148,CWB379006153,청량산터널앞,300637,35.1685633,128.560888,창원시마산합포구,가포동,A,1
69,CWB379001050,덕동공영차고지 ↔ 대방동종점,간선버스,하행,149,CWB379001513,우산마을,306613,35.1574361,128.5529312,창원시마산합포구,현동,A,1
69,CWB379001050,덕동공영차고지 ↔ 대방동종점,간선버스,하행,150,CWB379001543,시립마산요양병원,322607,35.1534491,128.5511524,창원시마산합포구,현동,A,1
69,CWB379001050,덕동공영차고지 ↔ 대방동종점,간선버스,하행,151,CWB379003337,현동중흥1차아파트,322610,35.1510154,128.5539332,창원시마산합포구,현동,A,1
69,CWB379001050,덕동공영차고지 ↔ 대방동종점,간선버스,하행,152,CWB379001586,현동초등학교,322604,35.1459388,128.5580002,창원시마산합포구,현동,A,1
69,CWB379001050,덕동공영차고지 ↔ 대방동종점,간선버스,하행,153,CWB379001625,묘촌입구,322601,35.1406067,128.5605378,창원시마산합포구,현동,A,1
69,CWB379001050,덕동공영차고지 ↔ 대방동종점,간선버스,하행,154,CWB379003340,덕동공영차고지,322613,35.1360366,128.5636553,창원시마산합포구,현동,A,1
77,CWB379001140,안계초등학교 ↔ 청솔아파트종점,간선버스,상행,1,CWB379000804,안계초등학교,409902,35.2316682,128.4944947,창원시마산회원구,내서읍,A,2
77,CWB379001140,안계초등학교 ↔ 청솔아파트종점,간선버스,상행,2,CWB379000805,삼계숲속마을아파트,409904,35.2315206,128.4974468,창원시마산회원구,내서읍,A,2
77,CWB379001140,안계초등학교 ↔ 청솔아파트종점,간선버스,상행,3,CWB379000799,삼계우체국,409906,35.2317094,128.5000775,창원시마산회원구,내서읍,A,2
77,CWB379001140,안계초등학교 ↔ 청솔아파트종점,간선버스,상행,4,CWB379000810,삼계대동아파트,408401,35.2309595,128.501801,창원시마산회원구,내서읍,A,2
77,CWB379001140,안계초등학교 ↔ 청솔아파트종점,간선버스,상행,5,CWB379002837,내서운동장,630238,35.2263555,128.5038479,창원시마산회원구,내서읍,A,2
77,CWB379001140,안계초등학교 ↔ 청솔아파트종점,간선버스,상행,6,CWB379000837,한우리아파트,401002,35.2291242,128.5054326,창원시마산회원구,내서읍,A,2
77,CWB379001140,안계초등학교 ↔ 청솔아파트종점,간선버스,상행,7,CWB379000776,롯데마트,401004,35.2329,128.5048467,창원시마산회원구,내서읍,A,2
77,CWB379001140,안계초등학교 ↔ 청솔아파트종점,간선버스,상행,8,CWB379000746,더푸른아파트,401006,35.2348094,128.5044922,창원시마산회원구,내서읍,A,2
77,CWB379001140,안계초등학교 ↔ 청솔아파트종점,간선버스,상행,9,CWB379002393,내서여고,401008,35.2368914,128.5044232,창원시마산회원구,내서읍,A,2
77,CWB379001140,안계초등학교 ↔ 청솔아파트종점,간선버스,상행,10,CWB379000643,장미아파트,401010,35.2416143,128.5051436,창원시마산회원구,내서읍,A,2
77,CWB379001140,안계초등학교 ↔ 청솔아파트종점,간선버스,상행,11,CWB379000597,내서중학교,401012,35.2460262,128.5089331,창원시마산회원구,내서읍,A,2
77,CWB379001140,안계초등학교 ↔ 청솔아파트종점,간선버스,상행,12,CWB379000540,청아병원,401504,35.2486862,128.511238,창원시마산회원구,내서읍,A,2
77,CWB379001140,안계초등학교 ↔ 청솔아파트종점,간선버스,상행,13,CWB379000496,동신아파트,401502,35.2507615,128.5136388,창원시마산회원구,내서읍,A,2
77,CWB379001140,안계초등학교 ↔ 청솔아파트종점,간선버스,상행,14,CWB379000520,중리역,421708,35.2493168,128.5180837,창원시마산회원구,내서읍,A,2
77,CWB379001140,안계초등학교 ↔ 청솔아파트종점,간선버스,상행,15,CWB379002392,한주아파트입구,421712,35.2486665,128.5203514,창원시마산회원구,내서읍,A,2
77,CWB379001140,안계초등학교 ↔ 청솔아파트종점,간선버스,상행,16,CWB379000542,중리삼거리,422805,35.2484334,128.5239122,창원시마산회원구,내서읍,A,2
77,CWB379001140,안계초등학교 ↔ 청솔아파트종점,간선버스,상행,17,CWB379000605,구슬골,422803,35.2444761,128.5290676,창원시마산회원구,내서읍,A,2
77,CWB379001140,안계초등학교 ↔ 청솔아파트종점,간선버스,상행,18,CWB379000637,마재고개,422801,35.2417118,128.5369503,창원시마산회원구,회성동,A,2
77,CWB379001140,안계초등학교 ↔ 청솔아파트종점,간선버스,상행,19,CWB379001991,두척,407202,35.2377666,128.5433795,창원시마산회원구,회성동,A,2
77,CWB379001140,안계초등학교 ↔ 청솔아파트종점,간선버스,상행,20,CWB379000709,내서초등학교,407204,35.2368572,128.5468785,창원시마산회원구,회성동,A,2
77,CWB379001140,안계초등학교 ↔ 청솔아파트종점,간선버스,상행,21,CWB379000732,자족형행정복합타운,407206,35.2351022,128.5528114,창원시마산회원구,회성동,A,2
77,CWB379001140,안계초등학교 ↔ 청솔아파트종점,간선버스,상행,22,CWB379000749,한효국화맨션,407208,35.2338786,128.5579704,창원시마산회원구,회성동,A,2
77,CWB379001140,안계초등학교 ↔ 청솔아파트종점,간선버스,상행,23,CWB379000758,회성동행정복지센터/합포여중,407210,35.2334197,128.5612438,창원시마산회원구,회성동,A,2
77,CWB379001140,안계초등학교 ↔ 청솔아파트종점,간선버스,상행,24,CWB379000772,서마산IC(사거리),407211,35.2322638,128.5644388,창원시마산회원구,회성동,A,2
77,CWB379001140,안계초등학교 ↔ 청솔아파트종점,간선버스,상행,25,CWB379000803,회성동우체국,407212,35.2308164,128.5660222,창원시마산회원구,석전동,A,2
77,CWB379001140,안계초등학교 ↔ 청솔아파트종점,간선버스,상행,26,CWB379000825,서마산시장,407214,35.2286491,128.5683559,창원시마산회원구,석전동,A,2
77,CWB379001140,안계초등학교 ↔ 청솔아파트종점,간선버스,상행,27,CWB379000879,석전사거리,407216,35.2245934,128.5709592,창원시마산회원구,회원1동,A,2
77,CWB379001140,안계초등학교 ↔ 청솔아파트종점,간선버스,상행,28,CWB379000935,동중후문,407218,35.2208144,128.5707652,창원시마산회원구,회원1동,A,2
77,CWB379001140,안계초등학교 ↔ 청솔아파트종점,간선버스,상행,29,CWB379000981,동중입구,407220,35.2184594,128.5705432,창원시마산회원구,회원1동,A,2
77,CWB379001140,안계초등학교 ↔ 청솔아파트종점,간선버스,상행,30,CWB379001017,회산교,407222,35.2164794,128.5703392,창원시마산회원구,회원1동,A,2
77,CWB379001140,안계초등학교 ↔ 청솔아파트종점,간선버스,상행,31,CWB379001072,합포주유소,307201,35.2123434,128.5715602,창원시마산합포구,교방동,A,2
77,CWB379001140,안계초등학교 ↔ 청솔아파트종점,간선버스,상행,32,CWB379001120,북마산가구거리,307203,35.2088615,128.5729481,창원시마산합포구,오동동,A,2
77,CWB379001140,안계초등학교 ↔ 청솔아파트종점,간선버스,상행,33,CWB379001168,부림시장,300121,35.2061467,128.5731025,창원시마산합포구,오동동,A,2
77,CWB379001140,안계초등학교 ↔ 청솔아파트종점,간선버스,상행,34,CWB379001199,어시장,321910,35.2048042,128.5777052,창원시마산합포구,오동동,A,2
77,CWB379001140,안계초등학교 ↔ 청솔아파트종점,간선버스,상행,35,CWB379002004,오동동아구찜거리,321913,35.2060562,128.5795282,창원시마산합포구,오동동,A,2
77,CWB379001140,안계초등학교 ↔ 청솔아파트종점,간선버스,상행,36,CWB379001114,자유무역지역정문,321916,35.2093966,128.5830333,창원시마산합포구,합포동,A,2
77,CWB379001140,안계초등학교 ↔ 청솔아파트종점,간선버스,상행,37,CWB379001065,합포동,321918,35.2125307,128.5859205,창원시마산합포구,합포동,A,2
77,CWB379001140,안계초등학교 ↔ 청솔아파트종점,간선버스,상행,38,CWB379001038,산호동,321920,35.214486,128.5866928,창원시마산합포구,산호동,A,2
77,CWB379001140,안계초등학교 ↔ 청솔아파트종점,간선버스,상행,39,CWB379000955,신세계백화점,321922,35.2195955,128.5871657,창원시마산합포구,산호동,A,2
77,CWB379001140,안계초등학교 ↔ 청솔아파트종점,간선버스,상행,40,CWB379000918,자유무역지역후문,407102,35.2212864,128.59076,창원시마산회원구,양덕2동,A,2
77,CWB379001140,안계초등학교 ↔ 청솔아파트종점,간선버스,상행,41,CWB379000933,봉암동,407104,35.2206786,128.5958915,창원시마산회원구,봉암동,A,2
77,CWB379001140,안계초등학교 ↔ 청솔아파트종점,간선버스,상행,42,CWB379000966,봉암공단 입구,407106,35.2187325,128.6010381,창원시마산회원구,봉암동,A,2
77,CWB379001140,안계초등학교 ↔ 청솔아파트종점,간선버스,상행,43,CWB379000989,수원지입구.정다운병원,407108,35.2176559,128.604899,창원시마산회원구,봉암동,A,2
77,CWB379001140,안계초등학교 ↔ 청솔아파트종점,간선버스,상행,44,CWB379000998,자유무역지역2공구,407110,35.216741,128.6083271,창원시마산회원구,봉암동,A,2
77,CWB379001140,안계초등학교 ↔ 청솔아파트종점,간선버스,상행,45,CWB379001013,서광아파트,407112,35.2159397,128.6113585,창원시마산회원구,봉암동,A,2
77,CWB379001140,안계초등학교 ↔ 청솔아파트종점,간선버스,상행,46,CWB379001033,봉암교,407114,35.2142289,128.6158572,창원시마산회원구,봉암동,A,2
77,CWB379001140,안계초등학교 ↔ 청솔아파트종점,간선버스,상행,47,CWB379001136,유신상가,210207,35.2074681,128.6264119,창원시성산구,웅남동,A,2
77,CWB379001140,안계초등학교 ↔ 청솔아파트종점,간선버스,상행,48,CWB379001203,신촌동성아파트,210205,35.2037684,128.6280722,창원시성산구,웅남동,A,2
77,CWB379001140,안계초등학교 ↔ 청솔아파트종점,간선버스,상행,49,CWB379001237,양곡전통시장,210203,35.2008542,128.6285016,창원시성산구,웅남동,A,2
77,CWB379001140,안계초등학교 ↔ 청솔아파트종점,간선버스,상행,50,CWB379001273,양곡중학교,210201,35.1980394,128.6288982,창원시성산구,웅남동,A,2
77,CWB379001140,안계초등학교 ↔ 청솔아파트종점,간선버스,상행,51,CWB379001288,웅남주민운동장,207103,35.1966037,128.6306207,창원시성산구,웅남동,A,2
77,CWB379001140,안계초등학교 ↔ 청솔아파트종점,간선버스,상행,52,CWB379001125,웅남소방119안전센터,207101,35.2082091,128.6274323,창원시성산구,웅남동,A,2
77,CWB379001140,안계초등학교 ↔ 청솔아파트종점,간선버스,상행,53,CWB379001089,신촌삼거리,201202,35.2102559,128.6281948,창원시성산구,웅남동,A,2
77,CWB379001140,안계초등학교 ↔ 청솔아파트종점,간선버스,상행,54,CWB379001067,한화엔진.피케이벨브,201204,35.2117487,128.6338485,창원시성산구,웅남동,A,2
77,CWB379001140,안계초등학교 ↔ 청솔아파트종점,간선버스,상행,55,CWB379001041,한국철강,201206,35.2132874,128.6383752,창원시성산구,웅남동,A,2
77,CWB379001140,안계초등학교 ↔ 청솔아파트종점,간선버스,상행,56,CWB379001023,창곡입구,201208,35.2149114,128.6429312,창원시성산구,웅남동,A,2
77,CWB379001140,안계초등학교 ↔ 청솔아파트종점,간선버스,상행,57,CWB379001007,세원셀론텍.영흥철강,201210,35.2157474,128.6453142,창원시성산구,웅남동,A,2
77,CWB379001140,안계초등학교 ↔ 청솔아파트종점,간선버스,상행,58,CWB379000916,셰플러코리아,207904,35.2205291,128.6522214,창원시성산구,중앙동,A,2
77,CWB379001140,안계초등학교 ↔ 청솔아파트종점,간선버스,상행,59,CWB379000858,월드메르디앙아파트,207902,35.2249055,128.6559177,창원시성산구,중앙동,A,2
77,CWB379001140,안계초등학교 ↔ 청솔아파트종점,간선버스,상행,60,CWB379000880,목련아파트,218808,35.2233264,128.6601032,창원시성산구,중앙동,A,2
77,CWB379001140,안계초등학교 ↔ 청솔아파트종점,간선버스,상행,61,CWB379000928,한국폴리텍7대학,218810,35.2201677,128.6657587,창원시성산구,중앙동,A,2
77,CWB379001140,안계초등학교 ↔ 청솔아파트종점,간선버스,상행,62,CWB379000974,창원병원,218812,35.2174678,128.6704202,창원시성산구,중앙동,A,2
77,CWB379001140,안계초등학교 ↔ 청솔아파트종점,간선버스,상행,63,CWB379001957,한국가스안전공사,218814,35.2143352,128.6759339,창원시성산구,중앙동,A,2
77,CWB379001140,안계초등학교 ↔ 청솔아파트종점,간선버스,상행,64,CWB379001040,창원남중,218816,35.2131177,128.6780886,창원시성산구,중앙동,A,2
77,CWB379001140,안계초등학교 ↔ 청솔아파트종점,간선버스,상행,65,CWB379001071,성산패총 사거리,218818,35.2113108,128.6815569,창원시성산구,중앙동,A,2
77,CWB379001140,안계초등학교 ↔ 청솔아파트종점,간선버스,상행,66,CWB379001106,소라아파트,218820,35.2079234,128.687179,창원시성산구,가음정동,A,2
77,CWB379001140,안계초등학교 ↔ 청솔아파트종점,간선버스,상행,67,CWB379001163,가음정사거리,218822,35.2047502,128.6926844,창원시성산구,성주동,A,2
77,CWB379001140,안계초등학교 ↔ 청솔아파트종점,간선버스,상행,68,CWB379001213,남산버스정류소,218824,35.2021634,128.6971192,창원시성산구,성주동,A,2
77,CWB379001140,안계초등학교 ↔ 청솔아파트종점,간선버스,상행,69,CWB379001231,대우1차아파트,218826,35.2008312,128.6995216,창원시성산구,성주동,A,2
77,CWB379001140,안계초등학교 ↔ 청솔아파트종점,간선버스,상행,70,CWB379001260,성산구청,209307,35.1985354,128.7013222,창원시성산구,성주동,A,2
77,CWB379001140,안계초등학교 ↔ 청솔아파트종점,간선버스,상행,71,CWB379001286,성주고가도로입구,209305,35.1958734,128.6990532,창원시성산구,성주동,A,2
77,CWB379001140,안계초등학교 ↔ 청솔아파트종점,간선버스,상행,72,CWB379001316,선돌,209303,35.1931934,128.6967729,창원시성산구,성주동,A,2
77,CWB379001140,안계초등학교 ↔ 청솔아파트종점,간선버스,상행,73,CWB379001349,성주동행정복지센터,201226,35.1883124,128.6944986,창원시성산구,성주동,A,2
77,CWB379001140,안계초등학교 ↔ 청솔아파트종점,간선버스,상행,74,CWB379001367,삼성그린빌,210705,35.1863794,128.6943702,창원시성산구,성주동,A,2
77,CWB379001140,안계초등학교 ↔ 청솔아파트종점,간선버스,상행,75,CWB379001379,대동한솔마을아파트,210703,35.1849194,128.6927812,창원시성산구,성주동,A,2
77,CWB379001140,안계초등학교 ↔ 청솔아파트종점,간선버스,상행,76,CWB379001374,신우에이스타운,210701,35.1856365,128.6898419,창원시성산구,성주동,A,2
77,CWB379001140,안계초등학교 ↔ 청솔아파트종점,간선버스,상행,77,CWB379001358,안민초등학교,210802,35.1878369,128.6883047,창원시성산구,성주동,A,2
77,CWB379001140,안계초등학교 ↔ 청솔아파트종점,간선버스,상행,78,CWB379001363,청솔아파트종점,210804,35.1874511,128.6891502,창원시성산구,성주동,A,2
77,CWB379001140,안계초등학교 ↔ 청솔아파트종점,간선버스,하행,79,CWB379001361,청솔아파트종점,210803,35.1877027,128.688881,창원시성산구,성주동,A,2
77,CWB379001140,안계초등학교 ↔ 청솔아파트종점,간선버스,하행,80,CWB379001357,안민초등학교,210801,35.1879418,128.6883782,창원시성산구,성주동,A,2
77,CWB379001140,안계초등학교 ↔ 청솔아파트종점,간선버스,하행,81,CWB379001377,신우에이스타운,210702,35.1855238,128.6896654,창원시성산구,성주동,A,2
77,CWB379001140,안계초등학교 ↔ 청솔아파트종점,간선버스,하행,82,CWB379001380,대동한솔마을아파트,210704,35.1847734,128.6929332,창원시성산구,성주동,A,2
77,CWB379001140,안계초등학교 ↔ 청솔아파트종점,간선버스,하행,83,CWB379001368,삼성그린빌,210706,35.1863264,128.6945872,창원시성산구,성주동,A,2
77,CWB379001140,안계초등학교 ↔ 청솔아파트종점,간선버스,하행,84,CWB379001339,성주동행정복지센터,209301,35.1896821,128.6941925,창원시성산구,성주동,A,2
77,CWB379001140,안계초등학교 ↔ 청솔아파트종점,간선버스,하행,85,CWB379001326,안민교삼거리,209302,35.1911771,128.695474,창원시성산구,성주동,A,2
77,CWB379001140,안계초등학교 ↔ 청솔아파트종점,간선버스,하행,86,CWB379001305,선돌,209304,35.1936744,128.6976382,창원시성산구,성주동,A,2
77,CWB379001140,안계초등학교 ↔ 청솔아파트종점,간선버스,하행,87,CWB379001261,성산구청,209306,35.1983964,128.7015842,창원시성산구,성주동,A,2
77,CWB379001140,안계초등학교 ↔ 청솔아파트종점,간선버스,하행,88,CWB379001220,남산공원환승센터,218819,35.202255,128.6979112,창원시성산구,가음정동,A,2
77,CWB379001140,안계초등학교 ↔ 청솔아파트종점,간선버스,하행,89,CWB379001196,남산동,218817,35.2034822,128.6957247,창원시성산구,가음정동,A,2
77,CWB379001140,안계초등학교 ↔ 청솔아파트종점,간선버스,하행,90,CWB379001158,가음정사거리,218815,35.2052673,128.6926019,창원시성산구,가음정동,A,2
77,CWB379001140,안계초등학교 ↔ 청솔아파트종점,간선버스,하행,91,CWB379001113,가음정본동,218813,35.2081344,128.6875982,창원시성산구,가음정동,A,2
77,CWB379001140,안계초등학교 ↔ 청솔아파트종점,간선버스,하행,92,CWB379001049,창원남중,218809,35.2121404,128.6806342,창원시성산구,중앙동,A,2
77,CWB379001140,안계초등학교 ↔ 청솔아파트종점,간선버스,하행,93,CWB379001020,재료연구원,218807,35.214645,128.676145,창원시성산구,중앙동,A,2
77,CWB379001140,안계초등학교 ↔ 청솔아파트종점,간선버스,하행,94,CWB379000964,창원병원,218805,35.2179303,128.670417,창원시성산구,중앙동,A,2
77,CWB379001140,안계초등학교 ↔ 청솔아파트종점,간선버스,하행,95,CWB379000917,한국폴리텍7대학,218803,35.2203368,128.6662103,창원시성산구,중앙동,A,2
77,CWB379001140,안계초등학교 ↔ 청솔아파트종점,간선버스,하행,96,CWB379000876,올림픽공원,218801,35.2236614,128.6604682,창원시성산구,중앙동,A,2
77,CWB379001140,안계초등학교 ↔ 청솔아파트종점,간선버스,하행,97,CWB379000857,대원파크빌아파트,207901,35.2248728,128.6556672,창원시의창구,팔룡동,A,2
77,CWB379001140,안계초등학교 ↔ 청솔아파트종점,간선버스,하행,98,CWB379000920,셰플러코리아,207903,35.220422,128.6518362,창원시의창구,팔룡동,A,2
77,CWB379001140,안계초등학교 ↔ 청솔아파트종점,간선버스,하행,99,CWB379001005,세원셀론텍.영흥철강,201209,35.2160244,128.6452682,창원시성산구,웅남동,A,2
77,CWB379001140,안계초등학교 ↔ 청솔아파트종점,간선버스,하행,100,CWB379001024,창곡입구,201207,35.2149101,128.6420587,창원시성산구,웅남동,A,2
77,CWB379001140,안계초등학교 ↔ 청솔아파트종점,간선버스,하행,101,CWB379001044,한국철강,201205,35.2132529,128.6374864,창원시성산구,웅남동,A,2
77,CWB379001140,안계초등학교 ↔ 청솔아파트종점,간선버스,하행,102,CWB379001062,한화엔진.피케이벨브,201203,35.2119363,128.6335711,창원시성산구,웅남동,A,2
77,CWB379001140,안계초등학교 ↔ 청솔아파트종점,간선버스,하행,103,CWB379001127,웅남소방119안전센터,207102,35.208116,128.6272147,창원시성산구,웅남동,A,2
77,CWB379001140,안계초등학교 ↔ 청솔아파트종점,간선버스,하행,104,CWB379001270,양곡중학교,210202,35.1983525,128.6290112,창원시성산구,웅남동,A,2
77,CWB379001140,안계초등학교 ↔ 청솔아파트종점,간선버스,하행,105,CWB379001233,양곡전통시장,210204,35.2018773,128.6284836,창원시성산구,웅남동,A,2
77,CWB379001140,안계초등학교 ↔ 청솔아파트종점,간선버스,하행,106,CWB379001195,신촌동성아파트,210206,35.204343,128.6280903,창원시성산구,웅남동,A,2
77,CWB379001140,안계초등학교 ↔ 청솔아파트종점,간선버스,하행,107,CWB379001128,유신상가,210208,35.2080379,128.6263341,창원시성산구,웅남동,A,2
77,CWB379001140,안계초등학교 ↔ 청솔아파트종점,간선버스,하행,108,CWB379001029,봉암교,407115,35.2145053,128.6152394,창원시마산회원구,봉암동,A,2
77,CWB379001140,안계초등학교 ↔ 청솔아파트종점,간선버스,하행,109,CWB379001011,서광아파트,407113,35.2161159,128.611817,창원시마산회원구,봉암동,A,2
77,CWB379001140,안계초등학교 ↔ 청솔아파트종점,간선버스,하행,110,CWB379000993,자유무역지역2공구,407111,35.2170984,128.6081158,창원시마산회원구,봉암동,A,2
77,CWB379001140,안계초등학교 ↔ 청솔아파트종점,간선버스,하행,111,CWB379000986,수원지입구,407109,35.2178993,128.6050208,창원시마산회원구,봉암동,A,2
77,CWB379001140,안계초등학교 ↔ 청솔아파트종점,간선버스,하행,112,CWB379000954,봉암공단 입구,407107,35.2193354,128.6000532,창원시마산회원구,봉암동,A,2
77,CWB379001140,안계초등학교 ↔ 청솔아파트종점,간선버스,하행,113,CWB379000926,봉암동,407103,35.2210405,128.5956308,창원시마산회원구,봉암동,A,2
77,CWB379001140,안계초등학교 ↔ 청솔아파트종점,간선버스,하행,114,CWB379000912,자유무역지역후문,407101,35.2215077,128.5915099,창원시마산회원구,양덕2동,A,2
77,CWB379001140,안계초등학교 ↔ 청솔아파트종점,간선버스,하행,115,CWB379000951,신세계백화점,321923,35.2188747,128.5870619,창원시마산합포구,산호동,A,2
77,CWB379001140,안계초등학교 ↔ 청솔아파트종점,간선버스,하행,116,CWB379001031,산호동,321921,35.2146337,128.5865546,창원시마산합포구,산호동,A,2
77,CWB379001140,안계초등학교 ↔ 청솔아파트종점,간선버스,하행,117,CWB379001068,합포동,321919,35.2124808,128.5856289,창원시마산합포구,합포동,A,2
77,CWB379001140,안계초등학교 ↔ 청솔아파트종점,간선버스,하행,118,CWB379001107,자유무역지역정문,321917,35.2099339,128.5833988,창원시마산합포구,합포동,A,2
77,CWB379001140,안계초등학교 ↔ 청솔아파트종점,간선버스,하행,119,CWB379001139,오동교,321915,35.2079377,128.5812524,창원시마산합포구,오동동,A,2
77,CWB379001140,안계초등학교 ↔ 청솔아파트종점,간선버스,하행,120,CWB379001173,오동동아구찜거리,321911,35.2058483,128.5789415,창원시마산합포구,오동동,A,2
77,CWB379001140,안계초등학교 ↔ 청솔아파트종점,간선버스,하행,121,CWB379001219,어시장,321907,35.2034399,128.5753465,창원시마산합포구,오동동,A,2
77,CWB379001140,안계초등학교 ↔ 청솔아파트종점,간선버스,하행,122,CWB379001218,KT마산점,300128,35.2035894,128.5722024,창원시마산합포구,오동동,A,2
77,CWB379001140,안계초등학교 ↔ 청솔아파트종점,간선버스,하행,123,CWB379001171,부림시장,300130,35.2061438,128.5733221,창원시마산합포구,오동동,A,2
77,CWB379001140,안계초등학교 ↔ 청솔아파트종점,간선버스,하행,124,CWB379001095,북마산가구거리,307204,35.2107062,128.5724139,창원시마산합포구,오동동,A,2
77,CWB379001140,안계초등학교 ↔ 청솔아파트종점,간선버스,하행,125,CWB379001053,노비산입구,307202,35.2134164,128.5713262,창원시마산합포구,교방동,A,2
77,CWB379001140,안계초등학교 ↔ 청솔아파트종점,간선버스,하행,126,CWB379001021,회산교,407223,35.2159584,128.5705372,창원시마산합포구,교방동,A,2
77,CWB379001140,안계초등학교 ↔ 청솔아파트종점,간선버스,하행,127,CWB379000956,동중입구,407221,35.2196053,128.5708317,창원시마산회원구,회원1동,A,2
77,CWB379001140,안계초등학교 ↔ 청솔아파트종점,간선버스,하행,128,CWB379000909,동중후문,407219,35.2222885,128.5710904,창원시마산회원구,회원1동,A,2
77,CWB379001140,안계초등학교 ↔ 청솔아파트종점,간선버스,하행,129,CWB379000882,석전사거리,407217,35.2242974,128.5711982,창원시마산회원구,회원1동,A,2
77,CWB379001140,안계초등학교 ↔ 청솔아파트종점,간선버스,하행,130,CWB379000829,서마산시장,407215,35.2288498,128.5683937,창원시마산회원구,석전동,A,2
77,CWB379001140,안계초등학교 ↔ 청솔아파트종점,간선버스,하행,131,CWB379000783,회성동우체국,407213,35.2316644,128.5653502,창원시마산회원구,석전동,A,2
77,CWB379001140,안계초등학교 ↔ 청솔아파트종점,간선버스,하행,132,CWB379000754,회성동행정복지센터/합포여중,407209,35.2336234,128.561141,창원시마산회원구,회성동,A,2
77,CWB379001140,안계초등학교 ↔ 청솔아파트종점,간선버스,하행,133,CWB379000744,한효국화맨션,407207,35.2342228,128.5568914,창원시마산회원구,회성동,A,2
77,CWB379001140,안계초등학교 ↔ 청솔아파트종점,간선버스,하행,134,CWB379000729,자족형행정복합타운,407205,35.2354294,128.5522464,창원시마산회원구,회성동,A,2
77,CWB379001140,안계초등학교 ↔ 청솔아파트종점,간선버스,하행,135,CWB379000708,내서초등학교,407203,35.2370932,128.5468,창원시마산회원구,회성동,A,2
77,CWB379001140,안계초등학교 ↔ 청솔아파트종점,간선버스,하행,136,CWB379001992,두척,407201,35.2377831,128.5438522,창원시마산회원구,회성동,A,2
77,CWB379001140,안계초등학교 ↔ 청솔아파트종점,간선버스,하행,137,CWB379000641,마재고개,422802,35.2418924,128.5369682,창원시마산회원구,회성동,A,2
77,CWB379001140,안계초등학교 ↔ 청솔아파트종점,간선버스,하행,138,CWB379000595,구슬골,422804,35.2452234,128.5282542,창원시마산회원구,내서읍,A,2
77,CWB379001140,안계초등학교 ↔ 청솔아파트종점,간선버스,하행,139,CWB379000539,중리삼거리,422806,35.2484589,128.5241413,창원시마산회원구,내서읍,A,2
77,CWB379001140,안계초등학교 ↔ 청솔아파트종점,간선버스,하행,140,CWB379002860,한주아파트,421713,35.2487295,128.5200778,창원시마산회원구,내서읍,A,2
77,CWB379001140,안계초등학교 ↔ 청솔아파트종점,간선버스,하행,141,CWB379000515,중리역,421709,35.2494614,128.5183592,창원시마산회원구,내서읍,A,2
77,CWB379001140,안계초등학교 ↔ 청솔아파트종점,간선버스,하행,142,CWB379000488,동신아파트,401501,35.2510914,128.5135482,창원시마산회원구,내서읍,A,2
77,CWB379001140,안계초등학교 ↔ 청솔아파트종점,간선버스,하행,143,CWB379000530,청아병원,401503,35.2488454,128.5110073,창원시마산회원구,내서읍,A,2
77,CWB379001140,안계초등학교 ↔ 청솔아파트종점,간선버스,하행,144,CWB379000588,내서중학교,401013,35.2463198,128.508754,창원시마산회원구,내서읍,A,2
77,CWB379001140,안계초등학교 ↔ 청솔아파트종점,간선버스,하행,145,CWB379000644,장미아파트,401011,35.2421514,128.5052244,창원시마산회원구,내서읍,A,2
77,CWB379001140,안계초등학교 ↔ 청솔아파트종점,간선버스,하행,146,CWB379001985,내서여고,401009,35.2375766,128.5040952,창원시마산회원구,내서읍,A,2
77,CWB379001140,안계초등학교 ↔ 청솔아파트종점,간선버스,하행,147,CWB379000743,더푸른아파트,401007,35.2351764,128.5041732,창원시마산회원구,내서읍,A,2
77,CWB379001140,안계초등학교 ↔ 청솔아파트종점,간선버스,하행,148,CWB379000771,롯데마트,401005,35.2331152,128.5045121,창원시마산회원구,내서읍,A,2
77,CWB379001140,안계초등학교 ↔ 청솔아파트종점,간선버스,하행,149,CWB379000839,한우리아파트,401003,35.2287354,128.5051002,창원시마산회원구,내서읍,A,2
77,CWB379001140,안계초등학교 ↔ 청솔아파트종점,간선버스,하행,150,CWB379000869,이미지아파트입구,401001,35.226095,128.5045027,창원시마산회원구,내서읍,A,2
77,CWB379001140,안계초등학교 ↔ 청솔아파트종점,간선버스,하행,151,CWB379000813,삼계대동아파트,408402,35.2307714,128.5019462,창원시마산회원구,내서읍,A,2
77,CWB379001140,안계초등학교 ↔ 청솔아파트종점,간선버스,하행,152,CWB379000793,삼계우체국,409905,35.2319164,128.5004719,창원시마산회원구,내서읍,A,2
77,CWB379001140,안계초등학교 ↔ 청솔아파트종점,간선버스,하행,153,CWB379000801,삼계숲속마을아파트,409903,35.2317338,128.4975072,창원시마산회원구,내서읍,A,2
77,CWB379001140,안계초등학교 ↔ 청솔아파트종점,간선버스,하행,154,CWB379000800,안계초등학교,409901,35.2319753,128.4942532,창원시마산회원구,내서읍,A,2
81,CWB379001500,인의동터미널 ↔ 창원중앙역A,간선버스,상행,1,CWB379001596,인의동터미널,630064,35.1449044,128.6609472,창원시진해구,충무동,A,3
81,CWB379001500,인의동터미널 ↔ 창원중앙역A,간선버스,상행,2,CWB379001589,남원로터리,520301,35.146306,128.6597162,창원시진해구,충무동,A,3
81,CWB379001500,인의동터미널 ↔ 창원중앙역A,간선버스,상행,3,CWB379001579,진해청소년전당,517502,35.1478277,128.6595416,창원시진해구,충무동,A,3
81,CWB379001500,인의동터미널 ↔ 창원중앙역A,간선버스,상행,4,CWB379001558,충무동행정복지센터,517504,35.1507994,128.6599797,창원시진해구,충무동,A,3
81,CWB379001500,인의동터미널 ↔ 창원중앙역A,간선버스,상행,5,CWB379001546,진해역,519804,35.1525017,128.6608017,창원시진해구,충무동,A,3
81,CWB379001500,인의동터미널 ↔ 창원중앙역A,간선버스,상행,6,CWB379001549,진해수협,519807,35.1522209,128.6637921,창원시진해구,충무동,A,3
81,CWB379001500,인의동터미널 ↔ 창원중앙역A,간선버스,상행,7,CWB379002862,여좌농협,511402,35.1551683,128.66473,창원시진해구,여좌동,A,3
81,CWB379001500,인의동터미널 ↔ 창원중앙역A,간선버스,상행,8,CWB379001510,여좌신협,511404,35.1567515,128.6628085,창원시진해구,여좌동,A,3
81,CWB379001500,인의동터미널 ↔ 창원중앙역A,간선버스,상행,9,CWB379001490,진해고등학교,511406,35.1594907,128.662744,창원시진해구,여좌동,A,3
81,CWB379001500,인의동터미널 ↔ 창원중앙역A,간선버스,상행,10,CWB379001480,해성아파트입구,511409,35.161225,128.6629814,창원시진해구,여좌동,A,3
81,CWB379001500,인의동터미널 ↔ 창원중앙역A,간선버스,상행,11,CWB379006206,양지마을,511408,35.1652571,128.6615612,창원시진해구,여좌동,A,3
81,CWB379001500,인의동터미널 ↔ 창원중앙역A,간선버스,상행,12,CWB379001455,진해문화센터,518109,35.1689686,128.6587374,창원시진해구,여좌동,A,3
81,CWB379001500,인의동터미널 ↔ 창원중앙역A,간선버스,상행,13,CWB379001444,창원편백치유의숲,518105,35.1720244,128.6545302,창원시진해구,여좌동,A,3
81,CWB379001500,인의동터미널 ↔ 창원중앙역A,간선버스,상행,14,CWB379002909,목장입구,518103,35.179932,128.6426833,창원시성산구,웅남동,A,3
81,CWB379001500,인의동터미널 ↔ 창원중앙역A,간선버스,상행,15,CWB379001360,관음사입구,518101,35.1878705,128.6376648,창원시성산구,웅남동,A,3
81,CWB379001500,인의동터미널 ↔ 창원중앙역A,간선버스,상행,16,CWB379001270,양곡중학교,210202,35.1983525,128.6290112,창원시성산구,웅남동,A,3
81,CWB379001500,인의동터미널 ↔ 창원중앙역A,간선버스,상행,17,CWB379001233,양곡전통시장,210204,35.2018773,128.6284836,창원시성산구,웅남동,A,3
81,CWB379001500,인의동터미널 ↔ 창원중앙역A,간선버스,상행,18,CWB379001195,신촌동성아파트,210206,35.204343,128.6280903,창원시성산구,웅남동,A,3
81,CWB379001500,인의동터미널 ↔ 창원중앙역A,간선버스,상행,19,CWB379001128,유신상가,210208,35.2080379,128.6263341,창원시성산구,웅남동,A,3
81,CWB379001500,인의동터미널 ↔ 창원중앙역A,간선버스,상행,20,CWB379001089,신촌삼거리,201202,35.2102559,128.6281948,창원시성산구,웅남동,A,3
81,CWB379001500,인의동터미널 ↔ 창원중앙역A,간선버스,상행,21,CWB379001067,한화엔진.피케이벨브,201204,35.2117487,128.6338485,창원시성산구,웅남동,A,3
81,CWB379001500,인의동터미널 ↔ 창원중앙역A,간선버스,상행,22,CWB379001041,한국철강,201206,35.2132874,128.6383752,창원시성산구,웅남동,A,3
81,CWB379001500,인의동터미널 ↔ 창원중앙역A,간선버스,상행,23,CWB379001023,창곡입구,201208,35.2149114,128.6429312,창원시성산구,웅남동,A,3
81,CWB379001500,인의동터미널 ↔ 창원중앙역A,간선버스,상행,24,CWB379001007,세원셀론텍.영흥철강,201210,35.2157474,128.6453142,창원시성산구,웅남동,A,3
81,CWB379001500,인의동터미널 ↔ 창원중앙역A,간선버스,상행,25,CWB379001034,효성중공업,201212,35.2138663,128.6507344,창원시성산구,웅남동,A,3
81,CWB379001500,인의동터미널 ↔ 창원중앙역A,간선버스,상행,26,CWB379001077,세아제강,201214,35.2105425,128.6565186,창원시성산구,웅남동,A,3
81,CWB379001500,인의동터미널 ↔ 창원중앙역A,간선버스,상행,27,CWB379001140,남창원역,201216,35.2067215,128.6632084,창원시성산구,웅남동,A,3
81,CWB379001500,인의동터미널 ↔ 창원중앙역A,간선버스,상행,28,CWB379002211,상복사거리,201218,35.2023149,128.6711025,창원시성산구,웅남동,A,3
81,CWB379001500,인의동터미널 ↔ 창원중앙역A,간선버스,상행,29,CWB379001242,현대모비스창원공장,201220,35.2003168,128.6743916,창원시성산구,웅남동,A,3
81,CWB379001500,인의동터미널 ↔ 창원중앙역A,간선버스,상행,30,CWB379001290,대림자동차,201222,35.1957757,128.6825486,창원시성산구,웅남동,A,3
81,CWB379001500,인의동터미널 ↔ 창원중앙역A,간선버스,상행,31,CWB379001318,풍산산업,201224,35.1921834,128.6886462,창원시성산구,성주동,A,3
81,CWB379001500,인의동터미널 ↔ 창원중앙역A,간선버스,상행,32,CWB379001339,성주동행정복지센터,209301,35.1896821,128.6941925,창원시성산구,성주동,A,3
81,CWB379001500,인의동터미널 ↔ 창원중앙역A,간선버스,상행,33,CWB379001326,안민교삼거리,209302,35.1911771,128.695474,창원시성산구,성주동,A,3
81,CWB379001500,인의동터미널 ↔ 창원중앙역A,간선버스,상행,34,CWB379001305,선돌,209304,35.1936744,128.6976382,창원시성산구,성주동,A,3
81,CWB379001500,인의동터미널 ↔ 창원중앙역A,간선버스,상행,35,CWB379001261,성산구청,209306,35.1983964,128.7015842,창원시성산구,성주동,A,3
81,CWB379001500,인의동터미널 ↔ 창원중앙역A,간선버스,상행,36,CWB379001220,남산공원환승센터,218819,35.202255,128.6979112,창원시성산구,가음정동,A,3
81,CWB379001500,인의동터미널 ↔ 창원중앙역A,간선버스,상행,37,CWB379001196,남산동,218817,35.2034822,128.6957247,창원시성산구,가음정동,A,3
81,CWB379001500,인의동터미널 ↔ 창원중앙역A,간선버스,상행,38,CWB379001158,가음정사거리,218815,35.2052673,128.6926019,창원시성산구,가음정동,A,3
81,CWB379001500,인의동터미널 ↔ 창원중앙역A,간선버스,상행,39,CWB379001113,가음정본동,218813,35.2081344,128.6875982,창원시성산구,가음정동,A,3
81,CWB379001500,인의동터미널 ↔ 창원중앙역A,간선버스,상행,40,CWB379001060,창원남중,218811,35.2115334,128.6816882,창원시성산구,가음정동,A,3
81,CWB379001500,인의동터미널 ↔ 창원중앙역A,간선버스,상행,41,CWB379001014,상남꿈에그린아파트,220404,35.2150334,128.6819772,창원시성산구,상남동,A,3
81,CWB379001500,인의동터미널 ↔ 창원중앙역A,간선버스,상행,42,CWB379000987,외동초등학교,220402,35.2168054,128.6823582,창원시성산구,상남동,A,3
81,CWB379001500,인의동터미널 ↔ 창원중앙역A,간선버스,상행,43,CWB379000948,상남대우아파트,209001,35.2185264,128.6807132,창원시성산구,상남동,A,3
81,CWB379001500,인의동터미널 ↔ 창원중앙역A,간선버스,상행,44,CWB379000931,경창상가,208904,35.2196027,128.6796226,창원시성산구,상남동,A,3
81,CWB379001500,인의동터미널 ↔ 창원중앙역A,간선버스,상행,45,CWB379000871,수협경남금융본부,208906,35.2236624,128.6830257,창원시성산구,상남동,A,3
81,CWB379001500,인의동터미널 ↔ 창원중앙역A,간선버스,상행,46,CWB379000820,창원중부경찰서,108902,35.227783,128.6865323,창원시성산구,용지동,A,3
81,CWB379001500,인의동터미널 ↔ 창원중앙역A,간선버스,상행,47,CWB379000759,조달청,108904,35.231488,128.6896867,창원시성산구,용지동,A,3
81,CWB379001500,인의동터미널 ↔ 창원중앙역A,간선버스,상행,48,CWB379000730,병무청,108906,35.2336865,128.6915618,창원시성산구,용지동,A,3
81,CWB379001500,인의동터미널 ↔ 창원중앙역A,간선버스,상행,49,CWB379000701,경남도청,119129,35.2356975,128.6916432,창원시의창구,봉림동,A,3
81,CWB379001500,인의동터미널 ↔ 창원중앙역A,간선버스,상행,50,CWB379000666,도청사거리,119127,35.2378986,128.687972,창원시의창구,봉림동,A,3
81,CWB379001500,인의동터미널 ↔ 창원중앙역A,간선버스,상행,51,CWB379000649,도민의집삼거리,119125,35.2393724,128.6859259,창원시의창구,봉림동,A,3
81,CWB379001500,인의동터미널 ↔ 창원중앙역A,간선버스,상행,52,CWB379000620,창원대삼거리,107511,35.2417786,128.6851291,창원시의창구,봉림동,A,3
81,CWB379001500,인의동터미널 ↔ 창원중앙역A,간선버스,상행,53,CWB379000621,우영프라자,120502,35.2414813,128.6878827,창원시의창구,봉림동,A,3
81,CWB379001500,인의동터미널 ↔ 창원중앙역A,간선버스,상행,54,CWB379000612,국립창원대입구,120504,35.2421311,128.6902232,창원시의창구,봉림동,A,3
81,CWB379001500,인의동터미널 ↔ 창원중앙역A,간선버스,상행,55,CWB379003478,용동근린공원,120507,35.2411697,128.6914814,창원시의창구,봉림동,A,3
81,CWB379001500,인의동터미널 ↔ 창원중앙역A,간선버스,상행,56,CWB379003491,국립창원대 동문,108920,35.2388557,128.696628,창원시의창구,봉림동,A,3
81,CWB379001500,인의동터미널 ↔ 창원중앙역A,간선버스,상행,57,CWB379005478,한마음병원,108923,35.2379688,128.6973757,창원시의창구,봉림동,A,3
81,CWB379001500,인의동터미널 ↔ 창원중앙역A,간선버스,상행,58,CWB379003492,한마음병원후문,108921,35.2378619,128.7004931,창원시의창구,봉림동,A,3
81,CWB379001500,인의동터미널 ↔ 창원중앙역A,간선버스,상행,59,CWB379003357,창원중앙역A,108913,35.2420251,128.7008409,창원시의창구,봉림동,A,3
81,CWB379001500,인의동터미널 ↔ 창원중앙역A,간선버스,하행,60,CWB379003493,SM비즈타운,108922,35.2399871,128.7000065,창원시의창구,봉림동,A,3
81,CWB379001500,인의동터미널 ↔ 창원중앙역A,간선버스,하행,61,CWB379005519,국립창원대 동문,108924,35.2395922,128.6958414,창원시의창구,봉림동,A,3
81,CWB379001500,인의동터미널 ↔ 창원중앙역A,간선버스,하행,62,CWB379003477,용동근린공원,120506,35.2413098,128.6914459,창원시의창구,봉림동,A,3
81,CWB379001500,인의동터미널 ↔ 창원중앙역A,간선버스,하행,63,CWB379000591,국립창원대학교정문,120505,35.2433012,128.6916206,창원시의창구,봉림동,A,3
81,CWB379001500,인의동터미널 ↔ 창원중앙역A,간선버스,하행,64,CWB379000610,국립창원대입구,120503,35.2422011,128.6900516,창원시의창구,봉림동,A,3
81,CWB379001500,인의동터미널 ↔ 창원중앙역A,간선버스,하행,65,CWB379002287,우영프라자,120501,35.2416821,128.6878946,창원시의창구,봉림동,A,3
81,CWB379001500,인의동터미널 ↔ 창원중앙역A,간선버스,하행,66,CWB379000619,창원대삼거리,107512,35.2417568,128.6847949,창원시의창구,봉림동,A,3
81,CWB379001500,인의동터미널 ↔ 창원중앙역A,간선버스,하행,67,CWB379000636,용호어린이공원,119123,35.2404503,128.6839104,창원시성산구,용지동,A,3
81,CWB379001500,인의동터미널 ↔ 창원중앙역A,간선버스,하행,68,CWB379001956,어울림어린이공원,119124,35.2389889,128.6859673,창원시성산구,용지동,A,3
81,CWB379001500,인의동터미널 ↔ 창원중앙역A,간선버스,하행,69,CWB379000667,도청사거리,119126,35.237712,128.6877522,창원시성산구,용지동,A,3
81,CWB379001500,인의동터미널 ↔ 창원중앙역A,간선버스,하행,70,CWB379000705,경남도청/국가데이터처,119128,35.2353687,128.6917497,창원시성산구,용지동,A,3
81,CWB379001500,인의동터미널 ↔ 창원중앙역A,간선버스,하행,71,CWB379000727,병무청,108905,35.2340458,128.691609,창원시성산구,용지동,A,3
81,CWB379001500,인의동터미널 ↔ 창원중앙역A,간선버스,하행,72,CWB379000766,한국전력공사,108903,35.2310456,128.6890436,창원시성산구,용지동,A,3
81,CWB379001500,인의동터미널 ↔ 창원중앙역A,간선버스,하행,73,CWB379000819,창원중부경찰서,108901,35.2277042,128.6862128,창원시성산구,용지동,A,3
81,CWB379001500,인의동터미널 ↔ 창원중앙역A,간선버스,하행,74,CWB379000868,수협경남금융본부,208905,35.22325,128.6824166,창원시성산구,중앙동,A,3
81,CWB379001500,인의동터미널 ↔ 창원중앙역A,간선버스,하행,75,CWB379000927,경창상가,208903,35.2199084,128.6796451,창원시성산구,중앙동,A,3
81,CWB379001500,인의동터미널 ↔ 창원중앙역A,간선버스,하행,76,CWB379000950,상남대우아파트,209002,35.2184253,128.6805624,창원시성산구,중앙동,A,3
81,CWB379001500,인의동터미널 ↔ 창원중앙역A,간선버스,하행,77,CWB379000985,외동초등학교,220401,35.2169016,128.6821283,창원시성산구,중앙동,A,3
81,CWB379001500,인의동터미널 ↔ 창원중앙역A,간선버스,하행,78,CWB379001012,상남꿈에그린아파트,220403,35.2150814,128.6817502,창원시성산구,중앙동,A,3
81,CWB379001500,인의동터미널 ↔ 창원중앙역A,간선버스,하행,79,CWB379001071,성산패총 사거리,218818,35.2113108,128.6815569,창원시성산구,중앙동,A,3
81,CWB379001500,인의동터미널 ↔ 창원중앙역A,간선버스,하행,80,CWB379001106,소라아파트,218820,35.2079234,128.687179,창원시성산구,가음정동,A,3
81,CWB379001500,인의동터미널 ↔ 창원중앙역A,간선버스,하행,81,CWB379001163,가음정사거리,218822,35.2047502,128.6926844,창원시성산구,성주동,A,3
81,CWB379001500,인의동터미널 ↔ 창원중앙역A,간선버스,하행,82,CWB379001213,남산버스정류소,218824,35.2021634,128.6971192,창원시성산구,성주동,A,3
81,CWB379001500,인의동터미널 ↔ 창원중앙역A,간선버스,하행,83,CWB379001231,대우1차아파트,218826,35.2008312,128.6995216,창원시성산구,성주동,A,3
81,CWB379001500,인의동터미널 ↔ 창원중앙역A,간선버스,하행,84,CWB379001260,성산구청,209307,35.1985354,128.7013222,창원시성산구,성주동,A,3
81,CWB379001500,인의동터미널 ↔ 창원중앙역A,간선버스,하행,85,CWB379001286,성주고가도로입구,209305,35.1958734,128.6990532,창원시성산구,성주동,A,3
81,CWB379001500,인의동터미널 ↔ 창원중앙역A,간선버스,하행,86,CWB379001316,선돌,209303,35.1931934,128.6967729,창원시성산구,성주동,A,3
81,CWB379001500,인의동터미널 ↔ 창원중앙역A,간선버스,하행,87,CWB379001338,성주동행정복지센터,201225,35.1898155,128.6932875,창원시성산구,성주동,A,3
81,CWB379001500,인의동터미널 ↔ 창원중앙역A,간선버스,하행,88,CWB379001317,풍산산업,201223,35.1926074,128.6884351,창원시성산구,성주동,A,3
81,CWB379001500,인의동터미널 ↔ 창원중앙역A,간선버스,하행,89,CWB379001287,대림자동차,201221,35.195965,128.682546,창원시성산구,웅남동,A,3
81,CWB379001500,인의동터미널 ↔ 창원중앙역A,간선버스,하행,90,CWB379001238,현대모비스창원공장,201219,35.2005098,128.6745646,창원시성산구,웅남동,A,3
81,CWB379001500,인의동터미널 ↔ 창원중앙역A,간선버스,하행,91,CWB379001211,상복사거리,201217,35.2029025,128.6703185,창원시성산구,웅남동,A,3
81,CWB379001500,인의동터미널 ↔ 창원중앙역A,간선버스,하행,92,CWB379001137,남창원역,201215,35.2074831,128.6624191,창원시성산구,웅남동,A,3
81,CWB379001500,인의동터미널 ↔ 창원중앙역A,간선버스,하행,93,CWB379001074,세아제강,201213,35.2108984,128.6564132,창원시성산구,웅남동,A,3
81,CWB379001500,인의동터미널 ↔ 창원중앙역A,간선버스,하행,94,CWB379001028,효성중공업,201211,35.2140864,128.6508685,창원시성산구,웅남동,A,3
81,CWB379001500,인의동터미널 ↔ 창원중앙역A,간선버스,하행,95,CWB379001005,세원셀론텍.영흥철강,201209,35.2160244,128.6452682,창원시성산구,웅남동,A,3
81,CWB379001500,인의동터미널 ↔ 창원중앙역A,간선버스,하행,96,CWB379001024,창곡입구,201207,35.2149101,128.6420587,창원시성산구,웅남동,A,3
81,CWB379001500,인의동터미널 ↔ 창원중앙역A,간선버스,하행,97,CWB379001044,한국철강,201205,35.2132529,128.6374864,창원시성산구,웅남동,A,3
81,CWB379001500,인의동터미널 ↔ 창원중앙역A,간선버스,하행,98,CWB379001062,한화엔진.피케이벨브,201203,35.2119363,128.6335711,창원시성산구,웅남동,A,3
81,CWB379001500,인의동터미널 ↔ 창원중앙역A,간선버스,하행,99,CWB379001086,신촌삼거리,201201,35.2104369,128.6278948,창원시성산구,웅남동,A,3
81,CWB379001500,인의동터미널 ↔ 창원중앙역A,간선버스,하행,100,CWB379001136,유신상가,210207,35.2074681,128.6264119,창원시성산구,웅남동,A,3
81,CWB379001500,인의동터미널 ↔ 창원중앙역A,간선버스,하행,101,CWB379001203,신촌동성아파트,210205,35.2037684,128.6280722,창원시성산구,웅남동,A,3
81,CWB379001500,인의동터미널 ↔ 창원중앙역A,간선버스,하행,102,CWB379001237,양곡전통시장,210203,35.2008542,128.6285016,창원시성산구,웅남동,A,3
81,CWB379001500,인의동터미널 ↔ 창원중앙역A,간선버스,하행,103,CWB379001273,양곡중학교,210201,35.1980394,128.6288982,창원시성산구,웅남동,A,3
81,CWB379001500,인의동터미널 ↔ 창원중앙역A,간선버스,하행,104,CWB379003277,양곡로,518159,35.1895544,128.6353649,창원시성산구,웅남동,A,3
81,CWB379001500,인의동터미널 ↔ 창원중앙역A,간선버스,하행,105,CWB379001364,관음사입구,518102,35.1878122,128.6374688,창원시성산구,웅남동,A,3
81,CWB379001500,인의동터미널 ↔ 창원중앙역A,간선버스,하행,106,CWB379001405,목장입구,518104,35.1795914,128.6426262,창원시성산구,웅남동,A,3
81,CWB379001500,인의동터미널 ↔ 창원중앙역A,간선버스,하행,107,CWB379001456,진해문화센터,518106,35.1686883,128.6586183,창원시진해구,여좌동,A,3
81,CWB379001500,인의동터미널 ↔ 창원중앙역A,간선버스,하행,108,CWB379003292,무릉도원,511411,35.1640158,128.6620894,창원시진해구,여좌동,A,3
81,CWB379001500,인의동터미널 ↔ 창원중앙역A,간선버스,하행,109,CWB379001481,한전입구,511410,35.1612014,128.6627912,창원시진해구,여좌동,A,3
81,CWB379001500,인의동터미널 ↔ 창원중앙역A,간선버스,하행,110,CWB379001488,진해고등학교,511407,35.1597314,128.6625812,창원시진해구,여좌동,A,3
81,CWB379001500,인의동터미널 ↔ 창원중앙역A,간선버스,하행,111,CWB379001509,여좌신협,511403,35.1568246,128.6624651,창원시진해구,여좌동,A,3
81,CWB379001500,인의동터미널 ↔ 창원중앙역A,간선버스,하행,112,CWB379002861,여좌농협,511401,35.1547706,128.6648337,창원시진해구,여좌동,A,3
81,CWB379001500,인의동터미널 ↔ 창원중앙역A,간선버스,하행,113,CWB379001544,진해수협,322608,35.152456,128.6638804,창원시진해구,여좌동,A,3
81,CWB379001500,인의동터미널 ↔ 창원중앙역A,간선버스,하행,114,CWB379001538,진해역,519803,35.152683,128.6613976,창원시진해구,여좌동,A,3
81,CWB379001500,인의동터미널 ↔ 창원중앙역A,간선버스,하행,115,CWB379001564,충무동행정복지센터,517503,35.1504128,128.6596573,창원시진해구,충무동,A,3
81,CWB379001500,인의동터미널 ↔ 창원중앙역A,간선버스,하행,116,CWB379001580,진해청소년전당,517501,35.1476544,128.6592145,창원시진해구,충무동,A,3
81,CWB379001500,인의동터미널 ↔ 창원중앙역A,간선버스,하행,117,CWB379001592,남원로터리,520302,35.1460174,128.6602542,창원시진해구,충무동,A,3
81,CWB379001500,인의동터미널 ↔ 창원중앙역A,간선버스,하행,118,CWB379001599,인의동터미널,630065,35.1446564,128.6606162,창원시진해구,충무동,A,3
165,CWB379030060,신항파출소 ↔ 국립창원대학교정문,좌석버스,상행,1,CWB379005774,신항파출소,523338,35.09235,128.789647,창원시진해구,웅동2동,B,1
165,CWB379030060,신항파출소 ↔ 국립창원대학교정문,좌석버스,상행,2,CWB379003454,부영4단지,630348,35.0865722,128.8010022,창원시진해구,웅동2동,B,1
165,CWB379030060,신항파출소 ↔ 국립창원대학교정문,좌석버스,상행,3,CWB379003453,부영2단지,630347,35.088738,128.8030151,창원시진해구,웅동2동,B,1
165,CWB379030060,신항파출소 ↔ 국립창원대학교정문,좌석버스,상행,4,CWB379005790,부영5단지,523340,35.0887788,128.8067347,창원시진해구,웅동2동,B,1
165,CWB379030060,신항파출소 ↔ 국립창원대학교정문,좌석버스,상행,5,CWB379003451,이지더원아파트/애플타운,630345,35.0887384,128.8135104,창원시진해구,웅동2동,B,1
165,CWB379030060,신항파출소 ↔ 국립창원대학교정문,좌석버스,상행,6,CWB379002662,용원종점,512902,35.0965756,128.820353,창원시진해구,웅동2동,B,1
165,CWB379030060,신항파출소 ↔ 국립창원대학교정문,좌석버스,상행,7,CWB379002655,웅동2동행정복지센터,513005,35.0995284,128.8151162,창원시진해구,웅동2동,B,1
165,CWB379030060,신항파출소 ↔ 국립창원대학교정문,좌석버스,상행,8,CWB379002650,웅동농협하나로마트,513001,35.1005445,128.8099436,창원시진해구,웅동2동,B,1
165,CWB379030060,신항파출소 ↔ 국립창원대학교정문,좌석버스,상행,9,CWB379002636,코아루아파트,511004,35.1015132,128.8064851,창원시진해구,웅동2동,B,1
165,CWB379030060,신항파출소 ↔ 국립창원대학교정문,좌석버스,상행,10,CWB379002634,안골포초등학교,511006,35.103736,128.8065832,창원시진해구,웅동2동,B,1
165,CWB379030060,신항파출소 ↔ 국립창원대학교정문,좌석버스,상행,11,CWB379002628,해인로즈빌아파트,630213,35.1070386,128.8049955,창원시진해구,웅동2동,B,1
165,CWB379030060,신항파출소 ↔ 국립창원대학교정문,좌석버스,상행,12,CWB379002621,용원휴요양병원,503003,35.1166036,128.79671,창원시진해구,웅동1동,B,1
165,CWB379030060,신항파출소 ↔ 국립창원대학교정문,좌석버스,상행,13,CWB379002613,청안해오름,513807,35.1203499,128.7913856,창원시진해구,웅동1동,B,1
165,CWB379030060,신항파출소 ↔ 국립창원대학교정문,좌석버스,상행,14,CWB379002610,웅동농협앞,513803,35.1243034,128.7852552,창원시진해구,웅동1동,B,1
165,CWB379030060,신항파출소 ↔ 국립창원대학교정문,좌석버스,상행,15,CWB379002602,STX아파트,514505,35.1206631,128.778701,창원시진해구,웅동1동,B,1
165,CWB379030060,신항파출소 ↔ 국립창원대학교정문,좌석버스,상행,16,CWB379002593,호산나노인복지센터,514011,35.1153251,128.7603947,창원시진해구,웅천동,B,1
165,CWB379030060,신항파출소 ↔ 국립창원대학교정문,좌석버스,상행,17,CWB379002590,농업기술센터,514009,35.1148629,128.7546561,창원시진해구,웅천동,B,1
165,CWB379030060,신항파출소 ↔ 국립창원대학교정문,좌석버스,상행,18,CWB379003420,시티프라디움1차.리젠시빌란트,502903,35.1073891,128.755606,창원시진해구,웅천동,B,1
165,CWB379030060,신항파출소 ↔ 국립창원대학교정문,좌석버스,상행,19,CWB379002758,사도마을,502902,35.105774,128.7590704,창원시진해구,웅천동,B,1
165,CWB379030060,신항파출소 ↔ 국립창원대학교정문,좌석버스,상행,20,CWB379003524,호반베르디움.리젠시빌란트,502916,35.1050384,128.7561923,창원시진해구,웅천동,B,1
165,CWB379030060,신항파출소 ↔ 국립창원대학교정문,좌석버스,상행,21,CWB379003435,세스페데스공원,502908,35.1059353,128.7515123,창원시진해구,웅천동,B,1
165,CWB379030060,신항파출소 ↔ 국립창원대학교정문,좌석버스,상행,22,CWB379002527,웅천성내,514007,35.1136765,128.7490438,창원시진해구,웅천동,B,1
165,CWB379030060,신항파출소 ↔ 국립창원대학교정문,좌석버스,상행,23,CWB379002766,어은동,630224,35.1146967,128.7288154,창원시진해구,웅천동,B,1
165,CWB379030060,신항파출소 ↔ 국립창원대학교정문,좌석버스,상행,24,CWB379002537,케이조선입구,518149,35.1134439,128.7235705,창원시진해구,웅천동,B,1
165,CWB379030060,신항파출소 ↔ 국립창원대학교정문,좌석버스,상행,25,CWB379002545,진해구청,518143,35.1300429,128.7095976,창원시진해구,풍호동,B,1
165,CWB379030060,신항파출소 ↔ 국립창원대학교정문,좌석버스,상행,26,CWB379001632,녹수아파트,518141,35.1362869,128.7083512,창원시진해구,풍호동,B,1
165,CWB379030060,신항파출소 ↔ 국립창원대학교정문,좌석버스,상행,27,CWB379001612,자은본동,518139,35.1405106,128.7075129,창원시진해구,덕산동,B,1
165,CWB379030060,신항파출소 ↔ 국립창원대학교정문,좌석버스,상행,28,CWB379001604,자은포스코,518137,35.1427624,128.7074702,창원시진해구,덕산동,B,1
165,CWB379030060,신항파출소 ↔ 국립창원대학교정문,좌석버스,상행,29,CWB379001588,덕산해군아파트,518135,35.1457272,128.7072731,창원시진해구,자은동,B,1
165,CWB379030060,신항파출소 ↔ 국립창원대학교정문,좌석버스,상행,30,CWB379001578,벚꽃마을삼성아파트입구,518133,35.1477242,128.7071851,창원시진해구,자은동,B,1
165,CWB379030060,신항파출소 ↔ 국립창원대학교정문,좌석버스,상행,31,CWB379001521,냉천사거리,518129,35.1536093,128.705243,창원시진해구,석동,B,1
165,CWB379030060,신항파출소 ↔ 국립창원대학교정문,좌석버스,상행,32,CWB379001492,롯데마트,518125,35.1579253,128.7010845,창원시진해구,석동,B,1
165,CWB379030060,신항파출소 ↔ 국립창원대학교정문,좌석버스,상행,33,CWB379002384,안민터널,518123,35.1596246,128.6980632,창원시진해구,석동,B,1
165,CWB379030060,신항파출소 ↔ 국립창원대학교정문,좌석버스,상행,34,CWB379005392,안민터널사거리,201237,35.1841044,128.7024047,창원시성산구,성주동,B,1
165,CWB379030060,신항파출소 ↔ 국립창원대학교정문,좌석버스,상행,35,CWB379001339,성주동행정복지센터,209301,35.1896821,128.6941925,창원시성산구,성주동,B,1
165,CWB379030060,신항파출소 ↔ 국립창원대학교정문,좌석버스,상행,36,CWB379001261,성산구청,209306,35.1983964,128.7015842,창원시성산구,성주동,B,1
165,CWB379030060,신항파출소 ↔ 국립창원대학교정문,좌석버스,상행,37,CWB379001220,남산공원환승센터,218819,35.202255,128.6979112,창원시성산구,가음정동,B,1
165,CWB379030060,신항파출소 ↔ 국립창원대학교정문,좌석버스,상행,38,CWB379001158,가음정사거리,218815,35.2052673,128.6926019,창원시성산구,가음정동,B,1
165,CWB379030060,신항파출소 ↔ 국립창원대학교정문,좌석버스,상행,39,CWB379006108,장미공원(가음은아아파트),114271,35.2072793,128.6935715,창원시성산구,가음정동,B,1
165,CWB379030060,신항파출소 ↔ 국립창원대학교정문,좌석버스,상행,40,CWB379006106,가음정시장(더샵센트럴파크),114269,35.2095016,128.6954459,창원시성산구,가음정동,B,1
165,CWB379030060,신항파출소 ↔ 국립창원대학교정문,좌석버스,상행,41,CWB379006104,상남도서관(한림.우성아파트),114267,35.213436,128.6966863,창원시성산구,가음정동,B,1
165,CWB379030060,신항파출소 ↔ 국립창원대학교정문,좌석버스,상행,42,CWB379006102,삼익아파트,114265,35.2166754,128.694475,창원시성산구,사파동,B,1
165,CWB379030060,신항파출소 ↔ 국립창원대학교정문,좌석버스,상행,43,CWB379006100,대동백화점,114263,35.219972,128.6921878,창원시성산구,사파동,B,1
165,CWB379030060,신항파출소 ↔ 국립창원대학교정문,좌석버스,상행,44,CWB379006098,시민생활체육관,114261,35.2223096,128.6895237,창원시성산구,용지동,B,1
165,CWB379030060,신항파출소 ↔ 국립창원대학교정문,좌석버스,상행,45,CWB379006096,상남시장(은아아파트),114259,35.2250582,128.6846823,창원시성산구,용지동,B,1
165,CWB379030060,신항파출소 ↔ 국립창원대학교정문,좌석버스,상행,46,CWB379006094,창원시청(정우상가),114257,35.2283537,128.6788991,창원시성산구,용지동,B,1
165,CWB379030060,신항파출소 ↔ 국립창원대학교정문,좌석버스,상행,47,CWB379006090,트리비앙아파트(한국폴리텍대학),114253,35.2326737,128.6713433,창원시성산구,반송동,B,1
165,CWB379030060,신항파출소 ↔ 국립창원대학교정문,좌석버스,상행,48,CWB379006086,문성고등학교,114249,35.2374361,128.6618954,창원시성산구,반송동,B,1
165,CWB379030060,신항파출소 ↔ 국립창원대학교정문,좌석버스,상행,49,CWB379000632,시티7(가로변),114213,35.2412165,128.6533388,창원시성산구,반송동,B,1
165,CWB379030060,신항파출소 ↔ 국립창원대학교정문,좌석버스,상행,50,CWB379000614,농협하나로클럽,119108,35.242558,128.6530763,창원시의창구,봉림동,B,1
165,CWB379030060,신항파출소 ↔ 국립창원대학교정문,좌석버스,상행,51,CWB379000575,지귀상가,119112,35.2445479,128.6596975,창원시의창구,봉림동,B,1
165,CWB379030060,신항파출소 ↔ 국립창원대학교정문,좌석버스,상행,52,CWB379000562,대동그린코아,119116,35.2454747,128.6711111,창원시의창구,봉림동,B,1
165,CWB379030060,신항파출소 ↔ 국립창원대학교정문,좌석버스,상행,53,CWB379000611,창원의집입구,119122,35.2422153,128.6811025,창원시의창구,봉림동,B,1
165,CWB379030060,신항파출소 ↔ 국립창원대학교정문,좌석버스,상행,54,CWB379000621,우영프라자,120502,35.2414813,128.6878827,창원시의창구,봉림동,B,1
165,CWB379030060,신항파출소 ↔ 국립창원대학교정문,좌석버스,상행,55,CWB379003517,국립창원대학교정문,120508,35.2428134,128.6916984,창원시의창구,봉림동,B,1
165,CWB379030060,신항파출소 ↔ 국립창원대학교정문,좌석버스,하행,56,CWB379000591,국립창원대학교정문,120505,35.2433012,128.6916206,창원시의창구,봉림동,B,1
165,CWB379030060,신항파출소 ↔ 국립창원대학교정문,좌석버스,하행,57,CWB379002287,우영프라자,120501,35.2416821,128.6878946,창원시의창구,봉림동,B,1
165,CWB379030060,신항파출소 ↔ 국립창원대학교정문,좌석버스,하행,58,CWB379000602,창원의집입구,119121,35.2426528,128.6807386,창원시의창구,봉림동,B,1
165,CWB379030060,신항파출소 ↔ 국립창원대학교정문,좌석버스,하행,59,CWB379000554,봉곡상가입구,119115,35.2458484,128.67087,창원시의창구,봉림동,B,1
165,CWB379030060,신항파출소 ↔ 국립창원대학교정문,좌석버스,하행,60,CWB379000573,지귀상가,119111,35.2447775,128.6594371,창원시의창구,봉림동,B,1
165,CWB379030060,신항파출소 ↔ 국립창원대학교정문,좌석버스,하행,61,CWB379000603,농협하나로클럽,119107,35.2429202,128.6532093,창원시의창구,봉림동,B,1
165,CWB379030060,신항파출소 ↔ 국립창원대학교정문,좌석버스,하행,62,CWB379006081,시티7,114244,35.2409993,128.6532624,창원시의창구,팔룡동,B,1
165,CWB379030060,신항파출소 ↔ 국립창원대학교정문,좌석버스,하행,63,CWB379006085,문성고등학교,114248,35.2376408,128.6612652,창원시의창구,팔룡동,B,1
165,CWB379030060,신항파출소 ↔ 국립창원대학교정문,좌석버스,하행,64,CWB379006089,트리비앙아파트(한국폴리텍대학),114252,35.2323201,128.6718276,창원시의창구,팔룡동,B,1
165,CWB379030060,신항파출소 ↔ 국립창원대학교정문,좌석버스,하행,65,CWB379006093,창원시청,114256,35.2277477,128.6797076,창원시성산구,중앙동,B,1
165,CWB379030060,신항파출소 ↔ 국립창원대학교정문,좌석버스,하행,66,CWB379006095,상남시장(은아아파트),114258,35.2243963,128.6856159,창원시성산구,상남동,B,1
165,CWB379030060,신항파출소 ↔ 국립창원대학교정문,좌석버스,하행,67,CWB379006097,시민생활체육관,114260,35.2226912,128.6886558,창원시성산구,상남동,B,1
165,CWB379030060,신항파출소 ↔ 국립창원대학교정문,좌석버스,하행,68,CWB379006099,대동백화점,114262,35.2205007,128.691441,창원시성산구,상남동,B,1
165,CWB379030060,신항파출소 ↔ 국립창원대학교정문,좌석버스,하행,69,CWB379006101,토월성원아파트,114264,35.2171938,128.6939778,창원시성산구,상남동,B,1
165,CWB379030060,신항파출소 ↔ 국립창원대학교정문,좌석버스,하행,70,CWB379006103,상남도서관,114266,35.2140248,128.6961549,창원시성산구,가음정동,B,1
165,CWB379030060,신항파출소 ↔ 국립창원대학교정문,좌석버스,하행,71,CWB379006105,가음정시장,114268,35.2100229,128.6957066,창원시성산구,가음정동,B,1
165,CWB379030060,신항파출소 ↔ 국립창원대학교정문,좌석버스,하행,72,CWB379006107,장미공원,114270,35.2078604,128.6939047,창원시성산구,가음정동,B,1
165,CWB379030060,신항파출소 ↔ 국립창원대학교정문,좌석버스,하행,73,CWB379001163,가음정사거리,218822,35.2047502,128.6926844,창원시성산구,성주동,B,1
165,CWB379030060,신항파출소 ↔ 국립창원대학교정문,좌석버스,하행,74,CWB379001213,남산버스정류소,218824,35.2021634,128.6971192,창원시성산구,성주동,B,1
165,CWB379030060,신항파출소 ↔ 국립창원대학교정문,좌석버스,하행,75,CWB379001260,성산구청,209307,35.1985354,128.7013222,창원시성산구,성주동,B,1
165,CWB379030060,신항파출소 ↔ 국립창원대학교정문,좌석버스,하행,76,CWB379001349,성주동행정복지센터,201226,35.1883124,128.6944986,창원시성산구,성주동,B,1
165,CWB379030060,신항파출소 ↔ 국립창원대학교정문,좌석버스,하행,77,CWB379003494,안민터널사거리,201236,35.1838696,128.7026354,창원시성산구,성주동,B,1
165,CWB379030060,신항파출소 ↔ 국립창원대학교정문,좌석버스,하행,78,CWB379001496,롯데마트,518122,35.15791,128.7005807,창원시진해구,석동,B,1
165,CWB379030060,신항파출소 ↔ 국립창원대학교정문,좌석버스,하행,79,CWB379001551,대동아파트앞,518128,35.1517244,128.7060667,창원시진해구,이동,B,1
165,CWB379030060,신항파출소 ↔ 국립창원대학교정문,좌석버스,하행,80,CWB379001583,자은동행정복지센터,518132,35.1465293,128.7069486,창원시진해구,자은동,B,1
165,CWB379030060,신항파출소 ↔ 국립창원대학교정문,좌석버스,하행,81,CWB379001593,덕산해군아파트,518134,35.1448392,128.707034,창원시진해구,덕산동,B,1
165,CWB379030060,신항파출소 ↔ 국립창원대학교정문,좌석버스,하행,82,CWB379001620,우성아파트.아이존빌입구,518138,35.1395134,128.7073377,창원시진해구,풍호동,B,1
165,CWB379030060,신항파출소 ↔ 국립창원대학교정문,좌석버스,하행,83,CWB379002466,풍호동사거리,518142,35.1354831,128.7083817,창원시진해구,풍호동,B,1
165,CWB379030060,신항파출소 ↔ 국립창원대학교정문,좌석버스,하행,84,CWB379002547,진해구청.장전주유소,518144,35.1306309,128.7090786,창원시진해구,풍호동,B,1
165,CWB379030060,신항파출소 ↔ 국립창원대학교정문,좌석버스,하행,85,CWB379002538,케이조선입구,518150,35.1127763,128.7247747,창원시진해구,웅천동,B,1
165,CWB379030060,신항파출소 ↔ 국립창원대학교정문,좌석버스,하행,86,CWB379003019,어은동,630252,35.1145008,128.728962,창원시진해구,웅천동,B,1
165,CWB379030060,신항파출소 ↔ 국립창원대학교정문,좌석버스,하행,87,CWB379002525,웅천성내,514006,35.1136741,128.7502066,창원시진해구,웅천동,B,1
165,CWB379030060,신항파출소 ↔ 국립창원대학교정문,좌석버스,하행,88,CWB379003434,세스페데스공원,502907,35.1058131,128.751548,창원시진해구,웅천동,B,1
165,CWB379030060,신항파출소 ↔ 국립창원대학교정문,좌석버스,하행,89,CWB379003525,호반베르디움.리젠시빌란트,502917,35.1049475,128.7560944,창원시진해구,웅천동,B,1
165,CWB379030060,신항파출소 ↔ 국립창원대학교정문,좌석버스,하행,90,CWB379002794,사도마을,502901,35.1058546,128.759105,창원시진해구,웅천동,B,1
165,CWB379030060,신항파출소 ↔ 국립창원대학교정문,좌석버스,하행,91,CWB379003436,시티프라디움1차.리젠시빌란트,502909,35.107525,128.7555783,창원시진해구,웅천동,B,1
165,CWB379030060,신항파출소 ↔ 국립창원대학교정문,좌석버스,하행,92,CWB379002591,농업기술센터,514008,35.1147915,128.7548252,창원시진해구,웅천동,B,1
165,CWB379030060,신항파출소 ↔ 국립창원대학교정문,좌석버스,하행,93,CWB379002592,호산나노인복지센터,514010,35.1152053,128.7604443,창원시진해구,웅천동,B,1
165,CWB379030060,신항파출소 ↔ 국립창원대학교정문,좌석버스,하행,94,CWB379002601,STX아파트,514506,35.120319,128.7784691,창원시진해구,웅동1동,B,1
165,CWB379030060,신항파출소 ↔ 국립창원대학교정문,좌석버스,하행,95,CWB379002609,웅동농협앞,513804,35.1241664,128.7851559,창원시진해구,웅동1동,B,1
165,CWB379030060,신항파출소 ↔ 국립창원대학교정문,좌석버스,하행,96,CWB379002614,청안해오름,513808,35.1198293,128.7918345,창원시진해구,웅동1동,B,1
165,CWB379030060,신항파출소 ↔ 국립창원대학교정문,좌석버스,하행,97,CWB379002620,용원휴요양병원,503004,35.1164783,128.7965877,창원시진해구,웅동1동,B,1
165,CWB379030060,신항파출소 ↔ 국립창원대학교정문,좌석버스,하행,98,CWB379002627,해인로즈빌아파트,630212,35.1072868,128.8050101,창원시진해구,웅동2동,B,1
165,CWB379030060,신항파출소 ↔ 국립창원대학교정문,좌석버스,하행,99,CWB379002633,안골포초등학교,511005,35.1037994,128.8063782,창원시진해구,웅동2동,B,1
165,CWB379030060,신항파출소 ↔ 국립창원대학교정문,좌석버스,하행,100,CWB379002635,코아루아파트,511003,35.1015776,128.8062652,창원시진해구,웅동2동,B,1
165,CWB379030060,신항파출소 ↔ 국립창원대학교정문,좌석버스,하행,101,CWB379002651,웅동농협하나로마트,513002,35.1003401,128.8099264,창원시진해구,웅동2동,B,1
165,CWB379030060,신항파출소 ↔ 국립창원대학교정문,좌석버스,하행,102,CWB379002656,웅동2동행정복지센터,513006,35.0991944,128.8156102,창원시진해구,웅동2동,B,1
165,CWB379030060,신항파출소 ↔ 국립창원대학교정문,좌석버스,하행,103,CWB379005499,용원종점,512909,35.0961997,128.8200321,창원시진해구,웅동2동,B,1
165,CWB379030060,신항파출소 ↔ 국립창원대학교정문,좌석버스,하행,104,CWB379003445,부영8단지,630339,35.0889969,128.813474,창원시진해구,웅동2동,B,1
165,CWB379030060,신항파출소 ↔ 국립창원대학교정문,좌석버스,하행,105,CWB379003447,부영2단지,630341,35.0889372,128.8047926,창원시진해구,웅동2동,B,1
165,CWB379030060,신항파출소 ↔ 국립창원대학교정문,좌석버스,하행,106,CWB379003448,부영4단지,630342,35.0865467,128.8007752,창원시진해구,웅동2동,B,1
165,CWB379030060,신항파출소 ↔ 국립창원대학교정문,좌석버스,하행,107,CWB379005775,신항파출소,523339,35.092223,128.789802,창원시진해구,웅동2동,B,1
88,CWB379001630,덕동공영차고지 ↔ 상리마을,간선버스,상행,1,CWB379003339,덕동공영차고지,322612,35.1362934,128.5635658,창원시마산합포구,현동,B,2
88,CWB379001630,덕동공영차고지 ↔ 상리마을,간선버스,상행,2,CWB379001624,묘촌입구,322602,35.1412798,128.5604025,창원시마산합포구,현동,B,2
88,CWB379001630,덕동공영차고지 ↔ 상리마을,간선버스,상행,3,CWB379001587,현동초등학교,322603,35.1471516,128.5576067,창원시마산합포구,현동,B,2
88,CWB379001630,덕동공영차고지 ↔ 상리마을,간선버스,상행,4,CWB379003338,현동LH아파트,322611,35.1519728,128.5535186,창원시마산합포구,현동,B,2
88,CWB379001630,덕동공영차고지 ↔ 상리마을,간선버스,상행,5,CWB379001545,시립마산요양병원,322609,35.1536049,128.5513636,창원시마산합포구,현동,B,2
88,CWB379001630,덕동공영차고지 ↔ 상리마을,간선버스,상행,6,CWB379001508,우산마을,306612,35.1583227,128.5538513,창원시마산합포구,현동,B,2
88,CWB379001630,덕동공영차고지 ↔ 상리마을,간선버스,상행,7,CWB379006154,청량산터널앞,300638,35.1684454,128.561119,창원시마산합포구,가포동,B,2
88,CWB379001630,덕동공영차고지 ↔ 상리마을,간선버스,상행,8,CWB379001452,고운초등학교,300628,35.1717894,128.5619677,창원시마산합포구,월영동,B,2
88,CWB379001630,덕동공영차고지 ↔ 상리마을,간선버스,상행,9,CWB379001441,월영1차아파트,314702,35.1743086,128.5591801,창원시마산합포구,월영동,B,2
88,CWB379001630,덕동공영차고지 ↔ 상리마을,간선버스,상행,10,CWB379001437,해운초등학교,314704,35.1757661,128.558648,창원시마산합포구,월영동,B,2
88,CWB379001630,덕동공영차고지 ↔ 상리마을,간선버스,상행,11,CWB379001419,"경남대,서중학교",300636,35.1791669,128.5584661,창원시마산합포구,월영동,B,2
88,CWB379001630,덕동공영차고지 ↔ 상리마을,간선버스,상행,12,CWB379001394,문화동,300106,35.1842462,128.5602673,창원시마산합포구,문화동,B,2
88,CWB379001630,덕동공영차고지 ↔ 상리마을,간선버스,상행,13,CWB379001371,제일여고입구,300110,35.1876024,128.5620272,창원시마산합포구,문화동,B,2
88,CWB379001630,덕동공영차고지 ↔ 상리마을,간선버스,상행,14,CWB379001344,반월민원센터,300109,35.1904196,128.5630911,창원시마산합포구,반월중앙동,B,2
88,CWB379001630,덕동공영차고지 ↔ 상리마을,간선버스,상행,15,CWB379001331,중부경찰서,300114,35.192561,128.5650385,창원시마산합포구,반월중앙동,B,2
88,CWB379001630,덕동공영차고지 ↔ 상리마을,간선버스,상행,16,CWB379001312,경동메르빌APT,300116,35.1947319,128.5667974,창원시마산합포구,반월중앙동,B,2
88,CWB379001630,덕동공영차고지 ↔ 상리마을,간선버스,상행,17,CWB379001280,마산합포구청.의료원,300118,35.1983948,128.5673296,창원시마산합포구,반월중앙동,B,2
88,CWB379001630,덕동공영차고지 ↔ 상리마을,간선버스,상행,18,CWB379001245,경남데파트,300124,35.2014125,128.5675512,창원시마산합포구,오동동,B,2
88,CWB379001630,덕동공영차고지 ↔ 상리마을,간선버스,상행,19,CWB379001228,KT마산점,300126,35.2028382,128.5703212,창원시마산합포구,오동동,B,2
88,CWB379001630,덕동공영차고지 ↔ 상리마을,간선버스,상행,20,CWB379001199,어시장,321910,35.2048042,128.5777052,창원시마산합포구,오동동,B,2
88,CWB379001630,덕동공영차고지 ↔ 상리마을,간선버스,상행,21,CWB379001161,오동동,321914,35.2064862,128.580014,창원시마산합포구,오동동,B,2
88,CWB379001630,덕동공영차고지 ↔ 상리마을,간선버스,상행,22,CWB379001114,자유무역지역정문,321916,35.2093966,128.5830333,창원시마산합포구,합포동,B,2
88,CWB379001630,덕동공영차고지 ↔ 상리마을,간선버스,상행,23,CWB379001065,합포동,321918,35.2125307,128.5859205,창원시마산합포구,합포동,B,2
88,CWB379001630,덕동공영차고지 ↔ 상리마을,간선버스,상행,24,CWB379001038,산호동,321920,35.214486,128.5866928,창원시마산합포구,산호동,B,2
88,CWB379001630,덕동공영차고지 ↔ 상리마을,간선버스,상행,25,CWB379000955,신세계백화점,321922,35.2195955,128.5871657,창원시마산합포구,산호동,B,2
88,CWB379001630,덕동공영차고지 ↔ 상리마을,간선버스,상행,26,CWB379000918,자유무역지역후문,407102,35.2212864,128.59076,창원시마산회원구,양덕2동,B,2
88,CWB379001630,덕동공영차고지 ↔ 상리마을,간선버스,상행,27,CWB379000933,봉암동,407104,35.2206786,128.5958915,창원시마산회원구,봉암동,B,2
88,CWB379001630,덕동공영차고지 ↔ 상리마을,간선버스,상행,28,CWB379000966,봉암공단 입구,407106,35.2187325,128.6010381,창원시마산회원구,봉암동,B,2
88,CWB379001630,덕동공영차고지 ↔ 상리마을,간선버스,상행,29,CWB379000989,수원지입구.정다운병원,407108,35.2176559,128.604899,창원시마산회원구,봉암동,B,2
88,CWB379001630,덕동공영차고지 ↔ 상리마을,간선버스,상행,30,CWB379000998,자유무역지역2공구,407110,35.216741,128.6083271,창원시마산회원구,봉암동,B,2
88,CWB379001630,덕동공영차고지 ↔ 상리마을,간선버스,상행,31,CWB379001013,서광아파트,407112,35.2159397,128.6113585,창원시마산회원구,봉암동,B,2
88,CWB379001630,덕동공영차고지 ↔ 상리마을,간선버스,상행,32,CWB379001033,봉암교,407114,35.2142289,128.6158572,창원시마산회원구,봉암동,B,2
88,CWB379001630,덕동공영차고지 ↔ 상리마을,간선버스,상행,33,CWB379001136,유신상가,210207,35.2074681,128.6264119,창원시성산구,웅남동,B,2
88,CWB379001630,덕동공영차고지 ↔ 상리마을,간선버스,상행,34,CWB379001203,신촌동성아파트,210205,35.2037684,128.6280722,창원시성산구,웅남동,B,2
88,CWB379001630,덕동공영차고지 ↔ 상리마을,간선버스,상행,35,CWB379001237,양곡전통시장,210203,35.2008542,128.6285016,창원시성산구,웅남동,B,2
88,CWB379001630,덕동공영차고지 ↔ 상리마을,간선버스,상행,36,CWB379001273,양곡중학교,210201,35.1980394,128.6288982,창원시성산구,웅남동,B,2
88,CWB379001630,덕동공영차고지 ↔ 상리마을,간선버스,상행,37,CWB379003277,양곡로,518159,35.1895544,128.6353649,창원시성산구,웅남동,B,2
88,CWB379001630,덕동공영차고지 ↔ 상리마을,간선버스,상행,38,CWB379001364,관음사입구,518102,35.1878122,128.6374688,창원시성산구,웅남동,B,2
88,CWB379001630,덕동공영차고지 ↔ 상리마을,간선버스,상행,39,CWB379001405,목장입구,518104,35.1795914,128.6426262,창원시성산구,웅남동,B,2
88,CWB379001630,덕동공영차고지 ↔ 상리마을,간선버스,상행,40,CWB379001456,진해문화센터,518106,35.1686883,128.6586183,창원시진해구,여좌동,B,2
88,CWB379001630,덕동공영차고지 ↔ 상리마을,간선버스,상행,41,CWB379003292,무릉도원,511411,35.1640158,128.6620894,창원시진해구,여좌동,B,2
88,CWB379001630,덕동공영차고지 ↔ 상리마을,간선버스,상행,42,CWB379001481,한전입구,511410,35.1612014,128.6627912,창원시진해구,여좌동,B,2
88,CWB379001630,덕동공영차고지 ↔ 상리마을,간선버스,상행,43,CWB379001488,진해고등학교,511407,35.1597314,128.6625812,창원시진해구,여좌동,B,2
88,CWB379001630,덕동공영차고지 ↔ 상리마을,간선버스,상행,44,CWB379001509,여좌신협,511403,35.1568246,128.6624651,창원시진해구,여좌동,B,2
88,CWB379001630,덕동공영차고지 ↔ 상리마을,간선버스,상행,45,CWB379002861,여좌농협,511401,35.1547706,128.6648337,창원시진해구,여좌동,B,2
88,CWB379001630,덕동공영차고지 ↔ 상리마을,간선버스,상행,46,CWB379002781,중앙시장,519810,35.1519625,128.6666996,창원시진해구,충무동,B,2
88,CWB379001630,덕동공영차고지 ↔ 상리마을,간선버스,상행,47,CWB379001552,벚꽃상가,519812,35.1519974,128.6702042,창원시진해구,충무동,B,2
88,CWB379001630,덕동공영차고지 ↔ 상리마을,간선버스,상행,48,CWB379001539,태백사거리,519814,35.152529,128.6758043,창원시진해구,태백동,B,2
88,CWB379001630,덕동공영차고지 ↔ 상리마을,간선버스,상행,49,CWB379001535,중초삼거리,519816,35.1527437,128.6781314,창원시진해구,태백동,B,2
88,CWB379001630,덕동공영차고지 ↔ 상리마을,간선버스,상행,50,CWB379001531,중부시장입구,519818,35.1530952,128.6820354,창원시진해구,경화동,B,2
88,CWB379001630,덕동공영차고지 ↔ 상리마을,간선버스,상행,51,CWB379001526,경화성당,519820,35.1534018,128.6869288,창원시진해구,경화동,B,2
88,CWB379001630,덕동공영차고지 ↔ 상리마을,간선버스,상행,52,CWB379001524,경화시장,519822,35.1535796,128.6912891,창원시진해구,병암동,B,2
88,CWB379001630,덕동공영차고지 ↔ 상리마을,간선버스,상행,53,CWB379001542,염전사거리,519824,35.1520869,128.6954568,창원시진해구,이동,B,2
88,CWB379001630,덕동공영차고지 ↔ 상리마을,간선버스,상행,54,CWB379001568,이동119안전센터,519826,35.1492328,128.6981797,창원시진해구,이동,B,2
88,CWB379001630,덕동공영차고지 ↔ 상리마을,간선버스,상행,55,CWB379001574,진해골프장입구,519830,35.147751,128.6993342,창원시진해구,이동,B,2
88,CWB379001630,덕동공영차고지 ↔ 상리마을,간선버스,상행,56,CWB379001597,덕산동,519832,35.1442083,128.7010386,창원시진해구,덕산동,B,2
88,CWB379001630,덕동공영차고지 ↔ 상리마을,간선버스,상행,57,CWB379001613,우성아파트,519834,35.1402174,128.7012582,창원시진해구,덕산동,B,2
88,CWB379001630,덕동공영차고지 ↔ 상리마을,간선버스,상행,58,CWB379001633,풍호동평화마을,519836,35.1363836,128.7020861,창원시진해구,풍호동,B,2
88,CWB379001630,덕동공영차고지 ↔ 상리마을,간선버스,상행,59,CWB379001661,장천동.이순신리더쉽국제센터,519838,35.1304901,128.7037177,창원시진해구,풍호동,B,2
88,CWB379001630,덕동공영차고지 ↔ 상리마을,간선버스,상행,60,CWB379002839,대동다숲.마린푸르지오2단지,522320,35.1298807,128.7057152,창원시진해구,풍호동,B,2
88,CWB379001630,덕동공영차고지 ↔ 상리마을,간선버스,상행,61,CWB379002546,노인주간보호센터,519847,35.12972,128.7094471,창원시진해구,풍호동,B,2
88,CWB379001630,덕동공영차고지 ↔ 상리마을,간선버스,상행,62,CWB379002544,상리마을,518146,35.1255664,128.7117681,창원시진해구,풍호동,B,2
88,CWB379001630,덕동공영차고지 ↔ 상리마을,간선버스,하행,63,CWB379002543,상리마을,518145,35.1253008,128.7120529,창원시진해구,풍호동,B,2
88,CWB379001630,덕동공영차고지 ↔ 상리마을,간선버스,하행,64,CWB379002840,벽산솔렌스힐아파트,518201,35.1306693,128.7098701,창원시진해구,풍호동,B,2
88,CWB379001630,덕동공영차고지 ↔ 상리마을,간선버스,하행,65,CWB379002677,대동다숲.마린푸르지오2단지,522319,35.1301357,128.7063966,창원시진해구,풍호동,B,2
88,CWB379001630,덕동공영차고지 ↔ 상리마을,간선버스,하행,66,CWB379001659,장천동.이순신리더쉽국제센터,519839,35.1315048,128.7036647,창원시진해구,풍호동,B,2
88,CWB379001630,덕동공영차고지 ↔ 상리마을,간선버스,하행,67,CWB379001631,풍호동평화마을,519837,35.1366133,128.7022408,창원시진해구,풍호동,B,2
88,CWB379001630,덕동공영차고지 ↔ 상리마을,간선버스,하행,68,CWB379001621,우성아파트,519835,35.1391054,128.7016712,창원시진해구,풍호동,B,2
88,CWB379001630,덕동공영차고지 ↔ 상리마을,간선버스,하행,69,CWB379001598,덕산동,519833,35.1441714,128.7012012,창원시진해구,덕산동,B,2
88,CWB379001630,덕동공영차고지 ↔ 상리마을,간선버스,하행,70,CWB379001572,이동교,519831,35.1480904,128.6993762,창원시진해구,이동,B,2
88,CWB379001630,덕동공영차고지 ↔ 상리마을,간선버스,하행,71,CWB379001565,이동119안전센터,519827,35.1499084,128.6978717,창원시진해구,이동,B,2
88,CWB379001630,덕동공영차고지 ↔ 상리마을,간선버스,하행,72,CWB379001534,염전사거리,519825,35.1526014,128.6952412,창원시진해구,이동,B,2
88,CWB379001630,덕동공영차고지 ↔ 상리마을,간선버스,하행,73,CWB379001523,경화시장,519821,35.1537502,128.6899291,창원시진해구,병암동,B,2
88,CWB379001630,덕동공영차고지 ↔ 상리마을,간선버스,하행,74,CWB379001525,경화우체국,519819,35.1535654,128.6858222,창원시진해구,경화동,B,2
88,CWB379001630,덕동공영차고지 ↔ 상리마을,간선버스,하행,75,CWB379001527,중부시장,519817,35.1533519,128.6820012,창원시진해구,경화동,B,2
88,CWB379001630,덕동공영차고지 ↔ 상리마을,간선버스,하행,76,CWB379001533,중초삼거리,519815,35.1529546,128.678098,창원시진해구,태백동,B,2
88,CWB379001630,덕동공영차고지 ↔ 상리마을,간선버스,하행,77,CWB379001537,중앙초등학교,519813,35.1526223,128.6744713,창원시진해구,태백동,B,2
88,CWB379001630,덕동공영차고지 ↔ 상리마을,간선버스,하행,78,CWB379001547,벚꽃상가,519811,35.1522603,128.6702442,창원시진해구,태백동,B,2
88,CWB379001630,덕동공영차고지 ↔ 상리마을,간선버스,하행,79,CWB379001548,중앙시장,519809,35.1521643,128.6669363,창원시진해구,여좌동,B,2
88,CWB379001630,덕동공영차고지 ↔ 상리마을,간선버스,하행,80,CWB379002862,여좌농협,511402,35.1551683,128.66473,창원시진해구,여좌동,B,2
88,CWB379001630,덕동공영차고지 ↔ 상리마을,간선버스,하행,81,CWB379001510,여좌신협,511404,35.1567515,128.6628085,창원시진해구,여좌동,B,2
88,CWB379001630,덕동공영차고지 ↔ 상리마을,간선버스,하행,82,CWB379001490,진해고등학교,511406,35.1594907,128.662744,창원시진해구,여좌동,B,2
88,CWB379001630,덕동공영차고지 ↔ 상리마을,간선버스,하행,83,CWB379001480,해성아파트입구,511409,35.161225,128.6629814,창원시진해구,여좌동,B,2
88,CWB379001630,덕동공영차고지 ↔ 상리마을,간선버스,하행,84,CWB379006206,양지마을,511408,35.1652571,128.6615612,창원시진해구,여좌동,B,2
88,CWB379001630,덕동공영차고지 ↔ 상리마을,간선버스,하행,85,CWB379001455,진해문화센터,518109,35.1689686,128.6587374,창원시진해구,여좌동,B,2
88,CWB379001630,덕동공영차고지 ↔ 상리마을,간선버스,하행,86,CWB379001444,창원편백치유의숲,518105,35.1720244,128.6545302,창원시진해구,여좌동,B,2
88,CWB379001630,덕동공영차고지 ↔ 상리마을,간선버스,하행,87,CWB379002909,목장입구,518103,35.179932,128.6426833,창원시성산구,웅남동,B,2
88,CWB379001630,덕동공영차고지 ↔ 상리마을,간선버스,하행,88,CWB379001360,관음사입구,518101,35.1878705,128.6376648,창원시성산구,웅남동,B,2
88,CWB379001630,덕동공영차고지 ↔ 상리마을,간선버스,하행,89,CWB379001270,양곡중학교,210202,35.1983525,128.6290112,창원시성산구,웅남동,B,2
88,CWB379001630,덕동공영차고지 ↔ 상리마을,간선버스,하행,90,CWB379001233,양곡전통시장,210204,35.2018773,128.6284836,창원시성산구,웅남동,B,2
88,CWB379001630,덕동공영차고지 ↔ 상리마을,간선버스,하행,91,CWB379001195,신촌동성아파트,210206,35.204343,128.6280903,창원시성산구,웅남동,B,2
88,CWB379001630,덕동공영차고지 ↔ 상리마을,간선버스,하행,92,CWB379001128,유신상가,210208,35.2080379,128.6263341,창원시성산구,웅남동,B,2
88,CWB379001630,덕동공영차고지 ↔ 상리마을,간선버스,하행,93,CWB379001029,봉암교,407115,35.2145053,128.6152394,창원시마산회원구,봉암동,B,2
88,CWB379001630,덕동공영차고지 ↔ 상리마을,간선버스,하행,94,CWB379001011,서광아파트,407113,35.2161159,128.611817,창원시마산회원구,봉암동,B,2
88,CWB379001630,덕동공영차고지 ↔ 상리마을,간선버스,하행,95,CWB379000993,자유무역지역2공구,407111,35.2170984,128.6081158,창원시마산회원구,봉암동,B,2
88,CWB379001630,덕동공영차고지 ↔ 상리마을,간선버스,하행,96,CWB379000986,수원지입구,407109,35.2178993,128.6050208,창원시마산회원구,봉암동,B,2
88,CWB379001630,덕동공영차고지 ↔ 상리마을,간선버스,하행,97,CWB379000954,봉암공단 입구,407107,35.2193354,128.6000532,창원시마산회원구,봉암동,B,2
88,CWB379001630,덕동공영차고지 ↔ 상리마을,간선버스,하행,98,CWB379000926,봉암동,407103,35.2210405,128.5956308,창원시마산회원구,봉암동,B,2
88,CWB379001630,덕동공영차고지 ↔ 상리마을,간선버스,하행,99,CWB379000912,자유무역지역후문,407101,35.2215077,128.5915099,창원시마산회원구,양덕2동,B,2
88,CWB379001630,덕동공영차고지 ↔ 상리마을,간선버스,하행,100,CWB379000951,신세계백화점,321923,35.2188747,128.5870619,창원시마산합포구,산호동,B,2
88,CWB379001630,덕동공영차고지 ↔ 상리마을,간선버스,하행,101,CWB379001031,산호동,321921,35.2146337,128.5865546,창원시마산합포구,산호동,B,2
88,CWB379001630,덕동공영차고지 ↔ 상리마을,간선버스,하행,102,CWB379001068,합포동,321919,35.2124808,128.5856289,창원시마산합포구,합포동,B,2
88,CWB379001630,덕동공영차고지 ↔ 상리마을,간선버스,하행,103,CWB379001107,자유무역지역정문,321917,35.2099339,128.5833988,창원시마산합포구,합포동,B,2
88,CWB379001630,덕동공영차고지 ↔ 상리마을,간선버스,하행,104,CWB379001139,오동교,321915,35.2079377,128.5812524,창원시마산합포구,오동동,B,2
88,CWB379001630,덕동공영차고지 ↔ 상리마을,간선버스,하행,105,CWB379001173,오동동아구찜거리,321911,35.2058483,128.5789415,창원시마산합포구,오동동,B,2
88,CWB379001630,덕동공영차고지 ↔ 상리마을,간선버스,하행,106,CWB379001219,어시장,321907,35.2034399,128.5753465,창원시마산합포구,오동동,B,2
88,CWB379001630,덕동공영차고지 ↔ 상리마을,간선버스,하행,107,CWB379001224,KT마산점,300119,35.202993,128.5708221,창원시마산합포구,오동동,B,2
88,CWB379001630,덕동공영차고지 ↔ 상리마을,간선버스,하행,108,CWB379001246,경남데파트,300117,35.2011938,128.5673133,창원시마산합포구,완월동,B,2
88,CWB379001630,덕동공영차고지 ↔ 상리마을,간선버스,하행,109,CWB379001284,마산합포구청.의료원,300115,35.1978546,128.5670795,창원시마산합포구,완월동,B,2
88,CWB379001630,덕동공영차고지 ↔ 상리마을,간선버스,하행,110,CWB379001313,경동메르빌APT,300113,35.1947444,128.5665542,창원시마산합포구,반월중앙동,B,2
88,CWB379001630,덕동공영차고지 ↔ 상리마을,간선버스,하행,111,CWB379001328,중부경찰서,300111,35.1929213,128.5650943,창원시마산합포구,반월중앙동,B,2
88,CWB379001630,덕동공영차고지 ↔ 상리마을,간선버스,하행,112,CWB379001347,반월민원센터,300112,35.1903211,128.5627258,창원시마산합포구,반월중앙동,B,2
88,CWB379001630,덕동공영차고지 ↔ 상리마을,간선버스,하행,113,CWB379001376,연세병원,300107,35.1871762,128.5615655,창원시마산합포구,문화동,B,2
88,CWB379001630,덕동공영차고지 ↔ 상리마을,간선버스,하행,114,CWB379001392,문화동,300105,35.1845804,128.5602312,창원시마산합포구,문화동,B,2
88,CWB379001630,덕동공영차고지 ↔ 상리마을,간선버스,하행,115,CWB379001418,"경남대,서중학교",300635,35.1793434,128.5582462,창원시마산합포구,월영동,B,2
88,CWB379001630,덕동공영차고지 ↔ 상리마을,간선버스,하행,116,CWB379001435,해운초등학교,314703,35.1757349,128.5584416,창원시마산합포구,월영동,B,2
88,CWB379001630,덕동공영차고지 ↔ 상리마을,간선버스,하행,117,CWB379001443,월영동공원,314701,35.1736804,128.5592752,창원시마산합포구,월영동,B,2
88,CWB379001630,덕동공영차고지 ↔ 상리마을,간선버스,하행,118,CWB379001451,고운초등학교,300627,35.1713438,128.5622757,창원시마산합포구,월영동,B,2
88,CWB379001630,덕동공영차고지 ↔ 상리마을,간선버스,하행,119,CWB379006153,청량산터널앞,300637,35.1685633,128.560888,창원시마산합포구,가포동,B,2
88,CWB379001630,덕동공영차고지 ↔ 상리마을,간선버스,하행,120,CWB379001513,우산마을,306613,35.1574361,128.5529312,창원시마산합포구,현동,B,2
88,CWB379001630,덕동공영차고지 ↔ 상리마을,간선버스,하행,121,CWB379001543,시립마산요양병원,322607,35.1534491,128.5511524,창원시마산합포구,현동,B,2
88,CWB379001630,덕동공영차고지 ↔ 상리마을,간선버스,하행,122,CWB379003337,현동중흥1차아파트,322610,35.1510154,128.5539332,창원시마산합포구,현동,B,2
88,CWB379001630,덕동공영차고지 ↔ 상리마을,간선버스,하행,123,CWB379001586,현동초등학교,322604,35.1459388,128.5580002,창원시마산합포구,현동,B,2
88,CWB379001630,덕동공영차고지 ↔ 상리마을,간선버스,하행,124,CWB379001625,묘촌입구,322601,35.1406067,128.5605378,창원시마산합포구,현동,B,2
88,CWB379001630,덕동공영차고지 ↔ 상리마을,간선버스,하행,125,CWB379003340,덕동공영차고지,322613,35.1360366,128.5636553,창원시마산합포구,현동,B,2
87,CWB379001620,인의동터미널 ↔ 소계종점,간선버스,상행,1,CWB379001596,인의동터미널,630064,35.1449044,128.6609472,창원시진해구,충무동,B,3
87,CWB379001620,인의동터미널 ↔ 소계종점,간선버스,상행,2,CWB379001589,남원로터리,520301,35.146306,128.6597162,창원시진해구,충무동,B,3
87,CWB379001620,인의동터미널 ↔ 소계종점,간선버스,상행,3,CWB379001579,진해청소년전당,517502,35.1478277,128.6595416,창원시진해구,충무동,B,3
87,CWB379001620,인의동터미널 ↔ 소계종점,간선버스,상행,4,CWB379001558,충무동행정복지센터,517504,35.1507994,128.6599797,창원시진해구,충무동,B,3
87,CWB379001620,인의동터미널 ↔ 소계종점,간선버스,상행,5,CWB379001546,진해역,519804,35.1525017,128.6608017,창원시진해구,충무동,B,3
87,CWB379001620,인의동터미널 ↔ 소계종점,간선버스,상행,6,CWB379001549,진해수협,519807,35.1522209,128.6637921,창원시진해구,충무동,B,3
87,CWB379001620,인의동터미널 ↔ 소계종점,간선버스,상행,7,CWB379002862,여좌농협,511402,35.1551683,128.66473,창원시진해구,여좌동,B,3
87,CWB379001620,인의동터미널 ↔ 소계종점,간선버스,상행,8,CWB379001510,여좌신협,511404,35.1567515,128.6628085,창원시진해구,여좌동,B,3
87,CWB379001620,인의동터미널 ↔ 소계종점,간선버스,상행,9,CWB379001490,진해고등학교,511406,35.1594907,128.662744,창원시진해구,여좌동,B,3
87,CWB379001620,인의동터미널 ↔ 소계종점,간선버스,상행,10,CWB379001480,해성아파트입구,511409,35.161225,128.6629814,창원시진해구,여좌동,B,3
87,CWB379001620,인의동터미널 ↔ 소계종점,간선버스,상행,11,CWB379006206,양지마을,511408,35.1652571,128.6615612,창원시진해구,여좌동,B,3
87,CWB379001620,인의동터미널 ↔ 소계종점,간선버스,상행,12,CWB379001455,진해문화센터,518109,35.1689686,128.6587374,창원시진해구,여좌동,B,3
87,CWB379001620,인의동터미널 ↔ 소계종점,간선버스,상행,13,CWB379001444,창원편백치유의숲,518105,35.1720244,128.6545302,창원시진해구,여좌동,B,3
87,CWB379001620,인의동터미널 ↔ 소계종점,간선버스,상행,14,CWB379002909,목장입구,518103,35.179932,128.6426833,창원시성산구,웅남동,B,3
87,CWB379001620,인의동터미널 ↔ 소계종점,간선버스,상행,15,CWB379001360,관음사입구,518101,35.1878705,128.6376648,창원시성산구,웅남동,B,3
87,CWB379001620,인의동터미널 ↔ 소계종점,간선버스,상행,16,CWB379001270,양곡중학교,210202,35.1983525,128.6290112,창원시성산구,웅남동,B,3
87,CWB379001620,인의동터미널 ↔ 소계종점,간선버스,상행,17,CWB379001233,양곡전통시장,210204,35.2018773,128.6284836,창원시성산구,웅남동,B,3
87,CWB379001620,인의동터미널 ↔ 소계종점,간선버스,상행,18,CWB379001195,신촌동성아파트,210206,35.204343,128.6280903,창원시성산구,웅남동,B,3
87,CWB379001620,인의동터미널 ↔ 소계종점,간선버스,상행,19,CWB379001128,유신상가,210208,35.2080379,128.6263341,창원시성산구,웅남동,B,3
87,CWB379001620,인의동터미널 ↔ 소계종점,간선버스,상행,20,CWB379001029,봉암교,407115,35.2145053,128.6152394,창원시마산회원구,봉암동,B,3
87,CWB379001620,인의동터미널 ↔ 소계종점,간선버스,상행,21,CWB379001011,서광아파트,407113,35.2161159,128.611817,창원시마산회원구,봉암동,B,3
87,CWB379001620,인의동터미널 ↔ 소계종점,간선버스,상행,22,CWB379000993,자유무역지역2공구,407111,35.2170984,128.6081158,창원시마산회원구,봉암동,B,3
87,CWB379001620,인의동터미널 ↔ 소계종점,간선버스,상행,23,CWB379000986,수원지입구,407109,35.2178993,128.6050208,창원시마산회원구,봉암동,B,3
87,CWB379001620,인의동터미널 ↔ 소계종점,간선버스,상행,24,CWB379000954,봉암공단 입구,407107,35.2193354,128.6000532,창원시마산회원구,봉암동,B,3
87,CWB379001620,인의동터미널 ↔ 소계종점,간선버스,상행,25,CWB379000926,봉암동,407103,35.2210405,128.5956308,창원시마산회원구,봉암동,B,3
87,CWB379001620,인의동터미널 ↔ 소계종점,간선버스,상행,26,CWB379000906,봉덕초등학교,411213,35.2222088,128.5929463,창원시마산회원구,양덕2동,B,3
87,CWB379001620,인의동터미널 ↔ 소계종점,간선버스,상행,27,CWB379000884,팔룡산돌탑공원입구,411211,35.2239331,128.5911579,창원시마산회원구,양덕2동,B,3
87,CWB379001620,인의동터미널 ↔ 소계종점,간선버스,상행,28,CWB379000854,정우맨션,411209,35.2263343,128.5892213,창원시마산회원구,양덕2동,B,3
87,CWB379001620,인의동터미널 ↔ 소계종점,간선버스,상행,29,CWB379000828,타워맨션,411205,35.2287485,128.5861293,창원시마산회원구,양덕1동,B,3
87,CWB379001620,인의동터미널 ↔ 소계종점,간선버스,상행,30,CWB379000778,양덕1동행정복지센터,420602,35.2317444,128.5862812,창원시마산회원구,양덕1동,B,3
87,CWB379001620,인의동터미널 ↔ 소계종점,간선버스,상행,31,CWB379000750,양덕초등학교,420604,35.2334046,128.5874334,창원시마산회원구,양덕1동,B,3
87,CWB379001620,인의동터미널 ↔ 소계종점,간선버스,상행,32,CWB379000716,양덕1동,421803,35.2359834,128.5879632,창원시마산회원구,합성2동,B,3
87,CWB379001620,인의동터미널 ↔ 소계종점,간선버스,상행,33,CWB379005931,합성동농협,421801,35.2380735,128.5839634,창원시마산회원구,합성2동,B,3
87,CWB379001620,인의동터미널 ↔ 소계종점,간선버스,상행,34,CWB379002910,도원예식장,630241,35.2355792,128.5820776,창원시마산회원구,합성2동,B,3
87,CWB379001620,인의동터미널 ↔ 소계종점,간선버스,상행,35,CWB379000748,양덕동,411201,35.2335861,128.581325,창원시마산회원구,양덕1동,B,3
87,CWB379001620,인의동터미널 ↔ 소계종점,간선버스,상행,36,CWB379000731,마산역,400114,35.2351754,128.5802572,창원시마산회원구,석전동,B,3
87,CWB379001620,인의동터미널 ↔ 소계종점,간선버스,상행,37,CWB379000690,마산시외버스터미널,630021,35.2378611,128.5823601,창원시마산회원구,합성1동,B,3
87,CWB379001620,인의동터미널 ↔ 소계종점,간선버스,상행,38,CWB379000642,합성동,400120,35.2413067,128.5850253,창원시마산회원구,합성2동,B,3
87,CWB379001620,인의동터미널 ↔ 소계종점,간선버스,상행,39,CWB379000601,덕재.롯데캐슬,400122,35.2441913,128.5872821,창원시마산회원구,합성2동,B,3
87,CWB379001620,인의동터미널 ↔ 소계종점,간선버스,상행,40,CWB379000574,복음요양병원,400124,35.2455382,128.5894545,창원시마산회원구,합성2동,B,3
87,CWB379001620,인의동터미널 ↔ 소계종점,간선버스,상행,41,CWB379000509,구암동현대상가,402201,35.2487103,128.5917209,창원시마산회원구,구암1동,B,3
87,CWB379001620,인의동터미널 ↔ 소계종점,간선버스,상행,42,CWB379000479,구암1동행정복지센터,402506,35.2507444,128.5936932,창원시마산회원구,구암1동,B,3
87,CWB379001620,인의동터미널 ↔ 소계종점,간선버스,상행,43,CWB379000454,유성아파트,402001,35.2526751,128.5939101,창원시마산회원구,구암1동,B,3
87,CWB379001620,인의동터미널 ↔ 소계종점,간선버스,상행,44,CWB379000436,구암중,402002,35.255023,128.5967409,창원시마산회원구,구암1동,B,3
87,CWB379001620,인의동터미널 ↔ 소계종점,간선버스,상행,45,CWB379000419,소계시장,630017,35.2568216,128.599647,창원시의창구,의창동,B,3
87,CWB379001620,인의동터미널 ↔ 소계종점,간선버스,상행,46,CWB379002799,소계종점,630227,35.258876,128.6031322,창원시의창구,의창동,B,3
87,CWB379001620,인의동터미널 ↔ 소계종점,간선버스,하행,47,CWB379005804,소계종점,102504,35.2588655,128.6027392,창원시의창구,의창동,B,3
87,CWB379001620,인의동터미널 ↔ 소계종점,간선버스,하행,48,CWB379000403,소계종점입구,102503,35.2582234,128.6020942,창원시의창구,의창동,B,3
87,CWB379001620,인의동터미널 ↔ 소계종점,간선버스,하행,49,CWB379000418,소계입구,102501,35.2566722,128.6012452,창원시의창구,의창동,B,3
87,CWB379001620,인의동터미널 ↔ 소계종점,간선버스,하행,50,CWB379000440,대지아파트,402513,35.2541664,128.5972186,창원시마산회원구,구암1동,B,3
87,CWB379001620,인의동터미널 ↔ 소계종점,간선버스,하행,51,CWB379000458,수영아파트,402511,35.2522764,128.5946095,창원시마산회원구,구암1동,B,3
87,CWB379001620,인의동터미널 ↔ 소계종점,간선버스,하행,52,CWB379000478,구암1동행정복지센터,402509,35.2509249,128.5936417,창원시마산회원구,구암1동,B,3
87,CWB379001620,인의동터미널 ↔ 소계종점,간선버스,하행,53,CWB379000505,석보아파트,402507,35.2491714,128.5907152,창원시마산회원구,구암1동,B,3
87,CWB379001620,인의동터미널 ↔ 소계종점,간선버스,하행,54,CWB379000553,마산롯데캐슬동문,402101,35.2470084,128.5889612,창원시마산회원구,구암1동,B,3
87,CWB379001620,인의동터미널 ↔ 소계종점,간선버스,하행,55,CWB379000589,덕재.롯데캐슬,400121,35.2448309,128.5875128,창원시마산회원구,합성1동,B,3
87,CWB379001620,인의동터미널 ↔ 소계종점,간선버스,하행,56,CWB379000638,합성동,400119,35.241411,128.5846712,창원시마산회원구,합성1동,B,3
87,CWB379001620,인의동터미널 ↔ 소계종점,간선버스,하행,57,CWB379000671,마산시외버스터미널,630020,35.2388003,128.5826278,창원시마산회원구,합성1동,B,3
87,CWB379001620,인의동터미널 ↔ 소계종점,간선버스,하행,58,CWB379000712,마산역,400113,35.2363674,128.5807282,창원시마산회원구,석전동,B,3
87,CWB379001620,인의동터미널 ↔ 소계종점,간선버스,하행,59,CWB379000757,양덕동,411202,35.233301,128.5815886,창원시마산회원구,양덕2동,B,3
87,CWB379001620,인의동터미널 ↔ 소계종점,간선버스,하행,60,CWB379000786,한일타운,411204,35.2312114,128.5836482,창원시마산회원구,양덕2동,B,3
87,CWB379001620,인의동터미널 ↔ 소계종점,간선버스,하행,61,CWB379000817,타워맨션,411206,35.2293988,128.5851675,창원시마산회원구,양덕2동,B,3
87,CWB379001620,인의동터미널 ↔ 소계종점,간선버스,하행,62,CWB379000855,정우맨션,411208,35.2262485,128.5889766,창원시마산회원구,양덕2동,B,3
87,CWB379001620,인의동터미널 ↔ 소계종점,간선버스,하행,63,CWB379000886,팔룡산돌탑공원입구,411210,35.2234461,128.5912559,창원시마산회원구,양덕2동,B,3
87,CWB379001620,인의동터미널 ↔ 소계종점,간선버스,하행,64,CWB379000907,봉덕초등학교,411212,35.2219321,128.5928506,창원시마산회원구,양덕2동,B,3
87,CWB379001620,인의동터미널 ↔ 소계종점,간선버스,하행,65,CWB379000933,봉암동,407104,35.2206786,128.5958915,창원시마산회원구,봉암동,B,3
87,CWB379001620,인의동터미널 ↔ 소계종점,간선버스,하행,66,CWB379000966,봉암공단 입구,407106,35.2187325,128.6010381,창원시마산회원구,봉암동,B,3
87,CWB379001620,인의동터미널 ↔ 소계종점,간선버스,하행,67,CWB379000989,수원지입구.정다운병원,407108,35.2176559,128.604899,창원시마산회원구,봉암동,B,3
87,CWB379001620,인의동터미널 ↔ 소계종점,간선버스,하행,68,CWB379000998,자유무역지역2공구,407110,35.216741,128.6083271,창원시마산회원구,봉암동,B,3
87,CWB379001620,인의동터미널 ↔ 소계종점,간선버스,하행,69,CWB379001013,서광아파트,407112,35.2159397,128.6113585,창원시마산회원구,봉암동,B,3
87,CWB379001620,인의동터미널 ↔ 소계종점,간선버스,하행,70,CWB379001033,봉암교,407114,35.2142289,128.6158572,창원시마산회원구,봉암동,B,3
87,CWB379001620,인의동터미널 ↔ 소계종점,간선버스,하행,71,CWB379001136,유신상가,210207,35.2074681,128.6264119,창원시성산구,웅남동,B,3
87,CWB379001620,인의동터미널 ↔ 소계종점,간선버스,하행,72,CWB379001203,신촌동성아파트,210205,35.2037684,128.6280722,창원시성산구,웅남동,B,3
87,CWB379001620,인의동터미널 ↔ 소계종점,간선버스,하행,73,CWB379001237,양곡전통시장,210203,35.2008542,128.6285016,창원시성산구,웅남동,B,3
87,CWB379001620,인의동터미널 ↔ 소계종점,간선버스,하행,74,CWB379001273,양곡중학교,210201,35.1980394,128.6288982,창원시성산구,웅남동,B,3
87,CWB379001620,인의동터미널 ↔ 소계종점,간선버스,하행,75,CWB379003277,양곡로,518159,35.1895544,128.6353649,창원시성산구,웅남동,B,3
87,CWB379001620,인의동터미널 ↔ 소계종점,간선버스,하행,76,CWB379001364,관음사입구,518102,35.1878122,128.6374688,창원시성산구,웅남동,B,3
87,CWB379001620,인의동터미널 ↔ 소계종점,간선버스,하행,77,CWB379001405,목장입구,518104,35.1795914,128.6426262,창원시성산구,웅남동,B,3
87,CWB379001620,인의동터미널 ↔ 소계종점,간선버스,하행,78,CWB379001456,진해문화센터,518106,35.1686883,128.6586183,창원시진해구,여좌동,B,3
87,CWB379001620,인의동터미널 ↔ 소계종점,간선버스,하행,79,CWB379003292,무릉도원,511411,35.1640158,128.6620894,창원시진해구,여좌동,B,3
87,CWB379001620,인의동터미널 ↔ 소계종점,간선버스,하행,80,CWB379001481,한전입구,511410,35.1612014,128.6627912,창원시진해구,여좌동,B,3
87,CWB379001620,인의동터미널 ↔ 소계종점,간선버스,하행,81,CWB379001488,진해고등학교,511407,35.1597314,128.6625812,창원시진해구,여좌동,B,3
87,CWB379001620,인의동터미널 ↔ 소계종점,간선버스,하행,82,CWB379001509,여좌신협,511403,35.1568246,128.6624651,창원시진해구,여좌동,B,3
87,CWB379001620,인의동터미널 ↔ 소계종점,간선버스,하행,83,CWB379002861,여좌농협,511401,35.1547706,128.6648337,창원시진해구,여좌동,B,3
87,CWB379001620,인의동터미널 ↔ 소계종점,간선버스,하행,84,CWB379001544,진해수협,322608,35.152456,128.6638804,창원시진해구,여좌동,B,3
87,CWB379001620,인의동터미널 ↔ 소계종점,간선버스,하행,85,CWB379001538,진해역,519803,35.152683,128.6613976,창원시진해구,여좌동,B,3
87,CWB379001620,인의동터미널 ↔ 소계종점,간선버스,하행,86,CWB379001564,충무동행정복지센터,517503,35.1504128,128.6596573,창원시진해구,충무동,B,3
87,CWB379001620,인의동터미널 ↔ 소계종점,간선버스,하행,87,CWB379001580,진해청소년전당,517501,35.1476544,128.6592145,창원시진해구,충무동,B,3
87,CWB379001620,인의동터미널 ↔ 소계종점,간선버스,하행,88,CWB379001592,남원로터리,520302,35.1460174,128.6602542,창원시진해구,충무동,B,3
87,CWB379001620,인의동터미널 ↔ 소계종점,간선버스,하행,89,CWB379001599,인의동터미널,630065,35.1446564,128.6606162,창원시진해구,충무동,B,3
160,CWB379030020,신항파출소 ↔ 마산대학교종점,좌석버스,상행,1,CWB379005774,신항파출소,523338,35.09235,128.789647,창원시진해구,웅동2동,C,1
160,CWB379030020,신항파출소 ↔ 마산대학교종점,좌석버스,상행,2,CWB379003454,부영4단지,630348,35.0865722,128.8010022,창원시진해구,웅동2동,C,1
160,CWB379030020,신항파출소 ↔ 마산대학교종점,좌석버스,상행,3,CWB379003453,부영2단지,630347,35.088738,128.8030151,창원시진해구,웅동2동,C,1
160,CWB379030020,신항파출소 ↔ 마산대학교종점,좌석버스,상행,4,CWB379005790,부영5단지,523340,35.0887788,128.8067347,창원시진해구,웅동2동,C,1
160,CWB379030020,신항파출소 ↔ 마산대학교종점,좌석버스,상행,5,CWB379003451,이지더원아파트/애플타운,630345,35.0887384,128.8135104,창원시진해구,웅동2동,C,1
160,CWB379030020,신항파출소 ↔ 마산대학교종점,좌석버스,상행,6,CWB379002662,용원종점,512902,35.0965756,128.820353,창원시진해구,웅동2동,C,1
160,CWB379030020,신항파출소 ↔ 마산대학교종점,좌석버스,상행,7,CWB379002655,웅동2동행정복지센터,513005,35.0995284,128.8151162,창원시진해구,웅동2동,C,1
160,CWB379030020,신항파출소 ↔ 마산대학교종점,좌석버스,상행,8,CWB379002650,웅동농협하나로마트,513001,35.1005445,128.8099436,창원시진해구,웅동2동,C,1
160,CWB379030020,신항파출소 ↔ 마산대학교종점,좌석버스,상행,9,CWB379002636,코아루아파트,511004,35.1015132,128.8064851,창원시진해구,웅동2동,C,1
160,CWB379030020,신항파출소 ↔ 마산대학교종점,좌석버스,상행,10,CWB379002634,안골포초등학교,511006,35.103736,128.8065832,창원시진해구,웅동2동,C,1
160,CWB379030020,신항파출소 ↔ 마산대학교종점,좌석버스,상행,11,CWB379002628,해인로즈빌아파트,630213,35.1070386,128.8049955,창원시진해구,웅동2동,C,1
160,CWB379030020,신항파출소 ↔ 마산대학교종점,좌석버스,상행,12,CWB379002621,용원휴요양병원,503003,35.1166036,128.79671,창원시진해구,웅동1동,C,1
160,CWB379030020,신항파출소 ↔ 마산대학교종점,좌석버스,상행,13,CWB379002613,청안해오름,513807,35.1203499,128.7913856,창원시진해구,웅동1동,C,1
160,CWB379030020,신항파출소 ↔ 마산대학교종점,좌석버스,상행,14,CWB379002610,웅동농협앞,513803,35.1243034,128.7852552,창원시진해구,웅동1동,C,1
160,CWB379030020,신항파출소 ↔ 마산대학교종점,좌석버스,상행,15,CWB379002602,STX아파트,514505,35.1206631,128.778701,창원시진해구,웅동1동,C,1
160,CWB379030020,신항파출소 ↔ 마산대학교종점,좌석버스,상행,16,CWB379002590,농업기술센터,514009,35.1148629,128.7546561,창원시진해구,웅천동,C,1
160,CWB379030020,신항파출소 ↔ 마산대학교종점,좌석버스,상행,17,CWB379003420,시티프라디움1차.리젠시빌란트,502903,35.1073891,128.755606,창원시진해구,웅천동,C,1
160,CWB379030020,신항파출소 ↔ 마산대학교종점,좌석버스,상행,18,CWB379002758,사도마을,502902,35.105774,128.7590704,창원시진해구,웅천동,C,1
160,CWB379030020,신항파출소 ↔ 마산대학교종점,좌석버스,상행,19,CWB379003524,호반베르디움.리젠시빌란트,502916,35.1050384,128.7561923,창원시진해구,웅천동,C,1
160,CWB379030020,신항파출소 ↔ 마산대학교종점,좌석버스,상행,20,CWB379003435,세스페데스공원,502908,35.1059353,128.7515123,창원시진해구,웅천동,C,1
160,CWB379030020,신항파출소 ↔ 마산대학교종점,좌석버스,상행,21,CWB379002527,웅천성내,514007,35.1136765,128.7490438,창원시진해구,웅천동,C,1
160,CWB379030020,신항파출소 ↔ 마산대학교종점,좌석버스,상행,22,CWB379002545,진해구청,518143,35.1300429,128.7095976,창원시진해구,풍호동,C,1
160,CWB379030020,신항파출소 ↔ 마산대학교종점,좌석버스,상행,23,CWB379001639,마린푸르지오1단지.신광아파트,519203,35.1350389,128.7064141,창원시진해구,풍호동,C,1
160,CWB379030020,신항파출소 ↔ 마산대학교종점,좌석버스,상행,24,CWB379001621,우성아파트,519835,35.1391054,128.7016712,창원시진해구,풍호동,C,1
160,CWB379030020,신항파출소 ↔ 마산대학교종점,좌석버스,상행,25,CWB379001565,이동119안전센터,519827,35.1499084,128.6978717,창원시진해구,이동,C,1
160,CWB379030020,신항파출소 ↔ 마산대학교종점,좌석버스,상행,26,CWB379001523,경화시장,519821,35.1537502,128.6899291,창원시진해구,병암동,C,1
160,CWB379030020,신항파출소 ↔ 마산대학교종점,좌석버스,상행,27,CWB379001527,중부시장,519817,35.1533519,128.6820012,창원시진해구,경화동,C,1
160,CWB379030020,신항파출소 ↔ 마산대학교종점,좌석버스,상행,28,CWB379001548,중앙시장,519809,35.1521643,128.6669363,창원시진해구,여좌동,C,1
160,CWB379030020,신항파출소 ↔ 마산대학교종점,좌석버스,상행,29,CWB379001490,진해고등학교,511406,35.1594907,128.662744,창원시진해구,여좌동,C,1
160,CWB379030020,신항파출소 ↔ 마산대학교종점,좌석버스,상행,30,CWB379001455,진해문화센터,518109,35.1689686,128.6587374,창원시진해구,여좌동,C,1
160,CWB379030020,신항파출소 ↔ 마산대학교종점,좌석버스,상행,31,CWB379001233,양곡전통시장,210204,35.2018773,128.6284836,창원시성산구,웅남동,C,1
160,CWB379030020,신항파출소 ↔ 마산대학교종점,좌석버스,상행,32,CWB379001128,유신상가,210208,35.2080379,128.6263341,창원시성산구,웅남동,C,1
160,CWB379030020,신항파출소 ↔ 마산대학교종점,좌석버스,상행,33,CWB379001029,봉암교,407115,35.2145053,128.6152394,창원시마산회원구,봉암동,C,1
160,CWB379030020,신항파출소 ↔ 마산대학교종점,좌석버스,상행,34,CWB379001011,서광아파트,407113,35.2161159,128.611817,창원시마산회원구,봉암동,C,1
160,CWB379030020,신항파출소 ↔ 마산대학교종점,좌석버스,상행,35,CWB379000993,자유무역지역2공구,407111,35.2170984,128.6081158,창원시마산회원구,봉암동,C,1
160,CWB379030020,신항파출소 ↔ 마산대학교종점,좌석버스,상행,36,CWB379000954,봉암공단 입구,407107,35.2193354,128.6000532,창원시마산회원구,봉암동,C,1
160,CWB379030020,신항파출소 ↔ 마산대학교종점,좌석버스,상행,37,CWB379000926,봉암동,407103,35.2210405,128.5956308,창원시마산회원구,봉암동,C,1
160,CWB379030020,신항파출소 ↔ 마산대학교종점,좌석버스,상행,38,CWB379000905,고속버스터미널,421902,35.2222658,128.587365,창원시마산회원구,양덕2동,C,1
160,CWB379030020,신항파출소 ↔ 마산대학교종점,좌석버스,상행,39,CWB379000828,타워맨션,411205,35.2287485,128.5861293,창원시마산회원구,양덕1동,C,1
160,CWB379030020,신항파출소 ↔ 마산대학교종점,좌석버스,상행,40,CWB379000748,양덕동,411201,35.2335861,128.581325,창원시마산회원구,양덕1동,C,1
160,CWB379030020,신항파출소 ↔ 마산대학교종점,좌석버스,상행,41,CWB379000752,마산역.동마산병원,400112,35.2335387,128.5785156,창원시마산회원구,석전동,C,1
160,CWB379030020,신항파출소 ↔ 마산대학교종점,좌석버스,상행,42,CWB379000807,마산우체국,400110,35.2306161,128.5762928,창원시마산회원구,석전동,C,1
160,CWB379030020,신항파출소 ↔ 마산대학교종점,좌석버스,상행,43,CWB379000822,메트로시티석전,408605,35.2291736,128.573962,창원시마산회원구,석전동,C,1
160,CWB379030020,신항파출소 ↔ 마산대학교종점,좌석버스,상행,44,CWB379000754,회성동행정복지센터/합포여중,407209,35.2336234,128.561141,창원시마산회원구,회성동,C,1
160,CWB379030020,신항파출소 ↔ 마산대학교종점,좌석버스,상행,45,CWB379000539,중리삼거리,422806,35.2484589,128.5241413,창원시마산회원구,내서읍,C,1
160,CWB379030020,신항파출소 ↔ 마산대학교종점,좌석버스,상행,46,CWB379000515,중리역,421709,35.2494614,128.5183592,창원시마산회원구,내서읍,C,1
160,CWB379030020,신항파출소 ↔ 마산대학교종점,좌석버스,상행,47,CWB379000473,농산물도매시장입구,421707,35.25235,128.5124542,창원시마산회원구,내서읍,C,1
160,CWB379030020,신항파출소 ↔ 마산대학교종점,좌석버스,상행,48,CWB379000377,제일고등학교,421705,35.2619199,128.5069223,창원시마산회원구,내서읍,C,1
160,CWB379030020,신항파출소 ↔ 마산대학교종점,좌석버스,상행,49,CWB379000378,마산대학교종점,630015,35.2616044,128.5034694,창원시마산회원구,내서읍,C,1
160,CWB379030020,신항파출소 ↔ 마산대학교종점,좌석버스,하행,50,CWB379000379,마산대학교종점,630016,35.2621964,128.5036973,창원시마산회원구,내서읍,C,1
160,CWB379030020,신항파출소 ↔ 마산대학교종점,좌석버스,하행,51,CWB379000380,제일고등학교,421704,35.2620011,128.5066251,창원시마산회원구,내서읍,C,1
160,CWB379030020,신항파출소 ↔ 마산대학교종점,좌석버스,하행,52,CWB379000474,중리본동,421706,35.252097,128.5123391,창원시마산회원구,내서읍,C,1
160,CWB379030020,신항파출소 ↔ 마산대학교종점,좌석버스,하행,53,CWB379000520,중리역,421708,35.2493168,128.5180837,창원시마산회원구,내서읍,C,1
160,CWB379030020,신항파출소 ↔ 마산대학교종점,좌석버스,하행,54,CWB379000542,중리삼거리,422805,35.2484334,128.5239122,창원시마산회원구,내서읍,C,1
160,CWB379030020,신항파출소 ↔ 마산대학교종점,좌석버스,하행,55,CWB379000758,회성동행정복지센터/합포여중,407210,35.2334197,128.5612438,창원시마산회원구,회성동,C,1
160,CWB379030020,신항파출소 ↔ 마산대학교종점,좌석버스,하행,56,CWB379000818,메트로시티석전,408606,35.2294104,128.5726512,창원시마산회원구,석전동,C,1
160,CWB379030020,신항파출소 ↔ 마산대학교종점,좌석버스,하행,57,CWB379000809,경남은행본점,400109,35.2306178,128.5767179,창원시마산회원구,석전동,C,1
160,CWB379030020,신항파출소 ↔ 마산대학교종점,좌석버스,하행,58,CWB379001995,마산역.365병원,400111,35.2336369,128.5790683,창원시마산회원구,석전동,C,1
160,CWB379030020,신항파출소 ↔ 마산대학교종점,좌석버스,하행,59,CWB379000704,마산시외버스터미널,400116,35.2372192,128.5818197,창원시마산회원구,합성1동,C,1
160,CWB379030020,신항파출소 ↔ 마산대학교종점,좌석버스,하행,60,CWB379000691,합성동농협,421802,35.2375154,128.5847172,창원시마산회원구,양덕1동,C,1
160,CWB379030020,신항파출소 ↔ 마산대학교종점,좌석버스,하행,61,CWB379000718,양덕1동,421804,35.2357024,128.5882082,창원시마산회원구,양덕1동,C,1
160,CWB379030020,신항파출소 ↔ 마산대학교종점,좌석버스,하행,62,CWB379000735,서안양덕타운,420605,35.2349397,128.5882252,창원시마산회원구,양덕1동,C,1
160,CWB379030020,신항파출소 ↔ 마산대학교종점,좌석버스,하행,63,CWB379000751,양덕초등학교,420603,35.2334698,128.5871982,창원시마산회원구,양덕1동,C,1
160,CWB379030020,신항파출소 ↔ 마산대학교종점,좌석버스,하행,64,CWB379000779,양덕1동행정복지센터,420601,35.2317968,128.5859714,창원시마산회원구,양덕1동,C,1
160,CWB379030020,신항파출소 ↔ 마산대학교종점,좌석버스,하행,65,CWB379000817,타워맨션,411206,35.2293988,128.5851675,창원시마산회원구,양덕2동,C,1
160,CWB379030020,신항파출소 ↔ 마산대학교종점,좌석버스,하행,66,CWB379000900,고속버스터미널,421901,35.2222495,128.5871527,창원시마산회원구,양덕2동,C,1
160,CWB379030020,신항파출소 ↔ 마산대학교종점,좌석버스,하행,67,CWB379000933,봉암동,407104,35.2206786,128.5958915,창원시마산회원구,봉암동,C,1
160,CWB379030020,신항파출소 ↔ 마산대학교종점,좌석버스,하행,68,CWB379000966,봉암공단 입구,407106,35.2187325,128.6010381,창원시마산회원구,봉암동,C,1
160,CWB379030020,신항파출소 ↔ 마산대학교종점,좌석버스,하행,69,CWB379000998,자유무역지역2공구,407110,35.216741,128.6083271,창원시마산회원구,봉암동,C,1
160,CWB379030020,신항파출소 ↔ 마산대학교종점,좌석버스,하행,70,CWB379001013,서광아파트,407112,35.2159397,128.6113585,창원시마산회원구,봉암동,C,1
160,CWB379030020,신항파출소 ↔ 마산대학교종점,좌석버스,하행,71,CWB379001033,봉암교,407114,35.2142289,128.6158572,창원시마산회원구,봉암동,C,1
160,CWB379030020,신항파출소 ↔ 마산대학교종점,좌석버스,하행,72,CWB379001136,유신상가,210207,35.2074681,128.6264119,창원시성산구,웅남동,C,1
160,CWB379030020,신항파출소 ↔ 마산대학교종점,좌석버스,하행,73,CWB379001237,양곡전통시장,210203,35.2008542,128.6285016,창원시성산구,웅남동,C,1
160,CWB379030020,신항파출소 ↔ 마산대학교종점,좌석버스,하행,74,CWB379001456,진해문화센터,518106,35.1686883,128.6586183,창원시진해구,여좌동,C,1
160,CWB379030020,신항파출소 ↔ 마산대학교종점,좌석버스,하행,75,CWB379001488,진해고등학교,511407,35.1597314,128.6625812,창원시진해구,여좌동,C,1
160,CWB379030020,신항파출소 ↔ 마산대학교종점,좌석버스,하행,76,CWB379002781,중앙시장,519810,35.1519625,128.6666996,창원시진해구,충무동,C,1
160,CWB379030020,신항파출소 ↔ 마산대학교종점,좌석버스,하행,77,CWB379001531,중부시장입구,519818,35.1530952,128.6820354,창원시진해구,경화동,C,1
160,CWB379030020,신항파출소 ↔ 마산대학교종점,좌석버스,하행,78,CWB379001524,경화시장,519822,35.1535796,128.6912891,창원시진해구,병암동,C,1
160,CWB379030020,신항파출소 ↔ 마산대학교종점,좌석버스,하행,79,CWB379001568,이동119안전센터,519826,35.1492328,128.6981797,창원시진해구,이동,C,1
160,CWB379030020,신항파출소 ↔ 마산대학교종점,좌석버스,하행,80,CWB379001613,우성아파트,519834,35.1402174,128.7012582,창원시진해구,덕산동,C,1
160,CWB379030020,신항파출소 ↔ 마산대학교종점,좌석버스,하행,81,CWB379001641,마린푸르지오1단지.신광아파트,519204,35.1348577,128.7064338,창원시진해구,풍호동,C,1
160,CWB379030020,신항파출소 ↔ 마산대학교종점,좌석버스,하행,82,CWB379002547,진해구청.장전주유소,518144,35.1306309,128.7090786,창원시진해구,풍호동,C,1
160,CWB379030020,신항파출소 ↔ 마산대학교종점,좌석버스,하행,83,CWB379002525,웅천성내,514006,35.1136741,128.7502066,창원시진해구,웅천동,C,1
160,CWB379030020,신항파출소 ↔ 마산대학교종점,좌석버스,하행,84,CWB379003434,세스페데스공원,502907,35.1058131,128.751548,창원시진해구,웅천동,C,1
160,CWB379030020,신항파출소 ↔ 마산대학교종점,좌석버스,하행,85,CWB379003525,호반베르디움.리젠시빌란트,502917,35.1049475,128.7560944,창원시진해구,웅천동,C,1
160,CWB379030020,신항파출소 ↔ 마산대학교종점,좌석버스,하행,86,CWB379002794,사도마을,502901,35.1058546,128.759105,창원시진해구,웅천동,C,1
160,CWB379030020,신항파출소 ↔ 마산대학교종점,좌석버스,하행,87,CWB379003436,시티프라디움1차.리젠시빌란트,502909,35.107525,128.7555783,창원시진해구,웅천동,C,1
160,CWB379030020,신항파출소 ↔ 마산대학교종점,좌석버스,하행,88,CWB379002591,농업기술센터,514008,35.1147915,128.7548252,창원시진해구,웅천동,C,1
160,CWB379030020,신항파출소 ↔ 마산대학교종점,좌석버스,하행,89,CWB379002601,STX아파트,514506,35.120319,128.7784691,창원시진해구,웅동1동,C,1
160,CWB379030020,신항파출소 ↔ 마산대학교종점,좌석버스,하행,90,CWB379002609,웅동농협앞,513804,35.1241664,128.7851559,창원시진해구,웅동1동,C,1
160,CWB379030020,신항파출소 ↔ 마산대학교종점,좌석버스,하행,91,CWB379002614,청안해오름,513808,35.1198293,128.7918345,창원시진해구,웅동1동,C,1
160,CWB379030020,신항파출소 ↔ 마산대학교종점,좌석버스,하행,92,CWB379002620,용원휴요양병원,503004,35.1164783,128.7965877,창원시진해구,웅동1동,C,1
160,CWB379030020,신항파출소 ↔ 마산대학교종점,좌석버스,하행,93,CWB379002627,해인로즈빌아파트,630212,35.1072868,128.8050101,창원시진해구,웅동2동,C,1
160,CWB379030020,신항파출소 ↔ 마산대학교종점,좌석버스,하행,94,CWB379002633,안골포초등학교,511005,35.1037994,128.8063782,창원시진해구,웅동2동,C,1
160,CWB379030020,신항파출소 ↔ 마산대학교종점,좌석버스,하행,95,CWB379002635,코아루아파트,511003,35.1015776,128.8062652,창원시진해구,웅동2동,C,1
160,CWB379030020,신항파출소 ↔ 마산대학교종점,좌석버스,하행,96,CWB379002651,웅동농협하나로마트,513002,35.1003401,128.8099264,창원시진해구,웅동2동,C,1
160,CWB379030020,신항파출소 ↔ 마산대학교종점,좌석버스,하행,97,CWB379002656,웅동2동행정복지센터,513006,35.0991944,128.8156102,창원시진해구,웅동2동,C,1
160,CWB379030020,신항파출소 ↔ 마산대학교종점,좌석버스,하행,98,CWB379005499,용원종점,512909,35.0961997,128.8200321,창원시진해구,웅동2동,C,1
160,CWB379030020,신항파출소 ↔ 마산대학교종점,좌석버스,하행,99,CWB379003445,부영8단지,630339,35.0889969,128.813474,창원시진해구,웅동2동,C,1
160,CWB379030020,신항파출소 ↔ 마산대학교종점,좌석버스,하행,100,CWB379003447,부영2단지,630341,35.0889372,128.8047926,창원시진해구,웅동2동,C,1
160,CWB379030020,신항파출소 ↔ 마산대학교종점,좌석버스,하행,101,CWB379003448,부영4단지,630342,35.0865467,128.8007752,창원시진해구,웅동2동,C,1
160,CWB379030020,신항파출소 ↔ 마산대학교종점,좌석버스,하행,102,CWB379005775,신항파출소,523339,35.092223,128.789802,창원시진해구,웅동2동,C,1
153,CWB379007400,"대방동성아파트 ↔ 경남대,서중학교",좌석버스,상행,1,CWB379003399,대방동성아파트,218835,35.2030425,128.7059709,창원시성산구,성주동,C,2
153,CWB379007400,"대방동성아파트 ↔ 경남대,서중학교",좌석버스,상행,2,CWB379001187,성주프리빌리지아파트,203902,35.2036224,128.7091482,창원시성산구,성주동,C,2
153,CWB379007400,"대방동성아파트 ↔ 경남대,서중학교",좌석버스,상행,3,CWB379001109,대암고교,203906,35.2078815,128.7105001,창원시성산구,사파동,C,2
153,CWB379007400,"대방동성아파트 ↔ 경남대,서중학교",좌석버스,상행,4,CWB379001042,대방대동아파트,203910,35.2119343,128.71027,창원시성산구,사파동,C,2
153,CWB379007400,"대방동성아파트 ↔ 경남대,서중학교",좌석버스,상행,5,CWB379001002,사파동행정복지센터,203912,35.2152534,128.7089232,창원시성산구,사파동,C,2
153,CWB379007400,"대방동성아파트 ↔ 경남대,서중학교",좌석버스,상행,6,CWB379000995,성원3차APT.노인종합복지관,203913,35.215684,128.7058056,창원시성산구,사파동,C,2
153,CWB379007400,"대방동성아파트 ↔ 경남대,서중학교",좌석버스,상행,7,CWB379000945,사파동성아파트,219109,35.2183394,128.7023822,창원시성산구,사파동,C,2
153,CWB379007400,"대방동성아파트 ↔ 경남대,서중학교",좌석버스,상행,8,CWB379000870,창원축구센터.법원,219105,35.2233782,128.7003512,창원시성산구,사파동,C,2
153,CWB379007400,"대방동성아파트 ↔ 경남대,서중학교",좌석버스,상행,9,CWB379000844,검찰청,219103,35.225744,128.698655,창원시성산구,사파동,C,2
153,CWB379007400,"대방동성아파트 ↔ 경남대,서중학교",좌석버스,상행,10,CWB379000806,창원시립테니스장입구,219101,35.2289116,128.6963808,창원시성산구,용지동,C,2
153,CWB379007400,"대방동성아파트 ↔ 경남대,서중학교",좌석버스,상행,11,CWB379000701,경남도청,119129,35.2356975,128.6916432,창원시의창구,봉림동,C,2
153,CWB379007400,"대방동성아파트 ↔ 경남대,서중학교",좌석버스,상행,12,CWB379000649,도민의집삼거리,119125,35.2393724,128.6859259,창원시의창구,봉림동,C,2
153,CWB379007400,"대방동성아파트 ↔ 경남대,서중학교",좌석버스,상행,13,CWB379000623,사림민원센터,630018,35.2415159,128.6814845,창원시의창구,봉림동,C,2
153,CWB379007400,"대방동성아파트 ↔ 경남대,서중학교",좌석버스,상행,14,CWB379000686,반림현대산업아파트,106512,35.2366765,128.6772916,창원시성산구,반송동,C,2
153,CWB379007400,"대방동성아파트 ↔ 경남대,서중학교",좌석버스,상행,15,CWB379000694,반림현대건설아파트,106509,35.2361683,128.6744651,창원시성산구,반송동,C,2
153,CWB379007400,"대방동성아파트 ↔ 경남대,서중학교",좌석버스,상행,16,CWB379000693,교통문화연수원,106507,35.2362648,128.6715575,창원시성산구,반송동,C,2
153,CWB379007400,"대방동성아파트 ↔ 경남대,서중학교",좌석버스,상행,17,CWB379000668,럭키아파트,106505,35.2378574,128.6681742,창원시성산구,반송동,C,2
153,CWB379007400,"대방동성아파트 ↔ 경남대,서중학교",좌석버스,상행,18,CWB379000673,운동장사거리,119905,35.2375576,128.6648924,창원시성산구,반송동,C,2
153,CWB379007400,"대방동성아파트 ↔ 경남대,서중학교",좌석버스,상행,19,CWB379000741,창원문성대학교,119903,35.2334668,128.6619248,창원시의창구,팔룡동,C,2
153,CWB379007400,"대방동성아파트 ↔ 경남대,서중학교",좌석버스,상행,20,CWB379000836,충혼탑,119901,35.2271594,128.6574312,창원시의창구,팔룡동,C,2
153,CWB379007400,"대방동성아파트 ↔ 경남대,서중학교",좌석버스,상행,21,CWB379000857,대원파크빌아파트,207901,35.2248728,128.6556672,창원시의창구,팔룡동,C,2
153,CWB379007400,"대방동성아파트 ↔ 경남대,서중학교",좌석버스,상행,22,CWB379001005,세원셀론텍.영흥철강,201209,35.2160244,128.6452682,창원시성산구,웅남동,C,2
153,CWB379007400,"대방동성아파트 ↔ 경남대,서중학교",좌석버스,상행,23,CWB379001044,한국철강,201205,35.2132529,128.6374864,창원시성산구,웅남동,C,2
153,CWB379007400,"대방동성아파트 ↔ 경남대,서중학교",좌석버스,상행,24,CWB379001062,한화엔진.피케이벨브,201203,35.2119363,128.6335711,창원시성산구,웅남동,C,2
153,CWB379007400,"대방동성아파트 ↔ 경남대,서중학교",좌석버스,상행,25,CWB379001086,신촌삼거리,201201,35.2104369,128.6278948,창원시성산구,웅남동,C,2
153,CWB379007400,"대방동성아파트 ↔ 경남대,서중학교",좌석버스,상행,26,CWB379001029,봉암교,407115,35.2145053,128.6152394,창원시마산회원구,봉암동,C,2
153,CWB379007400,"대방동성아파트 ↔ 경남대,서중학교",좌석버스,상행,27,CWB379001011,서광아파트,407113,35.2161159,128.611817,창원시마산회원구,봉암동,C,2
153,CWB379007400,"대방동성아파트 ↔ 경남대,서중학교",좌석버스,상행,28,CWB379000993,자유무역지역2공구,407111,35.2170984,128.6081158,창원시마산회원구,봉암동,C,2
153,CWB379007400,"대방동성아파트 ↔ 경남대,서중학교",좌석버스,상행,29,CWB379000954,봉암공단 입구,407107,35.2193354,128.6000532,창원시마산회원구,봉암동,C,2
153,CWB379007400,"대방동성아파트 ↔ 경남대,서중학교",좌석버스,상행,30,CWB379000926,봉암동,407103,35.2210405,128.5956308,창원시마산회원구,봉암동,C,2
153,CWB379007400,"대방동성아파트 ↔ 경남대,서중학교",좌석버스,상행,31,CWB379000912,자유무역지역후문,407101,35.2215077,128.5915099,창원시마산회원구,양덕2동,C,2
153,CWB379007400,"대방동성아파트 ↔ 경남대,서중학교",좌석버스,상행,32,CWB379000951,신세계백화점,321923,35.2188747,128.5870619,창원시마산합포구,산호동,C,2
153,CWB379007400,"대방동성아파트 ↔ 경남대,서중학교",좌석버스,상행,33,CWB379001031,산호동,321921,35.2146337,128.5865546,창원시마산합포구,산호동,C,2
153,CWB379007400,"대방동성아파트 ↔ 경남대,서중학교",좌석버스,상행,34,CWB379001107,자유무역지역정문,321917,35.2099339,128.5833988,창원시마산합포구,합포동,C,2
153,CWB379007400,"대방동성아파트 ↔ 경남대,서중학교",좌석버스,상행,35,CWB379001223,어시장,321905,35.2030056,128.5747038,창원시마산합포구,오동동,C,2
153,CWB379007400,"대방동성아파트 ↔ 경남대,서중학교",좌석버스,상행,36,CWB379001246,경남데파트,300117,35.2011938,128.5673133,창원시마산합포구,완월동,C,2
153,CWB379007400,"대방동성아파트 ↔ 경남대,서중학교",좌석버스,상행,37,CWB379001284,마산합포구청.의료원,300115,35.1978546,128.5670795,창원시마산합포구,완월동,C,2
153,CWB379007400,"대방동성아파트 ↔ 경남대,서중학교",좌석버스,상행,38,CWB379001328,중부경찰서,300111,35.1929213,128.5650943,창원시마산합포구,반월중앙동,C,2
153,CWB379007400,"대방동성아파트 ↔ 경남대,서중학교",좌석버스,상행,39,CWB379001376,연세병원,300107,35.1871762,128.5615655,창원시마산합포구,문화동,C,2
153,CWB379007400,"대방동성아파트 ↔ 경남대,서중학교",좌석버스,상행,40,CWB379001392,문화동,300105,35.1845804,128.5602312,창원시마산합포구,문화동,C,2
153,CWB379007400,"대방동성아파트 ↔ 경남대,서중학교",좌석버스,상행,41,CWB379001418,"경남대,서중학교",300635,35.1793434,128.5582462,창원시마산합포구,월영동,C,2
153,CWB379007400,"대방동성아파트 ↔ 경남대,서중학교",좌석버스,하행,42,CWB379001416,남부터미널,630062,35.1796525,128.5602734,창원시마산합포구,월영동,C,2
153,CWB379007400,"대방동성아파트 ↔ 경남대,서중학교",좌석버스,하행,43,CWB379001402,경남대학교,300102,35.1808576,128.5586889,창원시마산합포구,문화동,C,2
153,CWB379007400,"대방동성아파트 ↔ 경남대,서중학교",좌석버스,하행,44,CWB379001394,문화동,300106,35.1842462,128.5602673,창원시마산합포구,문화동,C,2
153,CWB379007400,"대방동성아파트 ↔ 경남대,서중학교",좌석버스,하행,45,CWB379001382,연세병원,300108,35.1864975,128.561421,창원시마산합포구,문화동,C,2
153,CWB379007400,"대방동성아파트 ↔ 경남대,서중학교",좌석버스,하행,46,CWB379001331,중부경찰서,300114,35.192561,128.5650385,창원시마산합포구,반월중앙동,C,2
153,CWB379007400,"대방동성아파트 ↔ 경남대,서중학교",좌석버스,하행,47,CWB379001281,마산합포구청.의료원,300120,35.1980472,128.5673091,창원시마산합포구,반월중앙동,C,2
153,CWB379007400,"대방동성아파트 ↔ 경남대,서중학교",좌석버스,하행,48,CWB379001254,경남데파트,300122,35.2010176,128.5675358,창원시마산합포구,반월중앙동,C,2
153,CWB379007400,"대방동성아파트 ↔ 경남대,서중학교",좌석버스,하행,49,CWB379001199,어시장,321910,35.2048042,128.5777052,창원시마산합포구,오동동,C,2
153,CWB379007400,"대방동성아파트 ↔ 경남대,서중학교",좌석버스,하행,50,CWB379001114,자유무역지역정문,321916,35.2093966,128.5830333,창원시마산합포구,합포동,C,2
153,CWB379007400,"대방동성아파트 ↔ 경남대,서중학교",좌석버스,하행,51,CWB379001038,산호동,321920,35.214486,128.5866928,창원시마산합포구,산호동,C,2
153,CWB379007400,"대방동성아파트 ↔ 경남대,서중학교",좌석버스,하행,52,CWB379000955,신세계백화점,321922,35.2195955,128.5871657,창원시마산합포구,산호동,C,2
153,CWB379007400,"대방동성아파트 ↔ 경남대,서중학교",좌석버스,하행,53,CWB379000918,자유무역지역후문,407102,35.2212864,128.59076,창원시마산회원구,양덕2동,C,2
153,CWB379007400,"대방동성아파트 ↔ 경남대,서중학교",좌석버스,하행,54,CWB379000933,봉암동,407104,35.2206786,128.5958915,창원시마산회원구,봉암동,C,2
153,CWB379007400,"대방동성아파트 ↔ 경남대,서중학교",좌석버스,하행,55,CWB379000966,봉암공단 입구,407106,35.2187325,128.6010381,창원시마산회원구,봉암동,C,2
153,CWB379007400,"대방동성아파트 ↔ 경남대,서중학교",좌석버스,하행,56,CWB379000998,자유무역지역2공구,407110,35.216741,128.6083271,창원시마산회원구,봉암동,C,2
153,CWB379007400,"대방동성아파트 ↔ 경남대,서중학교",좌석버스,하행,57,CWB379001013,서광아파트,407112,35.2159397,128.6113585,창원시마산회원구,봉암동,C,2
153,CWB379007400,"대방동성아파트 ↔ 경남대,서중학교",좌석버스,하행,58,CWB379001033,봉암교,407114,35.2142289,128.6158572,창원시마산회원구,봉암동,C,2
153,CWB379007400,"대방동성아파트 ↔ 경남대,서중학교",좌석버스,하행,59,CWB379001089,신촌삼거리,201202,35.2102559,128.6281948,창원시성산구,웅남동,C,2
153,CWB379007400,"대방동성아파트 ↔ 경남대,서중학교",좌석버스,하행,60,CWB379001067,한화엔진.피케이벨브,201204,35.2117487,128.6338485,창원시성산구,웅남동,C,2
153,CWB379007400,"대방동성아파트 ↔ 경남대,서중학교",좌석버스,하행,61,CWB379001041,한국철강,201206,35.2132874,128.6383752,창원시성산구,웅남동,C,2
153,CWB379007400,"대방동성아파트 ↔ 경남대,서중학교",좌석버스,하행,62,CWB379001007,세원셀론텍.영흥철강,201210,35.2157474,128.6453142,창원시성산구,웅남동,C,2
153,CWB379007400,"대방동성아파트 ↔ 경남대,서중학교",좌석버스,하행,63,CWB379000858,월드메르디앙아파트,207902,35.2249055,128.6559177,창원시성산구,중앙동,C,2
153,CWB379007400,"대방동성아파트 ↔ 경남대,서중학교",좌석버스,하행,64,CWB379000827,충혼탑,219902,35.2277904,128.6583238,창원시성산구,중앙동,C,2
153,CWB379007400,"대방동성아파트 ↔ 경남대,서중학교",좌석버스,하행,65,CWB379000737,창원문성대학교,219904,35.2339001,128.6625055,창원시의창구,팔룡동,C,2
153,CWB379007400,"대방동성아파트 ↔ 경남대,서중학교",좌석버스,하행,66,CWB379000678,운동장사거리,119902,35.2373588,128.6650093,창원시성산구,반송동,C,2
153,CWB379007400,"대방동성아파트 ↔ 경남대,서중학교",좌석버스,하행,67,CWB379000672,럭키아파트,106506,35.2376294,128.6682044,창원시성산구,반송동,C,2
153,CWB379007400,"대방동성아파트 ↔ 경남대,서중학교",좌석버스,하행,68,CWB379000696,반송시장.아이필상가,106508,35.2361198,128.6718793,창원시성산구,반송동,C,2
153,CWB379007400,"대방동성아파트 ↔ 경남대,서중학교",좌석버스,하행,69,CWB379000700,반송여중,106510,35.2360272,128.6743718,창원시성산구,반송동,C,2
153,CWB379007400,"대방동성아파트 ↔ 경남대,서중학교",좌석버스,하행,70,CWB379000680,일동아파트,106511,35.2369455,128.6777065,창원시성산구,용지동,C,2
153,CWB379007400,"대방동성아파트 ↔ 경남대,서중학교",좌석버스,하행,71,CWB379000627,사림민원센터,630019,35.2413285,128.6815527,창원시성산구,용지동,C,2
153,CWB379007400,"대방동성아파트 ↔ 경남대,서중학교",좌석버스,하행,72,CWB379001956,어울림어린이공원,119124,35.2389889,128.6859673,창원시성산구,용지동,C,2
153,CWB379007400,"대방동성아파트 ↔ 경남대,서중학교",좌석버스,하행,73,CWB379000705,경남도청/국가데이터처,119128,35.2353687,128.6917497,창원시성산구,용지동,C,2
153,CWB379007400,"대방동성아파트 ↔ 경남대,서중학교",좌석버스,하행,74,CWB379000811,창원시립테니스장입구,119132,35.2285424,128.6962522,창원시성산구,용지동,C,2
153,CWB379007400,"대방동성아파트 ↔ 경남대,서중학교",좌석버스,하행,75,CWB379000841,검찰청,219102,35.2260625,128.6979892,창원시성산구,사파동,C,2
153,CWB379007400,"대방동성아파트 ↔ 경남대,서중학교",좌석버스,하행,76,CWB379000872,창원축구센터.법원,219104,35.2232994,128.6999664,창원시성산구,사파동,C,2
153,CWB379007400,"대방동성아파트 ↔ 경남대,서중학교",좌석버스,하행,77,CWB379000946,사파동성아파트,219108,35.2182261,128.7019847,창원시성산구,사파동,C,2
153,CWB379007400,"대방동성아파트 ↔ 경남대,서중학교",좌석버스,하행,78,CWB379000999,성원3차APT.노인종합복지관,203914,35.2154917,128.7058828,창원시성산구,사파동,C,2
153,CWB379007400,"대방동성아파트 ↔ 경남대,서중학교",좌석버스,하행,79,CWB379001006,사파동행정복지센터,203911,35.2146885,128.7089155,창원시성산구,사파동,C,2
153,CWB379007400,"대방동성아파트 ↔ 경남대,서중학교",좌석버스,하행,80,CWB379001045,대방대동아파트,203909,35.2122104,128.7098832,창원시성산구,사파동,C,2
153,CWB379007400,"대방동성아파트 ↔ 경남대,서중학교",좌석버스,하행,81,CWB379001112,대방황토방아파트,203905,35.2078138,128.7102224,창원시성산구,사파동,C,2
153,CWB379007400,"대방동성아파트 ↔ 경남대,서중학교",좌석버스,하행,82,CWB379001181,대방덕산2차아파트,203901,35.2039253,128.7095729,창원시성산구,사파동,C,2
159,CWB379030010,STX칸1차아파트후문 ↔ 대방동종점,좌석버스,상행,1,CWB379003349,STX칸1차아파트후문,104719,35.3226436,128.583139,창원시의창구,북면,C,3
159,CWB379030010,STX칸1차아파트후문 ↔ 대방동종점,좌석버스,상행,2,CWB379003250,휴먼빌2단지,104713,35.3195585,128.5839562,창원시의창구,북면,C,3
159,CWB379030010,STX칸1차아파트후문 ↔ 대방동종점,좌석버스,상행,3,CWB379000194,무동센텀파라디아아파트,104703,35.3182497,128.5797637,창원시의창구,북면,C,3
159,CWB379030010,STX칸1차아파트후문 ↔ 대방동종점,좌석버스,상행,4,CWB379003345,STX칸2차아파트,104716,35.3161749,128.5805745,창원시의창구,북면,C,3
159,CWB379030010,STX칸1차아파트후문 ↔ 대방동종점,좌석버스,상행,5,CWB379003380,휴먼빌3차아파트,104721,35.3161866,128.5822967,창원시의창구,북면,C,3
159,CWB379030010,STX칸1차아파트후문 ↔ 대방동종점,좌석버스,상행,6,CWB379000196,무동입구,104705,35.3161812,128.5862493,창원시의창구,북면,C,3
159,CWB379030010,STX칸1차아파트후문 ↔ 대방동종점,좌석버스,상행,7,CWB379000191,동전,119331,35.3178894,128.6033727,창원시의창구,북면,C,3
159,CWB379030010,STX칸1차아파트후문 ↔ 대방동종점,좌석버스,상행,8,CWB379000231,감계입구,119323,35.3033396,128.6007906,창원시의창구,북면,C,3
159,CWB379030010,STX칸1차아파트후문 ↔ 대방동종점,좌석버스,상행,9,CWB379003286,힐스테이트1차,103103,35.3023536,128.5974387,창원시의창구,북면,C,3
159,CWB379030010,STX칸1차아파트후문 ↔ 대방동종점,좌석버스,상행,10,CWB379003330,감계휴먼빌,103105,35.3023419,128.592914,창원시의창구,북면,C,3
159,CWB379030010,STX칸1차아파트후문 ↔ 대방동종점,좌석버스,상행,11,CWB379003331,덕산아내,103107,35.3023395,128.5905689,창원시의창구,북면,C,3
159,CWB379030010,STX칸1차아파트후문 ↔ 대방동종점,좌석버스,상행,12,CWB379003423,힐스테이트3차,103115,35.3023362,128.5878081,창원시의창구,북면,C,3
159,CWB379030010,STX칸1차아파트후문 ↔ 대방동종점,좌석버스,상행,13,CWB379003427,힐스테이트4차,103118,35.3016932,128.5862985,창원시의창구,북면,C,3
159,CWB379030010,STX칸1차아파트후문 ↔ 대방동종점,좌석버스,상행,14,CWB379003324,푸르지오아파트,103109,35.3003405,128.58631,창원시의창구,북면,C,3
159,CWB379030010,STX칸1차아파트후문 ↔ 대방동종점,좌석버스,상행,15,CWB379003328,중방마을회관,103113,35.2964593,128.5932433,창원시의창구,북면,C,3
159,CWB379030010,STX칸1차아파트후문 ↔ 대방동종점,좌석버스,상행,16,CWB379000487,동서식품,118806,35.2498699,128.6137411,창원시의창구,팔룡동,C,3
159,CWB379030010,STX칸1차아파트후문 ↔ 대방동종점,좌석버스,상행,17,CWB379000728,창원종합터미널,118816,35.2357302,128.6385049,창원시의창구,팔룡동,C,3
159,CWB379030010,STX칸1차아파트후문 ↔ 대방동종점,좌석버스,상행,18,CWB379000717,창원공고.파티마병원,119103,35.2351479,128.6457309,창원시의창구,팔룡동,C,3
159,CWB379030010,STX칸1차아파트후문 ↔ 대방동종점,좌석버스,상행,19,CWB379000651,농업기술센터,119105,35.2395139,128.6492866,창원시의창구,명곡동,C,3
159,CWB379030010,STX칸1차아파트후문 ↔ 대방동종점,좌석버스,상행,20,CWB379006081,시티7,114244,35.2409993,128.6532624,창원시의창구,팔룡동,C,3
159,CWB379030010,STX칸1차아파트후문 ↔ 대방동종점,좌석버스,상행,21,CWB379006085,문성고등학교,114248,35.2376408,128.6612652,창원시의창구,팔룡동,C,3
159,CWB379030010,STX칸1차아파트후문 ↔ 대방동종점,좌석버스,상행,22,CWB379006089,트리비앙아파트(한국폴리텍대학),114252,35.2323201,128.6718276,창원시의창구,팔룡동,C,3
159,CWB379030010,STX칸1차아파트후문 ↔ 대방동종점,좌석버스,상행,23,CWB379006093,창원시청,114256,35.2277477,128.6797076,창원시성산구,중앙동,C,3
159,CWB379030010,STX칸1차아파트후문 ↔ 대방동종점,좌석버스,상행,24,CWB379006095,상남시장(은아아파트),114258,35.2243963,128.6856159,창원시성산구,상남동,C,3
159,CWB379030010,STX칸1차아파트후문 ↔ 대방동종점,좌석버스,상행,25,CWB379006097,시민생활체육관,114260,35.2226912,128.6886558,창원시성산구,상남동,C,3
159,CWB379030010,STX칸1차아파트후문 ↔ 대방동종점,좌석버스,상행,26,CWB379006099,대동백화점,114262,35.2205007,128.691441,창원시성산구,상남동,C,3
159,CWB379030010,STX칸1차아파트후문 ↔ 대방동종점,좌석버스,상행,27,CWB379006101,토월성원아파트,114264,35.2171938,128.6939778,창원시성산구,상남동,C,3
159,CWB379030010,STX칸1차아파트후문 ↔ 대방동종점,좌석버스,상행,28,CWB379006103,상남도서관,114266,35.2140248,128.6961549,창원시성산구,가음정동,C,3
159,CWB379030010,STX칸1차아파트후문 ↔ 대방동종점,좌석버스,상행,29,CWB379001082,더샵센트럴파크2단지,200402,35.2100425,128.6990684,창원시성산구,가음정동,C,3
159,CWB379030010,STX칸1차아파트후문 ↔ 대방동종점,좌석버스,상행,30,CWB379001098,더샵센트럴파크1단지,200404,35.2089743,128.7004024,창원시성산구,가음정동,C,3
159,CWB379030010,STX칸1차아파트후문 ↔ 대방동종점,좌석버스,상행,31,CWB379001141,남산초등학교,200406,35.2060254,128.7028262,창원시성산구,가음정동,C,3
159,CWB379030010,STX칸1차아파트후문 ↔ 대방동종점,좌석버스,상행,32,CWB379001189,대방동종점,200408,35.2034947,128.7044454,창원시성산구,가음정동,C,3
159,CWB379030010,STX칸1차아파트후문 ↔ 대방동종점,좌석버스,하행,33,CWB379005462,대방동종점,200409,35.2037207,128.7043979,창원시성산구,가음정동,C,3
159,CWB379030010,STX칸1차아파트후문 ↔ 대방동종점,좌석버스,하행,34,CWB379001153,남산초등학교,200405,35.2054904,128.7033702,창원시성산구,가음정동,C,3
159,CWB379030010,STX칸1차아파트후문 ↔ 대방동종점,좌석버스,하행,35,CWB379001101,피오르빌아파트,200403,35.2087974,128.7008648,창원시성산구,가음정동,C,3
159,CWB379030010,STX칸1차아파트후문 ↔ 대방동종점,좌석버스,하행,36,CWB379001076,남양초등학교,200401,35.2102334,128.6991202,창원시성산구,가음정동,C,3
159,CWB379030010,STX칸1차아파트후문 ↔ 대방동종점,좌석버스,하행,37,CWB379006104,상남도서관(한림.우성아파트),114267,35.213436,128.6966863,창원시성산구,가음정동,C,3
159,CWB379030010,STX칸1차아파트후문 ↔ 대방동종점,좌석버스,하행,38,CWB379006102,삼익아파트,114265,35.2166754,128.694475,창원시성산구,사파동,C,3
159,CWB379030010,STX칸1차아파트후문 ↔ 대방동종점,좌석버스,하행,39,CWB379006100,대동백화점,114263,35.219972,128.6921878,창원시성산구,사파동,C,3
159,CWB379030010,STX칸1차아파트후문 ↔ 대방동종점,좌석버스,하행,40,CWB379006098,시민생활체육관,114261,35.2223096,128.6895237,창원시성산구,용지동,C,3
159,CWB379030010,STX칸1차아파트후문 ↔ 대방동종점,좌석버스,하행,41,CWB379006096,상남시장(은아아파트),114259,35.2250582,128.6846823,창원시성산구,용지동,C,3
159,CWB379030010,STX칸1차아파트후문 ↔ 대방동종점,좌석버스,하행,42,CWB379006094,창원시청(정우상가),114257,35.2283537,128.6788991,창원시성산구,용지동,C,3
159,CWB379030010,STX칸1차아파트후문 ↔ 대방동종점,좌석버스,하행,43,CWB379006090,트리비앙아파트(한국폴리텍대학),114253,35.2326737,128.6713433,창원시성산구,반송동,C,3
159,CWB379030010,STX칸1차아파트후문 ↔ 대방동종점,좌석버스,하행,44,CWB379006086,문성고등학교,114249,35.2374361,128.6618954,창원시성산구,반송동,C,3
159,CWB379030010,STX칸1차아파트후문 ↔ 대방동종점,좌석버스,하행,45,CWB379006082,시티7,114245,35.2409504,128.6537091,창원시성산구,반송동,C,3
159,CWB379030010,STX칸1차아파트후문 ↔ 대방동종점,좌석버스,하행,46,CWB379000653,농업기술센터,119106,35.2393544,128.6487661,창원시의창구,명곡동,C,3
159,CWB379030010,STX칸1차아파트후문 ↔ 대방동종점,좌석버스,하행,47,CWB379000688,파티마병원,119104,35.2370188,128.646896,창원시의창구,명곡동,C,3
159,CWB379030010,STX칸1차아파트후문 ↔ 대방동종점,좌석버스,하행,48,CWB379000739,홈플러스,119101,35.2339729,128.6444291,창원시의창구,팔룡동,C,3
159,CWB379030010,STX칸1차아파트후문 ↔ 대방동종점,좌석버스,하행,49,CWB379000715,창원종합터미널,118815,35.2357672,128.6392231,창원시의창구,팔룡동,C,3
159,CWB379030010,STX칸1차아파트후문 ↔ 대방동종점,좌석버스,하행,50,CWB379000476,동서식품,118805,35.2507458,128.6129642,창원시의창구,팔룡동,C,3
159,CWB379030010,STX칸1차아파트후문 ↔ 대방동종점,좌석버스,하행,51,CWB379003329,중방마을회관,103112,35.2965704,128.5932506,창원시의창구,북면,C,3
159,CWB379030010,STX칸1차아파트후문 ↔ 대방동종점,좌석버스,하행,52,CWB379003325,감계중학교,103108,35.3005013,128.5865042,창원시의창구,북면,C,3
159,CWB379030010,STX칸1차아파트후문 ↔ 대방동종점,좌석버스,하행,53,CWB379003426,천수림아파트정문,103117,35.3016865,128.5864604,창원시의창구,북면,C,3
159,CWB379030010,STX칸1차아파트후문 ↔ 대방동종점,좌석버스,하행,54,CWB379003332,힐스테이트3차.천수림아파트,103106,35.3022088,128.5884201,창원시의창구,북면,C,3
159,CWB379030010,STX칸1차아파트후문 ↔ 대방동종점,좌석버스,하행,55,CWB379003424,덕산아내,103116,35.3022056,128.5920454,창원시의창구,북면,C,3
159,CWB379030010,STX칸1차아파트후문 ↔ 대방동종점,좌석버스,하행,56,CWB379003287,감계휴먼빌,103104,35.3022169,128.5938615,창원시의창구,북면,C,3
159,CWB379030010,STX칸1차아파트후문 ↔ 대방동종점,좌석버스,하행,57,CWB379003333,감계아내2차아파트,103114,35.3022289,128.5965079,창원시의창구,북면,C,3
159,CWB379030010,STX칸1차아파트후문 ↔ 대방동종점,좌석버스,하행,58,CWB379000230,감계입구,119324,35.3031721,128.6010192,창원시의창구,북면,C,3
159,CWB379030010,STX칸1차아파트후문 ↔ 대방동종점,좌석버스,하행,59,CWB379003141,동전,119204,35.3177037,128.6037841,창원시의창구,북면,C,3
159,CWB379030010,STX칸1차아파트후문 ↔ 대방동종점,좌석버스,하행,60,CWB379000195,무동입구,104706,35.3163696,128.5849012,창원시의창구,북면,C,3
159,CWB379030010,STX칸1차아파트후문 ↔ 대방동종점,좌석버스,하행,61,CWB379003344,STX칸2차아파트,104715,35.3163585,128.58043,창원시의창구,북면,C,3
159,CWB379030010,STX칸1차아파트후문 ↔ 대방동종점,좌석버스,하행,62,CWB379000193,무동센텀파라디아아파트,104704,35.3188744,128.5799316,창원시의창구,북면,C,3
159,CWB379030010,STX칸1차아파트후문 ↔ 대방동종점,좌석버스,하행,63,CWB379003251,휴먼빌1단지,104714,35.3194762,128.5838751,창원시의창구,북면,C,3
159,CWB379030010,STX칸1차아파트후문 ↔ 대방동종점,좌석버스,하행,64,CWB379003350,STX칸1차아파트후문,104720,35.3230845,128.583407,창원시의창구,북면,C,3
74,CWB379001100,성주사역 환승센터 ↔ 마산대학교종점,간선버스,상행,1,CWB379005461,성주사역 환승센터,201239,35.1883835,128.6930475,창원시성산구,성주동,D,1
74,CWB379001100,성주사역 환승센터 ↔ 마산대학교종점,간선버스,상행,2,CWB379001339,성주동행정복지센터,209301,35.1896821,128.6941925,창원시성산구,성주동,D,1
74,CWB379001100,성주사역 환승센터 ↔ 마산대학교종점,간선버스,상행,3,CWB379001326,안민교삼거리,209302,35.1911771,128.695474,창원시성산구,성주동,D,1
74,CWB379001100,성주사역 환승센터 ↔ 마산대학교종점,간선버스,상행,4,CWB379001305,선돌,209304,35.1936744,128.6976382,창원시성산구,성주동,D,1
74,CWB379001100,성주사역 환승센터 ↔ 마산대학교종점,간선버스,상행,5,CWB379001261,성산구청,209306,35.1983964,128.7015842,창원시성산구,성주동,D,1
74,CWB379001100,성주사역 환승센터 ↔ 마산대학교종점,간선버스,상행,6,CWB379001190,대방동성아파트,219121,35.2035321,128.7060051,창원시성산구,사파동,D,1
74,CWB379001100,성주사역 환승센터 ↔ 마산대학교종점,간선버스,상행,7,CWB379001154,안남중학교,219119,35.205433,128.7070517,창원시성산구,사파동,D,1
74,CWB379001100,성주사역 환승센터 ↔ 마산대학교종점,간선버스,상행,8,CWB379001103,대방중학교,219117,35.2083214,128.7066096,창원시성산구,사파동,D,1
74,CWB379001100,성주사역 환승센터 ↔ 마산대학교종점,간선버스,상행,9,CWB379001057,대방초등학교,219115,35.2111593,128.7058159,창원시성산구,사파동,D,1
74,CWB379001100,성주사역 환승센터 ↔ 마산대학교종점,간선버스,상행,10,CWB379001030,대방덕산아파트,219113,35.2129662,128.7053084,창원시성산구,사파동,D,1
74,CWB379001100,성주사역 환승센터 ↔ 마산대학교종점,간선버스,상행,11,CWB379001010,성원3차APT.노인종합복지관,219111,35.2148082,128.7048219,창원시성산구,사파동,D,1
74,CWB379001100,성주사역 환승센터 ↔ 마산대학교종점,간선버스,상행,12,CWB379000945,사파동성아파트,219109,35.2183394,128.7023822,창원시성산구,사파동,D,1
74,CWB379001100,성주사역 환승센터 ↔ 마산대학교종점,간선버스,상행,13,CWB379000895,사파동,219107,35.2210781,128.7012886,창원시성산구,사파동,D,1
74,CWB379001100,성주사역 환승센터 ↔ 마산대학교종점,간선버스,상행,14,CWB379000870,창원축구센터.법원,219105,35.2233782,128.7003512,창원시성산구,사파동,D,1
74,CWB379001100,성주사역 환승센터 ↔ 마산대학교종점,간선버스,상행,15,CWB379000844,검찰청,219103,35.225744,128.698655,창원시성산구,사파동,D,1
74,CWB379001100,성주사역 환승센터 ↔ 마산대학교종점,간선버스,상행,16,CWB379000806,창원시립테니스장입구,219101,35.2289116,128.6963808,창원시성산구,용지동,D,1
74,CWB379001100,성주사역 환승센터 ↔ 마산대학교종점,간선버스,상행,17,CWB379000764,토월체육공원,119131,35.2313995,128.6950805,창원시성산구,사파동,D,1
74,CWB379001100,성주사역 환승센터 ↔ 마산대학교종점,간선버스,상행,18,CWB379000701,경남도청,119129,35.2356975,128.6916432,창원시의창구,봉림동,D,1
74,CWB379001100,성주사역 환승센터 ↔ 마산대학교종점,간선버스,상행,19,CWB379000655,도립미술관,113308,35.2388548,128.6899685,창원시의창구,봉림동,D,1
74,CWB379001100,성주사역 환승센터 ↔ 마산대학교종점,간선버스,상행,20,CWB379000591,국립창원대학교정문,120505,35.2433012,128.6916206,창원시의창구,봉림동,D,1
74,CWB379001100,성주사역 환승센터 ↔ 마산대학교종점,간선버스,상행,21,CWB379000610,국립창원대입구,120503,35.2422011,128.6900516,창원시의창구,봉림동,D,1
74,CWB379001100,성주사역 환승센터 ↔ 마산대학교종점,간선버스,상행,22,CWB379002287,우영프라자,120501,35.2416821,128.6878946,창원시의창구,봉림동,D,1
74,CWB379001100,성주사역 환승센터 ↔ 마산대학교종점,간선버스,상행,23,CWB379000619,창원대삼거리,107512,35.2417568,128.6847949,창원시의창구,봉림동,D,1
74,CWB379001100,성주사역 환승센터 ↔ 마산대학교종점,간선버스,상행,24,CWB379000602,창원의집입구,119121,35.2426528,128.6807386,창원시의창구,봉림동,D,1
74,CWB379001100,성주사역 환승센터 ↔ 마산대학교종점,간선버스,상행,25,CWB379000577,사림동,119119,35.2442395,128.6758172,창원시의창구,봉림동,D,1
74,CWB379001100,성주사역 환승센터 ↔ 마산대학교종점,간선버스,상행,26,CWB379000568,장애인복지회관입구,119117,35.2449602,128.6735972,창원시의창구,봉림동,D,1
74,CWB379001100,성주사역 환승센터 ↔ 마산대학교종점,간선버스,상행,27,CWB379000554,봉곡상가입구,119115,35.2458484,128.67087,창원시의창구,봉림동,D,1
74,CWB379001100,성주사역 환승센터 ↔ 마산대학교종점,간선버스,상행,28,CWB379002097,봉곡상가,106905,35.2475994,128.6704472,창원시의창구,봉림동,D,1
74,CWB379001100,성주사역 환승센터 ↔ 마산대학교종점,간선버스,상행,29,CWB379000484,봉림휴먼시아,106903,35.2492342,128.667319,창원시의창구,봉림동,D,1
74,CWB379001100,성주사역 환승센터 ↔ 마산대학교종점,간선버스,상행,30,CWB379000546,봉곡중학교,106901,35.2462684,128.6628082,창원시의창구,봉림동,D,1
74,CWB379001100,성주사역 환승센터 ↔ 마산대학교종점,간선버스,상행,31,CWB379000573,지귀상가,119111,35.2447775,128.6594371,창원시의창구,봉림동,D,1
74,CWB379001100,성주사역 환승센터 ↔ 마산대학교종점,간선버스,상행,32,CWB379000586,유목교,119109,35.2438889,128.6560128,창원시의창구,봉림동,D,1
74,CWB379001100,성주사역 환승센터 ↔ 마산대학교종점,간선버스,상행,33,CWB379000603,농협하나로클럽,119107,35.2429202,128.6532093,창원시의창구,봉림동,D,1
74,CWB379001100,성주사역 환승센터 ↔ 마산대학교종점,간선버스,상행,34,CWB379000653,농업기술센터,119106,35.2393544,128.6487661,창원시의창구,명곡동,D,1
74,CWB379001100,성주사역 환승센터 ↔ 마산대학교종점,간선버스,상행,35,CWB379000688,파티마병원,119104,35.2370188,128.646896,창원시의창구,명곡동,D,1
74,CWB379001100,성주사역 환승센터 ↔ 마산대학교종점,간선버스,상행,36,CWB379006240,터미널삼거리,118825,35.2383605,128.6392226,창원시의창구,팔룡동,D,1
74,CWB379001100,성주사역 환승센터 ↔ 마산대학교종점,간선버스,상행,37,CWB379006238,운암서원삼거리,118823,35.2409404,128.6353775,창원시의창구,팔룡동,D,1
74,CWB379001100,성주사역 환승센터 ↔ 마산대학교종점,간선버스,상행,38,CWB379000660,창원스마트업파크,118813,35.2393799,128.6328193,창원시의창구,팔룡동,D,1
74,CWB379001100,성주사역 환승센터 ↔ 마산대학교종점,간선버스,상행,39,CWB379000606,차룡사거리,118811,35.2431794,128.6263182,창원시의창구,팔룡동,D,1
74,CWB379001100,성주사역 환승센터 ↔ 마산대학교종점,간선버스,상행,40,CWB379000579,팔룡119안전센터,118809,35.2448088,128.6233388,창원시의창구,팔룡동,D,1
74,CWB379001100,성주사역 환승센터 ↔ 마산대학교종점,간선버스,상행,41,CWB379000512,평산사거리,118807,35.2484379,128.6169916,창원시의창구,팔룡동,D,1
74,CWB379001100,성주사역 환승센터 ↔ 마산대학교종점,간선버스,상행,42,CWB379000476,동서식품,118805,35.2507458,128.6129642,창원시의창구,팔룡동,D,1
74,CWB379001100,성주사역 환승센터 ↔ 마산대학교종점,간선버스,상행,43,CWB379000453,팔룡동입구,118803,35.2524663,128.6100229,창원시의창구,팔룡동,D,1
74,CWB379001100,성주사역 환승센터 ↔ 마산대학교종점,간선버스,상행,44,CWB379002297,경남테크노파크,118801,35.254398,128.6067947,창원시의창구,팔룡동,D,1
74,CWB379001100,성주사역 환승센터 ↔ 마산대학교종점,간선버스,상행,45,CWB379000466,한국전력,400129,35.2512728,128.599324,창원시마산회원구,구암2동,D,1
74,CWB379001100,성주사역 환승센터 ↔ 마산대학교종점,간선버스,상행,46,CWB379000475,KT동마산지점,400127,35.2505254,128.5979819,창원시마산회원구,구암2동,D,1
74,CWB379001100,성주사역 환승센터 ↔ 마산대학교종점,간선버스,상행,47,CWB379000502,구암동육교,400125,35.2487525,128.5947137,창원시마산회원구,구암1동,D,1
74,CWB379001100,성주사역 환승센터 ↔ 마산대학교종점,간선버스,상행,48,CWB379000547,구암동,400123,35.247284,128.5920785,창원시마산회원구,구암1동,D,1
74,CWB379001100,성주사역 환승센터 ↔ 마산대학교종점,간선버스,상행,49,CWB379000589,덕재.롯데캐슬,400121,35.2448309,128.5875128,창원시마산회원구,합성1동,D,1
74,CWB379001100,성주사역 환승센터 ↔ 마산대학교종점,간선버스,상행,50,CWB379000638,합성동,400119,35.241411,128.5846712,창원시마산회원구,합성1동,D,1
74,CWB379001100,성주사역 환승센터 ↔ 마산대학교종점,간선버스,상행,51,CWB379000671,마산시외버스터미널,630020,35.2388003,128.5826278,창원시마산회원구,합성1동,D,1
74,CWB379001100,성주사역 환승센터 ↔ 마산대학교종점,간선버스,상행,52,CWB379000712,마산역,400113,35.2363674,128.5807282,창원시마산회원구,석전동,D,1
74,CWB379001100,성주사역 환승센터 ↔ 마산대학교종점,간선버스,상행,53,CWB379000752,마산역.동마산병원,400112,35.2335387,128.5785156,창원시마산회원구,석전동,D,1
74,CWB379001100,성주사역 환승센터 ↔ 마산대학교종점,간선버스,상행,54,CWB379000807,마산우체국,400110,35.2306161,128.5762928,창원시마산회원구,석전동,D,1
74,CWB379001100,성주사역 환승센터 ↔ 마산대학교종점,간선버스,상행,55,CWB379000822,메트로시티석전,408605,35.2291736,128.573962,창원시마산회원구,석전동,D,1
74,CWB379001100,성주사역 환승센터 ↔ 마산대학교종점,간선버스,상행,56,CWB379000784,북성초등학교,408603,35.2315183,128.5680692,창원시마산회원구,석전동,D,1
74,CWB379001100,성주사역 환승센터 ↔ 마산대학교종점,간선버스,상행,57,CWB379000770,보문주유소,408601,35.2323833,128.5654754,창원시마산회원구,회성동,D,1
74,CWB379001100,성주사역 환승센터 ↔ 마산대학교종점,간선버스,상행,58,CWB379000754,회성동행정복지센터/합포여중,407209,35.2336234,128.561141,창원시마산회원구,회성동,D,1
74,CWB379001100,성주사역 환승센터 ↔ 마산대학교종점,간선버스,상행,59,CWB379000744,한효국화맨션,407207,35.2342228,128.5568914,창원시마산회원구,회성동,D,1
74,CWB379001100,성주사역 환승센터 ↔ 마산대학교종점,간선버스,상행,60,CWB379000729,자족형행정복합타운,407205,35.2354294,128.5522464,창원시마산회원구,회성동,D,1
74,CWB379001100,성주사역 환승센터 ↔ 마산대학교종점,간선버스,상행,61,CWB379000708,내서초등학교,407203,35.2370932,128.5468,창원시마산회원구,회성동,D,1
74,CWB379001100,성주사역 환승센터 ↔ 마산대학교종점,간선버스,상행,62,CWB379001992,두척,407201,35.2377831,128.5438522,창원시마산회원구,회성동,D,1
74,CWB379001100,성주사역 환승센터 ↔ 마산대학교종점,간선버스,상행,63,CWB379000641,마재고개,422802,35.2418924,128.5369682,창원시마산회원구,회성동,D,1
74,CWB379001100,성주사역 환승센터 ↔ 마산대학교종점,간선버스,상행,64,CWB379000595,구슬골,422804,35.2452234,128.5282542,창원시마산회원구,내서읍,D,1
74,CWB379001100,성주사역 환승센터 ↔ 마산대학교종점,간선버스,상행,65,CWB379000539,중리삼거리,422806,35.2484589,128.5241413,창원시마산회원구,내서읍,D,1
74,CWB379001100,성주사역 환승센터 ↔ 마산대학교종점,간선버스,상행,66,CWB379002860,한주아파트,421713,35.2487295,128.5200778,창원시마산회원구,내서읍,D,1
74,CWB379001100,성주사역 환승센터 ↔ 마산대학교종점,간선버스,상행,67,CWB379000532,내서우체국,417211,35.2487644,128.5177252,창원시마산회원구,내서읍,D,1
74,CWB379001100,성주사역 환승센터 ↔ 마산대학교종점,간선버스,상행,68,CWB379000582,로봇산업진흥재단,417209,35.2461574,128.5140242,창원시마산회원구,내서읍,D,1
74,CWB379001100,성주사역 환승센터 ↔ 마산대학교종점,간선버스,상행,69,CWB379000608,용마정비,417207,35.2447366,128.5121251,창원시마산회원구,내서읍,D,1
74,CWB379001100,성주사역 환승센터 ↔ 마산대학교종점,간선버스,상행,70,CWB379000665,내서119안전센터,417205,35.2401954,128.5091749,창원시마산회원구,내서읍,D,1
74,CWB379001100,성주사역 환승센터 ↔ 마산대학교종점,간선버스,상행,71,CWB379003011,자동차부품혁신센터,630245,35.2382155,128.5079469,창원시마산회원구,내서읍,D,1
74,CWB379001100,성주사역 환승센터 ↔ 마산대학교종점,간선버스,상행,72,CWB379000740,크라운제과,417203,35.2356174,128.5065712,창원시마산회원구,내서읍,D,1
74,CWB379001100,성주사역 환승센터 ↔ 마산대학교종점,간선버스,상행,73,CWB379000774,원계,417201,35.2329998,128.506136,창원시마산회원구,내서읍,D,1
74,CWB379001100,성주사역 환승센터 ↔ 마산대학교종점,간선버스,상행,74,CWB379000776,롯데마트,401004,35.2329,128.5048467,창원시마산회원구,내서읍,D,1
74,CWB379001100,성주사역 환승센터 ↔ 마산대학교종점,간선버스,상행,75,CWB379000746,더푸른아파트,401006,35.2348094,128.5044922,창원시마산회원구,내서읍,D,1
74,CWB379001100,성주사역 환승센터 ↔ 마산대학교종점,간선버스,상행,76,CWB379002393,내서여고,401008,35.2368914,128.5044232,창원시마산회원구,내서읍,D,1
74,CWB379001100,성주사역 환승센터 ↔ 마산대학교종점,간선버스,상행,77,CWB379000643,장미아파트,401010,35.2416143,128.5051436,창원시마산회원구,내서읍,D,1
74,CWB379001100,성주사역 환승센터 ↔ 마산대학교종점,간선버스,상행,78,CWB379000597,내서중학교,401012,35.2460262,128.5089331,창원시마산회원구,내서읍,D,1
74,CWB379001100,성주사역 환승센터 ↔ 마산대학교종점,간선버스,상행,79,CWB379000540,청아병원,401504,35.2486862,128.511238,창원시마산회원구,내서읍,D,1
74,CWB379001100,성주사역 환승센터 ↔ 마산대학교종점,간선버스,상행,80,CWB379000496,동신아파트,401502,35.2507615,128.5136388,창원시마산회원구,내서읍,D,1
74,CWB379001100,성주사역 환승센터 ↔ 마산대학교종점,간선버스,상행,81,CWB379000473,농산물도매시장입구,421707,35.25235,128.5124542,창원시마산회원구,내서읍,D,1
74,CWB379001100,성주사역 환승센터 ↔ 마산대학교종점,간선버스,상행,82,CWB379000437,죽암,416802,35.2556301,128.5101992,창원시마산회원구,내서읍,D,1
74,CWB379001100,성주사역 환승센터 ↔ 마산대학교종점,간선버스,상행,83,CWB379000411,마산대학교정문,416804,35.2582702,128.5095377,창원시마산회원구,내서읍,D,1
74,CWB379001100,성주사역 환승센터 ↔ 마산대학교종점,간선버스,상행,84,CWB379000405,수곡,416806,35.2595345,128.5097859,창원시마산회원구,내서읍,D,1
74,CWB379001100,성주사역 환승센터 ↔ 마산대학교종점,간선버스,상행,85,CWB379000377,제일고등학교,421705,35.2619199,128.5069223,창원시마산회원구,내서읍,D,1
74,CWB379001100,성주사역 환승센터 ↔ 마산대학교종점,간선버스,상행,86,CWB379000378,마산대학교종점,630015,35.2616044,128.5034694,창원시마산회원구,내서읍,D,1
74,CWB379001100,성주사역 환승센터 ↔ 마산대학교종점,간선버스,하행,87,CWB379000379,마산대학교종점,630016,35.2621964,128.5036973,창원시마산회원구,내서읍,D,1
74,CWB379001100,성주사역 환승센터 ↔ 마산대학교종점,간선버스,하행,88,CWB379000380,제일고등학교,421704,35.2620011,128.5066251,창원시마산회원구,내서읍,D,1
74,CWB379001100,성주사역 환승센터 ↔ 마산대학교종점,간선버스,하행,89,CWB379000406,수곡,416805,35.259494,128.5097192,창원시마산회원구,내서읍,D,1
74,CWB379001100,성주사역 환승센터 ↔ 마산대학교종점,간선버스,하행,90,CWB379000416,마산대학교정문,416803,35.2579021,128.5087735,창원시마산회원구,내서읍,D,1
74,CWB379001100,성주사역 환승센터 ↔ 마산대학교종점,간선버스,하행,91,CWB379000438,죽암,416801,35.2553863,128.5100923,창원시마산회원구,내서읍,D,1
74,CWB379001100,성주사역 환승센터 ↔ 마산대학교종점,간선버스,하행,92,CWB379000474,중리본동,421706,35.252097,128.5123391,창원시마산회원구,내서읍,D,1
74,CWB379001100,성주사역 환승센터 ↔ 마산대학교종점,간선버스,하행,93,CWB379000488,동신아파트,401501,35.2510914,128.5135482,창원시마산회원구,내서읍,D,1
74,CWB379001100,성주사역 환승센터 ↔ 마산대학교종점,간선버스,하행,94,CWB379000530,청아병원,401503,35.2488454,128.5110073,창원시마산회원구,내서읍,D,1
74,CWB379001100,성주사역 환승센터 ↔ 마산대학교종점,간선버스,하행,95,CWB379000588,내서중학교,401013,35.2463198,128.508754,창원시마산회원구,내서읍,D,1
74,CWB379001100,성주사역 환승센터 ↔ 마산대학교종점,간선버스,하행,96,CWB379000644,장미아파트,401011,35.2421514,128.5052244,창원시마산회원구,내서읍,D,1
74,CWB379001100,성주사역 환승센터 ↔ 마산대학교종점,간선버스,하행,97,CWB379001985,내서여고,401009,35.2375766,128.5040952,창원시마산회원구,내서읍,D,1
74,CWB379001100,성주사역 환승센터 ↔ 마산대학교종점,간선버스,하행,98,CWB379000743,더푸른아파트,401007,35.2351764,128.5041732,창원시마산회원구,내서읍,D,1
74,CWB379001100,성주사역 환승센터 ↔ 마산대학교종점,간선버스,하행,99,CWB379005402,KB국민은행,401016,35.2333268,128.5044714,창원시마산회원구,내서읍,D,1
74,CWB379001100,성주사역 환승센터 ↔ 마산대학교종점,간선버스,하행,100,CWB379000773,원계,417202,35.2331472,128.5065296,창원시마산회원구,내서읍,D,1
74,CWB379001100,성주사역 환승센터 ↔ 마산대학교종점,간선버스,하행,101,CWB379003012,자동차부품혁신센터,630246,35.2384689,128.5084552,창원시마산회원구,내서읍,D,1
74,CWB379001100,성주사역 환승센터 ↔ 마산대학교종점,간선버스,하행,102,CWB379000654,내서119안전센터,417204,35.2411798,128.5100703,창원시마산회원구,내서읍,D,1
74,CWB379001100,성주사역 환승센터 ↔ 마산대학교종점,간선버스,하행,103,CWB379000604,용마정비,417206,35.2440411,128.5118211,창원시마산회원구,내서읍,D,1
74,CWB379001100,성주사역 환승센터 ↔ 마산대학교종점,간선버스,하행,104,CWB379000585,로봇산업진흥재단,417208,35.2458321,128.5140037,창원시마산회원구,내서읍,D,1
74,CWB379001100,성주사역 환승센터 ↔ 마산대학교종점,간선버스,하행,105,CWB379000535,내서우체국,417210,35.2485953,128.5179389,창원시마산회원구,내서읍,D,1
74,CWB379001100,성주사역 환승센터 ↔ 마산대학교종점,간선버스,하행,106,CWB379002392,한주아파트입구,421712,35.2486665,128.5203514,창원시마산회원구,내서읍,D,1
74,CWB379001100,성주사역 환승센터 ↔ 마산대학교종점,간선버스,하행,107,CWB379000542,중리삼거리,422805,35.2484334,128.5239122,창원시마산회원구,내서읍,D,1
74,CWB379001100,성주사역 환승센터 ↔ 마산대학교종점,간선버스,하행,108,CWB379000605,구슬골,422803,35.2444761,128.5290676,창원시마산회원구,내서읍,D,1
74,CWB379001100,성주사역 환승센터 ↔ 마산대학교종점,간선버스,하행,109,CWB379000637,마재고개,422801,35.2417118,128.5369503,창원시마산회원구,회성동,D,1
74,CWB379001100,성주사역 환승센터 ↔ 마산대학교종점,간선버스,하행,110,CWB379001991,두척,407202,35.2377666,128.5433795,창원시마산회원구,회성동,D,1
74,CWB379001100,성주사역 환승센터 ↔ 마산대학교종점,간선버스,하행,111,CWB379000709,내서초등학교,407204,35.2368572,128.5468785,창원시마산회원구,회성동,D,1
74,CWB379001100,성주사역 환승센터 ↔ 마산대학교종점,간선버스,하행,112,CWB379000732,자족형행정복합타운,407206,35.2351022,128.5528114,창원시마산회원구,회성동,D,1
74,CWB379001100,성주사역 환승센터 ↔ 마산대학교종점,간선버스,하행,113,CWB379000749,한효국화맨션,407208,35.2338786,128.5579704,창원시마산회원구,회성동,D,1
74,CWB379001100,성주사역 환승센터 ↔ 마산대학교종점,간선버스,하행,114,CWB379000758,회성동행정복지센터/합포여중,407210,35.2334197,128.5612438,창원시마산회원구,회성동,D,1
74,CWB379001100,성주사역 환승센터 ↔ 마산대학교종점,간선버스,하행,115,CWB379000775,보문주유소,408602,35.2320171,128.5658387,창원시마산회원구,석전동,D,1
74,CWB379001100,성주사역 환승센터 ↔ 마산대학교종점,간선버스,하행,116,CWB379000788,북성초등학교,408604,35.2312987,128.5680968,창원시마산회원구,석전동,D,1
74,CWB379001100,성주사역 환승센터 ↔ 마산대학교종점,간선버스,하행,117,CWB379000818,메트로시티석전,408606,35.2294104,128.5726512,창원시마산회원구,석전동,D,1
74,CWB379001100,성주사역 환승센터 ↔ 마산대학교종점,간선버스,하행,118,CWB379000809,경남은행본점,400109,35.2306178,128.5767179,창원시마산회원구,석전동,D,1
74,CWB379001100,성주사역 환승센터 ↔ 마산대학교종점,간선버스,하행,119,CWB379001995,마산역.365병원,400111,35.2336369,128.5790683,창원시마산회원구,석전동,D,1
74,CWB379001100,성주사역 환승센터 ↔ 마산대학교종점,간선버스,하행,120,CWB379000690,마산시외버스터미널,630021,35.2378611,128.5823601,창원시마산회원구,합성1동,D,1
74,CWB379001100,성주사역 환승센터 ↔ 마산대학교종점,간선버스,하행,121,CWB379000642,합성동,400120,35.2413067,128.5850253,창원시마산회원구,합성2동,D,1
74,CWB379001100,성주사역 환승센터 ↔ 마산대학교종점,간선버스,하행,122,CWB379000601,덕재.롯데캐슬,400122,35.2441913,128.5872821,창원시마산회원구,합성2동,D,1
74,CWB379001100,성주사역 환승센터 ↔ 마산대학교종점,간선버스,하행,123,CWB379000574,복음요양병원,400124,35.2455382,128.5894545,창원시마산회원구,합성2동,D,1
74,CWB379001100,성주사역 환승센터 ↔ 마산대학교종점,간선버스,하행,124,CWB379000558,구암동,400126,35.2468031,128.5918093,창원시마산회원구,구암2동,D,1
74,CWB379001100,성주사역 환승센터 ↔ 마산대학교종점,간선버스,하행,125,CWB379000489,KT동마산지점,400128,35.2500535,128.5978164,창원시마산회원구,구암2동,D,1
74,CWB379001100,성주사역 환승센터 ↔ 마산대학교종점,간선버스,하행,126,CWB379000477,한국전력,400130,35.2508664,128.5993142,창원시마산회원구,구암2동,D,1
74,CWB379001100,성주사역 환승센터 ↔ 마산대학교종점,간선버스,하행,127,CWB379000443,경남테크노파크,118802,35.2532703,128.6078276,창원시의창구,팔룡동,D,1
74,CWB379001100,성주사역 환승센터 ↔ 마산대학교종점,간선버스,하행,128,CWB379000464,팔룡동입구,118804,35.2516036,128.6107104,창원시의창구,팔룡동,D,1
74,CWB379001100,성주사역 환승센터 ↔ 마산대학교종점,간선버스,하행,129,CWB379000487,동서식품,118806,35.2498699,128.6137411,창원시의창구,팔룡동,D,1
74,CWB379001100,성주사역 환승센터 ↔ 마산대학교종점,간선버스,하행,130,CWB379000525,평산사거리/신화더플렉스,118808,35.2477961,128.6176409,창원시의창구,팔룡동,D,1
74,CWB379001100,성주사역 환승센터 ↔ 마산대학교종점,간선버스,하행,131,CWB379000594,팔룡119안전센터,118810,35.2440491,128.6239615,창원시의창구,팔룡동,D,1
74,CWB379001100,성주사역 환승센터 ↔ 마산대학교종점,간선버스,하행,132,CWB379000615,차룡사거리,118812,35.242835,128.6260183,창원시의창구,팔룡동,D,1
74,CWB379001100,성주사역 환승센터 ↔ 마산대학교종점,간선버스,하행,133,CWB379006236,창원스마트업파크,118820,35.2400544,128.6340827,창원시의창구,팔룡동,D,1
74,CWB379001100,성주사역 환승센터 ↔ 마산대학교종점,간선버스,하행,134,CWB379006237,운암서원삼거리,118822,35.240874,128.635291,창원시의창구,팔룡동,D,1
74,CWB379001100,성주사역 환승센터 ↔ 마산대학교종점,간선버스,하행,135,CWB379006239,터미널삼거리,118824,35.2382731,128.6391878,창원시의창구,팔룡동,D,1
74,CWB379001100,성주사역 환승센터 ↔ 마산대학교종점,간선버스,하행,136,CWB379000689,창원공고.파티마병원,107608,35.2367674,128.6445201,창원시의창구,팔룡동,D,1
74,CWB379001100,성주사역 환승센터 ↔ 마산대학교종점,간선버스,하행,137,CWB379000651,농업기술센터,119105,35.2395139,128.6492866,창원시의창구,명곡동,D,1
74,CWB379001100,성주사역 환승센터 ↔ 마산대학교종점,간선버스,하행,138,CWB379000614,농협하나로클럽,119108,35.242558,128.6530763,창원시의창구,봉림동,D,1
74,CWB379001100,성주사역 환승센터 ↔ 마산대학교종점,간선버스,하행,139,CWB379001994,유목교,119110,35.2436844,128.6563632,창원시의창구,봉림동,D,1
74,CWB379001100,성주사역 환승센터 ↔ 마산대학교종점,간선버스,하행,140,CWB379000575,지귀상가,119112,35.2445479,128.6596975,창원시의창구,봉림동,D,1
74,CWB379001100,성주사역 환승센터 ↔ 마산대학교종점,간선버스,하행,141,CWB379000536,봉곡중학교,106902,35.2467064,128.6630152,창원시의창구,봉림동,D,1
74,CWB379001100,성주사역 환승센터 ↔ 마산대학교종점,간선버스,하행,142,CWB379000485,봉림휴먼시아,106904,35.2491863,128.6661479,창원시의창구,봉림동,D,1
74,CWB379001100,성주사역 환승센터 ↔ 마산대학교종점,간선버스,하행,143,CWB379000521,봉곡상가,106906,35.2471874,128.6702932,창원시의창구,봉림동,D,1
74,CWB379001100,성주사역 환승센터 ↔ 마산대학교종점,간선버스,하행,144,CWB379000562,대동그린코아,119116,35.2454747,128.6711111,창원시의창구,봉림동,D,1
74,CWB379001100,성주사역 환승센터 ↔ 마산대학교종점,간선버스,하행,145,CWB379000570,장애인복지회관입구,119118,35.2447727,128.6732432,창원시의창구,봉림동,D,1
74,CWB379001100,성주사역 환승센터 ↔ 마산대학교종점,간선버스,하행,146,CWB379000583,사림동,119120,35.2439176,128.6758781,창원시의창구,봉림동,D,1
74,CWB379001100,성주사역 환승센터 ↔ 마산대학교종점,간선버스,하행,147,CWB379000611,창원의집입구,119122,35.2422153,128.6811025,창원시의창구,봉림동,D,1
74,CWB379001100,성주사역 환승센터 ↔ 마산대학교종점,간선버스,하행,148,CWB379000620,창원대삼거리,107511,35.2417786,128.6851291,창원시의창구,봉림동,D,1
74,CWB379001100,성주사역 환승센터 ↔ 마산대학교종점,간선버스,하행,149,CWB379000621,우영프라자,120502,35.2414813,128.6878827,창원시의창구,봉림동,D,1
74,CWB379001100,성주사역 환승센터 ↔ 마산대학교종점,간선버스,하행,150,CWB379000612,국립창원대입구,120504,35.2421311,128.6902232,창원시의창구,봉림동,D,1
74,CWB379001100,성주사역 환승센터 ↔ 마산대학교종점,간선버스,하행,151,CWB379000656,도립미술관,113307,35.2383367,128.6892302,창원시의창구,봉림동,D,1
74,CWB379001100,성주사역 환승센터 ↔ 마산대학교종점,간선버스,하행,152,CWB379000705,경남도청/국가데이터처,119128,35.2353687,128.6917497,창원시성산구,용지동,D,1
74,CWB379001100,성주사역 환승센터 ↔ 마산대학교종점,간선버스,하행,153,CWB379000761,토월체육공원,119130,35.231431,128.6947599,창원시성산구,용지동,D,1
74,CWB379001100,성주사역 환승센터 ↔ 마산대학교종점,간선버스,하행,154,CWB379000811,창원시립테니스장입구,119132,35.2285424,128.6962522,창원시성산구,용지동,D,1
74,CWB379001100,성주사역 환승센터 ↔ 마산대학교종점,간선버스,하행,155,CWB379000841,검찰청,219102,35.2260625,128.6979892,창원시성산구,사파동,D,1
74,CWB379001100,성주사역 환승센터 ↔ 마산대학교종점,간선버스,하행,156,CWB379000872,창원축구센터.법원,219104,35.2232994,128.6999664,창원시성산구,사파동,D,1
74,CWB379001100,성주사역 환승센터 ↔ 마산대학교종점,간선버스,하행,157,CWB379000893,사파동,219106,35.2212467,128.7008441,창원시성산구,사파동,D,1
74,CWB379001100,성주사역 환승센터 ↔ 마산대학교종점,간선버스,하행,158,CWB379000946,사파동성아파트,219108,35.2182261,128.7019847,창원시성산구,사파동,D,1
74,CWB379001100,성주사역 환승센터 ↔ 마산대학교종점,간선버스,하행,159,CWB379001015,남양동성APT.노인종합복지관,219110,35.2146566,128.704464,창원시성산구,가음정동,D,1
74,CWB379001100,성주사역 환승센터 ↔ 마산대학교종점,간선버스,하행,160,CWB379001037,남양성원2차아파트,219112,35.2128814,128.7049846,창원시성산구,가음정동,D,1
74,CWB379001100,성주사역 환승센터 ↔ 마산대학교종점,간선버스,하행,161,CWB379001056,남양개나리3차아파트,219114,35.211166,128.7054671,창원시성산구,가음정동,D,1
74,CWB379001100,성주사역 환승센터 ↔ 마산대학교종점,간선버스,하행,162,CWB379001102,남양동주택,219116,35.2083556,128.706239,창원시성산구,가음정동,D,1
74,CWB379001100,성주사역 환승센터 ↔ 마산대학교종점,간선버스,하행,163,CWB379001148,안남중학교,219118,35.2055996,128.7067114,창원시성산구,가음정동,D,1
74,CWB379001100,성주사역 환승센터 ↔ 마산대학교종점,간선버스,하행,164,CWB379001183,대방동성아파트,219120,35.2038607,128.7058173,창원시성산구,가음정동,D,1
74,CWB379001100,성주사역 환승센터 ↔ 마산대학교종점,간선버스,하행,165,CWB379001260,성산구청,209307,35.1985354,128.7013222,창원시성산구,성주동,D,1
74,CWB379001100,성주사역 환승센터 ↔ 마산대학교종점,간선버스,하행,166,CWB379001286,성주고가도로입구,209305,35.1958734,128.6990532,창원시성산구,성주동,D,1
74,CWB379001100,성주사역 환승센터 ↔ 마산대학교종점,간선버스,하행,167,CWB379001316,선돌,209303,35.1931934,128.6967729,창원시성산구,성주동,D,1
74,CWB379001100,성주사역 환승센터 ↔ 마산대학교종점,간선버스,하행,168,CWB379005460,성주사역 환승센터,201240,35.1884413,128.6927824,창원시성산구,성주동,D,1
15,CWB379000210,"경남대,서중학교 ↔ 초소",지선버스,상행,1,CWB379001419,"경남대,서중학교",300636,35.1791669,128.5584661,창원시마산합포구,월영동,D,2
15,CWB379000210,"경남대,서중학교 ↔ 초소",지선버스,상행,2,CWB379001394,문화동,300106,35.1842462,128.5602673,창원시마산합포구,문화동,D,2
15,CWB379000210,"경남대,서중학교 ↔ 초소",지선버스,상행,3,CWB379001371,제일여고입구,300110,35.1876024,128.5620272,창원시마산합포구,문화동,D,2
15,CWB379000210,"경남대,서중학교 ↔ 초소",지선버스,상행,4,CWB379001344,반월민원센터,300109,35.1904196,128.5630911,창원시마산합포구,반월중앙동,D,2
15,CWB379000210,"경남대,서중학교 ↔ 초소",지선버스,상행,5,CWB379001331,중부경찰서,300114,35.192561,128.5650385,창원시마산합포구,반월중앙동,D,2
15,CWB379000210,"경남대,서중학교 ↔ 초소",지선버스,상행,6,CWB379001312,경동메르빌APT,300116,35.1947319,128.5667974,창원시마산합포구,반월중앙동,D,2
15,CWB379000210,"경남대,서중학교 ↔ 초소",지선버스,상행,7,CWB379001280,마산합포구청.의료원,300118,35.1983948,128.5673296,창원시마산합포구,반월중앙동,D,2
15,CWB379000210,"경남대,서중학교 ↔ 초소",지선버스,상행,8,CWB379001245,경남데파트,300124,35.2014125,128.5675512,창원시마산합포구,오동동,D,2
15,CWB379000210,"경남대,서중학교 ↔ 초소",지선버스,상행,9,CWB379001228,KT마산점,300126,35.2028382,128.5703212,창원시마산합포구,오동동,D,2
15,CWB379000210,"경남대,서중학교 ↔ 초소",지선버스,상행,10,CWB379001215,어시장,321909,35.2037645,128.576147,창원시마산합포구,오동동,D,2
15,CWB379000210,"경남대,서중학교 ↔ 초소",지선버스,상행,11,CWB379001161,오동동,321914,35.2064862,128.580014,창원시마산합포구,오동동,D,2
15,CWB379000210,"경남대,서중학교 ↔ 초소",지선버스,상행,12,CWB379001114,자유무역지역정문,321916,35.2093966,128.5830333,창원시마산합포구,합포동,D,2
15,CWB379000210,"경남대,서중학교 ↔ 초소",지선버스,상행,13,CWB379001065,합포동,321918,35.2125307,128.5859205,창원시마산합포구,합포동,D,2
15,CWB379000210,"경남대,서중학교 ↔ 초소",지선버스,상행,14,CWB379001038,산호동,321920,35.214486,128.5866928,창원시마산합포구,산호동,D,2
15,CWB379000210,"경남대,서중학교 ↔ 초소",지선버스,상행,15,CWB379000955,신세계백화점,321922,35.2195955,128.5871657,창원시마산합포구,산호동,D,2
15,CWB379000210,"경남대,서중학교 ↔ 초소",지선버스,상행,16,CWB379000905,고속버스터미널,421902,35.2222658,128.587365,창원시마산회원구,양덕2동,D,2
15,CWB379000210,"경남대,서중학교 ↔ 초소",지선버스,상행,17,CWB379000867,양덕광장교차로,421904,35.2251006,128.5874688,창원시마산회원구,양덕2동,D,2
15,CWB379000210,"경남대,서중학교 ↔ 초소",지선버스,상행,18,CWB379000828,타워맨션,411205,35.2287485,128.5861293,창원시마산회원구,양덕1동,D,2
15,CWB379000210,"경남대,서중학교 ↔ 초소",지선버스,상행,19,CWB379000785,한일타운,411203,35.2314152,128.5838593,창원시마산회원구,양덕1동,D,2
15,CWB379000210,"경남대,서중학교 ↔ 초소",지선버스,상행,20,CWB379000748,양덕동,411201,35.2335861,128.581325,창원시마산회원구,양덕1동,D,2
15,CWB379000210,"경남대,서중학교 ↔ 초소",지선버스,상행,21,CWB379000731,마산역,400114,35.2351754,128.5802572,창원시마산회원구,석전동,D,2
15,CWB379000210,"경남대,서중학교 ↔ 초소",지선버스,상행,22,CWB379000690,마산시외버스터미널,630021,35.2378611,128.5823601,창원시마산회원구,합성1동,D,2
15,CWB379000210,"경남대,서중학교 ↔ 초소",지선버스,상행,23,CWB379000642,합성동,400120,35.2413067,128.5850253,창원시마산회원구,합성2동,D,2
15,CWB379000210,"경남대,서중학교 ↔ 초소",지선버스,상행,24,CWB379000601,덕재.롯데캐슬,400122,35.2441913,128.5872821,창원시마산회원구,합성2동,D,2
15,CWB379000210,"경남대,서중학교 ↔ 초소",지선버스,상행,25,CWB379000574,복음요양병원,400124,35.2455382,128.5894545,창원시마산회원구,합성2동,D,2
15,CWB379000210,"경남대,서중학교 ↔ 초소",지선버스,상행,26,CWB379000558,구암동,400126,35.2468031,128.5918093,창원시마산회원구,구암2동,D,2
15,CWB379000210,"경남대,서중학교 ↔ 초소",지선버스,상행,27,CWB379000489,KT동마산지점,400128,35.2500535,128.5978164,창원시마산회원구,구암2동,D,2
15,CWB379000210,"경남대,서중학교 ↔ 초소",지선버스,상행,28,CWB379000477,한국전력,400130,35.2508664,128.5993142,창원시마산회원구,구암2동,D,2
15,CWB379000210,"경남대,서중학교 ↔ 초소",지선버스,상행,29,CWB379000409,창원역,115304,35.2571654,128.6077952,창원시의창구,팔룡동,D,2
15,CWB379000210,"경남대,서중학교 ↔ 초소",지선버스,상행,30,CWB379000421,창원웨딩의전당,107602,35.2564154,128.6103552,창원시의창구,팔룡동,D,2
15,CWB379000210,"경남대,서중학교 ↔ 초소",지선버스,상행,31,CWB379000429,팔룡동행정복지센터,120606,35.255383,128.613313,창원시의창구,팔룡동,D,2
15,CWB379000210,"경남대,서중학교 ↔ 초소",지선버스,상행,32,CWB379000396,창원여중,120608,35.2589124,128.6165122,창원시의창구,의창동,D,2
15,CWB379000210,"경남대,서중학교 ↔ 초소",지선버스,상행,33,CWB379000346,동정동,119302,35.2633623,128.6183266,창원시의창구,의창동,D,2
15,CWB379000210,"경남대,서중학교 ↔ 초소",지선버스,상행,34,CWB379000336,흥한웰가아파트,119304,35.2644647,128.6181899,창원시의창구,의창동,D,2
15,CWB379000210,"경남대,서중학교 ↔ 초소",지선버스,상행,35,CWB379000322,동정동갓골,119306,35.2663047,128.6165887,창원시의창구,의창동,D,2
15,CWB379000210,"경남대,서중학교 ↔ 초소",지선버스,상행,36,CWB379000314,천주암,119308,35.2715596,128.614358,창원시의창구,의창동,D,2
15,CWB379000210,"경남대,서중학교 ↔ 초소",지선버스,상행,37,CWB379000297,굴현고개,119310,35.2773065,128.6160901,창원시의창구,북면,D,2
15,CWB379000210,"경남대,서중학교 ↔ 초소",지선버스,상행,38,CWB379000284,산수정,119312,35.2816274,128.6137152,창원시의창구,북면,D,2
15,CWB379000210,"경남대,서중학교 ↔ 초소",지선버스,상행,39,CWB379003072,달천산림욕장,119201,35.2834216,128.6128209,창원시의창구,북면,D,2
15,CWB379000210,"경남대,서중학교 ↔ 초소",지선버스,상행,40,CWB379000274,지개리입구,119314,35.2859929,128.6103302,창원시의창구,북면,D,2
15,CWB379000210,"경남대,서중학교 ↔ 초소",지선버스,상행,41,CWB379000260,외감입구,119318,35.2893883,128.606389,창원시의창구,북면,D,2
15,CWB379000210,"경남대,서중학교 ↔ 초소",지선버스,상행,42,CWB379000254,중재골입구,119320,35.2931516,128.6053578,창원시의창구,북면,D,2
15,CWB379000210,"경남대,서중학교 ↔ 초소",지선버스,상행,43,CWB379000237,화천리,119322,35.3000271,128.6033567,창원시의창구,북면,D,2
15,CWB379000210,"경남대,서중학교 ↔ 초소",지선버스,상행,44,CWB379000230,감계입구,119324,35.3031721,128.6010192,창원시의창구,북면,D,2
15,CWB379000210,"경남대,서중학교 ↔ 초소",지선버스,상행,45,CWB379000213,감나무골,119326,35.3075718,128.6007584,창원시의창구,북면,D,2
15,CWB379000210,"경남대,서중학교 ↔ 초소",지선버스,상행,46,CWB379000210,대천,119328,35.3096071,128.6022593,창원시의창구,북면,D,2
15,CWB379000210,"경남대,서중학교 ↔ 초소",지선버스,상행,47,CWB379000205,까치골,119330,35.3121177,128.6056242,창원시의창구,북면,D,2
15,CWB379000210,"경남대,서중학교 ↔ 초소",지선버스,상행,48,CWB379005949,동전산단,119206,35.3156805,128.6051378,창원시의창구,북면,D,2
15,CWB379000210,"경남대,서중학교 ↔ 초소",지선버스,상행,49,CWB379003141,동전,119204,35.3177037,128.6037841,창원시의창구,북면,D,2
15,CWB379000210,"경남대,서중학교 ↔ 초소",지선버스,상행,50,CWB379000179,명호마을,119334,35.3207854,128.6022759,창원시의창구,북면,D,2
15,CWB379000210,"경남대,서중학교 ↔ 초소",지선버스,상행,51,CWB379002912,행복한병원,119336,35.323593,128.6026596,창원시의창구,북면,D,2
15,CWB379000210,"경남대,서중학교 ↔ 초소",지선버스,상행,52,CWB379000171,신동이주단지,119338,35.3273994,128.6019839,창원시의창구,북면,D,2
15,CWB379000210,"경남대,서중학교 ↔ 초소",지선버스,상행,53,CWB379000164,신동,119340,35.3301257,128.6007987,창원시의창구,북면,D,2
15,CWB379000210,"경남대,서중학교 ↔ 초소",지선버스,상행,54,CWB379003408,무곡리.갈곡마을,119374,35.3337349,128.5993785,창원시의창구,북면,D,2
15,CWB379000210,"경남대,서중학교 ↔ 초소",지선버스,상행,55,CWB379000154,영신아파트,119342,35.3364351,128.6002381,창원시의창구,북면,D,2
15,CWB379000210,"경남대,서중학교 ↔ 초소",지선버스,상행,56,CWB379000144,신촌주유소,119344,35.3397704,128.6011532,창원시의창구,북면,D,2
15,CWB379000210,"경남대,서중학교 ↔ 초소",지선버스,상행,57,CWB379000129,대호아파트,119346,35.3448638,128.605945,창원시의창구,북면,D,2
15,CWB379000210,"경남대,서중학교 ↔ 초소",지선버스,상행,58,CWB379000112,북면행정복지센터,119348,35.347814,128.6077811,창원시의창구,북면,D,2
15,CWB379000210,"경남대,서중학교 ↔ 초소",지선버스,상행,59,CWB379000102,신한아파트,119350,35.349309,128.6072349,창원시의창구,북면,D,2
15,CWB379000210,"경남대,서중학교 ↔ 초소",지선버스,상행,60,CWB379000100,북면온천마을회관,119352,35.3510654,128.6082853,창원시의창구,북면,D,2
15,CWB379000210,"경남대,서중학교 ↔ 초소",지선버스,상행,61,CWB379000083,북면농협,119354,35.3533452,128.6091275,창원시의창구,북면,D,2
15,CWB379000210,"경남대,서중학교 ↔ 초소",지선버스,상행,62,CWB379000081,북면온천,119356,35.3546158,128.6102577,창원시의창구,북면,D,2
15,CWB379000210,"경남대,서중학교 ↔ 초소",지선버스,상행,63,CWB379003352,거풍힐링빌,119372,35.3561361,128.6132265,창원시의창구,북면,D,2
15,CWB379000210,"경남대,서중학교 ↔ 초소",지선버스,상행,64,CWB379003291,행복가득한집,119368,35.356849,128.6151584,창원시의창구,북면,D,2
15,CWB379000210,"경남대,서중학교 ↔ 초소",지선버스,상행,65,CWB379000067,신목,630008,35.3588669,128.6180841,창원시의창구,북면,D,2
15,CWB379000210,"경남대,서중학교 ↔ 초소",지선버스,상행,66,CWB379000048,신기,119360,35.3640577,128.6236141,창원시의창구,북면,D,2
15,CWB379000210,"경남대,서중학교 ↔ 초소",지선버스,상행,67,CWB379000028,바깥신천,119362,35.3685716,128.6260472,창원시의창구,북면,D,2
15,CWB379000210,"경남대,서중학교 ↔ 초소",지선버스,상행,68,CWB379000010,안신천,119364,35.3731356,128.6137346,창원시의창구,북면,D,2
15,CWB379000210,"경남대,서중학교 ↔ 초소",지선버스,상행,69,CWB379006169,하천리,121508,35.3704324,128.6059216,창원시의창구,북면,D,2
15,CWB379000210,"경남대,서중학교 ↔ 초소",지선버스,상행,70,CWB379000037,대촌(하천초교),121506,35.36784,128.603222,창원시의창구,북면,D,2
15,CWB379000210,"경남대,서중학교 ↔ 초소",지선버스,상행,71,CWB379000034,앞실마을,112601,35.3679642,128.6002312,창원시의창구,북면,D,2
15,CWB379000210,"경남대,서중학교 ↔ 초소",지선버스,상행,72,CWB379000015,도래,112603,35.3722417,128.5982019,창원시의창구,북면,D,2
15,CWB379000210,"경남대,서중학교 ↔ 초소",지선버스,상행,73,CWB379000014,현도,112605,35.3737905,128.5913621,창원시의창구,북면,D,2
15,CWB379000210,"경남대,서중학교 ↔ 초소",지선버스,상행,74,CWB379000009,내산,112607,35.3754496,128.590784,창원시의창구,북면,D,2
15,CWB379000210,"경남대,서중학교 ↔ 초소",지선버스,상행,75,CWB379000007,초소,112609,35.378131,128.5948613,창원시의창구,북면,D,2
15,CWB379000210,"경남대,서중학교 ↔ 초소",지선버스,하행,76,CWB379000008,초소,112608,35.3777822,128.5944913,창원시의창구,북면,D,2
15,CWB379000210,"경남대,서중학교 ↔ 초소",지선버스,하행,77,CWB379003140,내산,112501,35.3757075,128.5908744,창원시의창구,북면,D,2
15,CWB379000210,"경남대,서중학교 ↔ 초소",지선버스,하행,78,CWB379000013,현도,112606,35.3737089,128.5912312,창원시의창구,북면,D,2
15,CWB379000210,"경남대,서중학교 ↔ 초소",지선버스,하행,79,CWB379000016,도래,112604,35.3721847,128.5981019,창원시의창구,북면,D,2
15,CWB379000210,"경남대,서중학교 ↔ 초소",지선버스,하행,80,CWB379000036,앞실마을,112602,35.3678683,128.6002258,창원시의창구,북면,D,2
15,CWB379000210,"경남대,서중학교 ↔ 초소",지선버스,하행,81,CWB379000047,중촌,121503,35.36565,128.6013072,창원시의창구,북면,D,2
15,CWB379000210,"경남대,서중학교 ↔ 초소",지선버스,하행,82,CWB379000050,앞실마을입구,121501,35.3642075,128.5997733,창원시의창구,북면,D,2
15,CWB379000210,"경남대,서중학교 ↔ 초소",지선버스,하행,83,CWB379000064,봉촌,112003,35.3601998,128.5903038,창원시의창구,북면,D,2
15,CWB379000210,"경남대,서중학교 ↔ 초소",지선버스,하행,84,CWB379003121,어유골,111901,35.3584497,128.5878745,창원시의창구,북면,D,2
15,CWB379000210,"경남대,서중학교 ↔ 초소",지선버스,하행,85,CWB379000069,소라,112001,35.3588738,128.5849747,창원시의창구,북면,D,2
15,CWB379000210,"경남대,서중학교 ↔ 초소",지선버스,하행,86,CWB379003122,어유골,111902,35.3583599,128.5876874,창원시의창구,북면,D,2
15,CWB379000210,"경남대,서중학교 ↔ 초소",지선버스,하행,87,CWB379000065,봉촌,112004,35.3600405,128.5900744,창원시의창구,북면,D,2
15,CWB379000210,"경남대,서중학교 ↔ 초소",지선버스,하행,88,CWB379000052,앞실마을입구,121502,35.3641316,128.5998637,창원시의창구,북면,D,2
15,CWB379000210,"경남대,서중학교 ↔ 초소",지선버스,하행,89,CWB379000046,중촌,121504,35.3656514,128.6014522,창원시의창구,북면,D,2
15,CWB379000210,"경남대,서중학교 ↔ 초소",지선버스,하행,90,CWB379000035,대촌(하천초교),121505,35.367793,128.6034148,창원시의창구,북면,D,2
15,CWB379000210,"경남대,서중학교 ↔ 초소",지선버스,하행,91,CWB379006168,하천리,121507,35.370338,128.6060682,창원시의창구,북면,D,2
15,CWB379000210,"경남대,서중학교 ↔ 초소",지선버스,하행,92,CWB379000012,안신천,119363,35.3730351,128.6137921,창원시의창구,북면,D,2
15,CWB379000210,"경남대,서중학교 ↔ 초소",지선버스,하행,93,CWB379000025,바깥신천,119361,35.3685096,128.6259299,창원시의창구,북면,D,2
15,CWB379000210,"경남대,서중학교 ↔ 초소",지선버스,하행,94,CWB379000049,신기,119359,35.3638701,128.6232711,창원시의창구,북면,D,2
15,CWB379000210,"경남대,서중학교 ↔ 초소",지선버스,하행,95,CWB379000066,신목,119357,35.3589233,128.6179722,창원시의창구,북면,D,2
15,CWB379000210,"경남대,서중학교 ↔ 초소",지선버스,하행,96,CWB379003290,행복가득한집,119367,35.3569338,128.6151133,창원시의창구,북면,D,2
15,CWB379000210,"경남대,서중학교 ↔ 초소",지선버스,하행,97,CWB379003351,거풍힐링빌,119371,35.356205,128.6131493,창원시의창구,북면,D,2
15,CWB379000210,"경남대,서중학교 ↔ 초소",지선버스,하행,98,CWB379000082,북면온천,119355,35.3546309,128.6099733,창원시의창구,북면,D,2
15,CWB379000210,"경남대,서중학교 ↔ 초소",지선버스,하행,99,CWB379000088,북면농협,119353,35.3530135,128.6088169,창원시의창구,북면,D,2
15,CWB379000210,"경남대,서중학교 ↔ 초소",지선버스,하행,100,CWB379000101,북면온천마을회관,119351,35.3508321,128.6080414,창원시의창구,북면,D,2
15,CWB379000210,"경남대,서중학교 ↔ 초소",지선버스,하행,101,CWB379000103,신한아파트,119349,35.349138,128.6072299,창원시의창구,북면,D,2
15,CWB379000210,"경남대,서중학교 ↔ 초소",지선버스,하행,102,CWB379000113,북면행정복지센터,119347,35.3478064,128.6076596,창원시의창구,북면,D,2
15,CWB379000210,"경남대,서중학교 ↔ 초소",지선버스,하행,103,CWB379000130,대호아파트,119345,35.3447171,128.6053135,창원시의창구,북면,D,2
15,CWB379000210,"경남대,서중학교 ↔ 초소",지선버스,하행,104,CWB379000145,신촌주유소,119343,35.3397342,128.6010096,창원시의창구,북면,D,2
15,CWB379000210,"경남대,서중학교 ↔ 초소",지선버스,하행,105,CWB379000155,영신아파트,119341,35.3364263,128.6000774,창원시의창구,북면,D,2
15,CWB379000210,"경남대,서중학교 ↔ 초소",지선버스,하행,106,CWB379003407,무곡리.갈곡마을,119373,35.3333909,128.5991755,창원시의창구,북면,D,2
15,CWB379000210,"경남대,서중학교 ↔ 초소",지선버스,하행,107,CWB379005533,신동,119375,35.3300509,128.6006794,창원시의창구,북면,D,2
15,CWB379000210,"경남대,서중학교 ↔ 초소",지선버스,하행,108,CWB379000170,신동이주단지,119337,35.3275338,128.6017207,창원시의창구,북면,D,2
15,CWB379000210,"경남대,서중학교 ↔ 초소",지선버스,하행,109,CWB379002913,행복한병원,119335,35.3232712,128.6026229,창원시의창구,북면,D,2
15,CWB379000210,"경남대,서중학교 ↔ 초소",지선버스,하행,110,CWB379000178,명호마을,119333,35.3210009,128.6021103,창원시의창구,북면,D,2
15,CWB379000210,"경남대,서중학교 ↔ 초소",지선버스,하행,111,CWB379000191,동전,119331,35.3178894,128.6033727,창원시의창구,북면,D,2
15,CWB379000210,"경남대,서중학교 ↔ 초소",지선버스,하행,112,CWB379005950,동전산단,119207,35.3156275,128.6048894,창원시의창구,북면,D,2
15,CWB379000210,"경남대,서중학교 ↔ 초소",지선버스,하행,113,CWB379000202,까치골,119329,35.3119017,128.6051317,창원시의창구,북면,D,2
15,CWB379000210,"경남대,서중학교 ↔ 초소",지선버스,하행,114,CWB379000209,대천,119327,35.309648,128.6020565,창원시의창구,북면,D,2
15,CWB379000210,"경남대,서중학교 ↔ 초소",지선버스,하행,115,CWB379000214,감나무골,119325,35.3069732,128.6006924,창원시의창구,북면,D,2
15,CWB379000210,"경남대,서중학교 ↔ 초소",지선버스,하행,116,CWB379000231,감계입구,119323,35.3033396,128.6007906,창원시의창구,북면,D,2
15,CWB379000210,"경남대,서중학교 ↔ 초소",지선버스,하행,117,CWB379000238,화천리,119321,35.2997835,128.6033253,창원시의창구,북면,D,2
15,CWB379000210,"경남대,서중학교 ↔ 초소",지선버스,하행,118,CWB379000253,중재골입구,119319,35.2931892,128.6052432,창원시의창구,북면,D,2
15,CWB379000210,"경남대,서중학교 ↔ 초소",지선버스,하행,119,CWB379000262,외감입구,119317,35.2891685,128.6064916,창원시의창구,북면,D,2
15,CWB379000210,"경남대,서중학교 ↔ 초소",지선버스,하행,120,CWB379000276,지개리입구,119315,35.285865,128.6102892,창원시의창구,북면,D,2
15,CWB379000210,"경남대,서중학교 ↔ 초소",지선버스,하행,121,CWB379000280,달천산림욕장,119313,35.2837931,128.6122859,창원시의창구,북면,D,2
15,CWB379000210,"경남대,서중학교 ↔ 초소",지선버스,하행,122,CWB379000285,산수정,119311,35.2814231,128.6136455,창원시의창구,북면,D,2
15,CWB379000210,"경남대,서중학교 ↔ 초소",지선버스,하행,123,CWB379000300,굴현고개,119309,35.2767508,128.6161063,창원시의창구,의창동,D,2
15,CWB379000210,"경남대,서중학교 ↔ 초소",지선버스,하행,124,CWB379000316,천주암,119307,35.2714404,128.6142108,창원시의창구,의창동,D,2
15,CWB379000210,"경남대,서중학교 ↔ 초소",지선버스,하행,125,CWB379000323,동정동갓골,119305,35.2661846,128.6163663,창원시의창구,의창동,D,2
15,CWB379000210,"경남대,서중학교 ↔ 초소",지선버스,하행,126,CWB379000342,흥한웰가아파트,119303,35.264309,128.617951,창원시의창구,의창동,D,2
15,CWB379000210,"경남대,서중학교 ↔ 초소",지선버스,하행,127,CWB379000387,창원여중,120607,35.2594623,128.6166879,창원시의창구,팔룡동,D,2
15,CWB379000210,"경남대,서중학교 ↔ 초소",지선버스,하행,128,CWB379000428,팔룡동행정복지센터,120605,35.2554457,128.6130352,창원시의창구,팔룡동,D,2
15,CWB379000210,"경남대,서중학교 ↔ 초소",지선버스,하행,129,CWB379000417,창원웨딩의전당,107601,35.2565624,128.610464,창원시의창구,팔룡동,D,2
15,CWB379000210,"경남대,서중학교 ↔ 초소",지선버스,하행,130,CWB379000408,창원역,115301,35.2572834,128.6073585,창원시의창구,의창동,D,2
15,CWB379000210,"경남대,서중학교 ↔ 초소",지선버스,하행,131,CWB379000466,한국전력,400129,35.2512728,128.599324,창원시마산회원구,구암2동,D,2
15,CWB379000210,"경남대,서중학교 ↔ 초소",지선버스,하행,132,CWB379000475,KT동마산지점,400127,35.2505254,128.5979819,창원시마산회원구,구암2동,D,2
15,CWB379000210,"경남대,서중학교 ↔ 초소",지선버스,하행,133,CWB379000502,구암동육교,400125,35.2487525,128.5947137,창원시마산회원구,구암1동,D,2
15,CWB379000210,"경남대,서중학교 ↔ 초소",지선버스,하행,134,CWB379000547,구암동,400123,35.247284,128.5920785,창원시마산회원구,구암1동,D,2
15,CWB379000210,"경남대,서중학교 ↔ 초소",지선버스,하행,135,CWB379000589,덕재.롯데캐슬,400121,35.2448309,128.5875128,창원시마산회원구,합성1동,D,2
15,CWB379000210,"경남대,서중학교 ↔ 초소",지선버스,하행,136,CWB379000638,합성동,400119,35.241411,128.5846712,창원시마산회원구,합성1동,D,2
15,CWB379000210,"경남대,서중학교 ↔ 초소",지선버스,하행,137,CWB379000671,마산시외버스터미널,630020,35.2388003,128.5826278,창원시마산회원구,합성1동,D,2
15,CWB379000210,"경남대,서중학교 ↔ 초소",지선버스,하행,138,CWB379000712,마산역,400113,35.2363674,128.5807282,창원시마산회원구,석전동,D,2
15,CWB379000210,"경남대,서중학교 ↔ 초소",지선버스,하행,139,CWB379000757,양덕동,411202,35.233301,128.5815886,창원시마산회원구,양덕2동,D,2
15,CWB379000210,"경남대,서중학교 ↔ 초소",지선버스,하행,140,CWB379000786,한일타운,411204,35.2312114,128.5836482,창원시마산회원구,양덕2동,D,2
15,CWB379000210,"경남대,서중학교 ↔ 초소",지선버스,하행,141,CWB379000817,타워맨션,411206,35.2293988,128.5851675,창원시마산회원구,양덕2동,D,2
15,CWB379000210,"경남대,서중학교 ↔ 초소",지선버스,하행,142,CWB379000840,양덕광장교차로,411207,35.2273088,128.5869178,창원시마산회원구,양덕2동,D,2
15,CWB379000210,"경남대,서중학교 ↔ 초소",지선버스,하행,143,CWB379000900,고속버스터미널,421901,35.2222495,128.5871527,창원시마산회원구,양덕2동,D,2
15,CWB379000210,"경남대,서중학교 ↔ 초소",지선버스,하행,144,CWB379000951,신세계백화점,321923,35.2188747,128.5870619,창원시마산합포구,산호동,D,2
15,CWB379000210,"경남대,서중학교 ↔ 초소",지선버스,하행,145,CWB379001031,산호동,321921,35.2146337,128.5865546,창원시마산합포구,산호동,D,2
15,CWB379000210,"경남대,서중학교 ↔ 초소",지선버스,하행,146,CWB379001068,합포동,321919,35.2124808,128.5856289,창원시마산합포구,합포동,D,2
15,CWB379000210,"경남대,서중학교 ↔ 초소",지선버스,하행,147,CWB379001107,자유무역지역정문,321917,35.2099339,128.5833988,창원시마산합포구,합포동,D,2
15,CWB379000210,"경남대,서중학교 ↔ 초소",지선버스,하행,148,CWB379001139,오동교,321915,35.2079377,128.5812524,창원시마산합포구,오동동,D,2
15,CWB379000210,"경남대,서중학교 ↔ 초소",지선버스,하행,149,CWB379001173,오동동아구찜거리,321911,35.2058483,128.5789415,창원시마산합포구,오동동,D,2
15,CWB379000210,"경남대,서중학교 ↔ 초소",지선버스,하행,150,CWB379001219,어시장,321907,35.2034399,128.5753465,창원시마산합포구,오동동,D,2
15,CWB379000210,"경남대,서중학교 ↔ 초소",지선버스,하행,151,CWB379001224,KT마산점,300119,35.202993,128.5708221,창원시마산합포구,오동동,D,2
15,CWB379000210,"경남대,서중학교 ↔ 초소",지선버스,하행,152,CWB379001246,경남데파트,300117,35.2011938,128.5673133,창원시마산합포구,완월동,D,2
15,CWB379000210,"경남대,서중학교 ↔ 초소",지선버스,하행,153,CWB379001284,마산합포구청.의료원,300115,35.1978546,128.5670795,창원시마산합포구,완월동,D,2
15,CWB379000210,"경남대,서중학교 ↔ 초소",지선버스,하행,154,CWB379001313,경동메르빌APT,300113,35.1947444,128.5665542,창원시마산합포구,반월중앙동,D,2
15,CWB379000210,"경남대,서중학교 ↔ 초소",지선버스,하행,155,CWB379001328,중부경찰서,300111,35.1929213,128.5650943,창원시마산합포구,반월중앙동,D,2
15,CWB379000210,"경남대,서중학교 ↔ 초소",지선버스,하행,156,CWB379001347,반월민원센터,300112,35.1903211,128.5627258,창원시마산합포구,반월중앙동,D,2
15,CWB379000210,"경남대,서중학교 ↔ 초소",지선버스,하행,157,CWB379001376,연세병원,300107,35.1871762,128.5615655,창원시마산합포구,문화동,D,2
15,CWB379000210,"경남대,서중학교 ↔ 초소",지선버스,하행,158,CWB379001392,문화동,300105,35.1845804,128.5602312,창원시마산합포구,문화동,D,2
15,CWB379000210,"경남대,서중학교 ↔ 초소",지선버스,하행,159,CWB379001396,대내주공아파트,300103,35.1812538,128.55854,창원시마산합포구,문화동,D,2
15,CWB379000210,"경남대,서중학교 ↔ 초소",지선버스,하행,160,CWB379001418,"경남대,서중학교",300635,35.1793434,128.5582462,창원시마산합포구,월영동,D,2
44,CWB379000770,마산역종점 ↔ 시락정곡종점,지선버스,상행,1,CWB379000725,마산역종점,405201,35.2354707,128.5777944,창원시마산회원구,석전동,D,3
44,CWB379000770,마산역종점 ↔ 시락정곡종점,지선버스,상행,2,CWB379000752,마산역.동마산병원,400112,35.2335387,128.5785156,창원시마산회원구,석전동,D,3
44,CWB379000770,마산역종점 ↔ 시락정곡종점,지선버스,상행,3,CWB379000807,마산우체국,400110,35.2306161,128.5762928,창원시마산회원구,석전동,D,3
44,CWB379000770,마산역종점 ↔ 시락정곡종점,지선버스,상행,4,CWB379005951,석전동,400141,35.2270818,128.5735214,창원시마산회원구,석전동,D,3
44,CWB379000770,마산역종점 ↔ 시락정곡종점,지선버스,상행,5,CWB379000914,무학여고,400105,35.2216803,128.5734731,창원시마산회원구,회원1동,D,3
44,CWB379000770,마산역종점 ↔ 시락정곡종점,지선버스,상행,6,CWB379000971,회원1동,400103,35.2189105,128.5745036,창원시마산회원구,회원1동,D,3
44,CWB379000770,마산역종점 ↔ 시락정곡종점,지선버스,상행,7,CWB379001022,버스회관,400101,35.215959,128.5756138,창원시마산회원구,회원1동,D,3
44,CWB379000770,마산역종점 ↔ 시락정곡종점,지선버스,상행,8,CWB379001048,육호광장,300125,35.2135274,128.5760412,창원시마산합포구,교방동,D,3
44,CWB379000770,마산역종점 ↔ 시락정곡종점,지선버스,상행,9,CWB379001121,삼성생명,307401,35.2088739,128.5761165,창원시마산합포구,오동동,D,3
44,CWB379000770,마산역종점 ↔ 시락정곡종점,지선버스,상행,10,CWB379001166,오동동문화광장,307403,35.2064552,128.5765016,창원시마산합포구,오동동,D,3
44,CWB379000770,마산역종점 ↔ 시락정곡종점,지선버스,상행,11,CWB379001217,어시장,321908,35.2036171,128.5755969,창원시마산합포구,오동동,D,3
44,CWB379000770,마산역종점 ↔ 시락정곡종점,지선버스,상행,12,CWB379001224,KT마산점,300119,35.202993,128.5708221,창원시마산합포구,오동동,D,3
44,CWB379000770,마산역종점 ↔ 시락정곡종점,지선버스,상행,13,CWB379001246,경남데파트,300117,35.2011938,128.5673133,창원시마산합포구,완월동,D,3
44,CWB379000770,마산역종점 ↔ 시락정곡종점,지선버스,상행,14,CWB379001284,마산합포구청.의료원,300115,35.1978546,128.5670795,창원시마산합포구,완월동,D,3
44,CWB379000770,마산역종점 ↔ 시락정곡종점,지선버스,상행,15,CWB379001313,경동메르빌APT,300113,35.1947444,128.5665542,창원시마산합포구,반월중앙동,D,3
44,CWB379000770,마산역종점 ↔ 시락정곡종점,지선버스,상행,16,CWB379001328,중부경찰서,300111,35.1929213,128.5650943,창원시마산합포구,반월중앙동,D,3
44,CWB379000770,마산역종점 ↔ 시락정곡종점,지선버스,상행,17,CWB379001347,반월민원센터,300112,35.1903211,128.5627258,창원시마산합포구,반월중앙동,D,3
44,CWB379000770,마산역종점 ↔ 시락정곡종점,지선버스,상행,18,CWB379001376,연세병원,300107,35.1871762,128.5615655,창원시마산합포구,문화동,D,3
44,CWB379000770,마산역종점 ↔ 시락정곡종점,지선버스,상행,19,CWB379001392,문화동,300105,35.1845804,128.5602312,창원시마산합포구,문화동,D,3
44,CWB379000770,마산역종점 ↔ 시락정곡종점,지선버스,상행,20,CWB379001401,경남대학교,300101,35.1804654,128.5578252,창원시마산합포구,월영동,D,3
44,CWB379000770,마산역종점 ↔ 시락정곡종점,지선버스,상행,21,CWB379001426,월영동,306621,35.1778664,128.5562772,창원시마산합포구,월영동,D,3
44,CWB379000770,마산역종점 ↔ 시락정곡종점,지선버스,상행,22,CWB379001440,화인아파트,306619,35.1745075,128.5558244,창원시마산합포구,월영동,D,3
44,CWB379000770,마산역종점 ↔ 시락정곡종점,지선버스,상행,23,CWB379001460,밤밭고개,306617,35.1681557,128.5550961,창원시마산합포구,현동,D,3
44,CWB379000770,마산역종점 ↔ 시락정곡종점,지선버스,상행,24,CWB379001513,우산마을,306613,35.1574361,128.5529312,창원시마산합포구,현동,D,3
44,CWB379000770,마산역종점 ↔ 시락정곡종점,지선버스,상행,25,CWB379003010,현동입구,630244,35.1537614,128.5490456,창원시마산합포구,현동,D,3
44,CWB379000770,마산역종점 ↔ 시락정곡종점,지선버스,상행,26,CWB379001561,옥동마을,306611,35.1517906,128.5477891,창원시마산합포구,현동,D,3
44,CWB379000770,마산역종점 ↔ 시락정곡종점,지선버스,상행,27,CWB379001554,묵지마을,306607,35.1540148,128.5277519,창원시마산합포구,진동면,D,3
44,CWB379000770,마산역종점 ↔ 시락정곡종점,지선버스,상행,28,CWB379001562,동전마을,306605,35.1523739,128.5169495,창원시마산합포구,진동면,D,3
44,CWB379000770,마산역종점 ↔ 시락정곡종점,지선버스,상행,29,CWB379003217,태봉마을,306623,35.1464009,128.5105696,창원시마산합포구,진동면,D,3
44,CWB379000770,마산역종점 ↔ 시락정곡종점,지선버스,상행,30,CWB379001614,오산마을,306601,35.1427063,128.5073517,창원시마산합포구,진동면,D,3
44,CWB379000770,마산역종점 ↔ 시락정곡종점,지선버스,상행,31,CWB379001718,야촌,308123,35.1193764,128.4935771,창원시마산합포구,진동면,D,3
44,CWB379000770,마산역종점 ↔ 시락정곡종점,지선버스,상행,32,CWB379001739,삼진고등학교,308121,35.1166836,128.4889768,창원시마산합포구,진동면,D,3
44,CWB379000770,마산역종점 ↔ 시락정곡종점,지선버스,상행,33,CWB379002356,진동환승센터,308127,35.1151329,128.485039,창원시마산합포구,진동면,D,3
44,CWB379000770,마산역종점 ↔ 시락정곡종점,지선버스,상행,34,CWB379001762,창의탑,308120,35.1145695,128.4789616,창원시마산합포구,진동면,D,3
44,CWB379000770,마산역종점 ↔ 시락정곡종점,지선버스,상행,35,CWB379001752,동촌,308115,35.1154176,128.473522,창원시마산합포구,진북면,D,3
44,CWB379000770,마산역종점 ↔ 시락정곡종점,지선버스,상행,36,CWB379001759,진북면행정복지센터,308113,35.1148707,128.4690057,창원시마산합포구,진북면,D,3
44,CWB379000770,마산역종점 ↔ 시락정곡종점,지선버스,상행,37,CWB379001775,해병전첩비,308111,35.1130056,128.4631827,창원시마산합포구,진북면,D,3
44,CWB379000770,마산역종점 ↔ 시락정곡종점,지선버스,상행,38,CWB379001785,옥곡마을,308107,35.1106256,128.4587781,창원시마산합포구,진북면,D,3
44,CWB379000770,마산역종점 ↔ 시락정곡종점,지선버스,상행,39,CWB379001798,신기,308105,35.107922,128.4477264,창원시마산합포구,진전면,D,3
44,CWB379000770,마산역종점 ↔ 시락정곡종점,지선버스,상행,40,CWB379001809,진목마을,308103,35.1065362,128.4403592,창원시마산합포구,진전면,D,3
44,CWB379000770,마산역종점 ↔ 시락정곡종점,지선버스,상행,41,CWB379001811,천주교마산교구청,308101,35.1060626,128.435441,창원시마산합포구,진전면,D,3
44,CWB379000770,마산역종점 ↔ 시락정곡종점,지선버스,상행,42,CWB379002898,임곡마을,315501,35.110949,128.4340025,창원시마산합포구,진전면,D,3
44,CWB379000770,마산역종점 ↔ 시락정곡종점,지선버스,상행,43,CWB379002900,임곡마을,315502,35.110877,128.4338808,창원시마산합포구,진전면,D,3
44,CWB379000770,마산역종점 ↔ 시락정곡종점,지선버스,상행,44,CWB379003269,임곡삼거리,308129,35.1063303,128.4308111,창원시마산합포구,진전면,D,3
44,CWB379000770,마산역종점 ↔ 시락정곡종점,지선버스,상행,45,CWB379001800,도산마을,320715,35.1076017,128.4271774,창원시마산합포구,진전면,D,3
44,CWB379000770,마산역종점 ↔ 시락정곡종점,지선버스,상행,46,CWB379001791,봉곡마을,320713,35.1096114,128.4176696,창원시마산합포구,진전면,D,3
44,CWB379000770,마산역종점 ↔ 시락정곡종점,지선버스,상행,47,CWB379001790,진전초등학교,320711,35.1093036,128.4150057,창원시마산합포구,진전면,D,3
44,CWB379000770,마산역종점 ↔ 시락정곡종점,지선버스,상행,48,CWB379001818,진전어린이집,311903,35.1042101,128.4171195,창원시마산합포구,진전면,D,3
44,CWB379000770,마산역종점 ↔ 시락정곡종점,지선버스,상행,49,CWB379001828,진전면행정복지센터,311901,35.1025023,128.4184674,창원시마산합포구,진전면,D,3
44,CWB379000770,마산역종점 ↔ 시락정곡종점,지선버스,상행,50,CWB379001830,오서시장,303803,35.1020418,128.4161441,창원시마산합포구,진전면,D,3
44,CWB379000770,마산역종점 ↔ 시락정곡종점,지선버스,상행,51,CWB379001832,진전중학교,303801,35.1019772,128.4100194,창원시마산합포구,진전면,D,3
44,CWB379000770,마산역종점 ↔ 시락정곡종점,지선버스,상행,52,CWB379001849,회동,320003,35.0979142,128.4054212,창원시마산합포구,진전면,D,3
44,CWB379000770,마산역종점 ↔ 시락정곡종점,지선버스,상행,53,CWB379001870,탑동종점,320002,35.0946452,128.3989629,창원시마산합포구,진전면,D,3
44,CWB379000770,마산역종점 ↔ 시락정곡종점,지선버스,상행,54,CWB379001850,회동,320004,35.0977777,128.4054268,창원시마산합포구,진전면,D,3
44,CWB379000770,마산역종점 ↔ 시락정곡종점,지선버스,상행,55,CWB379006157,오서교차로,303811,35.1000764,128.4162033,창원시마산합포구,진전면,D,3
44,CWB379000770,마산역종점 ↔ 시락정곡종점,지선버스,상행,56,CWB379001848,호산마을,630073,35.0980557,128.4311907,창원시마산합포구,진전면,D,3
44,CWB379000770,마산역종점 ↔ 시락정곡종점,지선버스,상행,57,CWB379001853,정달마을,630075,35.0974681,128.4388518,창원시마산합포구,진전면,D,3
44,CWB379000770,마산역종점 ↔ 시락정곡종점,지선버스,상행,58,CWB379001860,이명마을입구,323126,35.0958585,128.4461655,창원시마산합포구,진전면,D,3
44,CWB379000770,마산역종점 ↔ 시락정곡종점,지선버스,상행,59,CWB379001866,이명마을,323124,35.0946965,128.4502549,창원시마산합포구,진전면,D,3
44,CWB379000770,마산역종점 ↔ 시락정곡종점,지선버스,상행,60,CWB379005801,목화전,323131,35.0920667,128.4540409,창원시마산합포구,진전면,D,3
44,CWB379000770,마산역종점 ↔ 시락정곡종점,지선버스,상행,61,CWB379001879,창포마을,323121,35.0897119,128.4603637,창원시마산합포구,진전면,D,3
44,CWB379000770,마산역종점 ↔ 시락정곡종점,지선버스,상행,62,CWB379001886,창포,323120,35.0870437,128.4638131,,,D,3
44,CWB379000770,마산역종점 ↔ 시락정곡종점,지선버스,상행,63,CWB379001898,동진대교,323117,35.0771728,128.4639756,창원시마산합포구,진전면,D,3
44,CWB379000770,마산역종점 ↔ 시락정곡종점,지선버스,상행,64,CWB379001912,동진대교,323115,35.0729334,128.4622828,창원시마산합포구,진전면,D,3
44,CWB379000770,마산역종점 ↔ 시락정곡종점,지선버스,상행,65,CWB379005800,아랫소포,323129,35.07326,128.4579333,창원시마산합포구,진전면,D,3
44,CWB379000770,마산역종점 ↔ 시락정곡종점,지선버스,상행,66,CWB379001906,소포,323113,35.0744063,128.4519604,창원시마산합포구,진전면,D,3
44,CWB379000770,마산역종점 ↔ 시락정곡종점,지선버스,상행,67,CWB379001925,해변횟집,323111,35.0721269,128.4464403,창원시마산합포구,진전면,D,3
44,CWB379000770,마산역종점 ↔ 시락정곡종점,지선버스,상행,68,CWB379001923,시락마을,323109,35.0722737,128.441177,창원시마산합포구,진전면,D,3
44,CWB379000770,마산역종점 ↔ 시락정곡종점,지선버스,상행,69,CWB379001921,시락,323107,35.0722504,128.4390807,창원시마산합포구,진전면,D,3
44,CWB379000770,마산역종점 ↔ 시락정곡종점,지선버스,상행,70,CWB379002859,막개,323105,35.0671937,128.4359012,창원시마산합포구,진전면,D,3
44,CWB379000770,마산역종점 ↔ 시락정곡종점,지선버스,상행,71,CWB379005797,풍전가든,323127,35.0614947,128.4338667,,,D,3
44,CWB379000770,마산역종점 ↔ 시락정곡종점,지선버스,상행,72,CWB379001941,정곡,323101,35.0608183,128.4319564,창원시마산합포구,진전면,D,3
44,CWB379000770,마산역종점 ↔ 시락정곡종점,지선버스,상행,73,CWB379001944,시락정곡종점,323104,35.0600328,128.4251095,창원시마산합포구,진전면,D,3
44,CWB379000770,마산역종점 ↔ 시락정곡종점,지선버스,하행,74,CWB379001943,시락정곡종점,323103,35.0600109,128.4249817,창원시마산합포구,진전면,D,3
44,CWB379000770,마산역종점 ↔ 시락정곡종점,지선버스,하행,75,CWB379001942,정곡,323102,35.0607052,128.4319221,창원시마산합포구,진전면,D,3
44,CWB379000770,마산역종점 ↔ 시락정곡종점,지선버스,하행,76,CWB379005798,풍전가든,323128,35.0613426,128.4339627,,,D,3
44,CWB379000770,마산역종점 ↔ 시락정곡종점,지선버스,하행,77,CWB379002858,막개,323106,35.0671119,128.4359574,창원시마산합포구,진전면,D,3
44,CWB379000770,마산역종점 ↔ 시락정곡종점,지선버스,하행,78,CWB379001922,시락,323108,35.0721637,128.4391812,창원시마산합포구,진전면,D,3
44,CWB379000770,마산역종점 ↔ 시락정곡종점,지선버스,하행,79,CWB379001924,시락마을,323110,35.0721362,128.441253,창원시마산합포구,진전면,D,3
44,CWB379000770,마산역종점 ↔ 시락정곡종점,지선버스,하행,80,CWB379001926,해변횟집,323112,35.072008,128.4462945,창원시마산합포구,진전면,D,3
44,CWB379000770,마산역종점 ↔ 시락정곡종점,지선버스,하행,81,CWB379001907,소포,323114,35.0742717,128.4518856,창원시마산합포구,진전면,D,3
44,CWB379000770,마산역종점 ↔ 시락정곡종점,지선버스,하행,82,CWB379005799,아랫소포,323130,35.0732525,128.4576262,창원시마산합포구,진전면,D,3
44,CWB379000770,마산역종점 ↔ 시락정곡종점,지선버스,하행,83,CWB379001913,동진대교,323116,35.0729721,128.4624858,창원시마산합포구,진전면,D,3
44,CWB379000770,마산역종점 ↔ 시락정곡종점,지선버스,하행,84,CWB379001897,동진대교,323118,35.0770772,128.4640974,창원시마산합포구,진전면,D,3
44,CWB379000770,마산역종점 ↔ 시락정곡종점,지선버스,하행,85,CWB379001885,창포,323119,35.0871957,128.4637094,,,D,3
44,CWB379000770,마산역종점 ↔ 시락정곡종점,지선버스,하행,86,CWB379001878,창포마을,323122,35.0900404,128.46036,,,D,3
44,CWB379000770,마산역종점 ↔ 시락정곡종점,지선버스,하행,87,CWB379005802,목화전,323132,35.0921031,128.4542005,창원시마산합포구,진전면,D,3
44,CWB379000770,마산역종점 ↔ 시락정곡종점,지선버스,하행,88,CWB379001865,이명마을,323123,35.0948054,128.45017,창원시마산합포구,진전면,D,3
44,CWB379000770,마산역종점 ↔ 시락정곡종점,지선버스,하행,89,CWB379001859,이명마을입구,323125,35.0959397,128.4463562,창원시마산합포구,진전면,D,3
44,CWB379000770,마산역종점 ↔ 시락정곡종점,지선버스,하행,90,CWB379001852,정달마을,630074,35.097549,128.4388915,창원시마산합포구,진전면,D,3
44,CWB379000770,마산역종점 ↔ 시락정곡종점,지선버스,하행,91,CWB379001847,호산마을,630072,35.098333,128.4313674,창원시마산합포구,진전면,D,3
44,CWB379000770,마산역종점 ↔ 시락정곡종점,지선버스,하행,92,CWB379001849,회동,320003,35.0979142,128.4054212,창원시마산합포구,진전면,D,3
44,CWB379000770,마산역종점 ↔ 시락정곡종점,지선버스,하행,93,CWB379001870,탑동종점,320002,35.0946452,128.3989629,창원시마산합포구,진전면,D,3
44,CWB379000770,마산역종점 ↔ 시락정곡종점,지선버스,하행,94,CWB379001850,회동,320004,35.0977777,128.4054268,창원시마산합포구,진전면,D,3
44,CWB379000770,마산역종점 ↔ 시락정곡종점,지선버스,하행,95,CWB379001833,진전중학교,303802,35.1018677,128.410219,창원시마산합포구,진전면,D,3
44,CWB379000770,마산역종점 ↔ 시락정곡종점,지선버스,하행,96,CWB379001831,오서시장,303804,35.1019299,128.4165166,창원시마산합포구,진전면,D,3
44,CWB379000770,마산역종점 ↔ 시락정곡종점,지선버스,하행,97,CWB379001827,진전면행정복지센터,311902,35.1026312,128.4185451,창원시마산합포구,진전면,D,3
44,CWB379000770,마산역종점 ↔ 시락정곡종점,지선버스,하행,98,CWB379001815,진전어린이집,311904,35.1046895,128.4168993,창원시마산합포구,진전면,D,3
44,CWB379000770,마산역종점 ↔ 시락정곡종점,지선버스,하행,99,CWB379001792,진전초등학교,320712,35.1095663,128.4154358,창원시마산합포구,진전면,D,3
44,CWB379000770,마산역종점 ↔ 시락정곡종점,지선버스,하행,100,CWB379001793,봉곡마을,320714,35.1094881,128.4176679,창원시마산합포구,진전면,D,3
44,CWB379000770,마산역종점 ↔ 시락정곡종점,지선버스,하행,101,CWB379001799,도산마을,320716,35.1078008,128.426484,창원시마산합포구,진전면,D,3
44,CWB379000770,마산역종점 ↔ 시락정곡종점,지선버스,하행,102,CWB379002898,임곡마을,315501,35.110949,128.4340025,창원시마산합포구,진전면,D,3
44,CWB379000770,마산역종점 ↔ 시락정곡종점,지선버스,하행,103,CWB379002900,임곡마을,315502,35.110877,128.4338808,창원시마산합포구,진전면,D,3
44,CWB379000770,마산역종점 ↔ 시락정곡종점,지선버스,하행,104,CWB379001812,천주교마산교구청,308102,35.1059261,128.4348966,창원시마산합포구,진전면,D,3
44,CWB379000770,마산역종점 ↔ 시락정곡종점,지선버스,하행,105,CWB379001808,진목마을,308104,35.1064413,128.4405718,창원시마산합포구,진전면,D,3
44,CWB379000770,마산역종점 ↔ 시락정곡종점,지선버스,하행,106,CWB379001803,암하,308106,35.1071809,128.4487708,창원시마산합포구,진전면,D,3
44,CWB379000770,마산역종점 ↔ 시락정곡종점,지선버스,하행,107,CWB379001804,암하,308108,35.1070664,128.4507522,창원시마산합포구,진전면,D,3
44,CWB379000770,마산역종점 ↔ 시락정곡종점,지선버스,하행,108,CWB379001797,옹기골,308110,35.108948,128.4537527,창원시마산합포구,진전면,D,3
44,CWB379000770,마산역종점 ↔ 시락정곡종점,지선버스,하행,109,CWB379001784,율티마을,308112,35.1110217,128.4601151,창원시마산합포구,진북면,D,3
44,CWB379000770,마산역종점 ↔ 시락정곡종점,지선버스,하행,110,CWB379001776,해병전첩비,308114,35.1129596,128.4635369,창원시마산합포구,진북면,D,3
44,CWB379000770,마산역종점 ↔ 시락정곡종점,지선버스,하행,111,CWB379001761,진북면행정복지센터,308116,35.114771,128.4692769,창원시마산합포구,진북면,D,3
44,CWB379000770,마산역종점 ↔ 시락정곡종점,지선버스,하행,112,CWB379001756,동촌,308118,35.115215,128.4738996,창원시마산합포구,진북면,D,3
44,CWB379000770,마산역종점 ↔ 시락정곡종점,지선버스,하행,113,CWB379001764,창의탑,308117,35.1144833,128.4787075,창원시마산합포구,진동면,D,3
44,CWB379000770,마산역종점 ↔ 시락정곡종점,지선버스,하행,114,CWB379001758,진동,308122,35.1156779,128.4875238,창원시마산합포구,진동면,D,3
44,CWB379000770,마산역종점 ↔ 시락정곡종점,지선버스,하행,115,CWB379001751,진동초등학교,308125,35.1177973,128.4913615,창원시마산합포구,진동면,D,3
44,CWB379000770,마산역종점 ↔ 시락정곡종점,지선버스,하행,116,CWB379001712,야촌,308124,35.1202692,128.4946137,창원시마산합포구,진동면,D,3
44,CWB379000770,마산역종점 ↔ 시락정곡종점,지선버스,하행,117,CWB379001680,한백자동차학원,308126,35.1287533,128.5001124,창원시마산합포구,진동면,D,3
44,CWB379000770,마산역종점 ↔ 시락정곡종점,지선버스,하행,118,CWB379001617,입곡마을입구,306602,35.1416251,128.5076239,창원시마산합포구,진동면,D,3
44,CWB379000770,마산역종점 ↔ 시락정곡종점,지선버스,하행,119,CWB379001602,태봉병원,306604,35.1458596,128.5111238,창원시마산합포구,진동면,D,3
44,CWB379000770,마산역종점 ↔ 시락정곡종점,지선버스,하행,120,CWB379001560,동전마을,306606,35.1525913,128.5172446,창원시마산합포구,진동면,D,3
44,CWB379000770,마산역종점 ↔ 시락정곡종점,지선버스,하행,121,CWB379001555,묵지마을,306608,35.1535413,128.5245591,창원시마산합포구,진동면,D,3
44,CWB379000770,마산역종점 ↔ 시락정곡종점,지선버스,하행,122,CWB379001577,옥동마을,306610,35.1537621,128.5493463,창원시마산합포구,현동,D,3
44,CWB379000770,마산역종점 ↔ 시락정곡종점,지선버스,하행,123,CWB379001508,우산마을,306612,35.1583227,128.5538513,창원시마산합포구,현동,D,3
44,CWB379000770,마산역종점 ↔ 시락정곡종점,지선버스,하행,124,CWB379001464,밤밭고개,306616,35.1681272,128.5553239,창원시마산합포구,현동,D,3
44,CWB379000770,마산역종점 ↔ 시락정곡종점,지선버스,하행,125,CWB379001436,화인아파트,306618,35.1751874,128.5561658,창원시마산합포구,월영동,D,3
44,CWB379000770,마산역종점 ↔ 시락정곡종점,지선버스,하행,126,CWB379001428,월영동,306620,35.1775258,128.5564846,창원시마산합포구,월영동,D,3
44,CWB379000770,마산역종점 ↔ 시락정곡종점,지선버스,하행,127,CWB379001397,경남대학교,300104,35.1824239,128.5593582,창원시마산합포구,문화동,D,3
44,CWB379000770,마산역종점 ↔ 시락정곡종점,지선버스,하행,128,CWB379001394,문화동,300106,35.1842462,128.5602673,창원시마산합포구,문화동,D,3
44,CWB379000770,마산역종점 ↔ 시락정곡종점,지선버스,하행,129,CWB379001371,제일여고입구,300110,35.1876024,128.5620272,창원시마산합포구,문화동,D,3
44,CWB379000770,마산역종점 ↔ 시락정곡종점,지선버스,하행,130,CWB379001344,반월민원센터,300109,35.1904196,128.5630911,창원시마산합포구,반월중앙동,D,3
44,CWB379000770,마산역종점 ↔ 시락정곡종점,지선버스,하행,131,CWB379001331,중부경찰서,300114,35.192561,128.5650385,창원시마산합포구,반월중앙동,D,3
44,CWB379000770,마산역종점 ↔ 시락정곡종점,지선버스,하행,132,CWB379001312,경동메르빌APT,300116,35.1947319,128.5667974,창원시마산합포구,반월중앙동,D,3
44,CWB379000770,마산역종점 ↔ 시락정곡종점,지선버스,하행,133,CWB379001280,마산합포구청.의료원,300118,35.1983948,128.5673296,창원시마산합포구,반월중앙동,D,3
44,CWB379000770,마산역종점 ↔ 시락정곡종점,지선버스,하행,134,CWB379001245,경남데파트,300124,35.2014125,128.5675512,창원시마산합포구,오동동,D,3
44,CWB379000770,마산역종점 ↔ 시락정곡종점,지선버스,하행,135,CWB379001228,KT마산점,300126,35.2028382,128.5703212,창원시마산합포구,오동동,D,3
44,CWB379000770,마산역종점 ↔ 시락정곡종점,지선버스,하행,136,CWB379001221,어시장,321906,35.203349,128.5755502,창원시마산합포구,오동동,D,3
44,CWB379000770,마산역종점 ↔ 시락정곡종점,지선버스,하행,137,CWB379001175,오동동문화광장,307404,35.2061769,128.5766894,창원시마산합포구,오동동,D,3
44,CWB379000770,마산역종점 ↔ 시락정곡종점,지선버스,하행,138,CWB379001134,삼성생명,307402,35.2085043,128.5763874,창원시마산합포구,오동동,D,3
44,CWB379000770,마산역종점 ↔ 시락정곡종점,지선버스,하행,139,CWB379001066,육호광장,300134,35.2126084,128.5761462,창원시마산합포구,합포동,D,3
44,CWB379000770,마산역종점 ↔ 시락정곡종점,지선버스,하행,140,CWB379001016,버스회관,400102,35.2164702,128.5757787,창원시마산회원구,회원1동,D,3
44,CWB379000770,마산역종점 ↔ 시락정곡종점,지선버스,하행,141,CWB379000962,회원1동,400104,35.2192542,128.5747426,창원시마산회원구,회원1동,D,3
44,CWB379000770,마산역종점 ↔ 시락정곡종점,지선버스,하행,142,CWB379000904,무학여고,400106,35.2224369,128.5735855,창원시마산회원구,회원1동,D,3
44,CWB379000770,마산역종점 ↔ 시락정곡종점,지선버스,하행,143,CWB379000848,석전동,400108,35.2273123,128.5741788,창원시마산회원구,석전동,D,3
44,CWB379000770,마산역종점 ↔ 시락정곡종점,지선버스,하행,144,CWB379000809,경남은행본점,400109,35.2306178,128.5767179,창원시마산회원구,석전동,D,3
44,CWB379000770,마산역종점 ↔ 시락정곡종점,지선버스,하행,145,CWB379003502,마산역종점,405202,35.235458,128.5784258,창원시마산회원구,석전동,D,3
