위도,경도,정류장ID,정류장명,정류장번호
35.11628538,128.70108832,CWB379002479,행암동,522312
35.1162647,128.70095627,CWB379002480,행암동종점,522311
35.11379951,128.7000576,CWB379002481,예비군관리대,522310
35.11367179,128.7000264,CWB379002482,예비군관리대,522309
35.10936391,128.7035749,CWB379002484,합계마을,522308
35.10931121,128.7034563,CWB379002485,합계마을,522307
35.10655109,128.7062654,CWB379002487,수치,522306
35.10648881,128.7061439,CWB379002488,수치,522305
35.10790724,128.7083095,CWB379002489,케이조선서문,522303
35.10794479,128.7080033,CWB379002490,케이조선서문,522304
35.11193143,128.7161012,CWB379002491,케이조선북문,522301
35.11178431,128.71591068,CWB379002492,케이조선북문,522302
35.11049049,128.7194519,CWB379002494,케이조선정문,505501
35.11061413,128.7193497,CWB379002495,케이조선정문,505502
35.1047582,128.7165057,CWB379002496,죽곡마을,505503
35.10476383,128.7163406,CWB379002497,죽곡마을,505504
35.10106732,128.717686,CWB379002498,오리엔탈정공,505505
35.10100999,128.7174835,CWB379002499,오리엔탈정공,505506
35.09834466,128.717598,CWB379002500,명동입구,505508
35.09816343,128.7179628,CWB379002501,명동입구,505507
35.09753564,128.7194013,CWB379002502,명동,505510
35.09764759,128.7194123,CWB379002503,명동,505509
35.09773441,128.722281,CWB379002504,해양공원입구,505511
35.09754401,128.7226379,CWB379002505,해양공원입구,505512
35.09541171,128.7281015,CWB379002506,삼포입구,505514
35.09535236,128.7279176,CWB379002507,삼포,505513
35.09678553,128.7311388,CWB379002508,삼포노래비,505516
35.09695905,128.7314105,CWB379002509,삼포노래비,505515
35.10037473,128.742951,CWB379002511,괴정.제덕,505604
35.100225,128.7429096,CWB379002512,괴정.제덕,505603
35.1018777,128.7443564,CWB379002514,제덕만택지,505602
35.10206627,128.7442879,CWB379002515,제덕만택지,505601
35.10732933,128.75077168,CWB379002518,남문동,513902
35.11019277,128.751843,CWB379002520,웅천시장입구,513904
35.11017751,128.75168532,CWB379002522,웅천시장입구,513903
35.11214381,128.7516502,CWB379002523,웅천우체국,513905
35.11367408,128.7502066,CWB379002525,웅천성내,514006
35.11367648,128.7490438,CWB379002527,웅천성내,514007
35.1133895,128.7479654,CWB379002528,웅천치안센터,514005
35.11312999,128.7411081,CWB379002530,서중소류지,514003
35.11298937,128.7406822,CWB379002531,서중소류지,514004
35.11118368,128.7319895,CWB379002532,천자봉공원묘원,514002
35.11127143,128.7316112,CWB379002533,천자봉공원묘원,514001
35.11203446,128.7252453,CWB379002535,죽곡입구,518152
35.11344385,128.7235705,CWB379002537,케이조선입구,518149
35.11277634,128.7247747,CWB379002538,케이조선입구,518150
35.12016186,128.7168005,CWB379002540,만남의광장,518147
35.12058143,128.7152112,CWB379002541,만남의광장,518148
35.12530084,128.7120529,CWB379002543,상리마을,518145
35.12556635,128.71176812,CWB379002544,상리마을,518146
35.13004293,128.7095976,CWB379002545,진해구청,518143
35.12971998,128.70944714,CWB379002546,노인주간보호센터,519847
35.13063091,128.7090786,CWB379002547,진해구청.장전주유소,518144
35.15469082,128.6731244,CWB379002551,중앙초교후문,504004
35.15482069,128.67302745,CWB379002552,중앙초교후문,504003
35.15591576,128.6740713,CWB379002553,원창시인의마을,520202
35.15604514,128.6740757,CWB379002554,원창시인의마을,520201
35.15961514,128.6799932,CWB379002555,경화포스코,516402
35.15954465,128.6797601,CWB379002556,경화포스코,516401
35.16091587,128.6810826,CWB379002557,경화대동다숲,516404
35.16099864,128.6809769,CWB379002558,경화대동다숲,516403
35.16116158,128.6833698,CWB379002559,삼정코아,516406
35.16128549,128.6830941,CWB379002560,삼정코아,516405
35.16096615,128.6849148,CWB379002562,경화두산위브아파트,516303
35.1610408,128.6850883,CWB379002563,경화두산위브아파트,516304
35.15925071,128.6841943,CWB379002564,경화가압장,516302
35.15940443,128.6840822,CWB379002565,경화가압장,516301
35.15906291,128.6976974,CWB379002567,안민터널,522205
35.15644815,128.6978881,CWB379002569,우림필유,522204
35.1562804,128.6976636,CWB379002570,우림필유,522203
35.15351647,128.6955297,CWB379002571,남흥아파트,522202
35.15355071,128.6951363,CWB379002572,남흥아파트,522201
35.15134716,128.6916154,CWB379002574,이동택지사거리,519201
35.15152843,128.6913092,CWB379002575,이동택지사거리,519202
35.14812207,128.6903474,CWB379002577,에너지환경과학공원입구,518303
35.14796809,128.6902929,CWB379002578,에너지환경과학공원입구,518304
35.14749939,128.6837605,CWB379002579,진해루,518301
35.14721634,128.6837151,CWB379002580,진해루,518302
35.15832782,128.6603101,CWB379002581,여좌동행정복지센터,511306
35.1584742,128.6603908,CWB379002582,여좌동행정복지센터,511305
35.16034209,128.6615458,CWB379002585,여좌마을슈퍼,511502
35.16041017,128.6619308,CWB379002586,여좌마을슈퍼,511501
35.15287036,128.6570433,CWB379002588,북원로터리,519802
35.15308978,128.6570953,CWB379002589,북원로터리,519801
35.1148629,128.7546561,CWB379002590,농업기술센터,514009
35.11479152,128.7548252,CWB379002591,농업기술센터,514008
35.11520529,128.7604443,CWB379002592,호산나노인복지센터,514010
35.11532513,128.7603947,CWB379002593,호산나노인복지센터,514011
35.11517705,128.7657443,CWB379002594,평발마을,514012
35.1153513,128.7660904,CWB379002595,평발마을,514013
35.11505143,128.7688712,CWB379002597,아래평발,514502
35.11529152,128.7692667,CWB379002598,아래평발,514501
35.11893959,128.7753324,CWB379002599,월남마을,514503
35.11883892,128.7754297,CWB379002600,월남마을,514504
35.12031897,128.7784691,CWB379002601,STX아파트,514506
35.12066311,128.778701,CWB379002602,STX아파트,514505
35.12286205,128.7813139,CWB379002604,마천공단입구,502802
35.12277923,128.7815874,CWB379002605,마천공단입구,502801
35.12515745,128.7827154,CWB379002607,웅동,513802
35.12527014,128.7825378,CWB379002608,웅동,513801
35.12416639,128.7851559,CWB379002609,웅동농협앞,513804
35.12430343,128.7852552,CWB379002610,웅동농협앞,513803
35.12298621,128.7876079,CWB379002611,내곡마을,513805
35.12275399,128.7877021,CWB379002612,내곡마을,513806
35.1203499,128.7913856,CWB379002613,청안해오름,513807
35.1198293,128.7918345,CWB379002614,청안해오름,513808
35.11602463,128.7918748,CWB379002615,의곡마을,513810
35.11627782,128.7920672,CWB379002616,의곡마을,513809
35.11555287,128.7934099,CWB379002618,웅동중학교,503002
35.11567158,128.7933091,CWB379002619,웅동중학교,503001
35.11647831,128.7965877,CWB379002620,용원휴요양병원,503004
35.11660358,128.79671,CWB379002621,용원휴요양병원,503003
35.11329143,128.8039912,CWB379002624,공지곡,518156
35.11149303,128.8048512,CWB379002625,공지곡,518153
35.10728676,128.8050101,CWB379002627,해인로즈빌아파트,630212
35.10703863,128.8049955,CWB379002628,해인로즈빌아파트,630213
35.10413222,128.8047932,CWB379002630,부영2차아파트,511102
35.10430161,128.8043972,CWB379002631,부영3차아파트,511101
35.10379943,128.8063782,CWB379002633,안골포초등학교,511005
35.10373599,128.8065832,CWB379002634,안골포초등학교,511006
35.10157759,128.8062652,CWB379002635,코아루아파트,511003
35.10151315,128.8064851,CWB379002636,코아루아파트,511004
35.09988264,128.8074294,CWB379002638,안청초등학교,511001
35.09989936,128.8076506,CWB379002639,안청초등학교,511002
35.10100298,128.8094675,CWB379002643,용원하나로마트,510403
35.10054446,128.8099436,CWB379002650,웅동농협하나로마트,513001
35.10034009,128.8099264,CWB379002651,웅동농협하나로마트,513002
35.0998244,128.8125352,CWB379002652,용원복지회관,513004
35.09990394,128.8131606,CWB379002653,용원복지회관,513003
35.09952843,128.8151162,CWB379002655,웅동2동행정복지센터,513005
35.09919443,128.8156102,CWB379002656,웅동2동행정복지센터,513006
35.09883756,128.818492,CWB379002657,용원초등학교,513007
35.09869096,128.8181886,CWB379002658,용원초등학교,513008
35.0976512,128.8205994,CWB379002661,용원사거리,512903
35.0965756,128.82035295,CWB379002662,용원종점,512902
35.09773577,128.8185754,CWB379002665,용원초교,513101
35.10387543,128.7931055,CWB379002666,안성마을,519601
35.1037644,128.7929982,CWB379002667,안성마을,519602
35.09641411,128.8020898,CWB379002669,안골입구,519605
35.09263885,128.79775463,CWB379002673,안골버스회차지,630214
35.09292952,128.79775279,CWB379002674,안골,630422
35.13013573,128.7063966,CWB379002677,대동다숲.마린푸르지오2단지,522319
35.15095658,128.708536,CWB379002680,자은주공후문,515902
35.15098391,128.7083588,CWB379002681,자은주공후문,515901
35.15260143,128.7102512,CWB379002682,대동빌라트2차,515904
35.15268925,128.7101864,CWB379002683,대동빌라트2차,515903
35.15424143,128.7094012,CWB379002686,석동그린빌2단지,503204
35.15409548,128.7094335,CWB379002687,석동그린빌2단지,503203
35.15334068,128.707192,CWB379002688,자은농협,503202
35.15314589,128.7070952,CWB379002689,자은농협,503201
35.14782328,128.65773937,CWB379002691,블루빌아파트,519702
35.1476447,128.6575634,CWB379002692,블루빌아파트,519701
35.14162494,128.7071925,CWB379002693,자은본동교차로,518136
35.15136482,128.6633726,CWB379002694,중앙시장입구,630215
35.15149043,128.6631132,CWB379002695,중앙시장입구,630216
35.14993253,128.6603762,CWB379002696,중원쉼터,630217
35.14971803,128.6604608,CWB379002697,장난감도서관,630218
35.10078067,128.8220687,CWB379002700,용원삼거리,512905
35.10084503,128.821885,CWB379002701,용원삼거리,512904
35.10225168,128.8246836,CWB379002703,용재,518155
35.10158038,128.8396473,CWB379002707,구)검문소,630219
35.10351548,128.8373885,CWB379002711,가주동,500501
35.1120361,128.8384582,CWB379002713,가주동시내버스회차지,630220
35.1202,128.835746,CWB379002715,주포종점,630221
35.13322264,128.78389693,CWB379002723,부암마을,505301
35.14270973,128.7775578,CWB379002725,대장동종점,504201
35.12827366,128.7773937,CWB379002726,소사마을,504203
35.11749153,128.7817536,CWB379002732,마천산업단지,502803
35.112505,128.7809665,CWB379002734,정혜원,502805
35.11242292,128.7811467,CWB379002735,정혜원,502804
35.11269904,128.7825241,CWB379002739,영길,630222
35.1110211,128.7498716,CWB379002743,웅천동행정복지센터,514102
35.10483216,128.74253993,CWB379002747,제덕노인회관,516204
35.10125747,128.7454653,CWB379002750,괴정마을,516203
35.10111947,128.74576163,CWB379002751,괴정마을,516202
35.08557099,128.74627721,CWB379002753,수도마을,516201
35.10577397,128.75907036,CWB379002758,사도마을,502902
35.10145607,128.76332837,CWB379002760,와성마을,630223
35.11469672,128.7288154,CWB379002766,어은동,630224
35.15196251,128.6666996,CWB379002781,중앙시장,519810
35.10001202,128.8009804,CWB379002790,청천마을,519604
35.10001561,128.8012008,CWB379002791,청천마을,519603
35.09658943,128.8201612,CWB379002792,용원종점,512901
35.10492744,128.7424701,CWB379002793,제덕노인회관,516205
35.10585458,128.75910499,CWB379002794,사도마을,502901
35.25887602,128.60313221,CWB379002799,소계종점,630227
35.19813047,128.7143041,CWB379002800,유니온빌리지,208003
35.19792615,128.7150985,CWB379002801,유니온빌리지,208004
35.19538528,128.716471,CWB379002802,프리빌리지2차아파트,218901
35.19529289,128.7165975,CWB379002803,프리빌리지2차아파트,218902
35.24309863,128.5017924,CWB379002835,상곡시장,408802
35.24362388,128.50080837,CWB379002836,상곡시장,408803
35.2263555,128.5038479,CWB379002837,내서운동장,630238
35.22550662,128.5040882,CWB379002838,이미지아파트,401315
35.12988072,128.70571521,CWB379002839,대동다숲.마린푸르지오2단지,522320
35.13066931,128.70987014,CWB379002840,벽산솔렌스힐아파트,518201
35.08617668,128.8176156,CWB379002850,동방물류센터,630240
35.08291906,128.7854156,CWB379002857,한진해운,523201
35.06711193,128.43595735,CWB379002858,막개,323106
35.06719371,128.43590124,CWB379002859,막개,323105
35.24872953,128.5200778,CWB379002860,한주아파트,421713
35.15477057,128.6648337,CWB379002861,여좌농협,511401
35.15516826,128.66473,CWB379002862,여좌농협,511402
35.36775567,128.69610906,CWB379002863,신성,103709
35.11860781,128.4971136,CWB379002866,교동마을입구,301602
35.11861242,128.4974822,CWB379002867,교동마을입구,301601
35.11765271,128.501035,CWB379002868,교동마을회관,301603
35.24635895,128.5860753,CWB379002869,금강테니스장,402505
35.24538013,128.5833259,CWB379002870,합성북18길,402503
35.24489316,128.58141274,CWB379002872,합성성진아파트,402501
35.24521943,128.5830461,CWB379002873,합성북18길,402502
35.24612714,128.585867,CWB379002874,금강테니스장,402504
35.11421248,128.445919,CWB379002877,근곡마을,302401
35.1413643,128.6711419,CWB379002879,진해수협웨딩홀,509601
35.13971743,128.67276492,CWB379002881,속천어촌계,509602
35.14143881,128.67129428,CWB379002882,진해수협웨딩홀,509604
35.25143982,128.6679481,CWB379002886,봉림동행정복지센터,103601
35.2525819,128.6692067,CWB379002887,휴먼시아1단지,109501
35.25096392,128.6668093,CWB379002888,휴먼시아2단지입구,103602
35.10617489,128.703768,CWB379002889,수치마을,522401
35.10059108,128.69670194,CWB379002891,합계종점,522403
35.10606257,128.7037421,CWB379002892,수치마을,522402
35.11094897,128.4340025,CWB379002898,임곡마을,315501
35.11087702,128.4338808,CWB379002900,임곡마을,315502
35.17993204,128.64268331,CWB379002909,목장입구,518103
35.23557924,128.5820776,CWB379002910,도원예식장,630241
35.15664596,128.6772557,CWB379002911,산상교회,518111
35.32359299,128.6026596,CWB379002912,행복한병원,119336
35.32327123,128.6026229,CWB379002913,행복한병원,119335
35.26127281,128.5089781,CWB379002981,새주막,412702
35.26467719,128.50531728,CWB379002982,용담,409805
35.26780744,128.5031832,CWB379002983,새터,409802
35.27043328,128.50064891,CWB379002985,수곡종점,409801
35.26753028,128.5033459,CWB379002986,새터,409803
35.26476838,128.50523106,CWB379002987,용담,409804
35.26131167,128.5087783,CWB379002988,새주막,412701
35.15376137,128.5490456,CWB379003010,현동입구,630244
35.2382155,128.5079469,CWB379003011,자동차부품혁신센터,630245
35.23846885,128.5084552,CWB379003012,자동차부품혁신센터,630246
35.30597605,128.6808398,CWB379003013,동월마을,630247
35.30589847,128.6809739,CWB379003014,동월마을,630248
35.30915734,128.691649,CWB379003015,판신마을,630249
35.30916925,128.6919762,CWB379003016,판신마을,630250
35.09833014,128.5794074,CWB379003018,내포마을회관,630251
35.11450082,128.728962,CWB379003019,어은동,630252
35.20076799,128.5206412,CWB379003022,쌀재터널입구,630255
35.19868156,128.52402919,CWB379003023,쌀재터널입구,630256
35.33254437,128.7088713,CWB379003024,제동마을,630257
35.10446315,128.4785482,CWB379003055,우산초등학교,630280
35.10456143,128.4786182,CWB379003056,우산초등학교,630281
35.34187517,128.6549127,CWB379003058,봉곡리회관,630282
35.3269533,128.7143079,CWB379003062,대산미곡처리장,630285
35.32649774,128.7151965,CWB379003063,대산미곡처리장,630286
35.32256514,128.7225059,CWB379003065,중포회관,630287
35.32604697,128.719311,CWB379003066,중포마을,630288
35.12171519,128.4880489,CWB379003068,진동유엔아이APT,317601
35.12167442,128.4878464,CWB379003069,진동유엔아이APT,317602
35.14875388,128.4456952,CWB379003070,금산1반,321405
35.14864435,128.4455914,CWB379003071,금산1반,321406
35.28342162,128.6128209,CWB379003072,달천산림욕장,119201
35.14809733,128.3843567,CWB379003073,백암,321201
35.14821861,128.3843215,CWB379003074,백암,321202
35.15045073,128.3905756,CWB379003075,진로마산공장,321203
35.15050391,128.3903112,CWB379003076,진로마산공장,321204
35.13178283,128.4469157,CWB379003077,현대사랑병원,315001
35.12900319,128.4483618,CWB379003078,숲안,315002
35.12192629,128.4520156,CWB379003079,동삼마을,315003
35.12620878,128.4505434,CWB379003080,함박골,315004
35.12448052,128.4433059,CWB379003081,들담,315005
35.12443606,128.4432719,CWB379003082,들담,315006
35.10663543,128.4961289,CWB379003085,광암마을,321924
35.10637652,128.4962032,CWB379003086,광암마을,321925
35.11090243,128.5442753,CWB379003088,드라마세트장,321926
35.11082945,128.5441754,CWB379003089,드라마세트장,321927
35.34515454,128.74930355,CWB379003090,유등종점,123001
35.17096732,128.5416989,CWB379003094,예곡,323001
35.17048238,128.5411393,CWB379003095,예곡,323002
35.17688353,128.53697253,CWB379003096,두릉마을,323003
35.17679152,128.53641099,CWB379003097,두릉마을,323004
35.21011466,128.50939907,CWB379003098,감천교,301301
35.20999323,128.50938035,CWB379003099,감천교,301302
35.21761222,128.5034909,CWB379003100,광려중학교,301303
35.21527711,128.50519249,CWB379003101,전안마을,301304
35.29932868,128.6697941,CWB379003102,주남삼거리,104649
35.29943849,128.6698328,CWB379003103,주남삼거리,104650
35.33230974,128.7075872,CWB379003104,삼봉마을,116401
35.33240453,128.7076453,CWB379003105,삼봉마을,116402
35.34600761,128.727419,CWB379003106,동부마을,123002
35.34611053,128.7274604,CWB379003107,동부마을,123003
35.33863166,128.7259923,CWB379003108,우암마을,123004
35.33886435,128.7257555,CWB379003109,우암마을,123005
35.33611285,128.7264512,CWB379003110,덕현마을,123006
35.33587367,128.7265458,CWB379003111,덕현마을,123007
35.36764786,128.6914823,CWB379003112,당리,103718
35.3026771,128.67292,CWB379003113,가월윗담,116403
35.30256926,128.672971,CWB379003114,가월윗담,116404
35.27884494,128.6842173,CWB379003115,덕천마을,104651
35.35754741,128.7129139,CWB379003116,북모산마을,123008
35.36715568,128.69984547,CWB379003117,제1수산교,123009
35.36643926,128.6804893,CWB379003118,갈전운동장,100707
35.36609035,128.6778344,CWB379003119,상리,100708
35.35844965,128.5878745,CWB379003121,어유골,111901
35.35835988,128.5876874,CWB379003122,어유골,111902
35.36107065,128.5747633,CWB379003123,삼원효도마을,111903
35.36091805,128.5748677,CWB379003124,삼원효도마을,111904
35.29515177,128.5957601,CWB379003125,북면새터,112301
35.29831782,128.59377713,CWB379003126,중방마을,112302
35.31643282,128.5966368,CWB379003127,동전회관,104711
35.31651356,128.5966153,CWB379003128,동전회관,104712
35.32889005,128.5894116,CWB379003129,북면양촌,113502
35.33046039,128.60021456,CWB379003130,신동,113503
35.3027572,128.6245216,CWB379003131,승산,101710
35.30286779,128.6246202,CWB379003132,승산,101711
35.30248347,128.6204405,CWB379003133,갈전마을,100709
35.30258261,128.6205108,CWB379003134,갈전마을,100710
35.29822726,128.60979754,CWB379003135,화산마을,100711
35.29812096,128.60982841,CWB379003136,화산마을,100712
35.35357783,128.6116525,CWB379003137,북면종점,119202
35.35341769,128.6115508,CWB379003138,북면종점,119203
35.28660414,128.6140812,CWB379003139,지개리,101712
35.37570752,128.59087436,CWB379003140,내산,112501
35.31770367,128.60378411,CWB379003141,동전,119204
35.36709605,128.6740781,CWB379003142,신전,103719
35.36642842,128.6718087,CWB379003143,신전입구,103720
35.3688284,128.667054,CWB379003144,하옥정,103721
35.37033745,128.66126022,CWB379003145,상옥정,103722
35.35379865,128.6829137,CWB379003146,죽동당산마을,116606
35.353786,128.6826713,CWB379003147,죽동당산마을,116607
35.35535874,128.6862284,CWB379003148,구산마을입구,116608
35.35536333,128.686121,CWB379003149,구산마을입구,116609
35.30440965,128.71959535,CWB379003150,부곡,630304
35.3011471,128.750424,CWB379003151,용전마을,630305
35.30008107,128.75367249,CWB379003152,진영한방병원,630306
35.29649839,128.7608444,CWB379003153,신용삼거리,630307
35.35739268,128.6560472,CWB379003155,전촌입구,104653
35.35727224,128.6561347,CWB379003156,전촌입구,104654
35.35942079,128.6617382,CWB379003157,달천,123010
35.35951899,128.6616531,CWB379003158,달천,123011
35.35933781,128.6689229,CWB379003159,노옥마을,123012
35.35940961,128.668754,CWB379003160,노옥마을,123013
35.36322551,128.6825561,CWB379003161,평리,103723
35.36319659,128.6819648,CWB379003162,평리,103724
35.36671791,128.64653672,CWB379003163,본포,104655
35.09550118,128.5831201,CWB379003164,신촌마을,104656
35.13725962,128.572516,CWB379003165,덕동입구,300639
35.13723556,128.5727044,CWB379003166,덕동입구,300640
35.08668886,128.5756175,CWB379003167,수밭골,321928
35.08656905,128.5760049,CWB379003168,수밭골,321929
35.08294018,128.5985926,CWB379003169,안골,315423
35.08285105,128.5985232,CWB379003170,안골,315424
35.07609092,128.6021612,CWB379003171,궁개,315301
35.07619535,128.6024015,CWB379003172,궁개,315302
35.12307555,128.536777,CWB379003173,마전,321930
35.12313096,128.536877,CWB379003174,마전,321931
35.12433685,128.5354259,CWB379003175,하마전마을,321932
35.1239831,128.535547,CWB379003176,하마전마을,321933
35.12982778,128.5320083,CWB379003177,상마전종점,321934
35.12985555,128.5318642,CWB379003178,상마전종점,321935
35.18788473,128.59675229,CWB379003179,두산에너빌리티입구,216001
35.18711836,128.59660556,CWB379003180,두산에너빌리티입구,216002
35.16362791,128.61319453,CWB379003181,귀산,216003
35.16932578,128.5993113,CWB379003182,용호,207810
35.17215848,128.5952724,CWB379003183,용호입구,207811
35.17057378,128.5967926,CWB379003184,용호,207812
35.17933837,128.59643965,CWB379003185,두산에너빌리티부두,216004
35.26488205,128.5253187,CWB379003186,코오롱아파트,422823
35.27314444,128.52634335,CWB379003187,자이아파트정문,630309
35.27631679,128.52284341,CWB379003188,자이아파트,630310
35.21123625,128.5773583,CWB379003190,육호광장,322301
35.20768427,128.5126003,CWB379003191,감천입구,401014
35.11223697,128.7497744,CWB379003192,웅천고등학교,514014
35.15318065,128.6761699,CWB379003193,태백사거리,519707
35.11444431,128.7815376,CWB379003194,영길운동장,502806
35.11429654,128.7813323,CWB379003195,영길운동장,502807
35.20602409,128.6356169,CWB379003196,반월길,201229
35.20854696,128.6348363,CWB379003198,고려기업,201231
35.16800802,128.5539247,CWB379003211,율곡마을,311601
35.17024601,128.5458649,CWB379003212,예곡마을,311602
35.23419725,128.6412156,CWB379003215,창원기계공구상가,118701
35.14298583,128.507745,CWB379003216,오산마을,306622
35.14640089,128.5105696,CWB379003217,태봉마을,306623
35.29928055,128.6069402,CWB379003218,화산마을입구,100713
35.29914311,128.6070512,CWB379003219,화산마을입구,100714
35.09736772,128.607908,CWB379003220,옥계리,312001
35.09757687,128.6074677,CWB379003221,옥계리,312002
35.33608826,128.7333271,CWB379003230,동곡,123014
35.32626584,128.7389686,CWB379003231,용등,123015
35.3283058,128.7350428,CWB379003232,신곡,123016
35.0960146,128.824238,CWB379003239,부광산업,630296
35.09619819,128.8245804,CWB379003240,부광산업,630297
35.09394438,128.8273472,CWB379003241,부산카프링,630298
35.09338228,128.827504,CWB379003242,부산카프링,630299
35.09063786,128.831487,CWB379003243,(주)태광,630300
35.09031518,128.8312982,CWB379003244,(주)태광,630301
35.08687056,128.83105464,CWB379003245,부산항홍보관,630302
35.08705341,128.8308921,CWB379003246,부산항홍보관,630303
35.09811841,128.821258,CWB379003247,용원사거리,630317
35.09828723,128.8212631,CWB379003248,용원사거리,630318
35.25617247,128.60685857,CWB379003249,창원역,115351
35.31955848,128.5839562,CWB379003250,휴먼빌2단지,104713
35.31947617,128.5838751,CWB379003251,휴먼빌1단지,104714
35.36213678,128.7079881,CWB379003252,신성주유소,103725
35.36235582,128.7075771,CWB379003253,신성주유소,103726
35.32086796,128.6983388,CWB379003254,신등초교,116515
35.32077974,128.6982524,CWB379003255,신등초교,116516
35.25165247,128.5447904,CWB379003256,곰티고개,409716
35.25171471,128.5449417,CWB379003257,곰티고개,409717
35.16460807,128.5999369,CWB379003258,마창대교,207813
35.16464047,128.6000771,CWB379003259,마창대교,207814
35.19236952,128.56804851,CWB379003261,대한민국민주주의전당,322015
35.19273294,128.5679309,CWB379003262,대한민국민주주의전당,322016
35.22663265,128.6793433,CWB379003263,이마트,213308
35.1062103,128.70520806,CWB379003264,수치,523321
35.10660002,128.70537246,CWB379003265,수치,523322
35.10567447,128.4297695,CWB379003268,임곡삼거리,308128
35.10633033,128.4308111,CWB379003269,임곡삼거리,308129
35.19964082,128.7089206,CWB379003271,창원경상대병원동문,208005
35.19972974,128.7087205,CWB379003272,창원경상대병원동문,208006
35.15810875,128.4291685,CWB379003273,영학리,321617
35.15800842,128.4290962,CWB379003274,영학리,321618
35.32910245,128.7185492,CWB379003275,우암리,123017
35.32903593,128.7187369,CWB379003276,우암리,123018
35.18955436,128.6353649,CWB379003277,양곡로,518159
35.36320356,128.6788298,CWB379003278,갈전리,103727
35.36310782,128.6788137,CWB379003279,갈전리,103728
35.3277582,128.6685011,CWB379003280,금산리,104657
35.32767497,128.6685304,CWB379003281,금산리,104658
35.36488985,128.70459473,CWB379003282,아름다운요양원,123019
35.36484442,128.7047808,CWB379003283,아름다운요양원,123020
35.09565434,128.5569553,CWB379003285,욱곡마을회관앞,322151
35.30235358,128.5974387,CWB379003286,힐스테이트1차,103103
35.30221691,128.5938615,CWB379003287,감계휴먼빌,103104
35.11923491,128.4949625,CWB379003288,야촌마을회관,301604
35.11927125,128.4951077,CWB379003289,야촌마을회관,301605
35.35693384,128.6151133,CWB379003290,행복가득한집,119367
35.35684895,128.6151584,CWB379003291,행복가득한집,119368
35.16401575,128.6620894,CWB379003292,무릉도원,511411
35.27968894,128.6884912,CWB379003293,동읍보건지소,115331
35.27952149,128.6885504,CWB379003294,동읍보건지소,115332
35.27894273,128.6860167,CWB379003295,새마을금고,115333
35.27882421,128.6860081,CWB379003296,새마을금고,115334
35.25900202,128.6258575,CWB379003298,중동초등학교,120610
35.25541573,128.6224234,CWB379003299,창원과학고등학교,120611
35.25588676,128.6232407,CWB379003300,창원과학고등학교,120612
35.25518428,128.618673,CWB379003301,고향의봄도서관,120613
35.2552336,128.618199,CWB379003302,고향의봄도서관,120614
35.25900707,128.61293574,CWB379003303,벽산블루밍아파트,120615
35.25849744,128.61347502,CWB379003304,벽산블루밍아파트,120616
35.19003476,128.72356245,CWB379003306,불모산종점,207304
35.10928919,128.4924432,CWB379003307,요장리,322152
35.10914163,128.492531,CWB379003308,요장리,322153
35.10424531,128.7009303,CWB379003312,몽카페,522404
35.10413171,128.700927,CWB379003313,몽카페,522405
35.2431629,128.58243924,CWB379003320,합성초등학교,402514
35.24333243,128.58274189,CWB379003321,합성초등학교,402515
35.23989201,128.5802099,CWB379003322,합성동무학아파트,402512
35.30034053,128.58631,CWB379003324,푸르지오아파트,103109
35.30050134,128.5865042,CWB379003325,감계중학교,103108
35.29612547,128.58899356,CWB379003326,신진정밀,103111
35.29619263,128.58885472,CWB379003327,신진정밀,103110
35.29645933,128.59324327,CWB379003328,중방마을회관,103113
35.29657037,128.5932506,CWB379003329,중방마을회관,103112
35.30234189,128.592914,CWB379003330,감계휴먼빌,103105
35.30233952,128.5905689,CWB379003331,덕산아내,103107
35.30220878,128.5884201,CWB379003332,힐스테이트3차.천수림아파트,103106
35.30222893,128.5965079,CWB379003333,감계아내2차아파트,103114
35.32987046,128.5943215,CWB379003334,무곡리,119369
35.32981138,128.5943566,CWB379003335,무곡리,119370
35.15101536,128.55393316,CWB379003337,현동중흥1차아파트,322610
35.15197281,128.5535186,CWB379003338,현동LH아파트,322611
35.13629344,128.56356576,CWB379003339,덕동공영차고지,322612
35.13603655,128.5636553,CWB379003340,덕동공영차고지,322613
35.18137175,128.56424492,CWB379003341,해운동삼거리,322017
35.18122397,128.56417348,CWB379003342,해운동삼거리,322018
35.26098783,128.5224127,CWB379003343,호계농협,422824
35.31635846,128.58043,CWB379003344,STX칸2차아파트,104715
35.31617493,128.5805745,CWB379003345,STX칸2차아파트,104716
35.32264364,128.583139,CWB379003349,STX칸1차아파트후문,104719
35.32308446,128.58340703,CWB379003350,STX칸1차아파트후문,104720
35.35620503,128.6131493,CWB379003351,거풍힐링빌,119371
35.35613607,128.6132265,CWB379003352,거풍힐링빌,119372
35.11512941,128.467264,CWB379003353,진북면행정복지센터,308130
35.11501978,128.4672662,CWB379003354,진북면행정복지센터,308131
35.31841754,128.60397964,CWB379003355,동전(14),119205
35.24202512,128.70084088,CWB379003357,창원중앙역A,108913
35.26917085,128.6386966,CWB379003358,용강마을입구,115335
35.26909486,128.63902015,CWB379003359,용강마을입구,115336
35.26984157,128.6317949,CWB379003360,용강삼거리,115337
35.27009075,128.6318067,CWB379003361,용강삼거리,115338
35.27161234,128.6346903,CWB379003362,용강마을.묘향사입구,115339
35.2717365,128.6355359,CWB379003363,용강마을.묘향사입구,115340
35.27230015,128.6456767,CWB379003364,용암마을회관,115341
35.27222091,128.645647,CWB379003365,용암마을회관,115342
35.31504618,128.7105669,CWB379003366,상포마을태평,116519
35.30998606,128.7091119,CWB379003367,남포회관,116520
35.31010336,128.7056219,CWB379003368,남포마을,116521
35.3333842,128.7020192,CWB379003369,대산일반산업단지,106821
35.12726447,128.4736181,CWB379003372,덕곡,321619
35.12736597,128.4735148,CWB379003373,덕곡,321620
35.15271135,128.7190842,CWB379003374,자은프라임아파트,503205
35.33349546,128.70211776,CWB379003375,대산일반산업단지,106827
35.14961776,128.65651116,CWB379003376,공설운동장,519708
35.29975911,128.670303,CWB379003377,주남삼거리,104659
35.29963196,128.6703692,CWB379003378,주남삼거리,104660
35.2086579,128.5636701,CWB379003379,합포고등학교,306120
35.31618663,128.58229669,CWB379003380,휴먼빌3차아파트,104721
35.1592913,128.42682901,CWB379003381,서북동마을,321621
35.10457186,128.7463669,CWB379003382,제덕마을,516206
35.33332303,128.7049443,CWB379003383,대산119안전센터,106828
35.33347479,128.7049026,CWB379003384,대산119안전센터,106824
35.31798062,128.6346725,CWB379003385,남백,106713
35.22454144,128.5864039,CWB379003386,메트로시티2단지.삼성버킹궁APT,408614
35.22448222,128.5861449,CWB379003387,메트로시티2단지.삼성버킹궁APT,408615
35.19342815,128.662454,CWB379003388,창원시립상복공원,201233
35.1934832,128.66256954,CWB379003389,창원시립상복공원,201234
35.15538786,128.7197869,CWB379003390,냉천중.에일린의뜰APT,503206
35.08497267,128.7743298,CWB379003395,포스텍지엘씨,630335
35.10653331,128.40872009,CWB379003397,월안마을,303807
35.20304247,128.7059709,CWB379003399,대방동성아파트,218835
35.3354061,128.69874852,CWB379003400,세진테크원.에스케이지르콘,106825
35.33540503,128.6985038,CWB379003401,세진테크원.에스케이지르콘,106826
35.15313002,128.71593087,CWB379003403,중흥S클래스,503207
35.08555852,128.8070636,CWB379003404,지앤지,630336
35.1872891,128.7061829,CWB379003406,천선일반산업단지,201235
35.33339085,128.5991755,CWB379003407,무곡리.갈곡마을,119373
35.33373489,128.5993785,CWB379003408,무곡리.갈곡마을,119374
35.16249904,128.4720704,CWB379003409,괴정마을,317725
35.16262848,128.4721946,CWB379003410,괴정마을,317726
35.15563241,128.7194881,CWB379003411,냉천중,503208
35.15351181,128.7203422,CWB379003412,자은프라임아파트,503209
35.15286703,128.71636427,CWB379003413,중흥S클래스,503210
35.15390962,128.7133855,CWB379003414,자은민원센터,503213
35.15381953,128.713684,CWB379003415,자은민원센터,503214
35.15635168,128.71530994,CWB379003416,센트럴빌리지,503211
35.15624091,128.7157506,CWB379003417,천년나무아파트,503212
35.30005904,128.6635186,CWB379003418,창원단감테마공원,104661
35.10738909,128.755606,CWB379003420,시티프라디움1차.리젠시빌란트,502903
35.30233621,128.5878081,CWB379003423,힐스테이트3차,103115
35.30220558,128.5920454,CWB379003424,덕산아내,103116
35.34629782,128.6126584,CWB379003425,북창원농협경제사업장,110311
35.30168646,128.5864604,CWB379003426,천수림아파트정문,103117
35.3016932,128.5862985,CWB379003427,힐스테이트4차,103118
35.34616507,128.61268138,CWB379003428,북창원농협경제사업장,110312
35.17233458,128.54334355,CWB379003429,오솔길농장,323005
35.17214571,128.54331254,CWB379003430,오솔길농장,323006
35.10870971,128.7496186,CWB379003431,남문동,513906
35.10581307,128.75154804,CWB379003434,세스페데스공원,502907
35.10593525,128.75151227,CWB379003435,세스페데스공원,502908
35.10752503,128.7555783,CWB379003436,시티프라디움1차.리젠시빌란트,502909
35.10634198,128.7508118,CWB379003438,제이원빌딩,502911
35.11747424,128.7820403,CWB379003439,마천산업단지,502808
35.11758977,128.77748606,CWB379003440,월남마을입구,502809
35.11756001,128.77772373,CWB379003441,월남마을입구,502810
35.115748,128.77878686,CWB379003442,㈜대륜기업,502811
35.11560421,128.77913278,CWB379003443,㈜세웅전기,502812
35.08966801,128.8180476,CWB379003444,부영13단지,630338
35.08899694,128.813474,CWB379003445,부영8단지,630339
35.08897051,128.8103482,CWB379003446,신항초등학교,630340
35.08893721,128.8047926,CWB379003447,부영2단지,630341
35.0865467,128.8007752,CWB379003448,부영4단지,630342
35.08874136,128.8114543,CWB379003450,신항초등학교,630344
35.08873843,128.8135104,CWB379003451,이지더원아파트/애플타운,630345
35.08972617,128.8184671,CWB379003452,부영13단지,630346
35.08873803,128.8030151,CWB379003453,부영2단지,630347
35.08657223,128.8010022,CWB379003454,부영4단지,630348
35.08279184,128.78365043,CWB379003455,한진해운,630349
35.0863555,128.7852448,CWB379003456,진원무역,630350
35.08636357,128.7850084,CWB379003457,진원무역,630351
35.08472791,128.7870315,CWB379003458,에스아이물류,630352
35.08423242,128.7872945,CWB379003459,에스아이물류,630353
35.08578793,128.769914,CWB379003460,ENK/한진중공업,630354
35.08699039,128.7678458,CWB379003461,경일글로벌로지스틱스,630355
35.09083148,128.7652884,CWB379003462,국제물류,630356
35.09400104,128.7690853,CWB379003463,㈜HND로지스틱스,630357
35.09399857,128.7749673,CWB379003464,페어허브물류,630358
35.09349183,128.7786631,CWB379003465,칼트로지스/SKU,630359
35.0883237,128.7742296,CWB379003466,동영로지스틱스(주),630360
35.3156561,128.5997134,CWB379003469,월드메르디앙아파트,104722
35.31566317,128.5995469,CWB379003470,월드메르디앙아파트,104723
35.10432646,128.4102487,CWB379003471,월안마을.진전중학교입구,303808
35.10414032,128.4101009,CWB379003472,월안마을.진전중학교입구,303809
35.11000102,128.7898461,CWB379003473,로드60,519606
35.11008878,128.7897112,CWB379003474,로드60,519607
35.09307623,128.8186724,CWB379003475,용원어시장,512906
35.09297036,128.8188895,CWB379003476,용원어시장,512907
35.24130984,128.6914459,CWB379003477,용동근린공원,120506
35.24116965,128.6914814,CWB379003478,용동근린공원,120507
35.15477015,128.7111625,CWB379003479,진해변전소,503215
35.15512744,128.7116875,CWB379003480,진해변전소(장천행),503216
35.15508903,128.7116008,CWB379003481,진해변전소(속천행),503217
35.16887639,128.471648,CWB379003482,마산정신요양원,317727
35.16882023,128.4715234,CWB379003483,마산정신요양원,317728
35.17709762,128.5386662,CWB379003484,새몰마을입구,323007
35.17709087,128.53856531,CWB379003485,새몰마을입구,323008
35.23509073,128.6934212,CWB379003486,경남도의회,108915
35.23533627,128.6938295,CWB379003487,경남도의회,108916
35.2362934,128.6978665,CWB379003488,한마음병원.하나님의 교회,108917
35.23643627,128.6978012,CWB379003489,현대썬앤빌,108918
35.23885566,128.69662796,CWB379003491,국립창원대 동문,108920
35.23786189,128.70049305,CWB379003492,한마음병원후문,108921
35.2399871,128.7000065,CWB379003493,SM비즈타운,108922
35.1838696,128.7026354,CWB379003494,안민터널사거리,201236
35.15487174,128.4368836,CWB379003495,일성식물원,321622
35.15479801,128.4367801,CWB379003496,일성식물원,321623
35.24173559,128.70108199,CWB379003497,창원중앙역B,108912
35.19799878,128.70785757,CWB379003501,창원경상대병원정문,218836
35.23545796,128.57842576,CWB379003502,마산역종점,405202
35.10455931,128.7461565,CWB379003504,제덕마을,516207
35.1773546,128.5403195,CWB379003505,새몰마을,311705
35.28123756,128.69581373,CWB379003506,자여사거리,115343
35.28140581,128.69570459,CWB379003507,자여사거리,115344
35.30471551,128.7152525,CWB379003508,거성아파트,630363
35.3019056,128.7440327,CWB379003509,진영협성휴포레,630364
35.30339724,128.711108,CWB379003510,대근아파트,630365
35.30208219,128.7435977,CWB379003511,진영협성휴포레,630366
35.24281343,128.69169839,CWB379003517,국립창원대학교정문,120508
35.25771871,128.60782852,CWB379003518,창원역,115350
35.20765296,128.65018379,CWB379003519,생활폐기물처리단지,218706
35.11348428,128.4866351,CWB379003520,진동시장,308132
35.1050384,128.75619227,CWB379003524,호반베르디움.리젠시빌란트,502916
35.10494745,128.75609436,CWB379003525,호반베르디움.리젠시빌란트,502917
35.150921,128.444308,CWB379003526,대밭골교,321407
35.150966,128.444193,CWB379003527,대밭골교,321408
35.150047,128.447732,CWB379003528,금산마을,321409
35.150127,128.447689,CWB379003529,금산마을,321410
35.20551713,128.65052789,CWB379003530,창곡산단,218705
35.33056958,128.7027359,CWB379003531,장등입구,116517
35.33063155,128.7027829,CWB379003532,장등입구,116518
35.31790221,128.63471303,CWB379003534,남백,106714
35.11341575,128.48652691,CWB379005321,진동시장,308133
35.11097198,128.7500298,CWB379005322,웅천동행정복지센터,513907
35.23485083,128.49000546,CWB379005323,너울림빌라,407703
35.2350825,128.48967192,CWB379005324,너울림빌라,407704
35.31822615,128.59852752,CWB379005325,동전리,104724
35.31804555,128.59855421,CWB379005326,동전리,104725
35.29485906,128.69840078,CWB379005327,무점,106003
35.29490314,128.6984704,CWB379005328,무점,106004
35.29044868,128.70201282,CWB379005329,무점입구,106005
35.29040515,128.70206412,CWB379005330,무점입구,106006
35.35442825,128.63721178,CWB379005331,북면물재생센터,114405
35.35450738,128.63719138,CWB379005332,북면물재생센터,114406
35.26755503,128.52987032,CWB379005335,평성사거리,422825
35.26452536,128.49921858,CWB379005337,용담마을회관,409807
35.11345883,128.72650504,CWB379005338,어은입구,630372
35.33485315,128.72884584,CWB379005342,덕현,103729
35.33482454,128.7289552,CWB379005343,덕현,103730
35.3305124,128.73131019,CWB379005344,월림마을,103731
35.32825514,128.73490747,CWB379005345,신곡,103732
35.32619906,128.73892122,CWB379005346,용등,103733
35.31499111,128.74137771,CWB379005347,주호마을회관,630374
35.3150032,128.74147693,CWB379005348,주호마을회관,630375
35.31420281,128.74136081,CWB379005349,주호,630376
35.31404017,128.74123363,CWB379005350,주호,630377
35.31398591,128.73764542,CWB379005351,진영휴먼빌,630378
35.31381952,128.73777929,CWB379005352,진영휴먼빌,630379
35.31021496,128.7352532,CWB379005353,금병초등학교,630380
35.31012637,128.73546019,CWB379005354,금병초등학교,630381
35.30781506,128.73497106,CWB379005355,진영중학교,630382
35.30770617,128.73518037,CWB379005356,진영중학교,630383
35.30369198,128.73450649,CWB379005357,진영단감농협,630384
35.30405793,128.73475341,CWB379005358,진영단감농협,630385
35.11534674,128.48468638,CWB379005359,진동환승센터,308134
35.2590172,128.60301963,CWB379005361,소계종점,630319
35.15139954,128.44611961,CWB379005362,금산1반,321411
35.15139373,128.44622924,CWB379005363,금산1반,321412
35.24217524,128.50406635,CWB379005364,동남타운아파트,401015
35.25513564,128.59668054,CWB379005367,구암중,401903
35.25276495,128.59381043,CWB379005368,유성아파트,401904
35.2486822,128.59159918,CWB379005369,구암동현대상가,401905
35.25689352,128.5968139,CWB379005370,경남아파트,401906
35.25777611,128.59600716,CWB379005371,구암한우아파트,401907
35.25901399,128.59730051,CWB379005372,한보아파트,109404
35.25960264,128.59827898,CWB379005373,경상고등학교,109407
35.25821691,128.59964993,CWB379005374,소계갓등1길,109408
35.1355313,128.56448372,CWB379005375,덕동공영차고지,322614
35.29619934,128.59621444,CWB379005376,새터교,103119
35.29605787,128.59617868,CWB379005377,새터교,103120
35.25764326,128.62812626,CWB379005380,유니시티2단지,120620
35.25785115,128.62808098,CWB379005381,유니시티2단지,120619
35.25586115,128.6249373,CWB379005382,어반브릭스,120617
35.25580437,128.62513943,CWB379005383,어반브릭스,120618
35.19785429,128.55822029,CWB379005385,청구제네스A,301116
35.19686732,128.5617258,CWB379005386,성지여고,301117
35.196717,128.56167626,CWB379005387,성지여고,301118
35.19786374,128.55783619,CWB379005388,청구제네스A,301115
35.24549661,128.59003734,CWB379005389,구암남1길,400131
35.18410442,128.70240467,CWB379005392,안민터널사거리,201237
35.26204278,128.61489958,CWB379005394,태광주유소,115346
35.06197504,128.56171963,CWB379005395,조밭골,322154
35.06206958,128.56172691,CWB379005396,조밭골,322155
35.05900185,128.56199456,CWB379005397,저도비치로드,322156
35.07772566,128.58490015,CWB379005399,로봇랜드(입구),315703
35.07565425,128.5882312,CWB379005400,로봇랜드(출구),315704
35.23332675,128.50447141,CWB379005402,KB국민은행,401016
35.13745312,128.71004218,CWB379005412,녹수아파트,519209
35.33339007,128.70910721,CWB379005413,대산중학교,118009
35.2481047,128.60461746,CWB379005414,마창자동차운전전문학원,120622
35.08300057,128.80183532,CWB379005415,신항 서문입구,523323
35.08326481,128.80164104,CWB379005416,신항 서문입구,523324
35.08619165,128.80662824,CWB379005417,지앤지,523325
35.08591509,128.81879484,CWB379005418,동방물류센터,523326
35.08593576,128.82551343,CWB379005419,세방물류,523327
35.08621274,128.82567309,CWB379005420,세방물류,523328
35.08878363,128.83862986,CWB379005421,경제자유구역청사거리,523329
35.08911217,128.83865642,CWB379005422,경제자유구역청사거리,523330
35.08557791,128.84038885,CWB379005423,경제자유구역청,523331
35.08578256,128.8399686,CWB379005424,경제자유구역청,523332
35.09359146,128.56884951,CWB379005429,욱곡,322157
35.09349763,128.56878741,CWB379005430,욱곡,322158
35.10058947,128.58549069,CWB379005431,내포리,322159
35.10069187,128.58541317,CWB379005432,내포리,322160
35.10607197,128.58647424,CWB379005433,백령고개,322161
35.10594754,128.58720114,CWB379005434,백령고개,322162
35.28572153,128.61091006,CWB379005435,지개리입구,101713
35.32300764,128.71328705,CWB379005436,상포,101715
35.31850462,128.71307659,CWB379005437,상포3반,101714
35.08309124,128.59531282,CWB379005438,난포 소골,310506
35.08315201,128.59548943,CWB379005439,난포 소골,310505
35.12990605,128.5727766,CWB379005440,유산,314807
35.13034705,128.57282348,CWB379005441,유산,314808
35.11663196,128.48810176,CWB379005442,진동우체국,308135
35.1683307,128.55515159,CWB379005443,밤밭고개(256),311706
35.24488108,128.58130265,CWB379005446,합성성진아파트,402516
35.18472818,128.70419054,CWB379005447,안민터널사거리,201238
35.07018228,128.60850394,CWB379005453,심리,315426
35.07009262,128.6084693,CWB379005454,심리,315425
35.38708116,128.5990378,CWB379005455,명촌2,112613
35.38676892,128.59862721,CWB379005456,명촌2,112614
35.38531334,128.59846642,CWB379005457,명촌1,112615
35.38518934,128.59847223,CWB379005458,명촌1,112616
35.1086044,128.8396097,CWB379005459,대청가든,500502
35.18844127,128.69278243,CWB379005460,성주사역 환승센터,201240
35.18838349,128.69304745,CWB379005461,성주사역 환승센터,201239
35.20372071,128.70439793,CWB379005462,대방동종점,200409
35.11743609,128.48793814,CWB379005464,성원맨션,317700
35.12866427,128.48641183,CWB379005465,부림자동차전문학원,317732
35.12873,128.48619636,CWB379005466,부림자동차전문학원,317731
35.1569354,128.47509595,CWB379005467,추곡리,317730
35.15725431,128.47481089,CWB379005468,추곡리,317729
35.19099063,128.385532,CWB379005469,둔덕,315223
35.19088459,128.38554392,CWB379005470,둔덕,315222
35.33801378,128.6970764,CWB379005471,가촌마을,106829
35.20583728,128.56797253,CWB379005472,창원시립마산박물관,315705
35.20657376,128.56642744,CWB379005473,한백푸른아파트,315706
35.20684846,128.56591937,CWB379005474,대림공작2차아파트,315707
35.20338803,128.56484824,CWB379005475,만소노인재가복지센터,315708
35.20554052,128.56809584,CWB379005477,창원시립마산박물관,315710
35.23796875,128.69737566,CWB379005478,한마음병원,108923
35.17195055,128.46225893,CWB379005479,정삼마을,317733
35.19670797,128.62988177,CWB379005480,웅남동주민운동장,210209
35.14860724,128.37038618,CWB379005481,원산입구,315224
35.14873254,128.37026483,CWB379005482,원산입구,315225
35.16674295,128.37119528,CWB379005483,대량마을,315226
35.16665821,128.37111703,CWB379005484,대량마을,315227
35.17290062,128.37519256,CWB379005485,옥방교,315228
35.1727727,128.37494892,CWB379005486,옥방교,315229
35.2400816,128.58030044,CWB379005487,합성동무학아파트,402517
35.28580472,128.6109227,CWB379005488,지개리입구,101716
35.11320701,128.55733611,CWB379005489,윗석곡,309209
35.11312166,128.55749078,CWB379005490,윗석곡,309210
35.28902494,128.60171779,CWB379005491,외감삼거리,112406
35.28893622,128.60161162,CWB379005492,외감삼거리,112405
35.36444341,128.56491699,CWB379005497,음달마을,630401
35.36347623,128.56739849,CWB379005498,내봉촌(음달마을),630402
35.09619965,128.82003208,CWB379005499,용원종점,512909
35.34906598,128.56181255,CWB379005500,아산마을,103402
35.10654206,128.40893684,CWB379005501,월안마을,303810
35.12599151,128.78167695,CWB379005502,마천시장,513811
35.08545892,128.74623645,CWB379005503,수도마을,516208
35.14278199,128.77763229,CWB379005504,대장동종점,504202
35.13320112,128.78398148,CWB379005505,부암마을,505302
35.17712245,128.53554457,CWB379005506,두릉마을종점,311707
35.16678419,128.46802455,CWB379005508,대티회관,317734
35.11703121,128.57991639,CWB379005509,수정종점,309211
35.20350452,128.56489989,CWB379005510,만소노인재가복지센터,315711
35.20139958,128.5626745,CWB379005511,마산중학교,315712
35.09652454,128.80220965,CWB379005512,안골입구,519608
35.09635281,128.80254579,CWB379005513,마린2차푸르지오A,519609
35.09631716,128.80282188,CWB379005514,마린2차푸르지오A,519610
35.10952259,128.71014656,CWB379005515,원포동,522321
35.1097022,128.71019144,CWB379005516,원포동,522322
35.24429379,128.59018414,CWB379005518,태화아파트,400133
35.23959217,128.69584141,CWB379005519,국립창원대 동문,108924
35.25595858,128.59766081,CWB379005520,지혜의바다,401908
35.2558533,128.59761479,CWB379005521,지혜의바다,401909
35.25449245,128.59590707,CWB379005522,아람마트,401910
35.25460613,128.59582964,CWB379005523,아람마트,401911
35.25376192,128.59509345,CWB379005524,아람마트 방면,401912
35.25383552,128.59497953,CWB379005525,MG새마을금고,401913
35.13031822,128.47237497,CWB379005526,덕곡2교,321624
35.13040515,128.47226683,CWB379005527,덕곡2교,321625
35.24425248,128.59007073,CWB379005528,구암남1길,400134
35.2404498,128.58762918,CWB379005529,동마산시장,400137
35.2425099,128.59031408,CWB379005531,팔룡교육단지사거리,400135
35.24254911,128.59041646,CWB379005532,팔룡교육단지사거리,400136
35.33005094,128.60067937,CWB379005533,신동,119375
35.23748511,128.63364395,CWB379005534,팔룡가구거리,118406
35.25887911,128.5108083,CWB379005538,농산물다리,414904
35.25887611,128.51068738,CWB379005539,농산물다리,414905
35.10200789,128.82483275,CWB379005540,용재,518161
35.11201304,128.83828525,CWB379005541,가주동시내버스회차지,518162
35.11538573,128.83516939,CWB379005542,남문입구,518163
35.11662922,128.83577584,CWB379005543,주포마을,518164
35.11658981,128.83584899,CWB379005544,주포마을,518165
35.11521241,128.83545615,CWB379005545,한마음상회,518166
35.10862751,128.83971989,CWB379005546,대청가든,518167
35.11996682,128.83542023,CWB379005547,주포종점,518168
35.1565599,128.57905082,CWB379005548,금호어울림아파트,300641
35.35378668,128.67074992,CWB379005549,백련사입구,116610
35.2741697,128.66091474,CWB379005552,남산마을입구,115347
35.27422459,128.66085541,CWB379005553,남산마을입구,115349
35.27782896,128.66089055,CWB379005555,남산마을,115348
35.15780093,128.58357141,CWB379005556,가포LH1단지,300642
35.11510525,128.54333551,CWB379005559,작은골,322168
35.11516682,128.54345458,CWB379005560,작은골,322167
35.10943556,128.54657919,CWB379005561,명주윗마을,322166
35.10964691,128.54643786,CWB379005562,명주윗마을,322165
35.10497401,128.54837024,CWB379005563,갈밭굼,322164
35.10487353,128.54847527,CWB379005564,갈밭굼,322163
35.09585455,128.55461,CWB379005565,욱곡아랫마을,322170
35.09597739,128.55451913,CWB379005566,욱곡아랫마을,322169
35.12193993,128.44853024,CWB379005574,인곡교,315113
35.19372615,128.49773256,CWB379005575,절골,401317
35.19362892,128.49776097,CWB379005576,절골,401316
35.09753287,128.73448383,CWB379005577,연도마을단지,505517
35.09742156,128.73454727,CWB379005578,연도마을단지,505518
35.14718363,128.68256247,CWB379005757,해군교육사정문,518306
35.14748126,128.68254665,CWB379005758,해군교육사정문,518305
35.14392732,128.6587548,CWB379005760,3정문,630416
35.14392022,128.65894393,CWB379005761,3정문,630417
35.1368139,128.65598564,CWB379005762,11부두,630418
35.13027852,128.66349127,CWB379005763,해군사관학교,630419
35.15335865,128.64122713,CWB379005764,해군기지사령부,630420
35.32976379,128.7055103,CWB379005766,NHF창원대산1단지아파트,116522
35.32976379,128.7053903,CWB379005767,NHF창원대산1단지아파트,116523
35.21942443,128.70711486,CWB379005768,반도유보라아파트,219123
35.21921181,128.70701431,CWB379005769,반도유보라아파트,219122
35.2225009,128.704631,CWB379005770,창원축구센터,219125
35.2225009,128.704351,CWB379005771,창원축구센터,219124
35.2537567,128.62326649,CWB379005772,유니시티1단지,120623
35.25372188,128.62351025,CWB379005773,유니시티1단지,120624
35.09235,128.789647,CWB379005774,신항파출소,523338
35.092223,128.789802,CWB379005775,신항파출소,523339
35.13769283,128.55620057,CWB379005776,묘촌노인회관,314811
35.1377988,128.55619436,CWB379005777,묘촌노인회관,314812
35.1843004,128.5562046,CWB379005778,마산종합사회복지관,301120
35.1843004,128.5560246,CWB379005779,마산종합사회복지관,301119
35.24701843,128.5891612,CWB379005780,마산롯데캐슬동문,402102
35.13426767,128.54972837,CWB379005781,농업기술센터,314809
35.13427174,128.54958583,CWB379005782,농업기술센터,314810
35.24273477,128.59188939,CWB379005784,삼성창원병원종점(8),400139
35.301189,128.629545,CWB379005786,구룡교,101717
35.301265,128.629447,CWB379005787,구룡교,101718
35.20557516,128.56507139,CWB379005788,자산동,315713
35.198678,128.707142,CWB379005789,창원경상대병원종점(215),218837
35.08877881,128.80673465,CWB379005790,부영5단지,523340
35.14247567,128.67028139,CWB379005791,속천해양경찰,509606
35.14242137,128.67013491,CWB379005792,속천해양경찰,509607
35.10848651,128.44775469,CWB379005793,신기(73-1),308136
35.10853466,128.44787344,CWB379005794,신기(73-1),308137
35.10058853,128.60269407,CWB379005795,옥계폐기물처리장입구,312003
35.10050083,128.60268139,CWB379005796,옥계폐기물처리장입구,312004
35.06149468,128.43386674,CWB379005797,풍전가든,323127
35.06134258,128.43396274,CWB379005798,풍전가든,323128
35.07325245,128.45762623,CWB379005799,아랫소포,323130
35.07326003,128.45793332,CWB379005800,아랫소포,323129
35.09206674,128.45404087,CWB379005801,목화전,323131
35.09210313,128.45420052,CWB379005802,목화전,323132
35.0590375,128.56202539,CWB379005803,저도비치로드,322171
35.25886546,128.6027392,CWB379005804,소계종점,102504
35.26655735,128.51767325,CWB379005806,호계중학교,422706
35.15772202,128.58357536,CWB379005807,가포LH1단지,300643
35.25785502,128.62829531,CWB379005808,유니시티2단지,120625
35.114178,128.47947441,CWB379005888,고현다리,640654
35.23985516,128.70005957,CWB379005894,SM비즈타운,108925
35.23824675,128.6973128,CWB379005904,한마음병원정문/병역진로센터,108926
35.11548367,128.57781349,CWB379005905,수정시내버스환승센터,309212
35.12762095,128.44601171,CWB379005907,아랫담,315114
35.13463764,128.46381026,CWB379005910,이목마을회관,321630
35.14024921,128.45660621,CWB379005911,이목마을,321628
35.14355604,128.45254503,CWB379005912,금산마을,321626
35.14359239,128.45233171,CWB379005915,금산마을,321627
35.1403914,128.45621101,CWB379005916,이목마을,321629
35.13456231,128.46370468,CWB379005917,이목마을회관,321631
35.26593618,128.53298539,CWB379005919,평성종점,409718
35.13586583,128.56422682,CWB379005928,덕동공영차고지,322615
35.14013784,128.67217832,CWB379005929,속천어촌계,509608
35.12266103,128.38037804,CWB379005930,내평마을,316004
35.23807353,128.58396337,CWB379005931,합성동농협,421801
35.25286275,128.51643732,CWB379005932,동양테크윈,401505
35.25287785,128.51667107,CWB379005933,동양테크윈,401506
35.25784998,128.63067673,CWB379005934,유니시티3단지,120626
35.25802272,128.63056482,CWB379005935,유니시티3단지,120627
35.20295377,128.55903966,CWB379005936,한우아파트,315714
35.20301612,128.55874713,CWB379005937,한우아파트,315715
35.1120997,128.75150712,CWB379005938,웅천우체국,513908
35.15950074,128.4266461,CWB379005947,서북동마을,321632
35.20706167,128.56424068,CWB379005948,시영1차아파트,315716
35.31568049,128.60513781,CWB379005949,동전산단,119206
35.31562746,128.60488937,CWB379005950,동전산단,119207
35.22708177,128.57352143,CWB379005951,석전동,400141
35.18126209,128.55789524,CWB379005952,경남대,301122
35.18235513,128.55612131,CWB379005953,경남대,301121
35.13016126,128.70403167,CWB379005954,장천종점,522323
35.25910184,128.53872136,CWB379005955,평성입구,409719
35.22424732,128.70285849,CWB379005956,토월고등학교,219126
35.22429305,128.70265077,CWB379005957,토월고등학교,219127
35.15287451,128.65989109,CWB379005969,진해역(진해역주차앞),519846
35.25853366,128.6331077,CWB379006067,의창스포츠센터,114230
35.25795279,128.63374428,CWB379006068,의창스포츠센터,114231
35.25567372,128.63550316,CWB379006069,의창구청,114232
35.25495778,128.63629632,CWB379006070,의창구청,114233
35.25247114,128.63824042,CWB379006071,서부경찰서(원흥사),114234
35.25178736,128.63898748,CWB379006072,서부경찰서(원흥사),114235
35.25019698,128.640131,CWB379006073,명서초등학교,114236
35.2497845,128.6406418,CWB379006074,명서초등학교,114237
35.24767706,128.6421978,CWB379006075,명서시장,114238
35.24687922,128.64304684,CWB379006076,명서시장,114239
35.24610827,128.64373987,CWB379006077,명곡다리(명곡교회),114240
35.24511555,128.64566429,CWB379006078,명곡다리(명곡교회),114241
35.24376341,128.64783956,CWB379006079,명서1민원센터,114242
35.24335839,128.64879258,CWB379006080,명서1민원센터,114243
35.24099929,128.65326244,CWB379006081,시티7,114244
35.24095037,128.65370909,CWB379006082,시티7,114245
35.23926023,128.65752222,CWB379006083,창원컨벤션센터,114246
35.23922073,128.65793884,CWB379006084,창원컨벤션센터,114247
35.23764078,128.6612652,CWB379006085,문성고등학교,114248
35.23743611,128.66189541,CWB379006086,문성고등학교,114249
35.23506332,128.6663423,CWB379006087,창원종합운동장,114250
35.23487447,128.6669673,CWB379006088,노블파크아파트,114251
35.23232006,128.6718276,CWB379006089,트리비앙아파트(한국폴리텍대학),114252
35.23267371,128.6713433,CWB379006090,트리비앙아파트(한국폴리텍대학),114253
35.23015933,128.67557806,CWB379006091,창원중앙고등학교,114254
35.22995065,128.67616688,CWB379006092,창원중앙고등학교,114255
35.22774765,128.6797076,CWB379006093,창원시청,114256
35.22835367,128.67889909,CWB379006094,창원시청(정우상가),114257
35.22439633,128.6856159,CWB379006095,상남시장(은아아파트),114258
35.22505821,128.68468232,CWB379006096,상남시장(은아아파트),114259
35.2226912,128.68865575,CWB379006097,시민생활체육관,114260
35.22230959,128.68952369,CWB379006098,시민생활체육관,114261
35.22050065,128.69144104,CWB379006099,대동백화점,114262
35.21997201,128.69218783,CWB379006100,대동백화점,114263
35.21719375,128.69397784,CWB379006101,토월성원아파트,114264
35.21667535,128.69447498,CWB379006102,삼익아파트,114265
35.21402477,128.69615494,CWB379006103,상남도서관,114266
35.21343604,128.6966863,CWB379006104,상남도서관(한림.우성아파트),114267
35.21002288,128.69570657,CWB379006105,가음정시장,114268
35.20950157,128.69544591,CWB379006106,가음정시장(더샵센트럴파크),114269
35.2078604,128.69390471,CWB379006107,장미공원,114270
35.20727927,128.6935715,CWB379006108,장미공원(가음은아아파트),114271
35.19694432,128.6613912,CWB379006145,창원펫빌리지,201241
35.19667833,128.66172888,CWB379006146,창원펫빌리지,201242
35.09285119,128.7974139,CWB379006148,안골,630423
35.16856333,128.56088798,CWB379006153,청량산터널앞,300637
35.16844544,128.56111895,CWB379006154,청량산터널앞,300638
35.07771289,128.56628973,CWB379006155,옥녀봉입구,322713
35.07770823,128.56647602,CWB379006156,옥녀봉입구,322174
35.10007635,128.41620332,CWB379006157,오서교차로,303811
35.11254845,128.83610927,CWB379006158,가주동,518169
35.11263976,128.83617987,CWB379006159,가주동,518170
35.27731679,128.67694468,CWB379006160,덕산교차로,115352
35.27738455,128.67677024,CWB379006161,덕산교차로,115353
35.12064505,128.48790052,CWB379006162,진동협성엠파이어APT,308139
35.12066011,128.48814212,CWB379006163,진동유엔아이APT정문,308140
35.11988504,128.48612068,CWB379006164,신서천로,308138
35.2287621,128.65150937,CWB379006165,대원레포츠공원,118818
35.2983201,128.58657954,CWB379006166,포레힐스데시앙아파트,103124
35.29760205,128.58635666,CWB379006167,포레힐스데시앙아파트,103123
35.37033804,128.60606822,CWB379006168,하천리,121507
35.37043236,128.60592155,CWB379006169,하천리,121508
35.2595345,128.5097859,CWB379000405,수곡,416806
35.25949401,128.5097192,CWB379000406,수곡,416805
35.25728335,128.60735845,CWB379000408,창원역,115301
35.25716544,128.6077952,CWB379000409,창원역,115304
35.25827017,128.5095377,CWB379000411,마산대학교정문,416804
35.25652114,128.5216444,CWB379000413,동서병원,422812
35.25800183,128.5221737,CWB379000414,동서병원,422813
35.25790212,128.5087735,CWB379000416,마산대학교정문,416803
35.25656237,128.610464,CWB379000417,창원웨딩의전당,107601
35.25667221,128.6012452,CWB379000418,소계입구,102501
35.25682161,128.599647,CWB379000419,소계시장,630017
35.25613503,128.6402705,CWB379000420,대남종합상가,104506
35.25641544,128.6103552,CWB379000421,창원웨딩의전당,107602
35.25641744,128.60707491,CWB379000422,창원역,115302
35.25645598,128.60110959,CWB379000423,소계입구,102502
35.25557359,128.6409908,CWB379000424,창원중고등학교,104507
35.25578386,128.6022227,CWB379000426,소계동,109405
35.25544573,128.6130352,CWB379000428,팔룡동행정복지센터,120605
35.25538296,128.613313,CWB379000429,팔룡동행정복지센터,120606
35.25536493,128.6026193,CWB379000432,소계동,109406
35.25471506,128.6136884,CWB379000434,극동아파트,107603
35.25454874,128.6136132,CWB379000435,극동아파트,107604
35.25502295,128.5967409,CWB379000436,구암중,402002
35.25563012,128.5101992,CWB379000437,죽암,416802
35.25538634,128.5100923,CWB379000438,죽암,416801
35.25416637,128.5972186,CWB379000440,대지아파트,402513
35.25463376,128.5193277,CWB379000442,장미파크맨션,401401
35.25327028,128.6078276,CWB379000443,경남테크노파크,118802
35.25324795,128.6110368,CWB379000444,팔룡동,120603
35.25415644,128.5199602,CWB379000445,서광맨션,401402
35.25224725,128.6415994,CWB379000446,두산위브,104508
35.25274044,128.6109002,CWB379000448,팔룡동,120604
35.25269323,128.6172099,CWB379000451,팔룡중학교,107605
35.25209525,128.641729,CWB379000452,두산위브,104509
35.25246628,128.6100229,CWB379000453,팔룡동입구,118803
35.25267506,128.5939101,CWB379000454,유성아파트,402001
35.25353844,128.5209052,CWB379000455,구미동,422809
35.25217843,128.6177622,CWB379000456,팔룡중학교,107606
35.25227641,128.5946095,CWB379000458,수영아파트,402511
35.25311314,128.5209403,CWB379000460,구미동,422810
35.25148044,128.6477562,CWB379000461,명지여고,105405
35.25160363,128.6107104,CWB379000464,팔룡동입구,118804
35.25127276,128.59932395,CWB379000466,한국전력,400129
35.25094308,128.6459439,CWB379000467,명서중학교,105402
35.25087044,128.6482982,CWB379000469,명지여고,105404
35.25070197,128.6452126,CWB379000470,명서중학교,105403
35.25235003,128.5124542,CWB379000473,농산물도매시장입구,421707
35.25209701,128.5123391,CWB379000474,중리본동,421706
35.25052541,128.5979819,CWB379000475,KT동마산지점,400127
35.25074578,128.6129642,CWB379000476,동서식품,118805
35.25086644,128.5993142,CWB379000477,한국전력,400130
35.2509249,128.5936417,CWB379000478,구암1동행정복지센터,402509
35.25074443,128.5936932,CWB379000479,구암1동행정복지센터,402506
35.25018252,128.61760864,CWB379000482,팔룡어울림운동장,120902
35.25010338,128.61796687,CWB379000483,팔룡어울림운동장,120901
35.24923415,128.667319,CWB379000484,봉림휴먼시아,106903
35.24918625,128.6661479,CWB379000485,봉림휴먼시아,106904
35.2498699,128.6137411,CWB379000487,동서식품,118806
35.25109144,128.5135482,CWB379000488,동신아파트,401501
35.25005349,128.5978164,CWB379000489,KT동마산지점,400128
35.25078944,128.5212192,CWB379000491,중리현대아파트,422807
35.24922637,128.641231,CWB379000493,명서초등학교(가로변),114207
35.24892358,128.6424087,CWB379000495,명서초등학교,105401
35.25076149,128.5136388,CWB379000496,동신아파트,401502
35.25061978,128.52173229,CWB379000497,중리현대아파트,422808
35.24942944,128.6077662,CWB379000498,차룡단지,120601
35.24951773,128.6081181,CWB379000499,차룡단지,120602
35.24866236,128.6487532,CWB379000500,명서1동,105406
35.24858143,128.6488812,CWB379000501,명서1동,105407
35.24875251,128.5947137,CWB379000502,구암동육교,400125
35.24905689,128.6017678,CWB379000504,청소년복지회관.창신대학,420619
35.24917144,128.5907152,CWB379000505,석보아파트,402507
35.24876592,128.601015,CWB379000506,청소년복지회관.창신대학,420618
35.24871031,128.5917209,CWB379000509,구암동현대상가,402201
35.24864244,128.5982382,CWB379000510,구암2동행정복지센터,420617
35.24843791,128.6169916,CWB379000512,평산사거리,118807
35.24845967,128.5984063,CWB379000514,창신대학교입구,420616
35.24946144,128.5183592,CWB379000515,중리역,421709
35.24728131,128.6779716,CWB379000516,장애인복지회관,107503
35.24931682,128.5180837,CWB379000520,중리역,421708
35.24718743,128.6702932,CWB379000521,봉곡상가,106906
35.24693447,128.6783515,CWB379000524,장애인복지회관,107504
35.24779609,128.61764088,CWB379000525,평산사거리/신화더플렉스,118808
35.24713908,128.6552719,CWB379000526,코오롱APT 앞,117607
35.24707997,128.6560101,CWB379000527,코오롱APT 앞,117608
35.24884538,128.5110073,CWB379000530,청아병원,401503
35.24708585,128.651375,CWB379000531,상북초교후문,117606
35.24876444,128.5177252,CWB379000532,내서우체국,417211
35.24859528,128.5179389,CWB379000535,내서우체국,417210
35.24670643,128.6630152,CWB379000536,봉곡중학교,106902
35.24646417,128.6799422,CWB379000537,경남대표도서관입구,107505
35.24845886,128.5241413,CWB379000539,중리삼거리,422806
35.2486862,128.511238,CWB379000540,청아병원,401504
35.24843344,128.5239122,CWB379000542,중리삼거리,422805
35.24659862,128.65075051,CWB379000543,상북초교정문,117603
35.24607943,128.6804102,CWB379000545,경남대표도서관,107506
35.24626844,128.6628082,CWB379000546,봉곡중학교,106901
35.24728401,128.5920785,CWB379000547,구암동,400123
35.24606506,128.6645089,CWB379000548,까치아파트입구,119113
35.24700843,128.5889612,CWB379000553,마산롯데캐슬동문,402101
35.24584842,128.67087,CWB379000554,봉곡상가입구,119115
35.24580576,128.67483436,CWB379000555,봉림초등학교,107501
35.2473272,128.5478462,CWB379000556,정명사,409708
35.24573693,128.67492358,CWB379000557,봉림초등학교,107502
35.24680313,128.5918093,CWB379000558,구암동,400126
35.24729314,128.5476667,CWB379000559,정명사,409709
35.24571563,128.6642455,CWB379000560,까치아파트입구,119114
35.24651911,128.5947068,CWB379000561,구암고등학교,420614
35.24547473,128.6711111,CWB379000562,대동그린코아,119116
35.24514169,128.68307364,CWB379000565,창원국제사격장입구,107507
35.24629644,128.5939782,CWB379000566,구암고등학교,420615
35.24496459,128.68317159,CWB379000567,창원국제사격장입구,107508
35.24496023,128.6735972,CWB379000568,장애인복지회관입구,119117
35.2447727,128.6732432,CWB379000570,장애인복지회관입구,119118
35.24477751,128.6594371,CWB379000573,지귀상가,119111
35.24553815,128.5894545,CWB379000574,복음요양병원,400124
35.24454785,128.6596975,CWB379000575,지귀상가,119112
35.24458602,128.6490254,CWB379000576,봉곡동상가입구,117601
35.24423952,128.6758172,CWB379000577,사림동,119119
35.24480876,128.6233388,CWB379000579,팔룡119안전센터,118809
35.24435015,128.6656941,CWB379000580,까치아파트,119906
35.24423123,128.6654794,CWB379000581,까치아파트,119909
35.24615744,128.5140242,CWB379000582,로봇산업진흥재단,417209
35.24391763,128.6758781,CWB379000583,사림동,119120
35.24424875,128.6489546,CWB379000584,봉곡동상가입구,117602
35.24583209,128.5140037,CWB379000585,로봇산업진흥재단,417208
35.24388893,128.6560128,CWB379000586,유목교,119109
35.24393747,128.6479551,CWB379000587,명서동허앤리병원(가로변),114211
35.24631984,128.508754,CWB379000588,내서중학교,401013
35.24483093,128.5875128,CWB379000589,덕재.롯데캐슬,400121
35.24330117,128.69162064,CWB379000591,국립창원대학교정문,120505
35.24503377,128.5510418,CWB379000593,송정마을,409706
35.24404912,128.6239615,CWB379000594,팔룡119안전센터,118810
35.24522344,128.5282542,CWB379000595,구슬골,422804
35.24488409,128.5509893,CWB379000596,송정마을,409707
35.24602623,128.5089331,CWB379000597,내서중학교,401012
35.24302692,128.6854412,CWB379000598,동창원농협사림지점,107510
35.24322238,128.68548095,CWB379000600,동창원농협사림지점,107509
35.2441913,128.5872821,CWB379000601,덕재.롯데캐슬,400122
35.24265281,128.6807386,CWB379000602,창원의집입구,119121
35.24292024,128.6532093,CWB379000603,농협하나로클럽,119107
35.24404105,128.51182105,CWB379000604,용마정비,417206
35.24447614,128.5290676,CWB379000605,구슬골,422803
35.24317944,128.6263182,CWB379000606,차룡사거리,118811
35.24473658,128.5121251,CWB379000608,용마정비,417207
35.24220108,128.69005162,CWB379000610,국립창원대입구,120503
35.24221533,128.6811025,CWB379000611,창원의집입구,119122
35.2421311,128.69022318,CWB379000612,국립창원대입구,120504
35.24344644,128.5911962,CWB379000613,삼성창원병원,420613
35.24255802,128.6530763,CWB379000614,농협하나로클럽,119108
35.24283504,128.6260183,CWB379000615,차룡사거리,118812
35.24385319,128.5286229,CWB379000617,아랫구슬골,421715
35.24175676,128.6847949,CWB379000619,창원대삼거리,107512
35.24177861,128.6851291,CWB379000620,창원대삼거리,107511
35.24148128,128.6878827,CWB379000621,우영프라자,120502
35.24352149,128.5290703,CWB379000622,아랫구슬골,421714
35.24151593,128.6814845,CWB379000623,사림민원센터,630018
35.24318612,128.5520384,CWB379000625,송정,409705
35.24263644,128.5910482,CWB379000626,삼성창원병원,420612
35.24132848,128.6815527,CWB379000627,사림민원센터,630019
35.24309119,128.5522405,CWB379000629,송정,409704
35.24239932,128.6611672,CWB379000630,반지사거리,106501
35.24132643,128.6616882,CWB379000631,반지사거리,106502
35.24121646,128.6533388,CWB379000632,시티7(가로변),114213
35.24244043,128.5328532,CWB379000635,윗구슬골마을,421717
35.24045031,128.6839104,CWB379000636,용호어린이공원,119123
35.24171176,128.5369503,CWB379000637,마재고개,422801
35.24141101,128.5846712,CWB379000638,합성동,400119
35.24215666,128.5331543,CWB379000639,윗구슬골마을,421716
35.24127294,128.55372269,CWB379000640,아래송정,409720
35.24189244,128.5369682,CWB379000641,마재고개,422802
35.24130668,128.5850253,CWB379000642,합성동,400120
35.24161434,128.50514355,CWB379000643,장미아파트,401010
35.24215139,128.5052244,CWB379000644,장미아파트,401011
35.2412205,128.55359536,CWB379000645,아래송정,409703
35.23975044,128.6648532,CWB379000646,반지민원센터,106503
35.23970443,128.6645272,CWB379000647,반지민원센터,106504
35.23951125,128.6661079,CWB379000648,럭키상가,119907
35.23937242,128.6859259,CWB379000649,도민의집삼거리,119125
35.23954879,128.6663329,CWB379000650,럭키상가,119904
35.23951394,128.6492866,CWB379000651,농업기술센터,119105
35.23935438,128.6487661,CWB379000653,농업기술센터,119106
35.24117981,128.5100703,CWB379000654,내서119안전센터,417204
35.23885483,128.6899685,CWB379000655,도립미술관,113308
35.23833674,128.6892302,CWB379000656,도립미술관,113307
35.23937994,128.6328193,CWB379000660,창원스마트업파크,118813
35.23981443,128.5834082,CWB379000661,마산시외버스터미널,400117
35.24019543,128.5091749,CWB379000665,내서119안전센터,417205
35.23789861,128.687972,CWB379000666,도청사거리,119127
35.23771204,128.6877522,CWB379000667,도청사거리,119126
35.23785743,128.6681742,CWB379000668,럭키아파트,106505
35.23880033,128.5826278,CWB379000671,마산시외버스터미널,630020
35.23762941,128.6682044,CWB379000672,럭키아파트,106506
35.2375576,128.6648924,CWB379000673,운동장사거리,119905
35.23799647,128.6345192,CWB379000674,유남주유소,118814
35.23735876,128.6650093,CWB379000678,운동장사거리,119902
35.23674134,128.6879168,CWB379000679,한국농어촌공사경남지역본부,113305
35.23694553,128.6777065,CWB379000680,일동아파트,106511
35.23653639,128.6880188,CWB379000682,한국농어촌공사경남지역본부,113306
35.23738879,128.6335075,CWB379000683,팔룡가구거리,118405
35.23667654,128.6772916,CWB379000686,반림현대산업아파트,106512
35.23701882,128.646896,CWB379000688,파티마병원,119104
35.23676741,128.6445201,CWB379000689,창원공고.파티마병원,107608
35.23786109,128.5823601,CWB379000690,마산시외버스터미널,630021
35.23751543,128.5847172,CWB379000691,합성동농협,421802
35.2373489,128.6393206,CWB379000692,종합터미널,119002
35.23626482,128.6715575,CWB379000693,교통문화연수원,106507
35.23616833,128.6744651,CWB379000694,반림현대건설아파트,106509
35.23729043,128.5891902,CWB379000695,마산동부경찰서,420608
35.23611981,128.6718793,CWB379000696,반송시장.아이필상가,106508
35.23802807,128.58897705,CWB379000698,마산동부경찰서,420607
35.23602716,128.6743718,CWB379000700,반송여중,106510
35.23569746,128.6916432,CWB379000701,경남도청,119129
35.23721924,128.5818197,CWB379000704,마산시외버스터미널,400116
35.23536867,128.69174971,CWB379000705,경남도청/국가데이터처,119128
35.23568942,128.66554228,CWB379000706,노블파크아파트(가로변),114219
35.23709317,128.5468,CWB379000708,내서초등학교,407203
35.2368572,128.5468785,CWB379000709,내서초등학교,407204
35.23762622,128.48674427,CWB379000711,안계종점,407701
35.23636743,128.5807282,CWB379000712,마산역,400113
35.23710746,128.48733896,CWB379000713,안계종점,407702
35.23576717,128.6392231,CWB379000715,창원종합터미널,118815
35.23598343,128.5879632,CWB379000716,양덕1동,421803
35.23514788,128.6457309,CWB379000717,창원공고.파티마병원,119103
35.23570244,128.5882082,CWB379000718,양덕1동,421804
35.2360575,128.5589358,CWB379000720,교도소,409702
35.23595848,128.558855,CWB379000721,교도소,409701
35.23413194,128.6857184,CWB379000722,롯데아파트,113303
35.23489908,128.65037883,CWB379000724,포레나대원아파트,104104
35.2354707,128.5777944,CWB379000725,마산역종점,405201
35.23531346,128.64973091,CWB379000726,포레나대원아파트,104103
35.23404584,128.691609,CWB379000727,병무청,108905
35.23573018,128.6385049,CWB379000728,창원종합터미널,118816
35.23542935,128.5522464,CWB379000729,자족형행정복합타운,407205
35.23368651,128.6915618,CWB379000730,병무청,108906
35.23517543,128.5802572,CWB379000731,마산역,400114
35.23510216,128.55281136,CWB379000732,자족형행정복합타운,407206
35.23489643,128.5885662,CWB379000733,서안양덕타운,420606
35.23163482,128.65397855,CWB379000734,대원로,104105
35.23493966,128.5882252,CWB379000735,서안양덕타운,420605
35.23168692,128.65379288,CWB379000736,대원로,104106
35.2339001,128.6625055,CWB379000737,창원문성대학교,219904
35.23337912,128.6853267,CWB379000738,롯데아파트,113304
35.2339729,128.6444291,CWB379000739,홈플러스,119101
35.23561743,128.5065712,CWB379000740,크라운제과,417203
35.23346683,128.6619248,CWB379000741,창원문성대학교,119903
35.23517643,128.5041732,CWB379000743,더푸른아파트,401007
35.23422282,128.5568914,CWB379000744,한효국화맨션,407207
35.23480943,128.5044922,CWB379000746,더푸른아파트,401006
35.2335861,128.58132503,CWB379000748,양덕동,411201
35.23387863,128.5579704,CWB379000749,한효국화맨션,407208
35.23340459,128.5874334,CWB379000750,양덕초등학교,420604
35.23346977,128.5871982,CWB379000751,양덕초등학교,420603
35.23353866,128.5785156,CWB379000752,마산역.동마산병원,400112
35.23362342,128.561141,CWB379000754,회성동행정복지센터/합포여중,407209
35.23330102,128.5815886,CWB379000757,양덕동,411202
35.23341969,128.5612438,CWB379000758,회성동행정복지센터/합포여중,407210
35.231488,128.6896867,CWB379000759,조달청,108904
35.23143104,128.69475986,CWB379000761,토월체육공원,119130
35.23198006,128.6364375,CWB379000762,경남문화재연구원,105901
35.23139952,128.69508048,CWB379000764,토월체육공원,119131
35.23180144,128.6365369,CWB379000765,경남문화재연구원,105902
35.23104563,128.6890436,CWB379000766,한국전력공사,108903
35.23402179,128.65357666,CWB379000767,대원초등학교,104111
35.23422372,128.6536384,CWB379000768,대원초등학교,104112
35.2307158,128.6898487,CWB379000769,한국전력공사,110101
35.23238332,128.5654754,CWB379000770,보문주유소,408601
35.23311519,128.5045121,CWB379000771,롯데마트,401005
35.23226378,128.5644388,CWB379000772,서마산IC(사거리),407211
35.23314724,128.5065296,CWB379000773,원계,417202
35.23299976,128.506136,CWB379000774,원계,417201
35.23201709,128.5658387,CWB379000775,보문주유소,408602
35.23289998,128.5048467,CWB379000776,롯데마트,401004
35.23174443,128.5862812,CWB379000778,양덕1동행정복지센터,420602
35.23179682,128.5859714,CWB379000779,양덕1동행정복지센터,420601
35.230936,128.6384513,CWB379000780,창원농산물도매시장,105903
35.23074469,128.6479801,CWB379000781,창원자동차검사소,118817
35.23079473,128.6471482,CWB379000782,창원자동차검사소,218802
35.23166443,128.5653502,CWB379000783,회성동우체국,407213
35.23151829,128.5680692,CWB379000784,북성초등학교,408603
35.23141519,128.5838593,CWB379000785,한일타운,411203
35.23121143,128.5836482,CWB379000786,한일타운,411204
35.23129866,128.5680968,CWB379000788,북성초등학교,408604
35.23213943,128.503596,CWB379000789,삼계,409907
35.23196957,128.5042401,CWB379000791,삼계,409908
35.22958194,128.6820879,CWB379000792,성산아트홀,113302
35.23191639,128.50047185,CWB379000793,삼계우체국,409905
35.23079222,128.6383669,CWB379000796,창원농산물도매시장,105904
35.22980643,128.6538312,CWB379000797,늘푸른전당,104801
35.2297923,128.6535354,CWB379000798,늘푸른전당,104802
35.23170937,128.5000775,CWB379000799,삼계우체국,409906
35.23197531,128.49425316,CWB379000800,안계초등학교,409901
35.23173377,128.4975072,CWB379000801,삼계숲속마을아파트,409903
35.22925557,128.6815668,CWB379000802,성산아트홀,113301
35.23081643,128.5660222,CWB379000803,회성동우체국,407212
35.23166816,128.49449467,CWB379000804,안계초등학교,409902
35.23152062,128.4974468,CWB379000805,삼계숲속마을아파트,409904
35.22891157,128.6963808,CWB379000806,창원시립테니스장입구,219101
35.23061611,128.5762928,CWB379000807,마산우체국,400110
35.23061781,128.5767179,CWB379000809,경남은행본점,400109
35.23095945,128.501801,CWB379000810,삼계대동아파트,408401
35.22854243,128.6962522,CWB379000811,창원시립테니스장입구,119132
35.23077143,128.5019462,CWB379000813,삼계대동아파트,408402
35.2281842,128.6923059,CWB379000815,신월민원센터,110102
35.22798643,128.6927662,CWB379000816,신월민원센터,110103
35.22939883,128.5851675,CWB379000817,타워맨션,411206
35.22941043,128.5726512,CWB379000818,메트로시티석전,408606
35.22770415,128.6862128,CWB379000819,창원중부경찰서,108901
35.22778301,128.6865323,CWB379000820,창원중부경찰서,108902
35.2279278,128.6792316,CWB379000821,창원시청(가로변),214210
35.2291736,128.573962,CWB379000822,메트로시티석전,408605
35.22793343,128.6570952,CWB379000823,충혼탑,104803
35.22864907,128.5683559,CWB379000825,서마산시장,407214
35.2277904,128.6583238,CWB379000827,충혼탑,219902
35.22874851,128.5861293,CWB379000828,타워맨션,411205
35.22884979,128.5683937,CWB379000829,서마산시장,407215
35.22707826,128.6865519,CWB379000830,은아아파트후문,110002
35.22709558,128.68690185,CWB379000831,불지사,110001
35.2275036,128.682374,CWB379000835,시청정문,117301
35.22715943,128.6574312,CWB379000836,충혼탑,119901
35.2291242,128.5054326,CWB379000837,한우리아파트,401002
35.22873543,128.5051002,CWB379000839,한우리아파트,401003
35.22730881,128.5869178,CWB379000840,양덕광장교차로,411207
35.2260625,128.6979892,CWB379000841,검찰청,219102
35.22645443,128.6555832,CWB379000843,삼동.대원대동1차,118821
35.22574398,128.698655,CWB379000844,검찰청,219103
35.22628227,128.6550268,CWB379000845,삼동.대원대동1차,218806
35.2256598,128.6957282,CWB379000846,신월동,110104
35.22571655,128.6959559,CWB379000847,신월동,110105
35.22731232,128.5741788,CWB379000848,석전동,400108
35.22551343,128.6896722,CWB379000849,신월아파트,110003
35.22524243,128.6897532,CWB379000850,신월아파트,110004
35.22661843,128.5731882,CWB379000853,석전동,400107
35.22633431,128.5892213,CWB379000854,정우맨션,411209
35.22624846,128.5889766,CWB379000855,정우맨션,411208
35.22487283,128.6556672,CWB379000857,대원파크빌아파트,207901
35.22490546,128.65591772,CWB379000858,월드메르디앙아파트,207902
35.22436412,128.6916955,CWB379000860,신월주공아파트,110005
35.22431796,128.677381,CWB379000861,중앙동,213305
35.22422143,128.6775482,CWB379000864,중앙동,213306
35.22392143,128.6920842,CWB379000865,신월주공아파트,110006
35.22510057,128.5874688,CWB379000867,양덕광장교차로,421904
35.22324998,128.6824166,CWB379000868,수협경남금융본부,208905
35.22609495,128.5045027,CWB379000869,이미지아파트입구,401001
35.22337819,128.7003512,CWB379000870,창원축구센터.법원,219105
35.22366235,128.6830257,CWB379000871,수협경남금융본부,208906
35.22329942,128.6999664,CWB379000872,창원축구센터.법원,219104
35.22485431,128.57951086,CWB379000873,문화방송,408610
35.22366143,128.6604682,CWB379000876,올림픽공원,218801
35.22459343,128.5709592,CWB379000879,석전사거리,407216
35.22332643,128.6601032,CWB379000880,목련아파트,218808
35.22429743,128.5711982,CWB379000882,석전사거리,407217
35.22393311,128.5911579,CWB379000884,팔룡산돌탑공원입구,411211
35.2234461,128.5912559,CWB379000886,팔룡산돌탑공원입구,411210
35.22201143,128.6951232,CWB379000887,사파대동아파트,210001
35.22177543,128.6958122,CWB379000889,사파대동아파트,210002
35.22180943,128.6752092,CWB379000890,중앙동행정복지센터,213303
35.22154643,128.6803582,CWB379000891,국민은행,217401
35.22149843,128.6800822,CWB379000892,우리은행,217402
35.2212467,128.7008441,CWB379000893,사파동,219106
35.22294543,128.5684442,CWB379000894,무지개아파트,406109
35.22107805,128.7012886,CWB379000895,사파동,219107
35.22274829,128.5687165,CWB379000897,무지개아파트,406108
35.22232864,128.585269,CWB379000899,야구장앞홈플러스,408613
35.22224954,128.5871527,CWB379000900,고속버스터미널,421901
35.22327452,128.502711,CWB379000901,대동이미지아파트,401314
35.22326215,128.5025123,CWB379000902,대동이미지아파트,401313
35.22221478,128.58494281,CWB379000903,야구장앞홈플러스,308601
35.22243691,128.5735855,CWB379000904,무학여고,400106
35.22226575,128.587365,CWB379000905,고속버스터미널,421902
35.22220884,128.59294631,CWB379000906,봉덕초등학교,411213
35.2219321,128.5928506,CWB379000907,봉덕초등학교,411212
35.2214263,128.67510472,CWB379000908,중앙동행정복지센터,213304
35.22228848,128.5710904,CWB379000909,동중후문,407219
35.22174804,128.5838174,CWB379000910,창원NC파크.마산회원구청,412805
35.22150771,128.5915099,CWB379000912,자유무역지역후문,407101
35.21998943,128.6980272,CWB379000913,사파초등학교,210003
35.22168028,128.5734731,CWB379000914,무학여고,400105
35.22171122,128.5646531,CWB379000915,노인병원,406107
35.22052906,128.6522214,CWB379000916,셰플러코리아,207904
35.22033682,128.6662103,CWB379000917,한국폴리텍7대학,218803
35.22128643,128.59076,CWB379000918,자유무역지역후문,407102
35.21980584,128.692468,CWB379000919,대동백화점(가로변),214215
35.22042199,128.6518362,CWB379000920,셰플러코리아,207903
35.22115559,128.5834955,CWB379000924,창원NC파크.마산회원구청,312806
35.2214637,128.5647407,CWB379000925,노인병원,406106
35.2210405,128.5956308,CWB379000926,봉암동,407103
35.21990836,128.6796451,CWB379000927,경창상가,208903
35.22016765,128.6657587,CWB379000928,한국폴리텍7대학,218810
35.21960268,128.6796226,CWB379000931,경창상가,208904
35.2206786,128.5958915,CWB379000933,봉암동,407104
35.21930543,128.6985882,CWB379000934,사파초등학교,210004
35.38820888,128.6016379,CWB379000002,명촌,112610
35.38813166,128.6016506,CWB379000003,명촌,112611
35.38411237,128.60510049,CWB379000005,명촌마을입구,119366
35.38360047,128.60530494,CWB379000006,명촌마을입구,119365
35.37813103,128.59486129,CWB379000007,초소,112609
35.37778219,128.5944913,CWB379000008,초소,112608
35.37544961,128.59078402,CWB379000009,내산,112607
35.37313555,128.6137346,CWB379000010,안신천,119364
35.37303514,128.6137921,CWB379000012,안신천,119363
35.37370889,128.59123124,CWB379000013,현도,112606
35.37379053,128.59136213,CWB379000014,현도,112605
35.37224173,128.5982019,CWB379000015,도래,112603
35.37218466,128.5981019,CWB379000016,도래,112604
35.37041853,128.66126188,CWB379000017,상옥정,103703
35.36987055,128.65143913,CWB379000018,활천,103701
35.3697336,128.65156837,CWB379000019,활천,103702
35.36874261,128.6669885,CWB379000020,하옥정,103704
35.3679376,128.6840827,CWB379000022,일동회관,100705
35.36796378,128.6839839,CWB379000023,일동회관,100704
35.36793344,128.6872062,CWB379000024,일동초등학교,100706
35.36850963,128.6259299,CWB379000025,바깥신천,119361
35.36764644,128.6961267,CWB379000026,신성,103710
35.36786449,128.6879092,CWB379000027,일동초등학교,103707
35.36857162,128.6260472,CWB379000028,바깥신천,119362
35.36775028,128.6914472,CWB379000029,당리,103708
35.3682737,128.646138,CWB379000030,본포마을회관,630001
35.36821769,128.64611,CWB379000031,본포마을회관,630002
35.36699972,128.69972118,CWB379000032,제1수산교,103711
35.36714414,128.6740062,CWB379000033,신전,100701
35.3679642,128.60023119,CWB379000034,앞실마을,112601
35.36779296,128.6034148,CWB379000035,대촌(하천초교),121505
35.36786831,128.6002258,CWB379000036,앞실마을,112602
35.36784003,128.603222,CWB379000037,대촌(하천초교),121506
35.36835829,128.565528,CWB379000038,내봉촌,630003
35.36820292,128.56550118,CWB379000039,내봉촌,630004
35.36653344,128.6809755,CWB379000041,갈전운동장,100703
35.36638266,128.6717237,CWB379000043,신전입구,103705
35.36668528,128.6466164,CWB379000044,본포,630005
35.36602048,128.6777968,CWB379000045,상리,100702
35.36565144,128.6014522,CWB379000046,중촌,121504
35.36564998,128.6013072,CWB379000047,중촌,121503
35.36405767,128.6236141,CWB379000048,신기,119360
35.36387005,128.6232711,CWB379000049,신기,119359
35.36420745,128.5997733,CWB379000050,앞실마을입구,121501
35.36452782,128.56500939,CWB379000051,음달마을,630006
35.36413163,128.5998637,CWB379000052,앞실마을입구,121502
35.3631755,128.64840381,CWB379000054,본포입구,104648
35.36320665,128.64826693,CWB379000055,본포입구,104645
35.36347093,128.56728562,CWB379000056,내봉촌(음달마을),630007
35.36093585,128.6825248,CWB379000058,송정종점,116701
35.36097025,128.68236953,CWB379000059,송정,116702
35.36062566,128.6442132,CWB379000060,가곡마을,110309
35.36047848,128.6440662,CWB379000061,가곡마을,110310
35.35977944,128.6533502,CWB379000062,전촌,104646
35.35963793,128.6534055,CWB379000063,전촌,104643
35.36019977,128.5903038,CWB379000064,봉촌,112003
35.36004045,128.5900744,CWB379000065,봉촌,112004
35.35892331,128.6179722,CWB379000066,신목,119357
35.35886691,128.6180841,CWB379000067,신목,630008
35.35746019,128.7128277,CWB379000068,북모산마을,103714
35.35887379,128.58497468,CWB379000069,소라,112001
35.35875813,128.5850433,CWB379000070,소라,112002
35.35766314,128.6555278,CWB379000071,전촌입구,104641
35.35771841,128.6556073,CWB379000072,전촌입구,104644
35.35455276,128.7116116,CWB379000073,남모산,630009
35.35453594,128.7117577,CWB379000074,남모산,630010
35.35513841,128.6549557,CWB379000075,원봉강,104639
35.35502489,128.6551802,CWB379000076,원봉강,104642
35.35392758,128.6666612,CWB379000077,용연입구,106801
35.35381102,128.6663791,CWB379000078,용연입구,106802
35.35384797,128.6695115,CWB379000079,용연마을,106803
35.35372957,128.6695323,CWB379000080,용연마을,106804
35.35461579,128.6102577,CWB379000081,북면온천,119356
35.35463086,128.6099733,CWB379000082,북면온천,119355
35.35334524,128.6091275,CWB379000083,북면농협,119354
35.35370548,128.63451585,CWB379000084,월계,114403
35.35364435,128.63470437,CWB379000085,월계,114404
35.35231786,128.676614,CWB379000086,산남,106807
35.35220953,128.6765824,CWB379000087,산남,106808
35.35301345,128.6088169,CWB379000088,북면농협,119353
35.35196515,128.6807519,CWB379000089,죽동마을,106809
35.35184631,128.6807639,CWB379000092,죽동마을,106810
35.35184361,128.6811678,CWB379000093,죽동,106811
35.35176448,128.6810844,CWB379000094,죽동,106812
35.35182952,128.6740606,CWB379000095,산남입구,106805
35.35167733,128.6739689,CWB379000096,산남입구,106806
35.35106671,128.656843,CWB379000098,봉강,104640
35.35095115,128.6567153,CWB379000099,봉강,104637
35.35106543,128.60828528,CWB379000100,북면온천마을회관,119352
35.3508321,128.6080414,CWB379000101,북면온천마을회관,119351
35.34930898,128.6072349,CWB379000102,신한아파트,119350
35.34913799,128.6072299,CWB379000103,신한아파트,119349
35.34941347,128.5708132,CWB379000104,도태,103403
35.3492547,128.5709348,CWB379000105,도태,103404
35.34762294,128.7095608,CWB379000108,송등,118005
35.34629089,128.7096494,CWB379000109,송등,118008
35.34844303,128.5730126,CWB379000110,성심원,103406
35.34839435,128.5733144,CWB379000111,성심원,103405
35.34781398,128.6077811,CWB379000112,북면행정복지센터,119348
35.34780642,128.6076596,CWB379000113,북면행정복지센터,119347
35.34750544,128.6093352,CWB379000114,춘광아파트,110302
35.34755781,128.6088782,CWB379000115,춘광아파트,110301
35.3469807,128.6259833,CWB379000117,북면연동,110308
35.34677477,128.6256784,CWB379000118,북면연동,110307
35.34634885,128.6581239,CWB379000119,봉곡마을,104638
35.34628131,128.65803411,CWB379000120,봉곡마을,104635
35.34527519,128.6902114,CWB379000121,윗대방,106813
35.34518102,128.6901289,CWB379000122,윗대방,106814
35.34538895,128.66394719,CWB379000123,주남요양센터,104634
35.3452992,128.6639206,CWB379000124,주남요양센터,104631
35.3440285,128.6174555,CWB379000125,북면공설운동장,110303
35.34435091,128.6596115,CWB379000126,봉곡,104636
35.34411207,128.6174454,CWB379000127,북면공설운동장,110304
35.34426498,128.6596022,CWB379000128,봉곡,104633
35.3448638,128.605945,CWB379000129,대호아파트,119346
35.34471714,128.6053135,CWB379000130,대호아파트,119345
35.34421461,128.6178728,CWB379000132,마산리,110306
35.34322094,128.6944991,CWB379000133,대방,106816
35.34276844,128.6948312,CWB379000134,대방,106815
35.34284541,128.667571,CWB379000135,양교,104632
35.3438192,128.5821382,CWB379000136,현천,103407
35.34339411,128.5826413,CWB379000137,현천,103408
35.34251013,128.6677639,CWB379000138,양교,104629
35.34129341,128.5915006,CWB379000139,중리,103409
35.34113217,128.5915062,CWB379000140,중리경로당,103410
35.33866319,128.7087949,CWB379000141,대산초등학교,118003
35.33870259,128.7090139,CWB379000142,대산초등학교,118006
35.33977044,128.6011532,CWB379000144,신촌주유소,119344
35.33973421,128.6010096,CWB379000145,신촌주유소,119343
35.33765692,128.6772907,CWB379000146,합산,100202
35.3375815,128.6773869,CWB379000147,합산,100201
35.33629113,128.6976921,CWB379000148,가촌마을,106818
35.33627111,128.6978382,CWB379000149,가촌마을,106817
35.33532932,128.7090879,CWB379000150,가술,118004
35.33541892,128.7017388,CWB379000151,가촌,106819
35.33533196,128.7016911,CWB379000152,가촌,106820
35.33516263,128.7088864,CWB379000153,가술,118001
35.3364351,128.6002381,CWB379000154,영신아파트,119342
35.33642627,128.6000774,CWB379000155,영신아파트,119341
35.33319449,128.6669378,CWB379000156,금동,104627
35.33312544,128.6670842,CWB379000157,금동,104630
35.33273119,128.6787689,CWB379000158,용산입구,100204
35.33278581,128.6788801,CWB379000159,용산입구,100203
35.33084242,128.6710773,CWB379000160,용산,104625
35.33111514,128.6710663,CWB379000161,용산,104628
35.33090322,128.60012157,CWB379000163,신동,119339
35.33012566,128.6007987,CWB379000164,신동,119340
35.32894091,128.5893272,CWB379000165,북면양촌,113603
35.32762224,128.6873494,CWB379000166,백양마을,100205
35.32749478,128.6873298,CWB379000167,백양마을,100206
35.32869158,128.5847338,CWB379000168,신음,113602
35.32881224,128.5849666,CWB379000169,신음,113601
35.32753376,128.6017207,CWB379000170,신동이주단지,119337
35.32739939,128.6019839,CWB379000171,신동이주단지,119338
35.32344425,128.6637451,CWB379000172,금산마을,104626
35.32286643,128.6950357,CWB379000173,신동마을,100207
35.32323176,128.6635343,CWB379000174,금산마을,104623
35.32273381,128.6950207,CWB379000175,신동마을,100208
35.32100086,128.6021103,CWB379000178,명호마을,119333
35.3207854,128.6022759,CWB379000179,명호마을,119334
35.3202954,128.62532126,CWB379000180,월백,106705
35.32017155,128.62531603,CWB379000181,월백,106706
35.3195008,128.6171506,CWB379000182,월촌,106703
35.3193491,128.6171497,CWB379000183,월촌,106704
35.31902081,128.60944544,CWB379000184,월촌교,106701
35.31891888,128.60931696,CWB379000185,월촌교,106702
35.31854852,128.63690042,CWB379000186,남백마을종점,106707
35.31835215,128.63659409,CWB379000187,남백마을종점,106708
35.31864936,128.60399796,CWB379000188,동전(14),119332
35.31744959,128.6616563,CWB379000189,마룡,104621
35.31788937,128.6033727,CWB379000191,동전,119331
35.31744055,128.6617715,CWB379000192,마룡,104624
35.31887438,128.5799316,CWB379000193,무동센텀파라디아아파트,104704
35.31824974,128.5797637,CWB379000194,무동센텀파라디아아파트,104703
35.31636963,128.5849012,CWB379000195,무동입구,104706
35.31618115,128.5862493,CWB379000196,무동입구,104705
35.31556482,128.6943567,CWB379000197,주남,116508
35.31561672,128.6942331,CWB379000198,주남,116507
35.31621992,128.5985878,CWB379000199,동전,104708
35.31628623,128.5985654,CWB379000200,동전,104707
35.31312289,128.6588753,CWB379000201,석산,104619
35.3119017,128.6051317,CWB379000202,까치골,119329
35.31264622,128.6586971,CWB379000203,석산,104622
35.31301374,128.59878227,CWB379000204,1366경남센터,104710
35.31211771,128.6056242,CWB379000205,까치골,119330
35.3129172,128.5985963,CWB379000206,1366경남센터,104709
35.31017632,128.65723636,CWB379000207,고양이주단지,104617
35.3105305,128.65753219,CWB379000208,고양이주단지,104620
35.30964798,128.6020565,CWB379000209,대천,119327
35.30960711,128.6022593,CWB379000210,대천,119328
35.30763212,128.6863315,CWB379000211,판신,116505
35.3076727,128.6867987,CWB379000212,판신,116506
35.30757175,128.6007584,CWB379000213,감나무골,119326
35.30697317,128.6006924,CWB379000214,감나무골,119325
35.30733699,128.5997989,CWB379000216,감계리,119404
35.30754373,128.5997304,CWB379000217,감계리,119403
35.3060693,128.6554104,CWB379000218,고양,104615
35.30595785,128.6555537,CWB379000219,고양,104618
35.30495105,128.6783359,CWB379000220,주남저수지,116503
35.30503523,128.67909419,CWB379000221,주남저수지,116504
35.30386562,128.6750688,CWB379000224,가월마을입구,116501
35.30397776,128.6576441,CWB379000225,화목,104616
35.30377486,128.6578523,CWB379000226,화목,104613
35.30360223,128.6273768,CWB379000227,승산초등학교,101708
35.30349628,128.6272136,CWB379000228,승산초등학교,101709
35.30344898,128.6745616,CWB379000229,가월입구,116502
35.30317206,128.6010192,CWB379000230,감계입구,119324
35.3033396,128.60079062,CWB379000231,감계입구,119323
35.30157816,128.6634195,CWB379000232,곡목,104614
35.30147896,128.6633885,CWB379000233,곡목,104611
35.3005004,128.5934466,CWB379000234,내감,103101
35.3005064,128.5933454,CWB379000235,내감,103102
35.30002713,128.6033567,CWB379000237,화천리,119322
35.29978349,128.6033253,CWB379000238,화천리,119321
35.29772298,128.6724266,CWB379000240,다호,104609
35.29792337,128.6724829,CWB379000241,다호,104612
35.29826013,128.5935794,CWB379000242,중방마을,112404
35.29692506,128.6284519,CWB379000243,고암마을,101706
35.29716073,128.6284036,CWB379000244,고암마을,101707
35.2944215,128.69425855,CWB379000245,무점종점,106001
35.29443536,128.69455563,CWB379000246,무점종점,106002
35.29348343,128.67556063,CWB379000247,모암,104607
35.29449355,128.6751056,CWB379000248,모암,104610
35.295278,128.5956566,CWB379000249,북면새터,112403
35.29322455,128.6239049,CWB379000250,한수,101704
35.29336257,128.6238618,CWB379000251,한수,101705
35.29278727,128.67588429,CWB379000252,칠성아파트,104608
35.29318915,128.60524316,CWB379000253,중재골입구,119319
35.29315158,128.60535783,CWB379000254,중재골입구,119320
35.29144504,128.67584287,CWB379000255,칠성아파트,104605
35.29118907,128.6003493,CWB379000256,외감,112402
35.29109228,128.6002792,CWB379000257,외감,112401
35.2892912,128.69972983,CWB379000258,우성아파트,105702
35.2892231,128.69944537,CWB379000259,우성아파트,105701
35.28938832,128.606389,CWB379000260,외감입구,119318
35.28916846,128.6064916,CWB379000262,외감입구,119317
35.2893155,128.60648017,CWB379000263,외감입구,119316
35.28870253,128.6188743,CWB379000264,대한마을,101703
35.28871659,128.6190316,CWB379000265,대한마을,101702
35.28575328,128.7008521,CWB379000268,무성마을입구,630011
35.28591532,128.6802762,CWB379000269,신방,104606
35.28569098,128.68037624,CWB379000270,신방,104603
35.28516448,128.70047337,CWB379000271,무성마을입구,630012
35.28648444,128.6140952,CWB379000272,지개리,101701
35.28599286,128.61033015,CWB379000274,지개리입구,119314
35.28586498,128.61028915,CWB379000276,지개리입구,119315
35.28362932,128.68233121,CWB379000277,용잠.동읍행정복지센터,104601
35.28374366,128.68237204,CWB379000279,용잠.동읍행정복지센터,104604
35.28379312,128.6122859,CWB379000280,달천산림욕장,119313
35.28032385,128.6959212,CWB379000282,자여입구,115329
35.28029585,128.6957386,CWB379000283,자여입구,115330
35.28162744,128.6137152,CWB379000284,산수정,119312
35.28142313,128.6136455,CWB379000285,산수정,119311
35.27905907,128.6888754,CWB379000287,동읍지구대,115327
35.27895988,128.689696,CWB379000288,동읍지구대,115328
35.27745088,128.7054409,CWB379000290,성진1차아파트,103301
35.27725622,128.6850125,CWB379000291,용잠삼거리,115326
35.2778391,128.66080833,CWB379000292,남산마을,630013
35.27725706,128.7006784,CWB379000294,자여민원센터,115801
35.27722131,128.6842029,CWB379000295,용잠삼거리,115325
35.27730647,128.6160901,CWB379000297,굴현고개,119310
35.27645815,128.656854,CWB379000299,용전마을,630014
35.27675083,128.6161063,CWB379000300,굴현고개,119309
35.27526122,128.7031314,CWB379000302,용정,115804
35.27456283,128.6751424,CWB379000304,동읍덕산마을,115324
35.27438237,128.6742214,CWB379000305,동읍덕산마을,115323
35.27368799,128.7057591,CWB379000306,성진5차아파트,115805
35.2706693,128.7110476,CWB379000310,외단계,115808
35.27095636,128.66160738,CWB379000313,용전.남산마을입구,115321
35.27155964,128.614358,CWB379000314,천주암,119308
35.27059519,128.66165769,CWB379000315,용전.남산마을입구,115322
35.27144038,128.6142108,CWB379000316,천주암,119307
35.26949846,128.6472602,CWB379000317,용암,115319
35.26946843,128.6466746,CWB379000318,용암,115320
35.26783989,128.6406137,CWB379000319,용강검문소,115318
35.26789767,128.639714,CWB379000320,용강검문소,115317
35.26630467,128.6165887,CWB379000322,동정동갓골,119306
35.26618459,128.61636634,CWB379000323,동정동갓골,119305
35.26600428,128.53294546,CWB379000324,평성종점,409714
35.26591089,128.53284755,CWB379000325,평성종점,409715
35.26652663,128.5275165,CWB379000326,신우타워,422820
35.26647811,128.5279332,CWB379000327,신우타워,422819
35.26507244,128.6273052,CWB379000328,소답초등학교,115005
35.26507544,128.6242532,CWB379000329,향교입구,115003
35.26508044,128.6202862,CWB379000330,창원초등학교,115001
35.26489911,128.6256617,CWB379000331,소답상가,115004
35.26492444,128.6220922,CWB379000333,북동공설시장,115002
35.26446465,128.6181899,CWB379000336,흥한웰가아파트,119304
35.26426344,128.6283102,CWB379000337,동일그린맨션,115006
35.26516812,128.5509949,CWB379000338,안성종점,410903
35.26518783,128.55121504,CWB379000339,안성종점,410904
35.26430902,128.617951,CWB379000342,흥한웰가아파트,119303
35.26349677,128.6178319,CWB379000344,동정동/써니마트,119301
35.26326233,128.62863151,CWB379000345,소답입구,115007
35.26336233,128.61832661,CWB379000346,동정동,119302
35.26518696,128.5187824,CWB379000347,호계,422704
35.26497504,128.5190182,CWB379000348,호계,422703
35.26289155,128.61612786,CWB379000349,오성아파트,109102
35.26252944,128.6154932,CWB379000350,오성아파트,109101
35.26214385,128.6286003,CWB379000351,소답온천,115008
35.26317144,128.5350752,CWB379000352,안곡마을,409712
35.26291181,128.5214149,CWB379000353,국제아파트,422702
35.26203265,128.6151521,CWB379000354,태광주유소,115305
35.26282554,128.5212068,CWB379000355,국제아파트,422701
35.26309575,128.5349942,CWB379000356,안곡마을,409713
35.2618589,128.6329544,CWB379000357,도계동만남의광장,115315
35.26179249,128.6200302,CWB379000358,윤병원,115307
35.26166344,128.6228942,CWB379000361,의창동환승센터,115309
35.26151572,128.6322538,CWB379000362,도계동만남의광장,115316
35.26154856,128.6292549,CWB379000364,금호온천,115313
35.26160771,128.6169419,CWB379000365,의창사거리,115308
35.26146649,128.6257342,CWB379000366,소답동,115311
35.26139312,128.6209841,CWB379000367,윤병원,115310
35.2612419,128.6244038,CWB379000369,의창동환승센터,115312
35.2611449,128.6285109,CWB379000370,소답동,115314
35.26082375,128.6362921,CWB379000372,도계동,104503
35.2627352,128.49622151,CWB379000373,용담종점,421701
35.26243127,128.49747682,CWB379000374,용담종점,421703
35.26028079,128.6346775,CWB379000375,한마음아파트,104502
35.26062297,128.6104637,CWB379000376,서상삼거리,115303
35.2619199,128.5069223,CWB379000377,제일고등학교,421705
35.26160441,128.50346937,CWB379000378,마산대학교종점,630015
35.26219639,128.50369733,CWB379000379,마산대학교종점,630016
35.26200106,128.5066251,CWB379000380,제일고등학교,421704
35.25984322,128.6335314,CWB379000381,한마음아파트,104501
35.26009881,128.610353,CWB379000382,서상삼거리,115306
35.26055991,128.5456446,CWB379000385,안성새터마을,410901
35.26046254,128.5457148,CWB379000386,안성새터마을,410902
35.25946231,128.6166879,CWB379000387,창원여중,120607
35.22671986,128.57709225,CWB379000389,3.15아트센터,408608
35.26059844,128.5231042,CWB379000390,호계농협,422815
35.25865773,128.63809575,CWB379000391,도계초등학교,104505
35.25905985,128.63801594,CWB379000393,도계초등학교,104504
35.34679099,128.7236716,CWB379000394,북부,103715
35.25891244,128.6165122,CWB379000396,창원여중,120608
35.25931701,128.5380794,CWB379000400,평성마을,409711
35.25923087,128.5383633,CWB379000401,평성마을,409710
35.25822344,128.6020942,CWB379000403,소계종점입구,102503
35.19479542,128.50144941,CWB379006186,절골입구,401319
35.19489282,128.50140729,CWB379006187,절골입구,401318
35.15693457,128.43140523,CWB379006188,영동,321633
35.15682896,128.43138143,CWB379006189,영동,321634
35.15828534,128.3994935,CWB379006190,상평중마을,321413
35.15842859,128.39938072,CWB379006191,상평중마을,321414
35.19129,128.695136,CWB379006192,안민교삼거리,209308
35.19354832,128.69379413,CWB379006193,태화교,209309
35.19634689,128.69248535,CWB379006194,두리교,209310
35.20301506,128.68996659,CWB379006195,정동로,209312
35.14403362,128.67265301,CWB379006196,속천항,509610
35.14425001,128.6732993,CWB379006197,속천항,509609
35.12118063,128.79454539,CWB379006198,컬리물류센터,513812
35.12126572,128.80095846,CWB379006199,쿠팡물류센터,513814
35.12136138,128.79451097,CWB379006200,컬리물류센터,513813
35.20481715,128.51808264,CWB379006202,감천마을회관,400808
35.34974557,128.71935974,CWB379006204,대산파크골프장,630000
35.24527055,128.58992307,CWB379006205,복음요양병원,400142
35.16525706,128.66156122,CWB379006206,양지마을,511408
35.11552276,128.48723701,CWB379006207,진동,308141
35.08726781,128.58126636,CWB379006209,반동방파제,321936
35.08710902,128.58134827,CWB379006210,반동방파제,321937
35.11315256,128.5678507,CWB379006211,제비골,309213
35.11306323,128.56778866,CWB379006212,제비골,309214
35.20261548,128.67038121,CWB379006213,상복사거리,201243
35.19922886,128.66778659,CWB379006214,상복교차로,201244
35.19910882,128.66799549,CWB379006215,상복교차로,201245
35.19849842,128.66421709,CWB379006216,산업기계제조지원센터,201246
35.19834099,128.66403272,CWB379006217,산업기계제조지원센터,201247
35.22419946,128.66942321,CWB379006218,대상힐스테이트,201248
35.23083014,128.66615687,CWB379006219,창원과학체험관,201249
35.18543871,128.70749039,CWB379006220,천선일반산업단지,209313
35.18030089,128.71472638,CWB379006221,성주사입구,209314
35.14568686,128.55409793,CWB379006222,현동근린공원,322616
35.14551144,128.55407265,CWB379006223,현동근린공원,322617
35.14619156,128.55110929,CWB379006224,우산천2교,322618
35.14611247,128.55112699,CWB379006225,우산천2교,322619
35.14639934,128.54878157,CWB379006226,현동휴튼A,322620
35.1463023,128.54879345,CWB379006227,현동휴튼A,322621
35.09326587,128.79086049,CWB379006228,안골회차장,630425
35.09321441,128.7909882,CWB379006229,안골회차장,630426
35.27631392,128.70580242,CWB379006231,동부산1차아파트,103304
35.27380175,128.70436782,CWB379006232,내단계마을,103305
35.09449756,128.73041448,CWB379006233,삼포마을,505519
35.13094804,128.55066926,CWB379006234,유산교차로,314799
35.13099315,128.5504891,CWB379006235,유산교차로,314800
35.24005444,128.63408271,CWB379006236,창원스마트업파크,118820
35.240874,128.63529104,CWB379006237,운암서원삼거리,118822
35.24094042,128.63537751,CWB379006238,운암서원삼거리,118823
35.23827306,128.63918783,CWB379006239,터미널삼거리,118824
35.23836046,128.63922255,CWB379006240,터미널삼거리,118825
35.14572723,128.7072731,CWB379001588,덕산해군아파트,518135
35.14630604,128.6597162,CWB379001589,남원로터리,520301
35.14601743,128.6602542,CWB379001592,남원로터리,520302
35.14483919,128.707034,CWB379001593,덕산해군아파트,518134
35.14745947,128.4790644,CWB379001594,부평마을,317712
35.14720699,128.479013,CWB379001595,부평마을,317711
35.14490443,128.6609472,CWB379001596,인의동터미널,630064
35.14420827,128.7010386,CWB379001597,덕산동,519832
35.14417143,128.7012012,CWB379001598,덕산동,519833
35.14465643,128.6606162,CWB379001599,인의동터미널,630065
35.14557214,128.5835752,CWB379001600,대덕농원,300609
35.14550401,128.5837259,CWB379001601,대덕농원,300610
35.14585956,128.5111238,CWB379001602,태봉병원,306604
35.14655866,128.5108784,CWB379001603,태봉마을,306603
35.14276243,128.7074702,CWB379001604,자은포스코,518137
35.14570978,128.45068778,CWB379001605,금산마을입구,321612
35.1456293,128.45063424,CWB379001606,금산마을입구,321611
35.14644582,128.3701934,CWB379001607,의산보건진료소,315209
35.14654418,128.3703447,CWB379001608,의산보건진료소,315210
35.14340782,128.580972,CWB379001609,매립지입구,300607
35.14335524,128.5810818,CWB379001610,매립지입구,300608
35.14051058,128.7075129,CWB379001612,자은본동,518139
35.14021743,128.7012582,CWB379001613,우성아파트,519834
35.14270631,128.5073517,CWB379001614,오산마을,306601
35.14299729,128.4827767,CWB379001615,망곡마을,317709
35.14258697,128.4834386,CWB379001616,망곡마을,317710
35.14162511,128.5076239,CWB379001617,입곡마을입구,306602
35.14128468,128.5783748,CWB379001618,덕동어린이집,300606
35.141258,128.5780181,CWB379001619,덕동어린이집,300605
35.13951342,128.7073377,CWB379001620,우성아파트.아이존빌입구,518138
35.13910543,128.7016712,CWB379001621,우성아파트,519835
35.1403061,128.5758729,CWB379001622,덕동마을,300603
35.14019675,128.5759228,CWB379001623,덕동,300604
35.14127983,128.56040249,CWB379001624,묘촌입구,322602
35.14060666,128.56053776,CWB379001625,묘촌입구,322601
35.13738135,128.7078281,CWB379001626,풍호동행정복지센터,518140
35.14020551,128.4796035,CWB379001627,신촌공단,317803
35.1400939,128.4797129,CWB379001628,신촌공단,317804
35.14163285,128.3723671,CWB379001629,거락마을,315207
35.14160386,128.3725061,CWB379001630,거락마을,315208
35.13661328,128.7022408,CWB379001631,풍호동평화마을,519837
35.13628691,128.7083512,CWB379001632,녹수아파트,518141
35.13638357,128.7020861,CWB379001633,풍호동평화마을,519836
35.13881824,128.458414,CWB379001634,이목마을,321609
35.13935775,128.4579281,CWB379001635,이목마을,321610
35.13503892,128.7064141,CWB379001639,마린푸르지오1단지.신광아파트,519203
35.13485774,128.7064338,CWB379001641,마린푸르지오1단지.신광아파트,519204
35.13739676,128.4845078,CWB379001642,연동마을,317707
35.13750933,128.4847541,CWB379001643,연동마을,317708
35.13820038,128.38243148,CWB379001644,금암(중촌)마을,302701
35.13812629,128.38240829,CWB379001645,금암(중촌)마을,302702
35.13715781,128.4601173,CWB379001646,부산마을입구,321608
35.13699631,128.4601571,CWB379001647,부산마을입구,321607
35.13706037,128.39108522,CWB379001648,상촌,302703
35.1346401,128.5670505,CWB379001651,하수도사업소,300601
35.13687726,128.3743426,CWB379001653,금암마을,315206
35.13678076,128.3742915,CWB379001654,금암마을,315205
35.13434907,128.5673571,CWB379001655,하수도사업소,300602
35.13585921,128.4625181,CWB379001657,이목,321605
35.13560053,128.46299917,CWB379001658,이목,321606
35.13150475,128.70366474,CWB379001659,장천동.이순신리더쉽국제센터,519839
35.13464807,128.4849421,CWB379001660,연동마을입구,317706
35.13049012,128.70371765,CWB379001661,장천동.이순신리더쉽국제센터,519838
35.13436415,128.47669361,CWB379001662,신촌회차장,317801
35.13495456,128.4775102,CWB379001663,신촌회차장,317802
35.13375965,128.4850727,CWB379001664,연동마을입구,317705
35.13270643,128.5661952,CWB379001665,유산삼거리,314805
35.13264282,128.56640043,CWB379001667,유산삼거리,314806
35.13180767,128.563583,CWB379001668,유천마을,314803
35.13166242,128.563937,CWB379001669,유천마을,314804
35.1328379,128.376152,CWB379001670,대정,315204
35.13267389,128.3760455,CWB379001671,대정,315203
35.13011443,128.5572882,CWB379001672,유산마을,314801
35.13006379,128.55759946,CWB379001673,유산마을,314802
35.13063451,128.3768551,CWB379001674,대정입구,315202
35.13056699,128.3767488,CWB379001675,대정입구,315201
35.13026844,128.4461776,CWB379001677,인곡마을종점,315101
35.13027021,128.3757348,CWB379001679,대정입구,320701
35.12875331,128.5001124,CWB379001680,한백자동차학원,308126
35.13026818,128.3750577,CWB379001682,대정입구,320702
35.1286784,128.4666163,CWB379001684,대평마을,321603
35.1286809,128.4667207,CWB379001685,대평마을,321604
35.1257633,128.4866097,CWB379001686,덕기마을,317704
35.12601202,128.4863281,CWB379001687,덕기마을,317703
35.1254442,128.5770311,CWB379001688,골매마을입구,630066
35.12538367,128.5772458,CWB379001689,골매마을입구,630067
35.12739925,128.3822365,CWB379001690,개양마을,320704
35.12714415,128.3826634,CWB379001691,개양마을,320703
35.12620894,128.43856828,CWB379001693,정곡종점,317902
35.12357286,128.4876384,CWB379001695,진동면허시험장,317702
35.12370013,128.4873184,CWB379001697,진동면허시험장,317701
35.12483972,128.4472663,CWB379001698,동삼마을,315103
35.12430076,128.3858251,CWB379001699,양촌리,320705
35.12405534,128.385887,CWB379001701,양촌리,320706
35.12140958,128.5797677,CWB379001702,수정,301822
35.12121792,128.5797048,CWB379001703,수정,301819
35.12129739,128.53620169,CWB379001704,마전입구,322116
35.12120388,128.5365957,CWB379001705,마전입구,322115
35.12297045,128.3743694,CWB379001708,일암,316002
35.12318594,128.3744745,CWB379001709,일암,316001
35.11956662,128.5803154,CWB379001710,구산면행정복지센터,301820
35.11960155,128.5801857,CWB379001711,구산면행정복지센터,301817
35.12026918,128.4946137,CWB379001712,야촌,308124
35.12113884,128.3779901,CWB379001716,일암종점,316003
35.12108891,128.3782098,CWB379001717,일암종점,316011
35.11937637,128.4935771,CWB379001718,야촌,308123
35.11838219,128.5403527,CWB379001720,군령삼거리,322118
35.11836148,128.5407961,CWB379001722,군령삼거리,322117
35.11924271,128.4515106,CWB379001723,예곡마을,315106
35.11917668,128.4514583,CWB379001724,예곡마을,315105
35.11798143,128.5453282,CWB379001725,군령,309201
35.11780732,128.5453375,CWB379001726,군령,309202
35.11798709,128.4719009,CWB379001730,덕곡입구,321602
35.1179491,128.4718149,CWB379001731,덕곡입구,321601
35.11650861,128.57938804,CWB379001732,수정종점,309208
35.11655085,128.5803466,CWB379001733,수정삼거리,301818
35.11691823,128.5321721,CWB379001734,도만,322114
35.11691701,128.53230785,CWB379001735,도만,322113
35.11869741,128.3910998,CWB379001736,동산마을,320707
35.11628907,128.5803515,CWB379001737,수정삼거리,301815
35.11838791,128.3911934,CWB379001738,동산마을,320708
35.1166836,128.4889768,CWB379001739,삼진고등학교,308121
35.11554241,128.5781003,CWB379001740,수정시내버스환승센터,309207
35.11656188,128.4556739,CWB379001742,예곡,315108
35.11693885,128.4548728,CWB379001743,예곡,315107
35.11484872,128.5849748,CWB379001745,장문안마을,301814
35.11472985,128.5849301,CWB379001746,장문안마을,301811
35.11598359,128.4642952,CWB379001749,서촌,630068
35.11585817,128.4643579,CWB379001750,서촌,630069
35.11779733,128.49136149,CWB379001751,진동초등학교,308125
35.11541764,128.473522,CWB379001752,동촌,308115
35.11432001,128.5632214,CWB379001753,석곡마을,309203
35.1142579,128.5633505,CWB379001754,석곡마을,309204
35.11521496,128.4738996,CWB379001756,동촌,308118
35.11567792,128.4875238,CWB379001758,진동,308122
35.11487073,128.4690057,CWB379001759,진북면행정복지센터,308113
35.11477101,128.4692769,CWB379001761,진북면행정복지센터,308116
35.11456949,128.4789616,CWB379001762,창의탑,308120
35.11448331,128.4787075,CWB379001764,창의탑,308117
35.11452408,128.4597709,CWB379001766,예곡,315110
35.11485593,128.4588621,CWB379001767,예곡,315109
35.11267265,128.5714495,CWB379001768,수정관광농원,309205
35.11406767,128.4619778,CWB379001769,지산마을,630070
35.11395486,128.4617675,CWB379001770,지산마을,630071
35.11256183,128.57153558,CWB379001771,수정관광농원,309206
35.11211203,128.5885855,CWB379001772,장문안마을뒤,301812
35.11227336,128.58830545,CWB379001774,장문안마을뒤,301809
35.1130056,128.4631827,CWB379001775,해병전첩비,308111
35.11295957,128.4635369,CWB379001776,해병전첩비,308114
35.11120603,128.5226431,CWB379001778,다구배나무골,322112
35.11109781,128.5226751,CWB379001779,다구배나무골,322111
35.11117443,128.4893342,CWB379001780,혜창아파트,322102
35.11111594,128.4892249,CWB379001781,혜창아파트,322101
35.11083539,128.4787287,CWB379001782,신기마을입구,306311
35.11054067,128.47879,CWB379001783,신기마을입구,306312
35.11102172,128.4601151,CWB379001784,율티마을,308112
35.11062558,128.4587781,CWB379001785,옥곡마을,308107
35.10965012,128.5184601,CWB379001786,다구본동,322110
35.10958436,128.5185866,CWB379001787,다구본동,322109
35.10814636,128.54819994,CWB379001788,명주,322121
35.10840438,128.54810885,CWB379001789,명주,322120
35.10930361,128.4150057,CWB379001790,진전초등학교,320711
35.10961144,128.4176696,CWB379001791,봉곡마을,320713
35.10956628,128.4154358,CWB379001792,진전초등학교,320712
35.10948812,128.4176679,CWB379001793,봉곡마을,320714
35.10947326,128.4145013,CWB379001795,곡안리,320709
35.10944143,128.414869,CWB379001796,진전초교,320710
35.10894804,128.4537527,CWB379001797,옹기골,308110
35.10792202,128.4477264,CWB379001798,신기,308105
35.10780081,128.426484,CWB379001799,도산마을,320716
35.1076017,128.4271774,CWB379001800,도산마을,320715
35.106937,128.478477,CWB379001801,죽전,306309
35.10714596,128.4785654,CWB379001802,죽전,306310
35.10718092,128.4487708,CWB379001803,암하,308106
35.10706643,128.4507522,CWB379001804,암하,308108
35.10605174,128.5119297,CWB379001806,아래주도,322108
35.1059641,128.5119741,CWB379001807,아래주도,322107
35.10644133,128.4405718,CWB379001808,진목마을,308104
35.10653624,128.4403592,CWB379001809,진목마을,308103
35.10606255,128.435441,CWB379001811,천주교마산교구청,308101
35.10592609,128.4348966,CWB379001812,천주교마산교구청,308102
35.10474243,128.4982582,CWB379001813,광암선창,322104
35.104638,128.4982195,CWB379001814,광암선창,322103
35.1046895,128.4168993,CWB379001815,진전어린이집,311904
35.1034917,128.50705487,CWB379001816,주도입구,322106
35.10338256,128.5070512,CWB379001817,주도입구,322105
35.10421009,128.4171195,CWB379001818,진전어린이집,311903
35.10127263,128.5907562,CWB379001819,옥계입구,301810
35.10256838,128.4795362,CWB379001820,고현,306308
35.10255959,128.4794468,CWB379001821,고현,306307
35.10133977,128.59064847,CWB379001822,옥계입구,301807
35.10263124,128.4185451,CWB379001827,진전면행정복지센터,311902
35.10250227,128.4184674,CWB379001828,진전면행정복지센터,311901
35.10204182,128.4161441,CWB379001830,오서시장,303803
35.10192986,128.4165166,CWB379001831,오서시장,303804
35.10197721,128.4100194,CWB379001832,진전중학교,303801
35.10186771,128.410219,CWB379001833,진전중학교,303802
35.10164805,128.4261681,CWB379001834,오서입구,303805
35.10155543,128.4261012,CWB379001835,오서입구,303806
35.10063652,128.4792693,CWB379001836,고현수협조합,306305
35.10070069,128.4791641,CWB379001838,고현수협조합,306306
35.10011495,128.4680241,CWB379001839,선두종점,306302
35.10012325,128.4682859,CWB379001840,선두종점,306301
35.09911806,128.4752122,CWB379001841,장기,306304
35.09914843,128.4755002,CWB379001842,장기,306303
35.09684382,128.5830009,CWB379001843,내포마을,301803
35.09673743,128.5830707,CWB379001844,내포마을,301806
35.09702581,128.5508001,CWB379001845,미리마을,322124
35.09664878,128.5509552,CWB379001846,미리마을,322123
35.09833295,128.4313674,CWB379001847,호산마을,630072
35.09805566,128.4311907,CWB379001848,호산마을,630073
35.09791415,128.4054212,CWB379001849,회동,320003
35.09777767,128.4054268,CWB379001850,회동,320004
35.09754899,128.4388915,CWB379001852,정달마을,630074
35.09746805,128.4388518,CWB379001853,정달마을,630075
35.09558545,128.5832223,CWB379001854,신촌마을,301804
35.09575715,128.5569975,CWB379001856,욱곡마을회관앞,322126
35.09593971,128.4463562,CWB379001859,이명마을입구,323125
35.09585851,128.4461655,CWB379001860,이명마을입구,323126
35.09370694,128.5666733,CWB379001861,욱곡용궁횟집,322128
35.09358509,128.5666603,CWB379001862,욱곡용궁횟집,322127
35.09321769,128.6115721,CWB379001863,옥계종점,312101
35.09299413,128.6116323,CWB379001864,옥계종점,312102
35.0948054,128.45017,CWB379001865,이명마을,323123
35.09469647,128.4502549,CWB379001866,이명마을,323124
35.09273008,128.5712586,CWB379001867,욱곡마을,322130
35.09262872,128.57116119,CWB379001869,욱곡마을,322129
35.09464524,128.3989629,CWB379001870,탑동종점,320002
35.09143857,128.583426,CWB379001871,욱곡입구,301801
35.0914528,128.5835896,CWB379001872,욱곡입구,301802
35.09130334,128.5756654,CWB379001874,욱곡,322132
35.09118289,128.5756303,CWB379001875,욱곡,322131
35.08907328,128.5836995,CWB379001876,망향정입구,322134
35.08903487,128.5835417,CWB379001877,망향정입구,322133
35.09004035,128.46036,CWB379001878,창포마을,323122
35.08971188,128.4603637,CWB379001879,창포마을,323121
35.08753954,128.5852798,CWB379001880,반동삼거리,322136
35.08727559,128.5853381,CWB379001881,반동삼거리,322135
35.08666037,128.5848931,CWB379001883,구산농협,322137
35.08656726,128.5847775,CWB379001884,구산농협,322138
35.08719568,128.4637094,CWB379001885,창포,323119
35.08704374,128.4638131,CWB379001886,창포,323120
35.08458734,128.5916917,CWB379001887,양평,315401
35.08452743,128.5915552,CWB379001888,양평,315402
35.08385968,128.571111,CWB379001889,춘추원,322139
35.08375014,128.5715288,CWB379001890,춘추원,322140
35.08247841,128.5699702,CWB379001891,붉은등대,322141
35.08236796,128.5700245,CWB379001892,붉은등대,322142
35.08155178,128.6027838,CWB379001893,난포리,315403
35.08139368,128.6028852,CWB379001894,난포리,315404
35.08062292,128.5661464,CWB379001895,장구리,322143
35.08055827,128.5662643,CWB379001896,장구리,322144
35.0770772,128.4640974,CWB379001897,동진대교,323118
35.07717281,128.4639756,CWB379001898,동진대교,323117
35.07534349,128.5645901,CWB379001899,연까치,322145
35.07515097,128.5648854,CWB379001900,연까치,322146
35.07375497,128.6262943,CWB379001901,장수암입구,315413
35.07366203,128.626204,CWB379001902,장수암입구,315414
35.07265201,128.62083319,CWB379001903,범바위,315411
35.07262348,128.62094499,CWB379001904,범바위,315412
35.07440628,128.4519604,CWB379001906,소포,323113
35.0742717,128.4518856,CWB379001907,소포,323114
35.07163391,128.6298229,CWB379001908,청등골,315415
35.07153565,128.6297633,CWB379001909,청등골,315416
35.07160761,128.5980543,CWB379001910,윗용호,313401
35.07158684,128.598191,CWB379001911,윗용호,313402
35.07293339,128.4622828,CWB379001912,동진대교,323115
35.07297213,128.4624858,CWB379001913,동진대교,323116
35.07143306,128.5666532,CWB379001914,구복,322147
35.07123753,128.5666564,CWB379001915,구복,322148
35.07071338,128.6055408,CWB379001916,심리,315405
35.07074605,128.6056797,CWB379001917,심리,315406
35.06986505,128.6351254,CWB379001919,선착장,315418
35.06990894,128.6352695,CWB379001920,선착장,315417
35.07225037,128.4390807,CWB379001921,시락,323107
35.07216367,128.43918121,CWB379001922,시락,323108
35.07227365,128.441177,CWB379001923,시락마을,323109
35.07213615,128.441253,CWB379001924,시락마을,323110
35.07212691,128.4464403,CWB379001925,해변횟집,323111
35.07200795,128.4462945,CWB379001926,해변횟집,323112
35.06975548,128.6154867,CWB379001927,청등골,315409
35.06966976,128.6155672,CWB379001928,청등골,315410
35.06958943,128.6109882,CWB379001929,별장입구,315407
35.06948212,128.6109714,CWB379001930,별장입구,315408
35.06942206,128.6051847,CWB379001931,상심리,313406
35.06950653,128.6050825,CWB379001932,상심리,313405
35.06863066,128.6341406,CWB379001933,설진,315419
35.06848054,128.6339989,CWB379001934,설진,315420
35.06833853,128.6300678,CWB379001935,원전종점,315421
35.06824273,128.63023902,CWB379001936,원전종점,315422
35.06566438,128.5615196,CWB379001937,저도연육교.스카이워크,322149
35.06563931,128.5616394,CWB379001938,저도연육교.스카이워크,322150
35.06271596,128.59515739,CWB379001939,아랫용호,313403
35.06263599,128.5950024,CWB379001940,아랫용호,313404
35.06081827,128.4319564,CWB379001941,정곡,323101
35.06070516,128.4319221,CWB379001942,정곡,323102
35.06001085,128.4249817,CWB379001943,시락정곡종점,323103
35.06003284,128.4251095,CWB379001944,시락정곡종점,323104
35.153063,128.3983738,CWB379001947,미천마을,321403
35.15309617,128.3986031,CWB379001948,미천마을,321404
35.16495749,128.4004762,CWB379001949,상평종점,321401
35.16491887,128.400545,CWB379001950,상평종점,321402
35.21070387,128.580749,CWB379001953,용마고등학교,322503
35.21114899,128.5771125,CWB379001954,육호광장,322502
35.22679158,128.679732,CWB379001955,이마트,213307
35.2389889,128.68596729,CWB379001956,어울림어린이공원,119124
35.21433519,128.6759339,CWB379001957,한국가스안전공사,218814
35.24536507,128.4997556,CWB379001964,상곡동,408801
35.17788743,128.5656022,CWB379001968,해운중학교,630077
35.17796043,128.5651602,CWB379001969,해운중학교,630078
35.17929243,128.5667862,CWB379001971,방송통신대,322002
35.17590206,128.5685334,CWB379001973,마산합포스포츠센터,322020
35.17630159,128.5686509,CWB379001974,마산합포스포츠센터,322021
35.16981189,128.5761707,CWB379001975,가포신항,322022
35.1686097,128.5778268,CWB379001976,가포신항,322023
35.20771943,128.5133072,CWB379001981,감천입구,630079
35.21782089,128.5034041,CWB379001984,광려중학교,401310
35.23757659,128.5040952,CWB379001985,내서여고,401009
35.25594295,128.5123047,CWB379001987,농산물도매시장,414901
35.25659209,128.5126952,CWB379001988,농산물도매시장,414902
35.23776657,128.54337949,CWB379001991,두척,407202
35.23778307,128.54385215,CWB379001992,두척,407201
35.21088106,128.5806934,CWB379001993,용마고등학교,322501
35.24368443,128.6563632,CWB379001994,유목교,119110
35.23363686,128.5790683,CWB379001995,마산역.365병원,400111
35.22597873,128.57846454,CWB379001996,3.15아트센터,408607
35.20605615,128.5795282,CWB379002004,오동동아구찜거리,321913
35.22838243,128.6512692,CWB379002006,공단회관,218804
35.32071401,128.698575,CWB379002012,신등초등학교,116510
35.32086303,128.6985482,CWB379002013,신등초등학교,116509
35.32366564,128.7012666,CWB379002014,상등,116512
35.3236771,128.701118,CWB379002015,상등,116511
35.32902379,128.70510031,CWB379002016,장등,116514
35.32907794,128.70499402,CWB379002017,장등,116513
35.35845392,128.7117882,CWB379002018,남모산종점,103712
35.35871932,128.7116763,CWB379002019,남모산종점,103713
35.33214061,128.70919912,CWB379002020,제동마을,118002
35.32304532,128.7132927,CWB379002022,상포,630080
35.3305375,128.7314099,CWB379002030,월림마을,113501
35.34297155,128.7434867,CWB379002031,유청,103716
35.343146,128.7435129,CWB379002032,유청,103717
35.2785644,128.7014941,CWB379002035,송정주공아파트,630081
35.27504244,128.70617688,CWB379002036,성진3차아파트,103302
35.26645846,128.5176,CWB379002064,호계중학교,422705
35.19030864,128.72331574,CWB379002066,불모산종점,207303
35.29285749,128.7078452,CWB379002068,좌곤육교,630102
35.2967751,128.707516,CWB379002069,좌곤,630103
35.30277608,128.7107444,CWB379002070,대근아파트,630104
35.30376315,128.7235322,CWB379002072,삼성아파트,630105
35.30347956,128.72873042,CWB379002075,중구,630107
35.30292621,128.73291809,CWB379002076,진영농협(진영전통시장),630108
35.30259709,128.73607164,CWB379002077,진영시외주차장,630109
35.30210067,128.7410635,CWB379002078,제일고등학교,630110
35.30170109,128.7463525,CWB379002079,기영아파트,630111
35.30109321,128.7501323,CWB379002080,용전마을,630112
35.3000526,128.7540295,CWB379002084,진영한방병원,630115
35.30182864,128.7463255,CWB379002085,기영아파트,630116
35.3022112,128.7412481,CWB379002086,제일고등학교,630117
35.30277623,128.73567696,CWB379002087,진영시외주차장,630118
35.30299893,128.73334564,CWB379002088,진영농협(진영전통시장),630119
35.3033606,128.72885706,CWB379002089,중구,630120
35.30390025,128.7234197,CWB379002090,삼성아파트,630121
35.30462431,128.7187845,CWB379002091,부곡,630122
35.30485908,128.7144713,CWB379002092,거성아파트,630123
35.29680505,128.7072973,CWB379002093,좌곤,630124
35.29260144,128.7076711,CWB379002094,좌곤육교,630125
35.29667903,128.7607373,CWB379002096,신용삼거리,630126
35.24759944,128.6704472,CWB379002097,봉곡상가,106905
35.34506786,128.7456067,CWB379002173,유등,630168
35.34495861,128.7455334,CWB379002174,유등,630169
35.34789795,128.6392429,CWB379002189,월계마을회관,114402
35.34230121,128.6215989,CWB379002191,마산리경로당,105101
35.34093702,128.62285573,CWB379002192,마산리경로당,105102
35.20727688,128.64373086,CWB379002200,삼우정밀,214606
35.20887801,128.6417999,CWB379002201,대원기전,214608
35.21171143,128.6437632,CWB379002204,대동정밀,214610
35.21128043,128.6470042,CWB379002205,윤화스너,218701
35.20642049,128.6526414,CWB379002206,대영정공,218703
35.20978182,128.6516205,CWB379002208,삼현정밀,630172
35.20777474,128.6560212,CWB379002210,미래기전,211605
35.20231488,128.67110247,CWB379002211,상복사거리,201218
35.20682507,128.6551298,CWB379002222,경남스틸,211602
35.20755989,128.64030787,CWB379002227,월림단지,214604
35.1923424,128.8103422,CWB379002249,삼문마을,630185
35.19243106,128.8102605,CWB379002250,삼문마을,630186
35.37522164,128.5787941,CWB379002258,오곡,100901
35.37514561,128.5786577,CWB379002259,오곡,100902
35.21083254,128.65923088,CWB379002263,완암사거리,212207
35.21097572,128.65897574,CWB379002264,완암사거리,212208
35.21858555,128.66577475,CWB379002265,연덕로,212209
35.2187661,128.665589,CWB379002266,연덕로,212210
35.20267443,128.7011222,CWB379002272,남산고등학교,630191
35.19074116,128.7249022,CWB379002280,불모산,218829
35.19534193,128.8144022,CWB379002283,쌍용예가,630197
35.19726743,128.8164572,CWB379002284,무계교,630198
35.20462297,128.8064105,CWB379002285,대동2단지,630199
35.24168206,128.6878946,CWB379002287,우영프라자,120501
35.20227347,128.7129596,CWB379002296,삼정자중학교,208201
35.254398,128.6067947,CWB379002297,경남테크노파크,118801
35.24593238,128.6466131,CWB379002299,명서로입구,105408
35.2017211,128.7083035,CWB379002305,한림푸르지오,212501
35.2017233,128.7081493,CWB379002306,한림푸르지오,212502
35.24983054,128.6188869,CWB379002315,중앙정밀,121201
35.2485124,128.6211646,CWB379002316,삼광3공장,121202
35.24744869,128.6230116,CWB379002317,삼광기계,121203
35.24626554,128.6251025,CWB379002318,삼광정밀,117101
35.24505495,128.6272299,CWB379002319,신진기업,117102
35.24411822,128.6279649,CWB379002320,코리아펀치,118501
35.24544942,128.6254619,CWB379002321,에스아이텍,117002
35.24687882,128.6229509,CWB379002322,SCC㈜,117001
35.24810539,128.6208018,CWB379002323,삼현철강,121102
35.24943044,128.6184502,CWB379002324,창일기계,121101
35.24676579,128.61504976,CWB379002335,KPE,120903
35.24424676,128.61564782,CWB379002336,코리아전자,121301
35.24244,128.618778,CWB379002337,대호테크,121302
35.24096959,128.62141612,CWB379002338,미래산업,118401
35.22081443,128.5707652,CWB379000935,동중후문,407218
35.22070343,128.5618842,CWB379000938,마산여중,406105
35.21867755,128.7014442,CWB379000940,상남교회,210005
35.21833943,128.7023822,CWB379000945,사파동성아파트,219109
35.21822611,128.7019847,CWB379000946,사파동성아파트,219108
35.21852643,128.6807132,CWB379000948,상남대우아파트,209001
35.21832492,128.6960349,CWB379000949,사파삼익1차아파트,214301
35.2184253,128.6805624,CWB379000950,상남대우아파트,209002
35.21887471,128.5870619,CWB379000951,신세계백화점,321923
35.21969293,128.58171987,CWB379000952,산호시장입구,312803
35.2180131,128.6959144,CWB379000953,사파삼익1차아파트,214302
35.21933543,128.6000532,CWB379000954,봉암공단 입구,407107
35.21959548,128.5871657,CWB379000955,신세계백화점,321922
35.21960534,128.5708317,CWB379000956,동중입구,407221
35.21818741,128.6738091,CWB379000957,중앙체육공원,630022
35.21964243,128.5614782,CWB379000958,마산여중,406104
35.21922026,128.6730425,CWB379000959,창원병원,213301
35.21923446,128.58145838,CWB379000960,산호시장입구,312804
35.21756757,128.6939911,CWB379000961,사파삼익아파트(가로변),214217
35.2192542,128.5747426,CWB379000962,회원1동,400104
35.21793028,128.670417,CWB379000964,창원병원,218805
35.21873251,128.6010381,CWB379000966,봉암공단 입구,407106
35.21774543,128.6720982,CWB379000967,창원병원,213302
35.21891053,128.5745036,CWB379000971,회원1동,400103
35.21984703,128.5017292,CWB379000972,삼계성당법륜사,401312
35.21980725,128.5016146,CWB379000973,삼계성당법륜사,401311
35.21746775,128.6704202,CWB379000974,창원병원,218812
35.21879043,128.56796358,CWB379000976,회원초등학교,423003
35.2186309,128.560853,CWB379000977,삼학사,406103
35.21848343,128.5671412,CWB379000978,회원초등학교,423004
35.21866943,128.5638082,CWB379000980,회원2동파출소,423001
35.21845943,128.5705432,CWB379000981,동중입구,407220
35.21843263,128.5649448,CWB379000983,회원신협,423002
35.21690156,128.6821283,CWB379000985,외동초등학교,220401
35.21789929,128.6050208,CWB379000986,수원지입구,407109
35.21680543,128.6823582,CWB379000987,외동초등학교,220402
35.21765594,128.604899,CWB379000989,수원지입구.정다운병원,407108
35.21632743,128.6705552,CWB379000991,내동민원센터,212205
35.21630343,128.6708502,CWB379000992,내동민원센터,212206
35.21709844,128.6081158,CWB379000993,자유무역지역2공구,407111
35.21714366,128.6775706,CWB379000994,대호타워아파트,208902
35.21568401,128.7058056,CWB379000995,성원3차APT.노인종합복지관,203913
35.21730598,128.5795445,CWB379000997,여성회관,312802
35.21674097,128.6083271,CWB379000998,자유무역지역2공구,407110
35.21549171,128.7058828,CWB379000999,성원3차APT.노인종합복지관,203914
35.21710643,128.5790712,CWB379001000,여성회관,312801
35.21718626,128.677278,CWB379001001,대호타워아파트,208901
35.21525343,128.7089232,CWB379001002,사파동행정복지센터,203912
35.21656301,128.56092248,CWB379001003,삼학사.경남은행연수원,406102
35.21602443,128.6452682,CWB379001005,세원셀론텍.영흥철강,201209
35.21468846,128.7089155,CWB379001006,사파동행정복지센터,203911
35.21574743,128.6453142,CWB379001007,세원셀론텍.영흥철강,201210
35.21608903,128.56447703,CWB379001008,롯데캐슬프리미어아파트,422901
35.21480821,128.7048219,CWB379001010,성원3차APT.노인종합복지관,219111
35.21611587,128.611817,CWB379001011,서광아파트,407113
35.21508143,128.6817502,CWB379001012,상남꿈에그린아파트,220403
35.21593971,128.6113585,CWB379001013,서광아파트,407112
35.21503343,128.6819772,CWB379001014,상남꿈에그린아파트,220404
35.21465658,128.704464,CWB379001015,남양동성APT.노인종합복지관,219110
35.21647022,128.5757787,CWB379001016,버스회관,400102
35.21647943,128.5703392,CWB379001017,회산교,407222
35.21649553,128.5606437,CWB379001018,경남은행연수원,406101
35.21464504,128.676145,CWB379001020,재료연구원,218807
35.21595843,128.5705372,CWB379001021,회산교,407223
35.21595904,128.5756138,CWB379001022,버스회관,400101
35.21491143,128.6429312,CWB379001023,창곡입구,201208
35.21491008,128.6420587,CWB379001024,창곡입구,201207
35.21408635,128.6508685,CWB379001028,효성중공업,201211
35.21450526,128.61523943,CWB379001029,봉암교,407115
35.21296615,128.7053084,CWB379001030,대방덕산아파트,219113
35.21463367,128.5865546,CWB379001031,산호동,321921
35.2142289,128.61585716,CWB379001033,봉암교,407114
35.21386629,128.6507344,CWB379001034,효성중공업,201212
35.21332521,128.6680255,CWB379001036,목동교사거리,212203
35.21288144,128.7049846,CWB379001037,남양성원2차아파트,219112
35.21448604,128.5866928,CWB379001038,산호동,321920
35.21333933,128.66830856,CWB379001039,목동교사거리,212204
35.21311768,128.6780886,CWB379001040,창원남중,218816
35.21328743,128.6383752,CWB379001041,한국철강,201206
35.21193425,128.71027,CWB379001042,대방대동아파트,203910
35.21500253,128.5053494,CWB379001043,전안마을,401309
35.21325287,128.6374864,CWB379001044,한국철강,201205
35.21221043,128.7098832,CWB379001045,대방대동아파트,203909
35.21373911,128.5622032,CWB379001047,마산성로원,306118
35.21352743,128.5760412,CWB379001048,육호광장,300125
35.21214043,128.6806342,CWB379001049,창원남중,218809
35.21163742,128.7046812,CWB379001051,남양성원2차아파트,204303
35.21341643,128.5713262,CWB379001053,노비산입구,307202
35.21349203,128.5620032,CWB379001054,마산성로원,306117
35.21116602,128.7054671,CWB379001056,남양개나리3차아파트,219114
35.21115925,128.7058159,CWB379001057,대방초등학교,219115
35.21089043,128.7015622,CWB379001058,남양성원1차아파트,204301
35.21153343,128.6816882,CWB379001060,창원남중,218811
35.21193633,128.6335711,CWB379001062,한화엔진.피케이벨브,201203
35.21087302,128.7019782,CWB379001063,피오르빌아파트,204302
35.21253065,128.5859205,CWB379001065,합포동,321918
35.21260843,128.5761462,CWB379001066,육호광장,300134
35.21174866,128.6338485,CWB379001067,한화엔진.피케이벨브,201204
35.21248075,128.5856289,CWB379001068,합포동,321919
35.21131076,128.68155686,CWB379001071,성산패총 사거리,218818
35.21234343,128.5715602,CWB379001072,합포주유소,307201
35.21041043,128.7105642,CWB379001073,안남초등학교,203907
35.21089843,128.6564132,CWB379001074,세아제강,201213
35.21132796,128.6165144,CWB379001075,적현,216117
35.21023343,128.6991202,CWB379001076,남양초등학교,200401
35.21054247,128.6565186,CWB379001077,세아제강,201214
35.21114243,128.6164172,CWB379001080,적현,216116
35.20988134,128.7109467,CWB379001081,안남초등학교,203908
35.2100425,128.6990684,CWB379001082,더샵센트럴파크2단지,200402
35.21152479,128.5741943,CWB379001083,원불교교구청,319507
35.21134541,128.5741183,CWB379001085,원불교교구청,319506
35.21043691,128.6278948,CWB379001086,신촌삼거리,201201
35.2114821,128.5632043,CWB379001088,서원곡입구,306116
35.21025591,128.6281948,CWB379001089,신촌삼거리,201202
35.21089296,128.56660101,CWB379001092,의신중,319503
35.21080521,128.56537218,CWB379001093,의신중,319501
35.21070617,128.5724139,CWB379001095,북마산가구거리,307204
35.2106736,128.5670669,CWB379001096,교방동,319502
35.20897431,128.7004024,CWB379001098,더샵센트럴파크1단지,200404
35.21044053,128.5699958,CWB379001100,성호동,319505
35.20879739,128.7008648,CWB379001101,피오르빌아파트,200403
35.20835555,128.706239,CWB379001102,남양동주택,219116
35.20832136,128.7066096,CWB379001103,대방중학교,219117
35.21031957,128.5701967,CWB379001104,성호동,319504
35.20965443,128.6080672,CWB379001105,세아창원특수강정문,216114
35.20792343,128.687179,CWB379001106,소라아파트,218820
35.2099339,128.5833988,CWB379001107,자유무역지역정문,321917
35.21133362,128.5629685,CWB379001108,서원곡입구,306115
35.20788147,128.7105001,CWB379001109,대암고교,203906
35.20925855,128.6072534,CWB379001111,세아창원특수강정문,216115
35.2078138,128.7102224,CWB379001112,대방황토방아파트,203905
35.20813443,128.6875982,CWB379001113,가음정본동,218813
35.20939656,128.5830333,CWB379001114,자유무역지역정문,321916
35.20916643,128.57446589,CWB379001118,중성동,300123
35.20886154,128.5729481,CWB379001120,북마산가구거리,307203
35.20887387,128.5761165,CWB379001121,삼성생명,307401
35.2090387,128.6643827,CWB379001124,남창원역,212201
35.20820907,128.62743233,CWB379001125,웅남소방119안전센터,207101
35.20811601,128.6272147,CWB379001127,웅남소방119안전센터,207102
35.20803794,128.6263341,CWB379001128,유신상가,210208
35.20755243,128.6633832,CWB379001129,남창원역,212202
35.20850425,128.5763874,CWB379001134,삼성생명,307402
35.20746813,128.6264119,CWB379001136,유신상가,210207
35.20748313,128.6624191,CWB379001137,남창원역,201215
35.20823671,128.57423106,CWB379001138,중성동,300132
35.20793769,128.5812524,CWB379001139,오동교,321915
35.20672152,128.6632084,CWB379001140,남창원역,201216
35.20602543,128.7028262,CWB379001141,남산초등학교,200406
35.2034164,128.70488841,CWB379001142,대방동종점,200410
35.20418421,128.8107943,CWB379001143,장유초등학교,630023
35.20571443,128.6995222,CWB379001144,여성회관창원관,200304
35.20575343,128.6992242,CWB379001145,여성회관창원관,200303
35.20549953,128.711372,CWB379001146,대방그린빌아파트,203903
35.20696331,128.6048417,CWB379001147,세아창원특수강,216112
35.20559958,128.7067114,CWB379001148,안남중학교,219118
35.20535358,128.7117207,CWB379001149,대방그린빌아파트,203904
35.20696113,128.6045032,CWB379001150,세아창원특수강,216113
35.20397242,128.8103532,CWB379001151,장유초등학교,630024
35.20412761,128.809388,CWB379001152,코아상가,630025
35.20549043,128.7033702,CWB379001153,남산초등학교,200405
35.20543302,128.7070517,CWB379001154,안남중학교,219119
35.20368811,128.8142942,CWB379001156,대동1단지,630027
35.20526734,128.69260185,CWB379001158,가음정사거리,218815
35.20347016,128.8142103,CWB379001159,대동1단지,630028
35.20648616,128.580014,CWB379001161,오동동,321914
35.20475024,128.69268444,CWB379001163,가음정사거리,218822
35.20659264,128.5619841,CWB379001164,약수터,306113
35.20645517,128.5765016,CWB379001166,오동동문화광장,307403
35.20643538,128.51534563,CWB379001167,감천초등학교,400802
35.20614674,128.5731025,CWB379001168,부림시장,300121
35.20637334,128.51526212,CWB379001170,감천초등학교,400801
35.20614382,128.5733221,CWB379001171,부림시장,300130
35.20438643,128.6980602,CWB379001172,성주초등학교,200301
35.20584827,128.5789415,CWB379001173,오동동아구찜거리,321911
35.20359002,128.6976482,CWB379001174,남산중학교,200302
35.20617693,128.57668937,CWB379001175,오동동문화광장,307404
35.20600495,128.5615467,CWB379001176,약수터,306114
35.20258529,128.8088565,CWB379001179,장유석봉마을,630031
35.20392533,128.7095729,CWB379001181,대방덕산2차아파트,203901
35.20386069,128.70581727,CWB379001183,대방동성아파트,219120
35.20362243,128.7091482,CWB379001187,성주프리빌리지아파트,203902
35.20222576,128.8052277,CWB379001188,장유고등학교,630034
35.20349474,128.70444536,CWB379001189,대방동종점,200408
35.20353206,128.7060051,CWB379001190,대방동성아파트,219121
35.20339318,128.70493733,CWB379001194,대방동종점,200407
35.20434304,128.6280903,CWB379001195,신촌동성아파트,210206
35.20348216,128.6957247,CWB379001196,남산동,218817
35.20448977,128.6013429,CWB379001197,세아창원특수강후문,216110
35.20480415,128.5777052,CWB379001199,어시장,321910
35.20421205,128.6005094,CWB379001201,세아창원특수강후문,216111
35.20219366,128.7128046,CWB379001202,삼정자중학교,208202
35.20376843,128.6280722,CWB379001203,신촌동성아파트,210205
35.20520253,128.51177327,CWB379001205,신감삼거리,401308
35.20514345,128.51181335,CWB379001208,신감삼거리,401307
35.20489708,128.51817746,CWB379001209,감천마을회관,400804
35.20290249,128.67031847,CWB379001211,상복사거리,201217
35.20216343,128.6971192,CWB379001213,남산버스정류소,218824
35.20376445,128.576147,CWB379001215,어시장,321909
35.20032082,128.8153563,CWB379001216,장유농협,630037
35.20361709,128.5755969,CWB379001217,어시장,321908
35.20358937,128.5722024,CWB379001218,KT마산점,300128
35.20343987,128.5753465,CWB379001219,어시장,321907
35.20225501,128.69791119,CWB379001220,남산공원환승센터,218819
35.20334897,128.5755502,CWB379001221,어시장,321906
35.20017073,128.8151382,CWB379001222,장유농협,630038
35.20300563,128.5747038,CWB379001223,어시장,321905
35.20299298,128.57082208,CWB379001224,KT마산점,300119
35.20283824,128.5703212,CWB379001228,KT마산점,300126
35.20226744,128.5978492,CWB379001230,제4부두입구,216108
35.20083124,128.6995216,CWB379001231,대우1차아파트,218826
35.20222014,128.5973546,CWB379001232,제4부두입구,216109
35.20187731,128.62848357,CWB379001233,양곡전통시장,210204
35.20323334,128.51932961,CWB379001234,감천,400806
35.20317816,128.51923799,CWB379001235,감천,400805
35.20085418,128.62850157,CWB379001237,양곡전통시장,210203
35.20050978,128.6745646,CWB379001238,현대모비스창원공장,201219
35.20023889,128.688133,CWB379001239,남천삼거리,209311
35.2017671,128.5717549,CWB379001240,삼익맨션,321904
35.20178291,128.5715146,CWB379001241,삼익맨션,321903
35.20031678,128.6743916,CWB379001242,현대모비스창원공장,201220
35.20141248,128.5675512,CWB379001245,경남데파트,300124
35.20119382,128.5673133,CWB379001246,경남데파트,300117
35.20132443,128.5592252,CWB379001248,한우아파트,315701
35.20179015,128.50933833,CWB379001252,감나무골,401306
35.20185782,128.50951252,CWB379001253,감나무골,401305
35.20101762,128.5675358,CWB379001254,경남데파트,300122
35.20105321,128.5595652,CWB379001256,한우아파트,315702
35.19712026,128.8163525,CWB379001257,무계교,630040
35.19853543,128.7013222,CWB379001260,성산구청,209307
35.19839643,128.7015842,CWB379001261,성산구청,209306
35.19665611,128.7930808,CWB379001262,덕산아내에코캐슬,630041
35.20016544,128.5941338,CWB379001263,창원우편집중국,216107
35.19970343,128.5934282,CWB379001264,창원우편집중국,216106
35.19708932,128.79273351,CWB379001265,덕산아내에코캐슬,630042
35.19975843,128.5641592,CWB379001267,완월초등학교,301113
35.19968868,128.5642911,CWB379001268,완월초등학교,301114
35.19835248,128.6290112,CWB379001270,양곡중학교,210202
35.1991235,128.5563857,CWB379001271,전원아파트,306111
35.1992294,128.556693,CWB379001272,전원아파트,306112
35.19803943,128.6288982,CWB379001273,양곡중학교,210201
35.19522986,128.8144638,CWB379001274,쌍용예가,630044
35.19681068,128.7073607,CWB379001276,창원경상대학병원,218823
35.19847417,128.570631,CWB379001278,이마트,321902
35.19658686,128.7069497,CWB379001279,한국지엠.창원경상대학병원,218830
35.19839481,128.5673296,CWB379001280,마산합포구청.의료원,300118
35.19804715,128.5673091,CWB379001281,마산합포구청.의료원,300120
35.19810143,128.5622722,CWB379001282,완월동,301112
35.19808243,128.5621302,CWB379001283,완월동,301111
35.19785457,128.5670795,CWB379001284,마산합포구청.의료원,300115
35.19787959,128.5702438,CWB379001285,이마트,321901
35.19587343,128.6990532,CWB379001286,성주고가도로입구,209305
35.19596495,128.682546,CWB379001287,대림자동차,201221
35.19660368,128.6306207,CWB379001288,웅남주민운동장,207103
35.19577568,128.68254855,CWB379001290,대림자동차,201222
35.19385525,128.794598,CWB379001292,능동삼거리,630045
35.19685143,128.5620922,CWB379001294,마산여고,301110
35.19368117,128.7942435,CWB379001295,능동삼거리,630047
35.19683946,128.5619169,CWB379001298,마산여고,301109
35.19718254,128.5044598,CWB379001299,중마을,401303
35.19720668,128.5046745,CWB379001300,중마을,401304
35.19438498,128.7139308,CWB379001301,삼정자내리마을,218827
35.19376513,128.7149833,CWB379001302,한화에어로스페이스 창원1사업장,218832
35.19556743,128.5697302,CWB379001304,정부합동청사,322007
35.19367443,128.6976382,CWB379001305,선돌,209304
35.19548299,128.5576823,CWB379001306,완월화인아파트,306110
35.1961617,128.5568827,CWB379001307,완월화인아파트,306109
35.19488655,128.5699153,CWB379001310,정부합동청사,322008
35.1947319,128.5667974,CWB379001312,경동메르빌APT,300116
35.19474443,128.5665542,CWB379001313,경동메르빌APT,300113
35.19319343,128.69677293,CWB379001316,선돌,209303
35.19260735,128.6884351,CWB379001317,풍산산업,201223
35.19218343,128.6886462,CWB379001318,풍산산업,201224
35.19191744,128.7194103,CWB379001321,한국전기연구원,207301
35.19196724,128.7195414,CWB379001322,한국전기연구원,207302
35.19311143,128.5609742,CWB379001324,신월경남아파트,301107
35.19269543,128.5928312,CWB379001325,제5부두입구,216104
35.19117712,128.69547399,CWB379001326,안민교삼거리,209302
35.19301221,128.561077,CWB379001327,신월경남아파트,301108
35.1929213,128.5650943,CWB379001328,중부경찰서,300111
35.19224118,128.5929824,CWB379001329,제5부두입구,216105
35.18955807,128.7966878,CWB379001330,장유도서관,630050
35.19256096,128.5650385,CWB379001331,중부경찰서,300114
35.18929807,128.796366,CWB379001333,장유도서관,630051
35.18894332,128.8054628,CWB379001334,대청초등학교,630052
35.18858713,128.8054386,CWB379001335,대청초등학교,630053
35.19291572,128.49585402,CWB379001336,신목종점,401301
35.19320033,128.49616116,CWB379001337,신목종점,401302
35.18981546,128.6932875,CWB379001338,성주동행정복지센터,201225
35.18968212,128.6941925,CWB379001339,성주동행정복지센터,209301
35.19097643,128.5590602,CWB379001341,마산중앙고등학교,301105
35.18722156,128.7978299,CWB379001342,갑오마을,630054
35.19065043,128.5589862,CWB379001343,마산중앙고등학교,301106
35.19041961,128.5630911,CWB379001344,반월민원센터,300109
35.18731289,128.7973206,CWB379001345,갑오마을,630055
35.18709967,128.7998351,CWB379001346,대청고등학교,630056
35.19032106,128.5627258,CWB379001347,반월민원센터,300112
35.19026243,128.5561202,CWB379001348,동성월영마을아파트,306119
35.18831244,128.6944986,CWB379001349,성주동행정복지센터,201226
35.18670284,128.7996853,CWB379001350,대청고등학교,630057
35.19004043,128.5555732,CWB379001352,동성월영마을아파트,306107
35.189696,128.56519217,CWB379001353,한국해양교통안전공단 창원지사 맞은편,322005
35.19194122,128.3894512,CWB379001354,둔덕종점,315219
35.19180273,128.38938017,CWB379001355,둔덕종점,315220
35.18794176,128.68837818,CWB379001357,안민초등학교,210801
35.18783689,128.68830466,CWB379001358,안민초등학교,210802
35.18931622,128.5652059,CWB379001359,한국해양교통안전공단 창원지사,322006
35.18787053,128.6376648,CWB379001360,관음사입구,518101
35.18770268,128.68888096,CWB379001361,청솔아파트종점,210803
35.18745109,128.6891502,CWB379001363,청솔아파트종점,210804
35.18781221,128.6374688,CWB379001364,관음사입구,518102
35.18637943,128.6943702,CWB379001367,삼성그린빌,210705
35.18632643,128.6945872,CWB379001368,삼성그린빌,210706
35.18807243,128.5574612,CWB379001369,제일여고,301103
35.18796943,128.5575532,CWB379001370,제일여고,301104
35.18760243,128.5620272,CWB379001371,제일여고입구,300110
35.18524081,128.6986182,CWB379001372,한화에어로스페이스 창원2사업장,201227
35.18730435,128.5526716,CWB379001373,월영한백아파트,306105
35.18563653,128.6898419,CWB379001374,신우에이스타운,210701
35.18738872,128.5530773,CWB379001375,월영한백아파트,306106
35.18717617,128.5615655,CWB379001376,연세병원,300107
35.18552376,128.6896654,CWB379001377,신우에이스타운,210702
35.18507601,128.6986308,CWB379001378,한화에어로스페이스 창원2사업장,201228
35.18491943,128.6927812,CWB379001379,대동한솔마을아파트,210703
35.18477343,128.6929332,CWB379001380,대동한솔마을아파트,210704
35.1864975,128.561421,CWB379001382,연세병원,300108
35.18476555,128.5966501,CWB379001384,두산에너빌리티,216102
35.18600757,128.5579773,CWB379001385,평화아파트,301102
35.18583325,128.5519399,CWB379001386,만날고개입구,306103
35.18588638,128.5581341,CWB379001387,평화아파트,301101
35.18539443,128.5521312,CWB379001390,만날고개입구,306104
35.18471769,128.59652017,CWB379001391,두산에너빌리티,216103
35.18458043,128.5602312,CWB379001392,문화동,300105
35.18309943,128.5640972,CWB379001393,마산보건소,322003
35.18424623,128.5602673,CWB379001394,문화동,300106
35.18337486,128.5643325,CWB379001395,마산보건소,322004
35.18125379,128.55854,CWB379001396,대내주공아파트,300103
35.18242389,128.5593582,CWB379001397,경남대학교,300104
35.18046539,128.55782515,CWB379001401,경남대학교,300101
35.18085758,128.55868886,CWB379001402,경남대학교,300102
35.18075441,128.5624987,CWB379001403,마산우리요양병원,630058
35.18067621,128.5629221,CWB379001404,마산우리요양병원,630059
35.17959143,128.6426262,CWB379001405,목장입구,518104
35.18033943,128.5607562,CWB379001408,GS마트,630060
35.18010402,128.5608527,CWB379001411,GS마트,630061
35.17949273,128.59635211,CWB379001412,두산에너빌리티부두,216101
35.18087344,128.46557748,CWB379001413,대현종점.용광사,317724
35.18073908,128.4655092,CWB379001414,대현종점,317723
35.17965249,128.5602734,CWB379001416,남부터미널,630062
35.17934343,128.5582462,CWB379001418,"경남대,서중학교",300635
35.17916686,128.5584661,CWB379001419,"경남대,서중학교",300636
35.17799483,128.56071429,CWB379001422,해운동,300634
35.17791508,128.56322919,CWB379001423,해운중학교종점,300632
35.1778372,128.5606263,CWB379001424,해운동,300633
35.17780051,128.56232965,CWB379001425,해운중학교종점,300631
35.17786643,128.5562772,CWB379001426,월영동,306621
35.17819357,128.4664706,CWB379001427,정현리,317721
35.17752578,128.5564846,CWB379001428,월영동,306620
35.17802443,128.5534912,CWB379001430,월영라이프아파트,306102
35.17720643,128.5537682,CWB379001431,월영라이프아파트,306101
35.1781741,128.466619,CWB379001432,정현리,317722
35.17888272,128.3792273,CWB379001433,들담마을,315217
35.17900366,128.3793986,CWB379001434,들담마을,315218
35.17573489,128.5584416,CWB379001435,해운초등학교,314703
35.17518741,128.55616579,CWB379001436,화인아파트,306618
35.17576607,128.558648,CWB379001437,해운초등학교,314704
35.17533543,128.5626012,CWB379001438,월영마린애시앙아파트,300630
35.17532943,128.5622092,CWB379001439,월영마린애시앙아파트,300629
35.17450754,128.5558244,CWB379001440,화인아파트,306619
35.17430863,128.5591801,CWB379001441,월영1차아파트,314702
35.17368043,128.5592752,CWB379001443,월영동공원,314701
35.1720244,128.6545302,CWB379001444,창원편백치유의숲,518105
35.17432935,128.46826174,CWB379001445,대현마을입구,317720
35.17483604,128.3775755,CWB379001447,석방교,315215
35.17423119,128.46818039,CWB379001448,대현마을입구,317719
35.17485244,128.3777284,CWB379001449,석방교,315216
35.17211226,128.5950438,CWB379001450,용호입구,207809
35.17134378,128.5622757,CWB379001451,고운초등학교,300627
35.17178938,128.56196766,CWB379001452,고운초등학교,300628
35.17041477,128.596769,CWB379001454,용호,207807
35.16896856,128.6587374,CWB379001455,진해문화센터,518109
35.16868828,128.65861831,CWB379001456,진해문화센터,518106
35.17172578,128.4701606,CWB379001457,중촌마을,317718
35.17171861,128.4700153,CWB379001458,중촌마을,317717
35.16938044,128.5994551,CWB379001459,용호,207808
35.16815567,128.55509612,CWB379001460,밤밭고개,306617
35.16822123,128.57079226,CWB379001461,가포고등학교,300624
35.16804054,128.57100006,CWB379001462,가포고등학교,300623
35.16808271,128.5662868,CWB379001463,국립마산병원,300626
35.16812716,128.5553239,CWB379001464,밤밭고개,306616
35.16795642,128.5662876,CWB379001465,국립마산병원,300625
35.16578893,128.61454061,CWB379001467,삼귀민원센터,202301
35.16578729,128.61467492,CWB379001468,삼귀민원센터,202302
35.16701589,128.57391075,CWB379001469,마산골프랜드,300622
35.16691626,128.57360152,CWB379001470,마산골프랜드,300621
35.16403823,128.6082435,CWB379001473,갯마을,207804
35.16389239,128.6081833,CWB379001474,갯마을,207803
35.16363483,128.61305269,CWB379001475,귀산,202303
35.1651911,128.4724912,CWB379001476,대티마을,317715
35.16517195,128.4726703,CWB379001477,대티마을,317716
35.16237314,128.60321679,CWB379001478,갯마을입구,207806
35.1619774,128.6033248,CWB379001479,갯마을입구,207805
35.16122495,128.6629814,CWB379001480,해성아파트입구,511409
35.16120143,128.6627912,CWB379001481,한전입구,511410
35.16242044,128.5759211,CWB379001482,가포동,300619
35.16212611,128.5758578,CWB379001483,가포동,300620
35.15974095,128.6942208,CWB379001484,진해세화여고,518121
35.15954249,128.6944041,CWB379001485,진해세화여고,518120
35.15945207,128.6897526,CWB379001487,진해남중,518119
35.15973143,128.6625812,CWB379001488,진해고등학교,511407
35.15932263,128.6899915,CWB379001489,진해남중,518118
35.15949074,128.662744,CWB379001490,진해고등학교,511406
35.15887932,128.6863744,CWB379001491,경화역,518117
35.15792526,128.7010845,CWB379001492,롯데마트,518125
35.1587062,128.686471,CWB379001493,경화역,518116
35.15825456,128.6833189,CWB379001494,경화동,518115
35.15826856,128.6841313,CWB379001495,경화동,518114
35.15790999,128.7005807,CWB379001496,롯데마트,518122
35.15874478,128.57685158,CWB379001497,가포초등학교,300618
35.15854916,128.57682037,CWB379001498,가포초등학교,300617
35.15764096,128.6816094,CWB379001501,경화육교,518112
35.15753982,128.6803154,CWB379001502,경화육교,518113
35.15836293,128.61066628,CWB379001503,석교종점,207802
35.15683033,128.7026744,CWB379001504,진해경찰서,518124
35.15820606,128.61060283,CWB379001505,석교종점,207801
35.15664656,128.6788683,CWB379001507,산상교회,518110
35.15832274,128.5538513,CWB379001508,우산마을,306612
35.15682455,128.6624651,CWB379001509,여좌신협,511403
35.15675148,128.6628085,CWB379001510,여좌신협,511404
35.15555593,128.7040446,CWB379001512,진해경찰서,518127
35.15743613,128.5529312,CWB379001513,우산마을,306613
35.15484182,128.58190642,CWB379001514,가포본동,300615
35.15915469,128.37195136,CWB379001515,술인방,315214
35.15594799,128.58036133,CWB379001516,가포본동,300616
35.15996979,128.37160289,CWB379001517,술인방,315213
35.15514507,128.6771099,CWB379001518,태백아파트,520101
35.15465175,128.7042874,CWB379001519,석동중학교,518126
35.15477236,128.6769485,CWB379001520,태백아파트,520102
35.15360926,128.705243,CWB379001521,냉천사거리,518129
35.15375018,128.68992908,CWB379001523,경화시장,519821
35.15357963,128.6912891,CWB379001524,경화시장,519822
35.15356543,128.6858222,CWB379001525,경화우체국,519819
35.15340175,128.6869288,CWB379001526,경화성당,519820
35.15335188,128.6820012,CWB379001527,중부시장,519817
35.15640459,128.4341727,CWB379001528,영동종점,321616
35.1563061,128.4340282,CWB379001530,영동종점,321615
35.15309517,128.6820354,CWB379001531,중부시장입구,519818
35.15295463,128.678098,CWB379001533,중초삼거리,519815
35.15260143,128.6952412,CWB379001534,염전사거리,519825
35.15274369,128.6781314,CWB379001535,중초삼거리,519816
35.15262226,128.6744713,CWB379001537,중앙초등학교,519813
35.15268299,128.6613976,CWB379001538,진해역,519803
35.15252902,128.6758043,CWB379001539,태백사거리,519814
35.15208692,128.6954568,CWB379001542,염전사거리,519824
35.15344906,128.5511524,CWB379001543,시립마산요양병원,322607
35.15245601,128.6638804,CWB379001544,진해수협,322608
35.15360488,128.5513636,CWB379001545,시립마산요양병원,322609
35.15250168,128.6608017,CWB379001546,진해역,519804
35.15226034,128.6702442,CWB379001547,벚꽃상가,519811
35.15216426,128.6669363,CWB379001548,중앙시장,519809
35.15222091,128.6637921,CWB379001549,진해수협,519807
35.15172444,128.7060667,CWB379001551,대동아파트앞,518128
35.15199743,128.6702042,CWB379001552,벚꽃상가,519812
35.15401483,128.5277519,CWB379001554,묵지마을,306607
35.15354134,128.5245591,CWB379001555,묵지마을,306608
35.15330726,128.4763864,CWB379001556,외추마을,317714
35.15335143,128.4761862,CWB379001557,외추마을,317713
35.15079943,128.6599797,CWB379001558,충무동행정복지센터,517504
35.15180381,128.5867603,CWB379001559,가포송신소,300614
35.15259133,128.5172446,CWB379001560,동전마을,306606
35.15179064,128.5477891,CWB379001561,옥동마을,306611
35.15237385,128.5169495,CWB379001562,동전마을,306605
35.15148958,128.5867968,CWB379001563,가포송신소,300613
35.15041284,128.65965729,CWB379001564,충무동행정복지센터,517503
35.14990844,128.6978717,CWB379001565,이동119안전센터,519827
35.14961069,128.7070472,CWB379001566,자은주공아파트,518131
35.14958143,128.7067372,CWB379001567,자은주공아파트,518130
35.14923281,128.6981797,CWB379001568,이동119안전센터,519826
35.14809043,128.6993762,CWB379001572,이동교,519831
35.15164305,128.44005287,CWB379001573,학동마을회관,321614
35.14775097,128.6993342,CWB379001574,진해골프장입구,519830
35.15128578,128.440175,CWB379001576,학동마을회관,321613
35.15376208,128.54934634,CWB379001577,옥동마을,306610
35.14772416,128.7071851,CWB379001578,벚꽃마을삼성아파트입구,518133
35.14782766,128.6595416,CWB379001579,진해청소년전당,517502
35.14765438,128.65921449,CWB379001580,진해청소년전당,517501
35.15099761,128.3700704,CWB379001581,원산마을회관,315212
35.15102082,128.3699567,CWB379001582,원산마을회관,315211
35.14652931,128.7069486,CWB379001583,자은동행정복지센터,518132
35.1478162,128.583707,CWB379001584,날개,300611
35.14771512,128.5838003,CWB379001585,날개,300612
35.14593876,128.5580002,CWB379001586,현동초등학교,322604
35.14715162,128.5576067,CWB379001587,현동초등학교,322603
35.23984739,128.62615141,CWB379002339,SG서보,118402
35.23828876,128.62884874,CWB379002340,칠성산업,118403
35.23765932,128.63225514,CWB379002341,화신케미칼,118404
35.23862084,128.63064179,CWB379002344,인화정공,118603
35.24019586,128.62793668,CWB379002345,부국정공,118602
35.24130811,128.62595569,CWB379002346,동민정공,118601
35.24308101,128.62285056,CWB379002347,팔룡119안전센터,116902
35.24425046,128.62079414,CWB379002349,신흥글로벌,116901
35.24636628,128.61712343,CWB379002351,동우기계공업,121001
35.25995544,128.5226522,CWB379002355,호계농협,422814
35.11513288,128.48503898,CWB379002356,진동환승센터,308127
35.2108654,128.58567477,CWB379002359,창원칸타빌오션뷰,322505
35.21097795,128.5911009,CWB379002361,제3부두,405801
35.21103735,128.5945248,CWB379002364,자유무역관리원삼거리,405803
35.2131259,128.6002461,CWB379002367,한전봉암변전소,407001
35.21524843,128.6001842,CWB379002369,봉암우체국,407003
35.27699312,128.5209452,CWB379002370,벽산블루밍,411802
35.27739731,128.51836456,CWB379002371,벽산블루밍종점,411803
35.21766236,128.6001026,CWB379002372,㈜동방,407005
35.27796006,128.51553132,CWB379002374,호곡,411804
35.25756493,128.60039524,CWB379002375,협성아파트,630201
35.2778334,128.51557017,CWB379002376,호곡,411805
35.27726711,128.51832641,CWB379002377,벽산블루밍종점,411806
35.25968044,128.5982512,CWB379002378,경상고등학교,102601
35.27813695,128.6845954,CWB379002382,용잠3구,104602
35.2344804,128.64488922,CWB379002383,창원공고.홈플러스,119102
35.1596246,128.6980632,CWB379002384,안민터널,518123
35.27692193,128.52002389,CWB379002386,벽산블루밍,411801
35.27605989,128.52282932,CWB379002387,자이아파트,408501
35.27361444,128.5262992,CWB379002388,자이아파트정문,408502
35.27126959,128.52590753,CWB379002389,자이아파트입구,408503
35.26879753,128.5300568,CWB379002390,하은교회,408505
35.24820274,128.5203213,CWB379002391,한주아파트,421711
35.24866654,128.5203514,CWB379002392,한주아파트입구,421712
35.23689143,128.5044232,CWB379002393,내서여고,401008
35.24006492,128.5893764,CWB379002394,우리누리청소년문화센터,420609
35.24046937,128.589884,CWB379002395,우리누리청소년문화센터,420610
35.24839968,128.5195773,CWB379002397,한주아파트,421710
35.17719573,128.5354089,CWB379002398,두릉마을종점,311701
35.17728883,128.5403775,CWB379002399,새몰마을,311702
35.17018909,128.5457787,CWB379002400,예곡마을,311703
35.16792395,128.5539404,CWB379002401,율곡마을,311704
35.22483067,128.5805716,CWB379002402,문화방송,408611
35.19852031,128.7035615,CWB379002409,성산구청,218828
35.19887318,128.7036404,CWB379002410,성산구청,218821
35.25825416,128.599756,CWB379002411,소계갓등1길,102602
35.25900969,128.5971766,CWB379002412,한보아파트,109401
35.25771784,128.5959526,CWB379002415,구암한우아파트,401901
35.25683837,128.5967508,CWB379002416,경남아파트,401902
35.25690219,128.59956915,CWB379002418,소계시장,630202
35.26556744,128.5258102,CWB379002421,코오롱아파트,422818
35.14450447,128.66971665,CWB379002422,속천종점,520308
35.14445352,128.67014352,CWB379002423,속천종점,520307
35.14565069,128.6660237,CWB379002425,해군아파트,520305
35.14542973,128.6662255,CWB379002426,해군아파트,520306
35.14593598,128.6635243,CWB379002427,진해남산초등학교,520303
35.14564605,128.6640083,CWB379002428,진해남산초등학교,520304
35.14957243,128.6583068,CWB379002430,중원로터리,520801
35.14938644,128.65892596,CWB379002431,중원로터리,520802
35.14997641,128.6562413,CWB379002433,공설운동장,519704
35.14981468,128.6560014,CWB379002434,공설운동장,519703
35.15206943,128.6562012,CWB379002435,중앙동민원센터,519706
35.15185034,128.6559341,CWB379002436,중앙동민원센터,519705
35.15474643,128.6561422,CWB379002438,미고문단앞,511302
35.15521043,128.6558392,CWB379002439,미고문단앞,511301
35.15686214,128.6576632,CWB379002441,진해여고후문,511304
35.15724943,128.6579223,CWB379002443,진해여고후문,511303
35.15197187,128.666584,CWB379002448,중앙시장,519808
35.14652261,128.7028592,CWB379002450,덕산시장,504402
35.14666659,128.7027368,CWB379002451,덕산시장,504401
35.14581243,128.7048052,CWB379002453,자은교,504404
35.14570105,128.7049406,CWB379002454,자은교,504403
35.14438215,128.7048958,CWB379002455,덕산초등학교,630203
35.14447443,128.7050462,CWB379002456,덕산초등학교,630204
35.14319743,128.7051642,CWB379002457,동진여중,630205
35.14317048,128.7049859,CWB379002458,동진여중,630206
35.1401715,128.7053501,CWB379002459,풍호농협,630207
35.14011589,128.7051776,CWB379002460,풍호농협,630208
35.1399732,128.70484509,CWB379002462,협성DS이아이존빌A,522324
35.13970694,128.7049796,CWB379002463,우성아파트후문,630210
35.13979934,128.7020881,CWB379002464,우성아파트앞,630211
35.13548314,128.7083817,CWB379002466,풍호동사거리,518142
35.13520143,128.7103612,CWB379002468,진해구청,519206
35.13532748,128.7102747,CWB379002469,진해구청,519205
35.13654843,128.7111582,CWB379002470,시영아파트,519208
35.13649528,128.7110205,CWB379002471,시영아파트,519207
35.12937119,128.7039474,CWB379002473,장천종점,522318
35.12949416,128.7036671,CWB379002474,장천초교입구,522317
35.12778104,128.7006527,CWB379002475,아랫장천,522315
35.12750327,128.7005296,CWB379002476,아랫장천,522316
35.1212319,128.70037399,CWB379002477,행암입구,522314
35.12016486,128.70030794,CWB379002478,행암입구,522313
