tago_stop_id,stop_name,sigungu,dong_tago,dong_stcis,n_matches,stcis_sttn_id,excclc_area_cd,sttn_sgg_cd,tcbo_id_sttn,match_tier
CWB379001886,창포,(미상),(미상),,0,,,,,미매칭
CWB379001885,창포,(미상),(미상),,0,,,,,미매칭
CWB379001878,창포마을,(미상),(미상),,0,,,,,미매칭
CWB379005797,풍전가든,(미상),(미상),,0,,,,,미매칭
CWB379005798,풍전가든,(미상),(미상),,0,,,,,미매칭
CWB379006154,청량산터널앞,창원시마산합포구,가포동,가포동,2,4833010,MM10148015,48125,03,동일치
CWB379006154,청량산터널앞,창원시마산합포구,가포동,가포동,2,4833000,MM10148015,48125,03,동일치
CWB379006153,청량산터널앞,창원시마산합포구,가포동,가포동,2,4833010,MM10148015,48125,03,동일치
CWB379006153,청량산터널앞,창원시마산합포구,가포동,가포동,2,4833000,MM10148015,48125,03,동일치
CWB379001018,경남은행연수원,창원시마산합포구,교방동,,0,,,,,미매칭
CWB379001053,노비산입구,창원시마산합포구,교방동,상남동,2,4300170,MM10148000,48125,03,시군구만일치
CWB379001053,노비산입구,창원시마산합포구,교방동,상남동,2,4804700,MM10148015,48125,03,시군구만일치
CWB379001008,롯데캐슬프리미어아파트,창원시마산합포구,교방동,,0,,,,,미매칭
CWB379001047,마산성로원,창원시마산합포구,교방동,교방동,2,4815060,MM10148015,48125,03,동일치
CWB379001047,마산성로원,창원시마산합포구,교방동,교방동,2,4815050,MM10148015,48125,03,동일치
CWB379001054,마산성로원,창원시마산합포구,교방동,교방동,2,4815060,MM10148015,48125,03,동일치
CWB379001054,마산성로원,창원시마산합포구,교방동,교방동,2,4815050,MM10148015,48125,03,동일치
CWB379001088,서원곡입구,창원시마산합포구,교방동,교방동,2,4811310,MM10148015,48125,03,동일치
CWB379001088,서원곡입구,창원시마산합포구,교방동,교방동,2,4811300,MM10148015,48125,03,동일치
CWB379001108,서원곡입구,창원시마산합포구,교방동,교방동,2,4811310,MM10148015,48125,03,동일치
CWB379001108,서원곡입구,창원시마산합포구,교방동,교방동,2,4811300,MM10148015,48125,03,동일치
CWB379001048,육호광장,창원시마산합포구,교방동,상남동,4,4806050,MM10148015,48125,03,시군구만일치
CWB379001048,육호광장,창원시마산합포구,교방동,상남동,4,4806060,MM10148015,48125,03,시군구만일치
CWB379001048,육호광장,창원시마산합포구,교방동,상남동,4,4806040,MM10148015,48125,03,시군구만일치
CWB379001048,육호광장,창원시마산합포구,교방동,상남동,4,4806020,MM10148015,48125,03,시군구만일치
CWB379003379,합포고등학교,창원시마산합포구,교방동,교방동,1,4806030,MM10148015,48125,03,동일치
CWB379001072,합포주유소,창원시마산합포구,교방동,상남동,2,4300156,MM10148000,48125,03,시군구만일치
CWB379001072,합포주유소,창원시마산합포구,교방동,상남동,2,4800820,MM10148015,48125,03,시군구만일치
CWB379001021,회산교,창원시마산합포구,교방동,상남동,2,4300169,MM10148000,48125,03,시군구만일치
CWB379001021,회산교,창원시마산합포구,교방동,상남동,2,4800140,MM10148015,48125,03,시군구만일치
CWB379001402,경남대학교,창원시마산합포구,문화동,월남동4가,6,4800570,MM10148015,48125,03,시군구만일치
CWB379001402,경남대학교,창원시마산합포구,문화동,월남동4가,6,4301136,MM10148000,48125,03,시군구만일치
CWB379001402,경남대학교,창원시마산합포구,문화동,월남동5가,6,4819690,MM10148015,48125,03,시군구만일치
CWB379001402,경남대학교,창원시마산합포구,문화동,해운동,6,4819680,MM10148015,48125,03,시군구만일치
CWB379001402,경남대학교,창원시마산합포구,문화동,해운동,6,4300559,MM10148000,48125,03,시군구만일치
CWB379001402,경남대학교,창원시마산합포구,문화동,해운동,6,4300080,MM10148000,48125,03,시군구만일치
CWB379001397,경남대학교,창원시마산합포구,문화동,월남동4가,6,4800570,MM10148015,48125,03,시군구만일치
CWB379001397,경남대학교,창원시마산합포구,문화동,월남동4가,6,4301136,MM10148000,48125,03,시군구만일치
CWB379001397,경남대학교,창원시마산합포구,문화동,월남동5가,6,4819690,MM10148015,48125,03,시군구만일치
CWB379001397,경남대학교,창원시마산합포구,문화동,해운동,6,4819680,MM10148015,48125,03,시군구만일치
CWB379001397,경남대학교,창원시마산합포구,문화동,해운동,6,4300559,MM10148000,48125,03,시군구만일치
CWB379001397,경남대학교,창원시마산합포구,문화동,해운동,6,4300080,MM10148000,48125,03,시군구만일치
CWB379001396,대내주공아파트,창원시마산합포구,문화동,월남동4가,2,4300145,MM10148000,48125,03,시군구만일치
CWB379001396,대내주공아파트,창원시마산합포구,문화동,월남동5가,2,4817180,MM10148015,48125,03,시군구만일치
CWB379001394,문화동,창원시마산합포구,문화동,월남동3가,4,4300138,MM10148000,48125,03,시군구만일치
CWB379001394,문화동,창원시마산합포구,문화동,월남동3가,4,4300146,MM10148000,48125,03,시군구만일치
CWB379001394,문화동,창원시마산합포구,문화동,월남동3가,4,4813800,MM10148015,48125,03,시군구만일치
CWB379001394,문화동,창원시마산합포구,문화동,월남동3가,4,4813790,MM10148015,48125,03,시군구만일치
CWB379001392,문화동,창원시마산합포구,문화동,월남동3가,4,4300138,MM10148000,48125,03,시군구만일치
CWB379001392,문화동,창원시마산합포구,문화동,월남동3가,4,4300146,MM10148000,48125,03,시군구만일치
CWB379001392,문화동,창원시마산합포구,문화동,월남동3가,4,4813800,MM10148015,48125,03,시군구만일치
CWB379001392,문화동,창원시마산합포구,문화동,월남동3가,4,4813790,MM10148015,48125,03,시군구만일치
CWB379001376,연세병원,창원시마산합포구,문화동,월남동1가,4,4300147,MM10148000,48125,03,시군구만일치
CWB379001376,연세병원,창원시마산합포구,문화동,월남동1가,4,4808190,MM10148015,48125,03,시군구만일치
CWB379001376,연세병원,창원시마산합포구,문화동,월남동2가,4,4300137,MM10148000,48125,03,시군구만일치
CWB379001376,연세병원,창원시마산합포구,문화동,월남동2가,4,4808160,MM10148015,48125,03,시군구만일치
CWB379001382,연세병원,창원시마산합포구,문화동,월남동1가,4,4300147,MM10148000,48125,03,시군구만일치
CWB379001382,연세병원,창원시마산합포구,문화동,월남동1가,4,4808190,MM10148015,48125,03,시군구만일치
CWB379001382,연세병원,창원시마산합포구,문화동,월남동2가,4,4300137,MM10148000,48125,03,시군구만일치
CWB379001382,연세병원,창원시마산합포구,문화동,월남동2가,4,4808160,MM10148015,48125,03,시군구만일치
CWB379001370,제일여고,창원시마산합포구,문화동,문화동,2,4804670,MM10148015,48125,03,동일치
CWB379001370,제일여고,창원시마산합포구,문화동,문화동,2,4804660,MM10148015,48125,03,동일치
CWB379001369,제일여고,창원시마산합포구,문화동,문화동,2,4804670,MM10148015,48125,03,동일치
CWB379001369,제일여고,창원시마산합포구,문화동,문화동,2,4804660,MM10148015,48125,03,동일치
CWB379001371,제일여고입구,창원시마산합포구,문화동,월남동1가,1,4827430,MM10148015,48125,03,시군구만일치
CWB379001385,평화아파트,창원시마산합포구,문화동,평화동,2,4801660,MM10148015,48125,03,시군구만일치
CWB379001385,평화아파트,창원시마산합포구,문화동,평화동,2,4801650,MM10148015,48125,03,시군구만일치
CWB379001387,평화아파트,창원시마산합포구,문화동,평화동,2,4801660,MM10148015,48125,03,시군구만일치
CWB379001387,평화아파트,창원시마산합포구,문화동,평화동,2,4801650,MM10148015,48125,03,시군구만일치
CWB379001254,경남데파트,창원시마산합포구,반월중앙동,중앙동3가,5,4300152,MM10148000,48125,03,시군구만일치
CWB379001254,경남데파트,창원시마산합포구,반월중앙동,중앙동3가,5,4300175,MM10148000,48125,03,시군구만일치
CWB379001254,경남데파트,창원시마산합포구,반월중앙동,중앙동3가,5,4819640,MM10148015,48125,03,시군구만일치
CWB379001254,경남데파트,창원시마산합포구,반월중앙동,중앙동3가,5,4819610,MM10148015,48125,03,시군구만일치
CWB379001254,경남데파트,창원시마산합포구,반월중앙동,중앙동3가,5,4826580,MM10148015,48125,03,시군구만일치
CWB379001312,경동메르빌APT,창원시마산합포구,반월중앙동,,0,,,,,미매칭
CWB379001313,경동메르빌APT,창원시마산합포구,반월중앙동,,0,,,,,미매칭
CWB379001343,마산중앙고등학교,창원시마산합포구,반월중앙동,신월동,2,4814680,MM10148015,48125,03,시군구만일치
CWB379001343,마산중앙고등학교,창원시마산합포구,반월중앙동,신월동,2,4814670,MM10148015,48125,03,시군구만일치
CWB379001341,마산중앙고등학교,창원시마산합포구,반월중앙동,신월동,2,4814680,MM10148015,48125,03,시군구만일치
CWB379001341,마산중앙고등학교,창원시마산합포구,반월중앙동,신월동,2,4814670,MM10148015,48125,03,시군구만일치
CWB379001280,마산합포구청.의료원,창원시마산합포구,반월중앙동,중앙동3가,5,4300151,MM10148000,48125,03,시군구만일치
CWB379001280,마산합포구청.의료원,창원시마산합포구,반월중앙동,중앙동3가,5,4300176,MM10148000,48125,03,시군구만일치
CWB379001280,마산합포구청.의료원,창원시마산합포구,반월중앙동,중앙동3가,5,4814650,MM10148015,48125,03,시군구만일치
CWB379001280,마산합포구청.의료원,창원시마산합포구,반월중앙동,중앙동3가,5,4826570,MM10148015,48125,03,시군구만일치
CWB379001280,마산합포구청.의료원,창원시마산합포구,반월중앙동,중앙동3가,5,4809880,MM10148015,48125,03,시군구만일치
CWB379001281,마산합포구청.의료원,창원시마산합포구,반월중앙동,중앙동3가,5,4300151,MM10148000,48125,03,시군구만일치
CWB379001281,마산합포구청.의료원,창원시마산합포구,반월중앙동,중앙동3가,5,4300176,MM10148000,48125,03,시군구만일치
CWB379001281,마산합포구청.의료원,창원시마산합포구,반월중앙동,중앙동3가,5,4814650,MM10148015,48125,03,시군구만일치
CWB379001281,마산합포구청.의료원,창원시마산합포구,반월중앙동,중앙동3가,5,4826570,MM10148015,48125,03,시군구만일치
CWB379001281,마산합포구청.의료원,창원시마산합포구,반월중앙동,중앙동3가,5,4809880,MM10148015,48125,03,시군구만일치
CWB379001344,반월민원센터,창원시마산합포구,반월중앙동,중앙동1가,4,4300136,MM10148000,48125,03,시군구만일치
CWB379001344,반월민원센터,창원시마산합포구,반월중앙동,중앙동1가,4,4300148,MM10148000,48125,03,시군구만일치
CWB379001344,반월민원센터,창원시마산합포구,반월중앙동,중앙동1가,4,4813590,MM10148015,48125,03,시군구만일치
CWB379001344,반월민원센터,창원시마산합포구,반월중앙동,중앙동1가,4,4813610,MM10148015,48125,03,시군구만일치
CWB379001347,반월민원센터,창원시마산합포구,반월중앙동,중앙동1가,4,4300136,MM10148000,48125,03,시군구만일치
CWB379001347,반월민원센터,창원시마산합포구,반월중앙동,중앙동1가,4,4300148,MM10148000,48125,03,시군구만일치
CWB379001347,반월민원센터,창원시마산합포구,반월중앙동,중앙동1가,4,4813590,MM10148015,48125,03,시군구만일치
CWB379001347,반월민원센터,창원시마산합포구,반월중앙동,중앙동1가,4,4813610,MM10148015,48125,03,시군구만일치
CWB379001327,신월경남아파트,창원시마산합포구,반월중앙동,신월동,2,4809510,MM10148015,48125,03,시군구만일치
CWB379001327,신월경남아파트,창원시마산합포구,반월중앙동,신월동,2,4809520,MM10148015,48125,03,시군구만일치
CWB379001324,신월경남아파트,창원시마산합포구,반월중앙동,신월동,2,4809510,MM10148015,48125,03,시군구만일치
CWB379001324,신월경남아파트,창원시마산합포구,반월중앙동,신월동,2,4809520,MM10148015,48125,03,시군구만일치
CWB379001331,중부경찰서,창원시마산합포구,반월중앙동,중앙동2가,4,4300178,MM10148000,48125,03,시군구만일치
CWB379001331,중부경찰서,창원시마산합포구,반월중앙동,중앙동2가,4,4300149,MM10148000,48125,03,시군구만일치
CWB379001331,중부경찰서,창원시마산합포구,반월중앙동,중앙동2가,4,4804180,MM10148015,48125,03,시군구만일치
CWB379001331,중부경찰서,창원시마산합포구,반월중앙동,중앙동2가,4,4804190,MM10148015,48125,03,시군구만일치
CWB379001328,중부경찰서,창원시마산합포구,반월중앙동,중앙동2가,4,4300178,MM10148000,48125,03,시군구만일치
CWB379001328,중부경찰서,창원시마산합포구,반월중앙동,중앙동2가,4,4300149,MM10148000,48125,03,시군구만일치
CWB379001328,중부경찰서,창원시마산합포구,반월중앙동,중앙동2가,4,4804180,MM10148015,48125,03,시군구만일치
CWB379001328,중부경찰서,창원시마산합포구,반월중앙동,중앙동2가,4,4804190,MM10148015,48125,03,시군구만일치
CWB379001038,산호동,창원시마산합포구,산호동,산호동,2,4812350,MM10148015,48125,03,동일치
CWB379001038,산호동,창원시마산합포구,산호동,산호동,2,4812340,MM10148015,48125,03,동일치
CWB379001031,산호동,창원시마산합포구,산호동,산호동,2,4812350,MM10148015,48125,03,동일치
CWB379001031,산호동,창원시마산합포구,산호동,산호동,2,4812340,MM10148015,48125,03,동일치
CWB379000955,신세계백화점,창원시마산합포구,산호동,산호동,2,4809610,MM10148015,48125,03,동일치
CWB379000955,신세계백화점,창원시마산합포구,산호동,산호동,2,4809600,MM10148015,48125,03,동일치
CWB379000951,신세계백화점,창원시마산합포구,산호동,산호동,2,4809610,MM10148015,48125,03,동일치
CWB379000951,신세계백화점,창원시마산합포구,산호동,산호동,2,4809600,MM10148015,48125,03,동일치
CWB379000903,야구장앞홈플러스,창원시마산합포구,산호동,산호동,1,4806720,MM10148015,48125,03,동일치
CWB379001218,KT마산점,창원시마산합포구,오동동,서성동,3,4820450,MM10148015,48125,03,시군구만일치
CWB379001218,KT마산점,창원시마산합포구,오동동,서성동,3,4820460,MM10148015,48125,03,시군구만일치
CWB379001218,KT마산점,창원시마산합포구,오동동,서성동,3,4820440,MM10148015,48125,03,시군구만일치
CWB379001228,KT마산점,창원시마산합포구,오동동,서성동,3,4820450,MM10148015,48125,03,시군구만일치
CWB379001228,KT마산점,창원시마산합포구,오동동,서성동,3,4820460,MM10148015,48125,03,시군구만일치
CWB379001228,KT마산점,창원시마산합포구,오동동,서성동,3,4820440,MM10148015,48125,03,시군구만일치
CWB379001224,KT마산점,창원시마산합포구,오동동,서성동,3,4820450,MM10148015,48125,03,시군구만일치
CWB379001224,KT마산점,창원시마산합포구,오동동,서성동,3,4820460,MM10148015,48125,03,시군구만일치
CWB379001224,KT마산점,창원시마산합포구,오동동,서성동,3,4820440,MM10148015,48125,03,시군구만일치
CWB379001245,경남데파트,창원시마산합포구,오동동,중앙동3가,5,4300152,MM10148000,48125,03,시군구만일치
CWB379001245,경남데파트,창원시마산합포구,오동동,중앙동3가,5,4300175,MM10148000,48125,03,시군구만일치
CWB379001245,경남데파트,창원시마산합포구,오동동,중앙동3가,5,4819640,MM10148015,48125,03,시군구만일치
CWB379001245,경남데파트,창원시마산합포구,오동동,중앙동3가,5,4819610,MM10148015,48125,03,시군구만일치
CWB379001245,경남데파트,창원시마산합포구,오동동,중앙동3가,5,4826580,MM10148015,48125,03,시군구만일치
CWB379001168,부림시장,창원시마산합포구,오동동,부림동,2,4812970,MM10148015,48125,03,시군구만일치
CWB379001168,부림시장,창원시마산합포구,오동동,부림동,2,4812980,MM10148015,48125,03,시군구만일치
CWB379001171,부림시장,창원시마산합포구,오동동,부림동,2,4812970,MM10148015,48125,03,시군구만일치
CWB379001171,부림시장,창원시마산합포구,오동동,부림동,2,4812980,MM10148015,48125,03,시군구만일치
CWB379001120,북마산가구거리,창원시마산합포구,오동동,중성동,2,4812840,MM10148015,48125,03,시군구만일치
CWB379001120,북마산가구거리,창원시마산합포구,오동동,추산동,2,4812850,MM10148015,48125,03,시군구만일치
CWB379001095,북마산가구거리,창원시마산합포구,오동동,중성동,2,4812840,MM10148015,48125,03,시군구만일치
CWB379001095,북마산가구거리,창원시마산합포구,오동동,추산동,2,4812850,MM10148015,48125,03,시군구만일치
CWB379001121,삼성생명,창원시마산합포구,오동동,오동동,2,4300820,MM10148000,48125,03,동일치
CWB379001121,삼성생명,창원시마산합포구,오동동,오동동,2,4812110,MM10148015,48125,03,동일치
CWB379001134,삼성생명,창원시마산합포구,오동동,오동동,2,4300820,MM10148000,48125,03,동일치
CWB379001134,삼성생명,창원시마산합포구,오동동,오동동,2,4812110,MM10148015,48125,03,동일치
CWB379001199,어시장,창원시마산합포구,오동동,남성동,8,4300127,MM10148000,48125,03,시군구만일치
CWB379001199,어시장,창원시마산합포구,오동동,남성동,8,4300090,MM10148000,48125,03,시군구만일치
CWB379001199,어시장,창원시마산합포구,오동동,남성동,8,4826600,MM10148015,48125,03,시군구만일치
CWB379001199,어시장,창원시마산합포구,오동동,남성동,8,4826670,MM10148015,48125,03,시군구만일치
CWB379001199,어시장,창원시마산합포구,오동동,남성동,8,4816680,MM10148015,48125,03,시군구만일치
CWB379001199,어시장,창원시마산합포구,오동동,남성동,8,4816670,MM10148015,48125,03,시군구만일치
CWB379001199,어시장,창원시마산합포구,오동동,동성동,8,4826660,MM10148015,48125,03,시군구만일치
CWB379001199,어시장,창원시마산합포구,오동동,수성동,8,4826590,MM10148015,48125,03,시군구만일치
CWB379001219,어시장,창원시마산합포구,오동동,남성동,8,4300127,MM10148000,48125,03,시군구만일치
CWB379001219,어시장,창원시마산합포구,오동동,남성동,8,4300090,MM10148000,48125,03,시군구만일치
CWB379001219,어시장,창원시마산합포구,오동동,남성동,8,4826600,MM10148015,48125,03,시군구만일치
CWB379001219,어시장,창원시마산합포구,오동동,남성동,8,4826670,MM10148015,48125,03,시군구만일치
CWB379001219,어시장,창원시마산합포구,오동동,남성동,8,4816680,MM10148015,48125,03,시군구만일치
CWB379001219,어시장,창원시마산합포구,오동동,남성동,8,4816670,MM10148015,48125,03,시군구만일치
CWB379001219,어시장,창원시마산합포구,오동동,동성동,8,4826660,MM10148015,48125,03,시군구만일치
CWB379001219,어시장,창원시마산합포구,오동동,수성동,8,4826590,MM10148015,48125,03,시군구만일치
CWB379001223,어시장,창원시마산합포구,오동동,남성동,8,4300127,MM10148000,48125,03,시군구만일치
CWB379001223,어시장,창원시마산합포구,오동동,남성동,8,4300090,MM10148000,48125,03,시군구만일치
CWB379001223,어시장,창원시마산합포구,오동동,남성동,8,4826600,MM10148015,48125,03,시군구만일치
CWB379001223,어시장,창원시마산합포구,오동동,남성동,8,4826670,MM10148015,48125,03,시군구만일치
CWB379001223,어시장,창원시마산합포구,오동동,남성동,8,4816680,MM10148015,48125,03,시군구만일치
CWB379001223,어시장,창원시마산합포구,오동동,남성동,8,4816670,MM10148015,48125,03,시군구만일치
CWB379001223,어시장,창원시마산합포구,오동동,동성동,8,4826660,MM10148015,48125,03,시군구만일치
CWB379001223,어시장,창원시마산합포구,오동동,수성동,8,4826590,MM10148015,48125,03,시군구만일치
CWB379001215,어시장,창원시마산합포구,오동동,남성동,8,4300127,MM10148000,48125,03,시군구만일치
CWB379001215,어시장,창원시마산합포구,오동동,남성동,8,4300090,MM10148000,48125,03,시군구만일치
CWB379001215,어시장,창원시마산합포구,오동동,남성동,8,4826600,MM10148015,48125,03,시군구만일치
CWB379001215,어시장,창원시마산합포구,오동동,남성동,8,4826670,MM10148015,48125,03,시군구만일치
CWB379001215,어시장,창원시마산합포구,오동동,남성동,8,4816680,MM10148015,48125,03,시군구만일치
CWB379001215,어시장,창원시마산합포구,오동동,남성동,8,4816670,MM10148015,48125,03,시군구만일치
CWB379001215,어시장,창원시마산합포구,오동동,동성동,8,4826660,MM10148015,48125,03,시군구만일치
CWB379001215,어시장,창원시마산합포구,오동동,수성동,8,4826590,MM10148015,48125,03,시군구만일치
CWB379001217,어시장,창원시마산합포구,오동동,남성동,8,4300127,MM10148000,48125,03,시군구만일치
CWB379001217,어시장,창원시마산합포구,오동동,남성동,8,4300090,MM10148000,48125,03,시군구만일치
CWB379001217,어시장,창원시마산합포구,오동동,남성동,8,4826600,MM10148015,48125,03,시군구만일치
CWB379001217,어시장,창원시마산합포구,오동동,남성동,8,4826670,MM10148015,48125,03,시군구만일치
CWB379001217,어시장,창원시마산합포구,오동동,남성동,8,4816680,MM10148015,48125,03,시군구만일치
CWB379001217,어시장,창원시마산합포구,오동동,남성동,8,4816670,MM10148015,48125,03,시군구만일치
CWB379001217,어시장,창원시마산합포구,오동동,동성동,8,4826660,MM10148015,48125,03,시군구만일치
CWB379001217,어시장,창원시마산합포구,오동동,수성동,8,4826590,MM10148015,48125,03,시군구만일치
CWB379001221,어시장,창원시마산합포구,오동동,남성동,8,4300127,MM10148000,48125,03,시군구만일치
CWB379001221,어시장,창원시마산합포구,오동동,남성동,8,4300090,MM10148000,48125,03,시군구만일치
CWB379001221,어시장,창원시마산합포구,오동동,남성동,8,4826600,MM10148015,48125,03,시군구만일치
CWB379001221,어시장,창원시마산합포구,오동동,남성동,8,4826670,MM10148015,48125,03,시군구만일치
CWB379001221,어시장,창원시마산합포구,오동동,남성동,8,4816680,MM10148015,48125,03,시군구만일치
CWB379001221,어시장,창원시마산합포구,오동동,남성동,8,4816670,MM10148015,48125,03,시군구만일치
CWB379001221,어시장,창원시마산합포구,오동동,동성동,8,4826660,MM10148015,48125,03,시군구만일치
CWB379001221,어시장,창원시마산합포구,오동동,수성동,8,4826590,MM10148015,48125,03,시군구만일치
CWB379001139,오동교,창원시마산합포구,오동동,오동동,1,4807950,MM10148015,48125,03,동일치
CWB379001161,오동동,창원시마산합포구,오동동,오동동,3,4830310,MM10148015,48125,03,동일치
CWB379001161,오동동,창원시마산합포구,오동동,오동동,3,4807970,MM10148015,48125,03,동일치
CWB379001161,오동동,창원시마산합포구,오동동,오동동,3,4808010,MM10148015,48125,03,동일치
CWB379001166,오동동문화광장,창원시마산합포구,오동동,동성동,4,4300818,MM10148000,48125,03,시군구만일치
CWB379001166,오동동문화광장,창원시마산합포구,오동동,동성동,4,4300819,MM10148000,48125,03,시군구만일치
CWB379001166,오동동문화광장,창원시마산합포구,오동동,동성동,4,4812700,MM10148015,48125,03,시군구만일치
CWB379001166,오동동문화광장,창원시마산합포구,오동동,동성동,4,4803280,MM10148015,48125,03,시군구만일치
CWB379001175,오동동문화광장,창원시마산합포구,오동동,동성동,4,4300818,MM10148000,48125,03,시군구만일치
CWB379001175,오동동문화광장,창원시마산합포구,오동동,동성동,4,4300819,MM10148000,48125,03,시군구만일치
CWB379001175,오동동문화광장,창원시마산합포구,오동동,동성동,4,4812700,MM10148015,48125,03,시군구만일치
CWB379001175,오동동문화광장,창원시마산합포구,오동동,동성동,4,4803280,MM10148015,48125,03,시군구만일치
CWB379002004,오동동아구찜거리,창원시마산합포구,오동동,오동동,2,4807970,MM10148015,48125,03,동일치
CWB379002004,오동동아구찜거리,창원시마산합포구,오동동,오동동,2,4808010,MM10148015,48125,03,동일치
CWB379001173,오동동아구찜거리,창원시마산합포구,오동동,오동동,2,4807970,MM10148015,48125,03,동일치
CWB379001173,오동동아구찜거리,창원시마산합포구,오동동,오동동,2,4808010,MM10148015,48125,03,동일치
CWB379001246,경남데파트,창원시마산합포구,완월동,중앙동3가,5,4300152,MM10148000,48125,03,시군구만일치
CWB379001246,경남데파트,창원시마산합포구,완월동,중앙동3가,5,4300175,MM10148000,48125,03,시군구만일치
CWB379001246,경남데파트,창원시마산합포구,완월동,중앙동3가,5,4819640,MM10148015,48125,03,시군구만일치
CWB379001246,경남데파트,창원시마산합포구,완월동,중앙동3가,5,4819610,MM10148015,48125,03,시군구만일치
CWB379001246,경남데파트,창원시마산합포구,완월동,중앙동3가,5,4826580,MM10148015,48125,03,시군구만일치
CWB379001294,마산여고,창원시마산합포구,완월동,완월동,2,4814850,MM10148015,48125,03,동일치
CWB379001294,마산여고,창원시마산합포구,완월동,완월동,2,4814860,MM10148015,48125,03,동일치
CWB379001298,마산여고,창원시마산합포구,완월동,완월동,2,4814850,MM10148015,48125,03,동일치
CWB379001298,마산여고,창원시마산합포구,완월동,완월동,2,4814860,MM10148015,48125,03,동일치
CWB379001284,마산합포구청.의료원,창원시마산합포구,완월동,중앙동3가,5,4300151,MM10148000,48125,03,시군구만일치
CWB379001284,마산합포구청.의료원,창원시마산합포구,완월동,중앙동3가,5,4300176,MM10148000,48125,03,시군구만일치
CWB379001284,마산합포구청.의료원,창원시마산합포구,완월동,중앙동3가,5,4814650,MM10148015,48125,03,시군구만일치
CWB379001284,마산합포구청.의료원,창원시마산합포구,완월동,중앙동3가,5,4826570,MM10148015,48125,03,시군구만일치
CWB379001284,마산합포구청.의료원,창원시마산합포구,완월동,중앙동3가,5,4809880,MM10148015,48125,03,시군구만일치
CWB379001282,완월동,창원시마산합포구,완월동,완월동,2,4807670,MM10148015,48125,03,동일치
CWB379001282,완월동,창원시마산합포구,완월동,완월동,2,4807680,MM10148015,48125,03,동일치
CWB379001283,완월동,창원시마산합포구,완월동,완월동,2,4807670,MM10148015,48125,03,동일치
CWB379001283,완월동,창원시마산합포구,완월동,완월동,2,4807680,MM10148015,48125,03,동일치
CWB379001419,"경남대,서중학교",창원시마산합포구,월영동,,0,,,,,미매칭
CWB379001418,"경남대,서중학교",창원시마산합포구,월영동,,0,,,,,미매칭
CWB379001401,경남대학교,창원시마산합포구,월영동,월남동4가,6,4800570,MM10148015,48125,03,시군구만일치
CWB379001401,경남대학교,창원시마산합포구,월영동,월남동4가,6,4301136,MM10148000,48125,03,시군구만일치
CWB379001401,경남대학교,창원시마산합포구,월영동,월남동5가,6,4819690,MM10148015,48125,03,시군구만일치
CWB379001401,경남대학교,창원시마산합포구,월영동,해운동,6,4819680,MM10148015,48125,03,시군구만일치
CWB379001401,경남대학교,창원시마산합포구,월영동,해운동,6,4300559,MM10148000,48125,03,시군구만일치
CWB379001401,경남대학교,창원시마산합포구,월영동,해운동,6,4300080,MM10148000,48125,03,시군구만일치
CWB379001452,고운초등학교,창원시마산합포구,월영동,월영동,2,4822420,MM10148015,48125,03,동일치
CWB379001452,고운초등학교,창원시마산합포구,월영동,월영동,2,4816570,MM10148015,48125,03,동일치
CWB379001451,고운초등학교,창원시마산합포구,월영동,월영동,2,4822420,MM10148015,48125,03,동일치
CWB379001451,고운초등학교,창원시마산합포구,월영동,월영동,2,4816570,MM10148015,48125,03,동일치
CWB379001416,남부터미널,창원시마산합포구,월영동,해운동,5,4300559,MM10148000,48125,03,시군구만일치
CWB379001416,남부터미널,창원시마산합포구,월영동,해운동,5,4300080,MM10148000,48125,03,시군구만일치
CWB379001416,남부터미널,창원시마산합포구,월영동,해운동,5,4300563,MM10148000,48125,03,시군구만일치
CWB379001416,남부터미널,창원시마산합포구,월영동,해운동,5,4300179,MM10148000,48125,03,시군구만일치
CWB379001416,남부터미널,창원시마산합포구,월영동,해운동,5,4818030,MM10148015,48125,03,시군구만일치
CWB379001441,월영1차아파트,창원시마산합포구,월영동,월영동,1,4806360,MM10148015,48125,03,동일치
CWB379001426,월영동,창원시마산합포구,월영동,월영동,4,4806410,MM10148015,48125,03,동일치
CWB379001426,월영동,창원시마산합포구,월영동,월영동,4,4806400,MM10148015,48125,03,동일치
CWB379001426,월영동,창원시마산합포구,월영동,월영동,4,4300143,MM10148000,48125,03,동일치
CWB379001426,월영동,창원시마산합포구,월영동,월영동,4,4806370,MM10148015,48125,03,동일치
CWB379001428,월영동,창원시마산합포구,월영동,월영동,4,4806410,MM10148015,48125,03,동일치
CWB379001428,월영동,창원시마산합포구,월영동,월영동,4,4806400,MM10148015,48125,03,동일치
CWB379001428,월영동,창원시마산합포구,월영동,월영동,4,4300143,MM10148000,48125,03,동일치
CWB379001428,월영동,창원시마산합포구,월영동,월영동,4,4806370,MM10148015,48125,03,동일치
CWB379001443,월영동공원,창원시마산합포구,월영동,월영동,2,4300143,MM10148000,48125,03,동일치
CWB379001443,월영동공원,창원시마산합포구,월영동,월영동,2,4806370,MM10148015,48125,03,동일치
CWB379001437,해운초등학교,창원시마산합포구,월영동,월영동,4,4300560,MM10148000,48125,03,동일치
CWB379001437,해운초등학교,창원시마산합포구,월영동,월영동,4,4300144,MM10148000,48125,03,동일치
CWB379001437,해운초등학교,창원시마산합포구,월영동,월영동,4,4800640,MM10148015,48125,03,동일치
CWB379001437,해운초등학교,창원시마산합포구,월영동,월영동,4,4800650,MM10148015,48125,03,동일치
CWB379001435,해운초등학교,창원시마산합포구,월영동,월영동,4,4300560,MM10148000,48125,03,동일치
CWB379001435,해운초등학교,창원시마산합포구,월영동,월영동,4,4300144,MM10148000,48125,03,동일치
CWB379001435,해운초등학교,창원시마산합포구,월영동,월영동,4,4800640,MM10148015,48125,03,동일치
CWB379001435,해운초등학교,창원시마산합포구,월영동,월영동,4,4800650,MM10148015,48125,03,동일치
CWB379001440,화인아파트,창원시마산합포구,월영동,월영동,2,4811540,MM10148015,48125,03,동일치
CWB379001440,화인아파트,창원시마산합포구,월영동,월영동,2,4811530,MM10148015,48125,03,동일치
CWB379001436,화인아파트,창원시마산합포구,월영동,월영동,2,4811540,MM10148015,48125,03,동일치
CWB379001436,화인아파트,창원시마산합포구,월영동,월영동,2,4811530,MM10148015,48125,03,동일치
CWB379001176,약수터,창원시마산합포구,자산동,자산동,2,4808690,MM10148015,48125,03,동일치
CWB379001176,약수터,창원시마산합포구,자산동,자산동,2,4808680,MM10148015,48125,03,동일치
CWB379001164,약수터,창원시마산합포구,자산동,자산동,2,4808690,MM10148015,48125,03,동일치
CWB379001164,약수터,창원시마산합포구,자산동,자산동,2,4808680,MM10148015,48125,03,동일치
CWB379001256,한우아파트,창원시마산합포구,자산동,자산동,4,4801140,MM10148015,48125,03,동일치
CWB379001256,한우아파트,창원시마산합포구,자산동,자산동,4,4801120,MM10148015,48125,03,동일치
CWB379001256,한우아파트,창원시마산합포구,자산동,자산동,4,4832400,MM10148015,48125,03,동일치
CWB379001256,한우아파트,창원시마산합포구,자산동,자산동,4,4832410,MM10148015,48125,03,동일치
CWB379001248,한우아파트,창원시마산합포구,자산동,자산동,4,4801140,MM10148015,48125,03,동일치
CWB379001248,한우아파트,창원시마산합포구,자산동,자산동,4,4801120,MM10148015,48125,03,동일치
CWB379001248,한우아파트,창원시마산합포구,자산동,자산동,4,4832400,MM10148015,48125,03,동일치
CWB379001248,한우아파트,창원시마산합포구,자산동,자산동,4,4832410,MM10148015,48125,03,동일치
CWB379001562,동전마을,창원시마산합포구,진동면,진동면,2,4815590,MM10148015,48125,03,동일치
CWB379001562,동전마을,창원시마산합포구,진동면,진동면,2,4815580,MM10148015,48125,03,동일치
CWB379001560,동전마을,창원시마산합포구,진동면,진동면,2,4815590,MM10148015,48125,03,동일치
CWB379001560,동전마을,창원시마산합포구,진동면,진동면,2,4815580,MM10148015,48125,03,동일치
CWB379001554,묵지마을,창원시마산합포구,진동면,진동면,2,4813880,MM10148015,48125,03,동일치
CWB379001554,묵지마을,창원시마산합포구,진동면,진동면,2,4813870,MM10148015,48125,03,동일치
CWB379001555,묵지마을,창원시마산합포구,진동면,진동면,2,4813880,MM10148015,48125,03,동일치
CWB379001555,묵지마을,창원시마산합포구,진동면,진동면,2,4813870,MM10148015,48125,03,동일치
CWB379001739,삼진고등학교,창원시마산합포구,진동면,진동면,1,4803651,MM10148015,48125,03,동일치
CWB379001718,야촌,창원시마산합포구,진동면,진동면,4,4808720,MM10148015,48125,03,동일치
CWB379001718,야촌,창원시마산합포구,진동면,진동면,4,4808710,MM10148015,48125,03,동일치
CWB379001718,야촌,창원시마산합포구,진동면,진동면,4,4827470,MM10148015,48125,03,동일치
CWB379001718,야촌,창원시마산합포구,진동면,진동면,4,4827460,MM10148015,48125,03,동일치
CWB379001712,야촌,창원시마산합포구,진동면,진동면,4,4808720,MM10148015,48125,03,동일치
CWB379001712,야촌,창원시마산합포구,진동면,진동면,4,4808710,MM10148015,48125,03,동일치
CWB379001712,야촌,창원시마산합포구,진동면,진동면,4,4827470,MM10148015,48125,03,동일치
CWB379001712,야촌,창원시마산합포구,진동면,진동면,4,4827460,MM10148015,48125,03,동일치
CWB379001614,오산마을,창원시마산합포구,진동면,진동면,2,4807890,MM10148015,48125,03,동일치
CWB379001614,오산마을,창원시마산합포구,진동면,진동면,2,4826490,MM10148015,48125,03,동일치
CWB379001617,입곡마을입구,창원시마산합포구,진동면,진동면,1,4805430,MM10148015,48125,03,동일치
CWB379001758,진동,창원시마산합포구,진동면,진동면,10,4833370,MM10148015,48125,03,동일치
CWB379001758,진동,창원시마산합포구,진동면,진동면,10,4803641,MM10148015,48125,03,동일치
CWB379001758,진동,창원시마산합포구,진동면,진동면,10,6310012,MM12148000,48125,03,동일치
CWB379001758,진동,창원시마산합포구,진동면,진동면,10,7913832,MM12148000,48125,03,동일치
CWB379001758,진동,창원시마산합포구,진동면,진동면,10,6310011,MM12148000,48125,03,동일치
CWB379001758,진동,창원시마산합포구,진동면,진동면,10,4822900,MM10148015,48125,03,동일치
CWB379001758,진동,창원시마산합포구,진동면,진동면,10,4803630,MM10148015,48125,03,동일치
CWB379001758,진동,창원시마산합포구,진동면,진동면,10,4300543,MM10148000,48125,03,동일치
CWB379001758,진동,창원시마산합포구,진동면,진동면,10,4803620,MM10148015,48125,03,동일치
CWB379001758,진동,창원시마산합포구,진동면,진동면,10,4822770,MM10148015,48125,03,동일치
CWB379001751,진동초등학교,창원시마산합포구,진동면,진동면,1,4832950,MM10148015,48125,03,동일치
CWB379002356,진동환승센터,창원시마산합포구,진동면,진동면,3,4829250,MM10148015,48125,03,동일치
CWB379002356,진동환승센터,창원시마산합포구,진동면,진동면,3,4829290,MM10148015,48125,03,동일치
CWB379002356,진동환승센터,창원시마산합포구,진동면,진동면,3,4833130,MM10148015,48125,03,동일치
CWB379001762,창의탑,창원시마산합포구,진동면,진북면,2,4802590,MM10148015,48125,03,시군구만일치
CWB379001762,창의탑,창원시마산합포구,진동면,진북면,2,4802580,MM10148015,48125,03,시군구만일치
CWB379001764,창의탑,창원시마산합포구,진동면,진북면,2,4802590,MM10148015,48125,03,시군구만일치
CWB379001764,창의탑,창원시마산합포구,진동면,진북면,2,4802580,MM10148015,48125,03,시군구만일치
CWB379003217,태봉마을,창원시마산합포구,진동면,진동면,2,4802010,MM10148015,48125,03,동일치
CWB379003217,태봉마을,창원시마산합포구,진동면,진동면,2,4826500,MM10148015,48125,03,동일치
CWB379001602,태봉병원,창원시마산합포구,진동면,진동면,1,4802020,MM10148015,48125,03,동일치
CWB379001680,한백자동차학원,창원시마산합포구,진동면,진동면,1,4801220,MM10148015,48125,03,동일치
CWB379001752,동촌,창원시마산합포구,진북면,진북면,2,4815450,MM10148015,48125,03,동일치
CWB379001752,동촌,창원시마산합포구,진북면,진북면,2,4815440,MM10148015,48125,03,동일치
CWB379001756,동촌,창원시마산합포구,진북면,진북면,2,4815450,MM10148015,48125,03,동일치
CWB379001756,동촌,창원시마산합포구,진북면,진북면,2,4815440,MM10148015,48125,03,동일치
CWB379001785,옥곡마을,창원시마산합포구,진북면,진북면,1,4807780,MM10148015,48125,03,동일치
CWB379001784,율티마을,창원시마산합포구,진북면,진북면,1,4802880,MM10148015,48125,03,동일치
CWB379001759,진북면행정복지센터,창원시마산합포구,진북면,진북면,5,4803590,MM10148015,48125,03,동일치
CWB379001759,진북면행정복지센터,창원시마산합포구,진북면,진북면,5,4803580,MM10148015,48125,03,동일치
CWB379001759,진북면행정복지센터,창원시마산합포구,진북면,진북면,5,4831280,MM10148015,48125,03,동일치
CWB379001759,진북면행정복지센터,창원시마산합포구,진북면,진북면,5,4831290,MM10148015,48125,03,동일치
CWB379001759,진북면행정복지센터,창원시마산합포구,진북면,진북면,5,4829280,MM10148015,48125,03,동일치
CWB379001761,진북면행정복지센터,창원시마산합포구,진북면,진북면,5,4803590,MM10148015,48125,03,동일치
CWB379001761,진북면행정복지센터,창원시마산합포구,진북면,진북면,5,4803580,MM10148015,48125,03,동일치
CWB379001761,진북면행정복지센터,창원시마산합포구,진북면,진북면,5,4831280,MM10148015,48125,03,동일치
CWB379001761,진북면행정복지센터,창원시마산합포구,진북면,진북면,5,4831290,MM10148015,48125,03,동일치
CWB379001761,진북면행정복지센터,창원시마산합포구,진북면,진북면,5,4829280,MM10148015,48125,03,동일치
CWB379001775,해병전첩비,창원시마산합포구,진북면,진북면,2,4823020,MM10148015,48125,03,동일치
CWB379001775,해병전첩비,창원시마산합포구,진북면,진북면,2,4800780,MM10148015,48125,03,동일치
CWB379001776,해병전첩비,창원시마산합포구,진북면,진북면,2,4823020,MM10148015,48125,03,동일치
CWB379001776,해병전첩비,창원시마산합포구,진북면,진북면,2,4800780,MM10148015,48125,03,동일치
CWB379001800,도산마을,창원시마산합포구,진전면,진전면,2,4816000,MM10148015,48125,03,동일치
CWB379001800,도산마을,창원시마산합포구,진전면,진전면,2,4823430,MM10148015,48125,03,동일치
CWB379001799,도산마을,창원시마산합포구,진전면,진전면,2,4816000,MM10148015,48125,03,동일치
CWB379001799,도산마을,창원시마산합포구,진전면,진전면,2,4823430,MM10148015,48125,03,동일치
CWB379001898,동진대교,창원시마산합포구,진전면,진전면,3,4815490,MM10148015,48125,03,동일치
CWB379001898,동진대교,창원시마산합포구,진전면,진전면,3,4809140,MM10148015,48125,03,동일치
CWB379001898,동진대교,창원시마산합포구,진전면,진전면,3,4823590,MM10148015,48125,03,동일치
CWB379001912,동진대교,창원시마산합포구,진전면,진전면,3,4815490,MM10148015,48125,03,동일치
CWB379001912,동진대교,창원시마산합포구,진전면,진전면,3,4809140,MM10148015,48125,03,동일치
CWB379001912,동진대교,창원시마산합포구,진전면,진전면,3,4823590,MM10148015,48125,03,동일치
CWB379001913,동진대교,창원시마산합포구,진전면,진전면,3,4815490,MM10148015,48125,03,동일치
CWB379001913,동진대교,창원시마산합포구,진전면,진전면,3,4809140,MM10148015,48125,03,동일치
CWB379001913,동진대교,창원시마산합포구,진전면,진전면,3,4823590,MM10148015,48125,03,동일치
CWB379001897,동진대교,창원시마산합포구,진전면,진전면,3,4815490,MM10148015,48125,03,동일치
CWB379001897,동진대교,창원시마산합포구,진전면,진전면,3,4809140,MM10148015,48125,03,동일치
CWB379001897,동진대교,창원시마산합포구,진전면,진전면,3,4823590,MM10148015,48125,03,동일치
CWB379002859,막개,창원시마산합포구,진전면,진전면,1,4825710,MM10148015,48125,03,동일치
CWB379002858,막개,창원시마산합포구,진전면,진전면,1,4825710,MM10148015,48125,03,동일치
CWB379005801,목화전,창원시마산합포구,진전면,진전면,1,4805590,MM10148015,48125,03,동일치
CWB379005802,목화전,창원시마산합포구,진전면,진전면,1,4805590,MM10148015,48125,03,동일치
CWB379001791,봉곡마을,창원시마산합포구,진전면,진전면,2,4823440,MM10148015,48125,03,동일치
CWB379001791,봉곡마을,창원시마산합포구,진전면,진전면,2,4813180,MM10148015,48125,03,동일치
CWB379001793,봉곡마을,창원시마산합포구,진전면,진전면,2,4823440,MM10148015,48125,03,동일치
CWB379001793,봉곡마을,창원시마산합포구,진전면,진전면,2,4813180,MM10148015,48125,03,동일치
CWB379001906,소포,창원시마산합포구,진전면,진전면,3,4809130,MM10148015,48125,03,동일치
CWB379001906,소포,창원시마산합포구,진전면,진전면,3,4823570,MM10148015,48125,03,동일치
CWB379001906,소포,창원시마산합포구,진전면,진전면,3,4823560,MM10148015,48125,03,동일치
CWB379001907,소포,창원시마산합포구,진전면,진전면,3,4809130,MM10148015,48125,03,동일치
CWB379001907,소포,창원시마산합포구,진전면,진전면,3,4823570,MM10148015,48125,03,동일치
CWB379001907,소포,창원시마산합포구,진전면,진전면,3,4823560,MM10148015,48125,03,동일치
CWB379001921,시락,창원시마산합포구,진전면,진전면,4,4809970,MM10148015,48125,03,동일치
CWB379001921,시락,창원시마산합포구,진전면,진전면,4,4823580,MM10148015,48125,03,동일치
CWB379001921,시락,창원시마산합포구,진전면,진전면,4,4809960,MM10148015,48125,03,동일치
CWB379001921,시락,창원시마산합포구,진전면,진전면,4,4830870,MM10148015,48125,03,동일치
CWB379001922,시락,창원시마산합포구,진전면,진전면,4,4809970,MM10148015,48125,03,동일치
CWB379001922,시락,창원시마산합포구,진전면,진전면,4,4823580,MM10148015,48125,03,동일치
CWB379001922,시락,창원시마산합포구,진전면,진전면,4,4809960,MM10148015,48125,03,동일치
CWB379001922,시락,창원시마산합포구,진전면,진전면,4,4830870,MM10148015,48125,03,동일치
CWB379001923,시락마을,창원시마산합포구,진전면,진전면,1,4809960,MM10148015,48125,03,동일치
CWB379001924,시락마을,창원시마산합포구,진전면,진전면,1,4809960,MM10148015,48125,03,동일치
CWB379001944,시락정곡종점,창원시마산합포구,진전면,진전면,1,4830870,MM10148015,48125,03,동일치
CWB379001943,시락정곡종점,창원시마산합포구,진전면,진전면,1,4830870,MM10148015,48125,03,동일치
CWB379001798,신기,창원시마산합포구,진전면,진전면,1,4808790,MM10148015,48125,03,동일치
CWB379005800,아랫소포,창원시마산합포구,진전면,진전면,1,4823560,MM10148015,48125,03,동일치
CWB379005799,아랫소포,창원시마산합포구,진전면,진전면,1,4823560,MM10148015,48125,03,동일치
CWB379001803,암하,창원시마산합포구,진전면,진전면,3,4830300,MM10148015,48125,03,동일치
CWB379001803,암하,창원시마산합포구,진전면,진전면,3,4809780,MM10148015,48125,03,동일치
CWB379001803,암하,창원시마산합포구,진전면,진전면,3,7913389,MM12148000,48125,03,동일치
CWB379001804,암하,창원시마산합포구,진전면,진전면,3,4830300,MM10148015,48125,03,동일치
CWB379001804,암하,창원시마산합포구,진전면,진전면,3,4809780,MM10148015,48125,03,동일치
CWB379001804,암하,창원시마산합포구,진전면,진전면,3,7913389,MM12148000,48125,03,동일치
CWB379006157,오서교차로,창원시마산합포구,진전면,진전면,1,4833050,MM10148015,48125,03,동일치
CWB379001830,오서시장,창원시마산합포구,진전면,진전면,2,4823450,MM10148015,48125,03,동일치
CWB379001830,오서시장,창원시마산합포구,진전면,진전면,2,4807880,MM10148015,48125,03,동일치
CWB379001831,오서시장,창원시마산합포구,진전면,진전면,2,4823450,MM10148015,48125,03,동일치
CWB379001831,오서시장,창원시마산합포구,진전면,진전면,2,4807880,MM10148015,48125,03,동일치
CWB379001797,옹기골,창원시마산합포구,진전면,진전면,1,4807690,MM10148015,48125,03,동일치
CWB379001866,이명마을,창원시마산합포구,진전면,진전면,4,4830620,MM10148015,48125,03,동일치
CWB379001866,이명마을,창원시마산합포구,진전면,진전면,4,4830610,MM10148015,48125,03,동일치
CWB379001866,이명마을,창원시마산합포구,진전면,진전면,4,4805670,MM10148015,48125,03,동일치
CWB379001866,이명마을,창원시마산합포구,진전면,진전면,4,4823500,MM10148015,48125,03,동일치
CWB379001865,이명마을,창원시마산합포구,진전면,진전면,4,4830620,MM10148015,48125,03,동일치
CWB379001865,이명마을,창원시마산합포구,진전면,진전면,4,4830610,MM10148015,48125,03,동일치
CWB379001865,이명마을,창원시마산합포구,진전면,진전면,4,4805670,MM10148015,48125,03,동일치
CWB379001865,이명마을,창원시마산합포구,진전면,진전면,4,4823500,MM10148015,48125,03,동일치
CWB379001860,이명마을입구,창원시마산합포구,진전면,진전면,2,4805670,MM10148015,48125,03,동일치
CWB379001860,이명마을입구,창원시마산합포구,진전면,진전면,2,4823500,MM10148015,48125,03,동일치
CWB379001859,이명마을입구,창원시마산합포구,진전면,진전면,2,4805670,MM10148015,48125,03,동일치
CWB379001859,이명마을입구,창원시마산합포구,진전면,진전면,2,4823500,MM10148015,48125,03,동일치
CWB379002898,임곡마을,창원시마산합포구,진전면,진전면,1,4826200,MM10148015,48125,03,동일치
CWB379002900,임곡마을,창원시마산합포구,진전면,진전면,1,4826200,MM10148015,48125,03,동일치
CWB379003269,임곡삼거리,창원시마산합포구,진전면,진전면,2,4805460,MM10148015,48125,03,동일치
CWB379003269,임곡삼거리,창원시마산합포구,진전면,진전면,2,4827240,MM10148015,48125,03,동일치
CWB379001941,정곡,창원시마산합포구,진전면,진전면,2,4830870,MM10148015,48125,03,동일치
CWB379001941,정곡,창원시마산합포구,진전면,진전면,2,4824700,MM10148015,48125,03,동일치
CWB379001942,정곡,창원시마산합포구,진전면,진전면,2,4830870,MM10148015,48125,03,동일치
CWB379001942,정곡,창원시마산합포구,진전면,진전면,2,4824700,MM10148015,48125,03,동일치
CWB379001853,정달마을,창원시마산합포구,진전면,진전면,2,4804830,MM10148015,48125,03,동일치
CWB379001853,정달마을,창원시마산합포구,진전면,진전면,2,4823490,MM10148015,48125,03,동일치
CWB379001852,정달마을,창원시마산합포구,진전면,진전면,2,4804830,MM10148015,48125,03,동일치
CWB379001852,정달마을,창원시마산합포구,진전면,진전면,2,4823490,MM10148015,48125,03,동일치
CWB379001809,진목마을,창원시마산합포구,진전면,진전면,2,4807720,MM10148015,48125,03,동일치
CWB379001809,진목마을,창원시마산합포구,진전면,진전면,2,4807710,MM10148015,48125,03,동일치
CWB379001808,진목마을,창원시마산합포구,진전면,진전면,2,4807720,MM10148015,48125,03,동일치
CWB379001808,진목마을,창원시마산합포구,진전면,진전면,2,4807710,MM10148015,48125,03,동일치
CWB379001828,진전면행정복지센터,창원시마산합포구,진전면,진전면,2,4803560,MM10148015,48125,03,동일치
CWB379001828,진전면행정복지센터,창원시마산합포구,진전면,진전면,2,4823310,MM10148015,48125,03,동일치
CWB379001827,진전면행정복지센터,창원시마산합포구,진전면,진전면,2,4803560,MM10148015,48125,03,동일치
CWB379001827,진전면행정복지센터,창원시마산합포구,진전면,진전면,2,4823310,MM10148015,48125,03,동일치
CWB379001818,진전어린이집,창원시마산합포구,진전면,진전면,2,4823300,MM10148015,48125,03,동일치
CWB379001818,진전어린이집,창원시마산합포구,진전면,진전면,2,4803550,MM10148015,48125,03,동일치
CWB379001815,진전어린이집,창원시마산합포구,진전면,진전면,2,4823300,MM10148015,48125,03,동일치
CWB379001815,진전어린이집,창원시마산합포구,진전면,진전면,2,4803550,MM10148015,48125,03,동일치
CWB379001832,진전중학교,창원시마산합포구,진전면,진전면,3,4823880,MM10148015,48125,03,동일치
CWB379001832,진전중학교,창원시마산합포구,진전면,진전면,3,4807980,MM10148015,48125,03,동일치
CWB379001832,진전중학교,창원시마산합포구,진전면,진전면,3,4803540,MM10148015,48125,03,동일치
CWB379001833,진전중학교,창원시마산합포구,진전면,진전면,3,4823880,MM10148015,48125,03,동일치
CWB379001833,진전중학교,창원시마산합포구,진전면,진전면,3,4807980,MM10148015,48125,03,동일치
CWB379001833,진전중학교,창원시마산합포구,진전면,진전면,3,4803540,MM10148015,48125,03,동일치
CWB379001790,진전초등학교,창원시마산합포구,진전면,진전면,2,4823290,MM10148015,48125,03,동일치
CWB379001790,진전초등학교,창원시마산합포구,진전면,진전면,2,4827290,MM10148015,48125,03,동일치
CWB379001792,진전초등학교,창원시마산합포구,진전면,진전면,2,4823290,MM10148015,48125,03,동일치
CWB379001792,진전초등학교,창원시마산합포구,진전면,진전면,2,4827290,MM10148015,48125,03,동일치
CWB379001879,창포마을,창원시마산합포구,진전면,진전면,1,4802530,MM10148015,48125,03,동일치
CWB379001811,천주교마산교구청,창원시마산합포구,진전면,진전면,2,4818400,MM10148015,48125,03,동일치
CWB379001811,천주교마산교구청,창원시마산합포구,진전면,진전면,2,4818390,MM10148015,48125,03,동일치
CWB379001812,천주교마산교구청,창원시마산합포구,진전면,진전면,2,4818400,MM10148015,48125,03,동일치
CWB379001812,천주교마산교구청,창원시마산합포구,진전면,진전면,2,4818390,MM10148015,48125,03,동일치
CWB379001870,탑동종점,창원시마산합포구,진전면,진전면,1,4802160,MM10148015,48125,03,동일치
CWB379001925,해변횟집,창원시마산합포구,진전면,진전면,1,4824740,MM10148015,48125,03,동일치
CWB379001926,해변횟집,창원시마산합포구,진전면,진전면,1,4824740,MM10148015,48125,03,동일치
CWB379001848,호산마을,창원시마산합포구,진전면,진전면,2,4800330,MM10148015,48125,03,동일치
CWB379001848,호산마을,창원시마산합포구,진전면,진전면,2,4823480,MM10148015,48125,03,동일치
CWB379001847,호산마을,창원시마산합포구,진전면,진전면,2,4800330,MM10148015,48125,03,동일치
CWB379001847,호산마을,창원시마산합포구,진전면,진전면,2,4823480,MM10148015,48125,03,동일치
CWB379001849,회동,창원시마산합포구,진전면,진전면,2,4823470,MM10148015,48125,03,동일치
CWB379001849,회동,창원시마산합포구,진전면,진전면,2,4800150,MM10148015,48125,03,동일치
CWB379001850,회동,창원시마산합포구,진전면,진전면,2,4823470,MM10148015,48125,03,동일치
CWB379001850,회동,창원시마산합포구,진전면,진전면,2,4800150,MM10148015,48125,03,동일치
CWB379001066,육호광장,창원시마산합포구,합포동,상남동,4,4806050,MM10148015,48125,03,시군구만일치
CWB379001066,육호광장,창원시마산합포구,합포동,상남동,4,4806060,MM10148015,48125,03,시군구만일치
CWB379001066,육호광장,창원시마산합포구,합포동,상남동,4,4806040,MM10148015,48125,03,시군구만일치
CWB379001066,육호광장,창원시마산합포구,합포동,상남동,4,4806020,MM10148015,48125,03,시군구만일치
CWB379001114,자유무역지역정문,창원시마산합포구,합포동,산호동,2,4805290,MM10148015,48125,03,시군구만일치
CWB379001114,자유무역지역정문,창원시마산합포구,합포동,산호동,2,4805250,MM10148015,48125,03,시군구만일치
CWB379001107,자유무역지역정문,창원시마산합포구,합포동,산호동,2,4805290,MM10148015,48125,03,시군구만일치
CWB379001107,자유무역지역정문,창원시마산합포구,합포동,산호동,2,4805250,MM10148015,48125,03,시군구만일치
CWB379001065,합포동,창원시마산합포구,합포동,산호동,2,4800830,MM10148015,48125,03,시군구만일치
CWB379001065,합포동,창원시마산합포구,합포동,산호동,2,4800840,MM10148015,48125,03,시군구만일치
CWB379001068,합포동,창원시마산합포구,합포동,산호동,2,4800830,MM10148015,48125,03,시군구만일치
CWB379001068,합포동,창원시마산합포구,합포동,산호동,2,4800840,MM10148015,48125,03,시군구만일치
CWB379003339,덕동공영차고지,창원시마산합포구,현동,덕동동,4,4832320,MM10148015,48125,03,시군구만일치
CWB379003339,덕동공영차고지,창원시마산합포구,현동,덕동동,4,4830570,MM10148015,48125,03,시군구만일치
CWB379003339,덕동공영차고지,창원시마산합포구,현동,덕동동,4,4827530,MM10148015,48125,03,시군구만일치
CWB379003339,덕동공영차고지,창원시마산합포구,현동,덕동동,4,4827520,MM10148015,48125,03,시군구만일치
CWB379003340,덕동공영차고지,창원시마산합포구,현동,덕동동,4,4832320,MM10148015,48125,03,시군구만일치
CWB379003340,덕동공영차고지,창원시마산합포구,현동,덕동동,4,4830570,MM10148015,48125,03,시군구만일치
CWB379003340,덕동공영차고지,창원시마산합포구,현동,덕동동,4,4827530,MM10148015,48125,03,시군구만일치
CWB379003340,덕동공영차고지,창원시마산합포구,현동,덕동동,4,4827520,MM10148015,48125,03,시군구만일치
CWB379001624,묘촌입구,창원시마산합포구,현동,현동,2,4814020,MM10148015,48125,03,동일치
CWB379001624,묘촌입구,창원시마산합포구,현동,현동,2,4814010,MM10148015,48125,03,동일치
CWB379001625,묘촌입구,창원시마산합포구,현동,현동,2,4814020,MM10148015,48125,03,동일치
CWB379001625,묘촌입구,창원시마산합포구,현동,현동,2,4814010,MM10148015,48125,03,동일치
CWB379001460,밤밭고개,창원시마산합포구,현동,예곡동,2,4813530,MM10148015,48125,03,시군구만일치
CWB379001460,밤밭고개,창원시마산합포구,현동,예곡동,2,4813510,MM10148015,48125,03,시군구만일치
CWB379001464,밤밭고개,창원시마산합포구,현동,예곡동,2,4813530,MM10148015,48125,03,시군구만일치
CWB379001464,밤밭고개,창원시마산합포구,현동,예곡동,2,4813510,MM10148015,48125,03,시군구만일치
CWB379001545,시립마산요양병원,창원시마산합포구,현동,우산동,2,4800550,MM10148015,48125,03,시군구만일치
CWB379001545,시립마산요양병원,창원시마산합포구,현동,우산동,2,4800490,MM10148015,48125,03,시군구만일치
CWB379001543,시립마산요양병원,창원시마산합포구,현동,우산동,2,4800550,MM10148015,48125,03,시군구만일치
CWB379001543,시립마산요양병원,창원시마산합포구,현동,우산동,2,4800490,MM10148015,48125,03,시군구만일치
CWB379001561,옥동마을,창원시마산합포구,현동,현동,1,4807740,MM10148015,48125,03,동일치
CWB379001577,옥동마을,창원시마산합포구,현동,현동,1,4807740,MM10148015,48125,03,동일치
CWB379001508,우산마을,창원시마산합포구,현동,우산동,2,4806990,MM10148015,48125,03,시군구만일치
CWB379001508,우산마을,창원시마산합포구,현동,우산동,2,4806980,MM10148015,48125,03,시군구만일치
CWB379001513,우산마을,창원시마산합포구,현동,우산동,2,4806990,MM10148015,48125,03,시군구만일치
CWB379001513,우산마을,창원시마산합포구,현동,우산동,2,4806980,MM10148015,48125,03,시군구만일치
CWB379003338,현동LH아파트,창원시마산합포구,현동,우산동,1,4800530,MM10148015,48125,03,시군구만일치
CWB379003010,현동입구,창원시마산합포구,현동,우산동,1,4826370,MM10148015,48125,03,시군구만일치
CWB379003337,현동중흥1차아파트,창원시마산합포구,현동,우산동,1,4800540,MM10148015,48125,03,시군구만일치
CWB379001587,현동초등학교,창원시마산합포구,현동,현동,2,4800470,MM10148015,48125,03,동일치
CWB379001587,현동초등학교,창원시마산합포구,현동,현동,2,4800480,MM10148015,48125,03,동일치
CWB379001586,현동초등학교,창원시마산합포구,현동,현동,2,4800470,MM10148015,48125,03,동일치
CWB379001586,현동초등학교,창원시마산합포구,현동,현동,2,4800480,MM10148015,48125,03,동일치
CWB379000479,구암1동행정복지센터,창원시마산회원구,구암1동,구암동,2,4818440,MM10148015,48127,03,시군구만일치
CWB379000479,구암1동행정복지센터,창원시마산회원구,구암1동,구암동,2,4818430,MM10148015,48127,03,시군구만일치
CWB379000478,구암1동행정복지센터,창원시마산회원구,구암1동,구암동,2,4818440,MM10148015,48127,03,시군구만일치
CWB379000478,구암1동행정복지센터,창원시마산회원구,구암1동,구암동,2,4818430,MM10148015,48127,03,시군구만일치
CWB379000547,구암동,창원시마산회원구,구암1동,구암동,9,4300703,MM10148000,48127,03,시군구만일치
CWB379000547,구암동,창원시마산회원구,구암1동,구암동,9,4300681,MM10148000,48127,03,시군구만일치
CWB379000547,구암동,창원시마산회원구,구암1동,구암동,9,4818480,MM10148015,48127,03,시군구만일치
CWB379000547,구암동,창원시마산회원구,구암1동,구암동,9,4830480,MM10148015,48127,03,시군구만일치
CWB379000547,구암동,창원시마산회원구,구암1동,구암동,9,4818470,MM10148015,48127,03,시군구만일치
CWB379000547,구암동,창원시마산회원구,구암1동,구암동,9,4300682,MM10148000,48127,03,시군구만일치
CWB379000547,구암동,창원시마산회원구,구암1동,구암동,9,4818450,MM10148015,48127,03,시군구만일치
CWB379000547,구암동,창원시마산회원구,구암1동,구암동,9,4828970,MM10148015,48127,03,시군구만일치
CWB379000547,구암동,창원시마산회원구,구암1동,구암동,9,4818420,MM10148015,48127,03,시군구만일치
CWB379000502,구암동육교,창원시마산회원구,구암1동,구암동,1,4818450,MM10148015,48127,03,시군구만일치
CWB379000509,구암동현대상가,창원시마산회원구,구암1동,구암동,2,4828970,MM10148015,48127,03,시군구만일치
CWB379000509,구암동현대상가,창원시마산회원구,구암1동,구암동,2,4818420,MM10148015,48127,03,시군구만일치
CWB379000436,구암중,창원시마산회원구,구암1동,구암동,2,4818410,MM10148015,48127,03,시군구만일치
CWB379000436,구암중,창원시마산회원구,구암1동,구암동,2,4828950,MM10148015,48127,03,시군구만일치
CWB379000440,대지아파트,창원시마산회원구,구암1동,구암동,1,4816560,MM10148015,48127,03,시군구만일치
CWB379000553,마산롯데캐슬동문,창원시마산회원구,구암1동,구암동,2,4830980,MM10148015,48127,03,시군구만일치
CWB379000553,마산롯데캐슬동문,창원시마산회원구,구암1동,합성동,2,4819800,MM10148015,48127,03,시군구만일치
CWB379000505,석보아파트,창원시마산회원구,구암1동,구암동,1,4811160,MM10148015,48127,03,시군구만일치
CWB379000458,수영아파트,창원시마산회원구,구암1동,구암동,1,4810160,MM10148015,48127,03,시군구만일치
CWB379000454,유성아파트,창원시마산회원구,구암1동,구암동,2,4806920,MM10148015,48127,03,시군구만일치
CWB379000454,유성아파트,창원시마산회원구,구암1동,구암동,2,4828960,MM10148015,48127,03,시군구만일치
CWB379000475,KT동마산지점,창원시마산회원구,구암2동,구암동,3,4300683,MM10148000,48127,03,시군구만일치
CWB379000475,KT동마산지점,창원시마산회원구,구암2동,구암동,3,4820490,MM10148015,48127,03,시군구만일치
CWB379000475,KT동마산지점,창원시마산회원구,구암2동,구암동,3,4820480,MM10148015,48127,03,시군구만일치
CWB379000489,KT동마산지점,창원시마산회원구,구암2동,구암동,3,4300683,MM10148000,48127,03,시군구만일치
CWB379000489,KT동마산지점,창원시마산회원구,구암2동,구암동,3,4820490,MM10148015,48127,03,시군구만일치
CWB379000489,KT동마산지점,창원시마산회원구,구암2동,구암동,3,4820480,MM10148015,48127,03,시군구만일치
CWB379000510,구암2동행정복지센터,창원시마산회원구,구암2동,구암동,1,4818530,MM10148015,48127,03,시군구만일치
CWB379000561,구암고등학교,창원시마산회원구,구암2동,구암동,2,4818520,MM10148015,48127,03,시군구만일치
CWB379000561,구암고등학교,창원시마산회원구,구암2동,구암동,2,4818510,MM10148015,48127,03,시군구만일치
CWB379000566,구암고등학교,창원시마산회원구,구암2동,구암동,2,4818520,MM10148015,48127,03,시군구만일치
CWB379000566,구암고등학교,창원시마산회원구,구암2동,구암동,2,4818510,MM10148015,48127,03,시군구만일치
CWB379000558,구암동,창원시마산회원구,구암2동,구암동,9,4300703,MM10148000,48127,03,시군구만일치
CWB379000558,구암동,창원시마산회원구,구암2동,구암동,9,4300681,MM10148000,48127,03,시군구만일치
CWB379000558,구암동,창원시마산회원구,구암2동,구암동,9,4818480,MM10148015,48127,03,시군구만일치
CWB379000558,구암동,창원시마산회원구,구암2동,구암동,9,4830480,MM10148015,48127,03,시군구만일치
CWB379000558,구암동,창원시마산회원구,구암2동,구암동,9,4818470,MM10148015,48127,03,시군구만일치
CWB379000558,구암동,창원시마산회원구,구암2동,구암동,9,4300682,MM10148000,48127,03,시군구만일치
CWB379000558,구암동,창원시마산회원구,구암2동,구암동,9,4818450,MM10148015,48127,03,시군구만일치
CWB379000558,구암동,창원시마산회원구,구암2동,구암동,9,4828970,MM10148015,48127,03,시군구만일치
CWB379000558,구암동,창원시마산회원구,구암2동,구암동,9,4818420,MM10148015,48127,03,시군구만일치
CWB379000613,삼성창원병원,창원시마산회원구,구암2동,구암동,4,4814970,MM10148015,48127,03,시군구만일치
CWB379000613,삼성창원병원,창원시마산회원구,구암2동,합성동,4,4814980,MM10148015,48127,03,시군구만일치
CWB379000613,삼성창원병원,창원시마산회원구,구암2동,합성동,4,4830990,MM10148015,48127,03,시군구만일치
CWB379000613,삼성창원병원,창원시마산회원구,구암2동,합성동,4,4831000,MM10148015,48127,03,시군구만일치
CWB379000514,창신대학교입구,창원시마산회원구,구암2동,구암동,1,4818540,MM10148015,48127,03,시군구만일치
CWB379000506,청소년복지회관.창신대학,창원시마산회원구,구암2동,구암동,2,4802450,MM10148015,48127,03,시군구만일치
CWB379000506,청소년복지회관.창신대학,창원시마산회원구,구암2동,구암동,2,4802440,MM10148015,48127,03,시군구만일치
CWB379000504,청소년복지회관.창신대학,창원시마산회원구,구암2동,구암동,2,4802450,MM10148015,48127,03,시군구만일치
CWB379000504,청소년복지회관.창신대학,창원시마산회원구,구암2동,구암동,2,4802440,MM10148015,48127,03,시군구만일치
CWB379000466,한국전력,창원시마산회원구,구암2동,구암동,5,1702195,27001,48127,08,시군구만일치
CWB379000466,한국전력,창원시마산회원구,구암2동,구암동,5,1702196,27001,48127,08,시군구만일치
CWB379000466,한국전력,창원시마산회원구,구암2동,구암동,5,4300684,MM10148000,48127,03,시군구만일치
CWB379000466,한국전력,창원시마산회원구,구암2동,구암동,5,4801380,MM10148015,48127,03,시군구만일치
CWB379000466,한국전력,창원시마산회원구,구암2동,구암동,5,4801370,MM10148015,48127,03,시군구만일치
CWB379000477,한국전력,창원시마산회원구,구암2동,구암동,5,1702195,27001,48127,08,시군구만일치
CWB379000477,한국전력,창원시마산회원구,구암2동,구암동,5,1702196,27001,48127,08,시군구만일치
CWB379000477,한국전력,창원시마산회원구,구암2동,구암동,5,4300684,MM10148000,48127,03,시군구만일치
CWB379000477,한국전력,창원시마산회원구,구암2동,구암동,5,4801380,MM10148015,48127,03,시군구만일치
CWB379000477,한국전력,창원시마산회원구,구암2동,구암동,5,4801370,MM10148015,48127,03,시군구만일치
CWB379005402,KB국민은행,창원시마산회원구,내서읍,내서읍,1,4830450,MM10148015,48127,03,동일치
CWB379000605,구슬골,창원시마산회원구,내서읍,내서읍,7,4300719,MM10148000,48127,03,동일치
CWB379000605,구슬골,창원시마산회원구,내서읍,내서읍,7,4300665,MM10148000,48127,03,동일치
CWB379000605,구슬골,창원시마산회원구,내서읍,내서읍,7,4818560,MM10148015,48127,03,동일치
CWB379000605,구슬골,창원시마산회원구,내서읍,내서읍,7,4818550,MM10148015,48127,03,동일치
CWB379000605,구슬골,창원시마산회원구,내서읍,내서읍,7,4809160,MM10148015,48127,03,동일치
CWB379000605,구슬골,창원시마산회원구,내서읍,내서읍,7,4806290,MM10148015,48127,03,동일치
CWB379000605,구슬골,창원시마산회원구,내서읍,내서읍,7,4806280,MM10148015,48127,03,동일치
CWB379000595,구슬골,창원시마산회원구,내서읍,내서읍,7,4300719,MM10148000,48127,03,동일치
CWB379000595,구슬골,창원시마산회원구,내서읍,내서읍,7,4300665,MM10148000,48127,03,동일치
CWB379000595,구슬골,창원시마산회원구,내서읍,내서읍,7,4818560,MM10148015,48127,03,동일치
CWB379000595,구슬골,창원시마산회원구,내서읍,내서읍,7,4818550,MM10148015,48127,03,동일치
CWB379000595,구슬골,창원시마산회원구,내서읍,내서읍,7,4809160,MM10148015,48127,03,동일치
CWB379000595,구슬골,창원시마산회원구,내서읍,내서읍,7,4806290,MM10148015,48127,03,동일치
CWB379000595,구슬골,창원시마산회원구,내서읍,내서읍,7,4806280,MM10148015,48127,03,동일치
CWB379000665,내서119안전센터,창원시마산회원구,내서읍,내서읍,2,4813470,MM10148015,48127,03,동일치
CWB379000665,내서119안전센터,창원시마산회원구,내서읍,내서읍,2,4813460,MM10148015,48127,03,동일치
CWB379000654,내서119안전센터,창원시마산회원구,내서읍,내서읍,2,4813470,MM10148015,48127,03,동일치
CWB379000654,내서119안전센터,창원시마산회원구,내서읍,내서읍,2,4813460,MM10148015,48127,03,동일치
CWB379002393,내서여고,창원시마산회원구,내서읍,내서읍,2,4817670,MM10148015,48127,03,동일치
CWB379002393,내서여고,창원시마산회원구,내서읍,내서읍,2,4817660,MM10148015,48127,03,동일치
CWB379001985,내서여고,창원시마산회원구,내서읍,내서읍,2,4817670,MM10148015,48127,03,동일치
CWB379001985,내서여고,창원시마산회원구,내서읍,내서읍,2,4817660,MM10148015,48127,03,동일치
CWB379000532,내서우체국,창원시마산회원구,내서읍,내서읍,2,4804290,MM10148015,48127,03,동일치
CWB379000532,내서우체국,창원시마산회원구,내서읍,내서읍,2,4804280,MM10148015,48127,03,동일치
CWB379000535,내서우체국,창원시마산회원구,내서읍,내서읍,2,4804290,MM10148015,48127,03,동일치
CWB379000535,내서우체국,창원시마산회원구,내서읍,내서읍,2,4804280,MM10148015,48127,03,동일치
CWB379002837,내서운동장,창원시마산회원구,내서읍,내서읍,1,4827330,MM10148015,48127,03,동일치
CWB379000597,내서중학교,창원시마산회원구,내서읍,내서읍,2,4817650,MM10148015,48127,03,동일치
CWB379000597,내서중학교,창원시마산회원구,내서읍,내서읍,2,4817640,MM10148015,48127,03,동일치
CWB379000588,내서중학교,창원시마산회원구,내서읍,내서읍,2,4817650,MM10148015,48127,03,동일치
CWB379000588,내서중학교,창원시마산회원구,내서읍,내서읍,2,4817640,MM10148015,48127,03,동일치
CWB379000473,농산물도매시장입구,창원시마산회원구,내서읍,내서읍,2,4300265,MM10148000,48127,03,동일치
CWB379000473,농산물도매시장입구,창원시마산회원구,내서읍,내서읍,2,4804320,MM10148015,48127,03,동일치
CWB379000746,더푸른아파트,창원시마산회원구,내서읍,내서읍,2,4812260,MM10148015,48127,03,동일치
CWB379000746,더푸른아파트,창원시마산회원구,내서읍,내서읍,2,4812250,MM10148015,48127,03,동일치
CWB379000743,더푸른아파트,창원시마산회원구,내서읍,내서읍,2,4812260,MM10148015,48127,03,동일치
CWB379000743,더푸른아파트,창원시마산회원구,내서읍,내서읍,2,4812250,MM10148015,48127,03,동일치
CWB379000496,동신아파트,창원시마산회원구,내서읍,내서읍,2,4815770,MM10148015,48127,03,동일치
CWB379000496,동신아파트,창원시마산회원구,내서읍,내서읍,2,4815760,MM10148015,48127,03,동일치
CWB379000488,동신아파트,창원시마산회원구,내서읍,내서읍,2,4815770,MM10148015,48127,03,동일치
CWB379000488,동신아파트,창원시마산회원구,내서읍,내서읍,2,4815760,MM10148015,48127,03,동일치
CWB379000582,로봇산업진흥재단,창원시마산회원구,내서읍,내서읍,2,4815000,MM10148015,48127,03,동일치
CWB379000582,로봇산업진흥재단,창원시마산회원구,내서읍,내서읍,2,4814990,MM10148015,48127,03,동일치
CWB379000585,로봇산업진흥재단,창원시마산회원구,내서읍,내서읍,2,4815000,MM10148015,48127,03,동일치
CWB379000585,로봇산업진흥재단,창원시마산회원구,내서읍,내서읍,2,4814990,MM10148015,48127,03,동일치
CWB379000776,롯데마트,창원시마산회원구,내서읍,내서읍,2,4815110,MM10148015,48127,03,동일치
CWB379000776,롯데마트,창원시마산회원구,내서읍,내서읍,2,4815100,MM10148015,48127,03,동일치
CWB379000771,롯데마트,창원시마산회원구,내서읍,내서읍,2,4815110,MM10148015,48127,03,동일치
CWB379000771,롯데마트,창원시마산회원구,내서읍,내서읍,2,4815100,MM10148015,48127,03,동일치
CWB379000411,마산대학교정문,창원시마산회원구,내서읍,내서읍,2,4826050,MM10148015,48127,03,동일치
CWB379000411,마산대학교정문,창원시마산회원구,내서읍,내서읍,2,4826040,MM10148015,48127,03,동일치
CWB379000416,마산대학교정문,창원시마산회원구,내서읍,내서읍,2,4826050,MM10148015,48127,03,동일치
CWB379000416,마산대학교정문,창원시마산회원구,내서읍,내서읍,2,4826040,MM10148015,48127,03,동일치
CWB379000378,마산대학교종점,창원시마산회원구,내서읍,내서읍,2,4815030,MM10148015,48127,03,동일치
CWB379000378,마산대학교종점,창원시마산회원구,내서읍,내서읍,2,4815040,MM10148015,48127,03,동일치
CWB379000379,마산대학교종점,창원시마산회원구,내서읍,내서읍,2,4815030,MM10148015,48127,03,동일치
CWB379000379,마산대학교종점,창원시마산회원구,내서읍,내서읍,2,4815040,MM10148015,48127,03,동일치
CWB379000810,삼계대동아파트,창원시마산회원구,내서읍,내서읍,2,4812300,MM10148015,48127,03,동일치
CWB379000810,삼계대동아파트,창원시마산회원구,내서읍,내서읍,2,4812310,MM10148015,48127,03,동일치
CWB379000813,삼계대동아파트,창원시마산회원구,내서읍,내서읍,2,4812300,MM10148015,48127,03,동일치
CWB379000813,삼계대동아파트,창원시마산회원구,내서읍,내서읍,2,4812310,MM10148015,48127,03,동일치
CWB379000805,삼계숲속마을아파트,창원시마산회원구,내서읍,내서읍,2,4821440,MM10148015,48127,03,동일치
CWB379000805,삼계숲속마을아파트,창원시마산회원구,내서읍,내서읍,2,4810010,MM10148015,48127,03,동일치
CWB379000801,삼계숲속마을아파트,창원시마산회원구,내서읍,내서읍,2,4821440,MM10148015,48127,03,동일치
CWB379000801,삼계숲속마을아파트,창원시마산회원구,내서읍,내서읍,2,4810010,MM10148015,48127,03,동일치
CWB379000799,삼계우체국,창원시마산회원구,내서읍,내서읍,2,4812280,MM10148015,48127,03,동일치
CWB379000799,삼계우체국,창원시마산회원구,내서읍,내서읍,2,4812270,MM10148015,48127,03,동일치
CWB379000793,삼계우체국,창원시마산회원구,내서읍,내서읍,2,4812280,MM10148015,48127,03,동일치
CWB379000793,삼계우체국,창원시마산회원구,내서읍,내서읍,2,4812270,MM10148015,48127,03,동일치
CWB379000405,수곡,창원시마산회원구,내서읍,내서읍,5,4300262,MM10148000,48127,03,동일치
CWB379000405,수곡,창원시마산회원구,내서읍,내서읍,5,4300297,MM10148000,48127,03,동일치
CWB379000405,수곡,창원시마산회원구,내서읍,내서읍,5,4810200,MM10148015,48127,03,동일치
CWB379000405,수곡,창원시마산회원구,내서읍,내서읍,5,4810190,MM10148015,48127,03,동일치
CWB379000405,수곡,창원시마산회원구,내서읍,내서읍,5,4826120,MM10148015,48127,03,동일치
CWB379000406,수곡,창원시마산회원구,내서읍,내서읍,5,4300262,MM10148000,48127,03,동일치
CWB379000406,수곡,창원시마산회원구,내서읍,내서읍,5,4300297,MM10148000,48127,03,동일치
CWB379000406,수곡,창원시마산회원구,내서읍,내서읍,5,4810200,MM10148015,48127,03,동일치
CWB379000406,수곡,창원시마산회원구,내서읍,내서읍,5,4810190,MM10148015,48127,03,동일치
CWB379000406,수곡,창원시마산회원구,내서읍,내서읍,5,4826120,MM10148015,48127,03,동일치
CWB379000804,안계초등학교,창원시마산회원구,내서읍,내서읍,2,4823660,MM10148015,48127,03,동일치
CWB379000804,안계초등학교,창원시마산회원구,내서읍,내서읍,2,4809030,MM10148015,48127,03,동일치
CWB379000800,안계초등학교,창원시마산회원구,내서읍,내서읍,2,4823660,MM10148015,48127,03,동일치
CWB379000800,안계초등학교,창원시마산회원구,내서읍,내서읍,2,4809030,MM10148015,48127,03,동일치
CWB379000608,용마정비,창원시마산회원구,내서읍,내서읍,2,4807480,MM10148015,48127,03,동일치
CWB379000608,용마정비,창원시마산회원구,내서읍,내서읍,2,4807470,MM10148015,48127,03,동일치
CWB379000604,용마정비,창원시마산회원구,내서읍,내서읍,2,4807480,MM10148015,48127,03,동일치
CWB379000604,용마정비,창원시마산회원구,내서읍,내서읍,2,4807470,MM10148015,48127,03,동일치
CWB379000774,원계,창원시마산회원구,내서읍,내서읍,2,4806560,MM10148015,48127,03,동일치
CWB379000774,원계,창원시마산회원구,내서읍,내서읍,2,4806570,MM10148015,48127,03,동일치
CWB379000773,원계,창원시마산회원구,내서읍,내서읍,2,4806560,MM10148015,48127,03,동일치
CWB379000773,원계,창원시마산회원구,내서읍,내서읍,2,4806570,MM10148015,48127,03,동일치
CWB379000869,이미지아파트입구,창원시마산회원구,내서읍,내서읍,1,4821430,MM10148015,48127,03,동일치
CWB379003011,자동차부품혁신센터,창원시마산회원구,내서읍,내서읍,2,4826390,MM10148015,48127,03,동일치
CWB379003011,자동차부품혁신센터,창원시마산회원구,내서읍,내서읍,2,4826380,MM10148015,48127,03,동일치
CWB379003012,자동차부품혁신센터,창원시마산회원구,내서읍,내서읍,2,4826390,MM10148015,48127,03,동일치
CWB379003012,자동차부품혁신센터,창원시마산회원구,내서읍,내서읍,2,4826380,MM10148015,48127,03,동일치
CWB379000643,장미아파트,창원시마산회원구,내서읍,내서읍,2,4805110,MM10148015,48127,03,동일치
CWB379000643,장미아파트,창원시마산회원구,내서읍,내서읍,2,4805100,MM10148015,48127,03,동일치
CWB379000644,장미아파트,창원시마산회원구,내서읍,내서읍,2,4805110,MM10148015,48127,03,동일치
CWB379000644,장미아파트,창원시마산회원구,내서읍,내서읍,2,4805100,MM10148015,48127,03,동일치
CWB379000377,제일고등학교,창원시마산회원구,내서읍,내서읍,4,4300261,MM10148000,48127,03,동일치
CWB379000377,제일고등학교,창원시마산회원구,내서읍,내서읍,4,4300298,MM10148000,48127,03,동일치
CWB379000377,제일고등학교,창원시마산회원구,내서읍,내서읍,4,4822280,MM10148015,48127,03,동일치
CWB379000377,제일고등학교,창원시마산회원구,내서읍,내서읍,4,4804690,MM10148015,48127,03,동일치
CWB379000380,제일고등학교,창원시마산회원구,내서읍,내서읍,4,4300261,MM10148000,48127,03,동일치
CWB379000380,제일고등학교,창원시마산회원구,내서읍,내서읍,4,4300298,MM10148000,48127,03,동일치
CWB379000380,제일고등학교,창원시마산회원구,내서읍,내서읍,4,4822280,MM10148015,48127,03,동일치
CWB379000380,제일고등학교,창원시마산회원구,내서읍,내서읍,4,4804690,MM10148015,48127,03,동일치
CWB379000437,죽암,창원시마산회원구,내서읍,내서읍,4,4300295,MM10148000,48127,03,동일치
CWB379000437,죽암,창원시마산회원구,내서읍,내서읍,4,4300264,MM10148000,48127,03,동일치
CWB379000437,죽암,창원시마산회원구,내서읍,내서읍,4,4804350,MM10148015,48127,03,동일치
CWB379000437,죽암,창원시마산회원구,내서읍,내서읍,4,4822270,MM10148015,48127,03,동일치
CWB379000438,죽암,창원시마산회원구,내서읍,내서읍,4,4300295,MM10148000,48127,03,동일치
CWB379000438,죽암,창원시마산회원구,내서읍,내서읍,4,4300264,MM10148000,48127,03,동일치
CWB379000438,죽암,창원시마산회원구,내서읍,내서읍,4,4804350,MM10148015,48127,03,동일치
CWB379000438,죽암,창원시마산회원구,내서읍,내서읍,4,4822270,MM10148015,48127,03,동일치
CWB379000474,중리본동,창원시마산회원구,내서읍,내서읍,2,4300294,MM10148000,48127,03,동일치
CWB379000474,중리본동,창원시마산회원구,내서읍,내서읍,2,4817510,MM10148015,48127,03,동일치
CWB379000542,중리삼거리,창원시마산회원구,내서읍,내서읍,4,4300720,MM10148000,48127,03,동일치
CWB379000542,중리삼거리,창원시마산회원구,내서읍,내서읍,4,4300664,MM10148000,48127,03,동일치
CWB379000542,중리삼거리,창원시마산회원구,내서읍,내서읍,4,4804310,MM10148015,48127,03,동일치
CWB379000542,중리삼거리,창원시마산회원구,내서읍,내서읍,4,4804300,MM10148015,48127,03,동일치
CWB379000539,중리삼거리,창원시마산회원구,내서읍,내서읍,4,4300720,MM10148000,48127,03,동일치
CWB379000539,중리삼거리,창원시마산회원구,내서읍,내서읍,4,4300664,MM10148000,48127,03,동일치
CWB379000539,중리삼거리,창원시마산회원구,내서읍,내서읍,4,4804310,MM10148015,48127,03,동일치
CWB379000539,중리삼거리,창원시마산회원구,내서읍,내서읍,4,4804300,MM10148015,48127,03,동일치
CWB379000520,중리역,창원시마산회원구,내서읍,내서읍,4,4300293,MM10148000,48127,03,동일치
CWB379000520,중리역,창원시마산회원구,내서읍,내서읍,4,4300266,MM10148000,48127,03,동일치
CWB379000520,중리역,창원시마산회원구,내서읍,내서읍,4,4804270,MM10148015,48127,03,동일치
CWB379000520,중리역,창원시마산회원구,내서읍,내서읍,4,4804260,MM10148015,48127,03,동일치
CWB379000515,중리역,창원시마산회원구,내서읍,내서읍,4,4300293,MM10148000,48127,03,동일치
CWB379000515,중리역,창원시마산회원구,내서읍,내서읍,4,4300266,MM10148000,48127,03,동일치
CWB379000515,중리역,창원시마산회원구,내서읍,내서읍,4,4804270,MM10148015,48127,03,동일치
CWB379000515,중리역,창원시마산회원구,내서읍,내서읍,4,4804260,MM10148015,48127,03,동일치
CWB379000540,청아병원,창원시마산회원구,내서읍,내서읍,2,4802420,MM10148015,48127,03,동일치
CWB379000540,청아병원,창원시마산회원구,내서읍,내서읍,2,4802410,MM10148015,48127,03,동일치
CWB379000530,청아병원,창원시마산회원구,내서읍,내서읍,2,4802420,MM10148015,48127,03,동일치
CWB379000530,청아병원,창원시마산회원구,내서읍,내서읍,2,4802410,MM10148015,48127,03,동일치
CWB379000740,크라운제과,창원시마산회원구,내서읍,내서읍,1,4802220,MM10148015,48127,03,동일치
CWB379000837,한우리아파트,창원시마산회원구,내서읍,내서읍,2,4801170,MM10148015,48127,03,동일치
CWB379000837,한우리아파트,창원시마산회원구,내서읍,내서읍,2,4801160,MM10148015,48127,03,동일치
CWB379000839,한우리아파트,창원시마산회원구,내서읍,내서읍,2,4801170,MM10148015,48127,03,동일치
CWB379000839,한우리아파트,창원시마산회원구,내서읍,내서읍,2,4801160,MM10148015,48127,03,동일치
CWB379002860,한주아파트,창원시마산회원구,내서읍,내서읍,6,4301011,MM10148000,48127,03,동일치
CWB379002860,한주아파트,창원시마산회원구,내서읍,내서읍,6,4301012,MM10148000,48127,03,동일치
CWB379002860,한주아파트,창원시마산회원구,내서읍,내서읍,6,4800990,MM10148015,48127,03,동일치
CWB379002860,한주아파트,창원시마산회원구,내서읍,내서읍,6,4800980,MM10148015,48127,03,동일치
CWB379002860,한주아파트,창원시마산회원구,내서읍,내서읍,6,4825720,MM10148015,48127,03,동일치
CWB379002860,한주아파트,창원시마산회원구,내서읍,내서읍,6,4800970,MM10148015,48127,03,동일치
CWB379002392,한주아파트입구,창원시마산회원구,내서읍,내서읍,1,4800970,MM10148015,48127,03,동일치
CWB379000966,봉암공단 입구,창원시마산회원구,봉암동,,0,,,,,미매칭
CWB379000954,봉암공단 입구,창원시마산회원구,봉암동,,0,,,,,미매칭
CWB379001033,봉암교,창원시마산회원구,봉암동,봉암동,2,4813090,MM10148015,48127,03,동일치
CWB379001033,봉암교,창원시마산회원구,봉암동,봉암동,2,4813080,MM10148015,48127,03,동일치
CWB379001029,봉암교,창원시마산회원구,봉암동,봉암동,2,4813090,MM10148015,48127,03,동일치
CWB379001029,봉암교,창원시마산회원구,봉암동,봉암동,2,4813080,MM10148015,48127,03,동일치
CWB379000933,봉암동,창원시마산회원구,봉암동,봉암동,2,4813040,MM10148015,48127,03,동일치
CWB379000933,봉암동,창원시마산회원구,봉암동,봉암동,2,4813050,MM10148015,48127,03,동일치
CWB379000926,봉암동,창원시마산회원구,봉암동,봉암동,2,4813040,MM10148015,48127,03,동일치
CWB379000926,봉암동,창원시마산회원구,봉암동,봉암동,2,4813050,MM10148015,48127,03,동일치
CWB379001013,서광아파트,창원시마산회원구,봉암동,봉암동,2,4811460,MM10148015,48127,03,동일치
CWB379001013,서광아파트,창원시마산회원구,봉암동,봉암동,2,4811450,MM10148015,48127,03,동일치
CWB379001011,서광아파트,창원시마산회원구,봉암동,봉암동,2,4811460,MM10148015,48127,03,동일치
CWB379001011,서광아파트,창원시마산회원구,봉암동,봉암동,2,4811450,MM10148015,48127,03,동일치
CWB379000986,수원지입구,창원시마산회원구,봉암동,봉암동,2,4810150,MM10148015,48127,03,동일치
CWB379000986,수원지입구,창원시마산회원구,봉암동,봉암동,2,4810130,MM10148015,48127,03,동일치
CWB379000989,수원지입구.정다운병원,창원시마산회원구,봉암동,봉암동,1,4810130,MM10148015,48127,03,동일치
CWB379000998,자유무역지역2공구,창원시마산회원구,봉암동,봉암동,2,4805310,MM10148015,48127,03,동일치
CWB379000998,자유무역지역2공구,창원시마산회원구,봉암동,봉암동,2,4805300,MM10148015,48127,03,동일치
CWB379000993,자유무역지역2공구,창원시마산회원구,봉암동,봉암동,2,4805310,MM10148015,48127,03,동일치
CWB379000993,자유무역지역2공구,창원시마산회원구,봉암동,봉암동,2,4805300,MM10148015,48127,03,동일치
CWB379000809,경남은행본점,창원시마산회원구,석전동,석전동,2,4300709,MM10148000,48127,03,동일치
CWB379000809,경남은행본점,창원시마산회원구,석전동,석전동,2,4819540,MM10148015,48127,03,동일치
CWB379000731,마산역,창원시마산회원구,석전동,석전동,8,4300677,MM10148000,48127,03,동일치
CWB379000731,마산역,창원시마산회원구,석전동,석전동,8,4814760,MM10148015,48127,03,동일치
CWB379000731,마산역,창원시마산회원구,석전동,석전동,8,4814750,MM10148015,48127,03,동일치
CWB379000731,마산역,창원시마산회원구,석전동,석전동,8,4814730,MM10148015,48127,03,동일치
CWB379000731,마산역,창원시마산회원구,석전동,석전동,8,4300676,MM10148000,48127,03,동일치
CWB379000731,마산역,창원시마산회원구,석전동,석전동,8,4300708,MM10148000,48127,03,동일치
CWB379000731,마산역,창원시마산회원구,석전동,석전동,8,4815940,MM10148015,48127,03,동일치
CWB379000731,마산역,창원시마산회원구,석전동,석전동,8,4814710,MM10148015,48127,03,동일치
CWB379000712,마산역,창원시마산회원구,석전동,석전동,8,4300677,MM10148000,48127,03,동일치
CWB379000712,마산역,창원시마산회원구,석전동,석전동,8,4814760,MM10148015,48127,03,동일치
CWB379000712,마산역,창원시마산회원구,석전동,석전동,8,4814750,MM10148015,48127,03,동일치
CWB379000712,마산역,창원시마산회원구,석전동,석전동,8,4814730,MM10148015,48127,03,동일치
CWB379000712,마산역,창원시마산회원구,석전동,석전동,8,4300676,MM10148000,48127,03,동일치
CWB379000712,마산역,창원시마산회원구,석전동,석전동,8,4300708,MM10148000,48127,03,동일치
CWB379000712,마산역,창원시마산회원구,석전동,석전동,8,4815940,MM10148015,48127,03,동일치
CWB379000712,마산역,창원시마산회원구,석전동,석전동,8,4814710,MM10148015,48127,03,동일치
CWB379001995,마산역.365병원,창원시마산회원구,석전동,석전동,1,4814730,MM10148015,48127,03,동일치
CWB379000752,마산역.동마산병원,창원시마산회원구,석전동,석전동,3,4300676,MM10148000,48127,03,동일치
CWB379000752,마산역.동마산병원,창원시마산회원구,석전동,석전동,3,4300708,MM10148000,48127,03,동일치
CWB379000752,마산역.동마산병원,창원시마산회원구,석전동,석전동,3,4815940,MM10148015,48127,03,동일치
CWB379000725,마산역종점,창원시마산회원구,석전동,석전동,1,4814710,MM10148015,48127,03,동일치
CWB379003502,마산역종점,창원시마산회원구,석전동,석전동,1,4814710,MM10148015,48127,03,동일치
CWB379000807,마산우체국,창원시마산회원구,석전동,석전동,2,4300675,MM10148000,48127,03,동일치
CWB379000807,마산우체국,창원시마산회원구,석전동,석전동,2,4814690,MM10148015,48127,03,동일치
CWB379000822,메트로시티석전,창원시마산회원구,석전동,석전동,4,4300674,MM10148000,48127,03,동일치
CWB379000822,메트로시티석전,창원시마산회원구,석전동,석전동,4,4300710,MM10148000,48127,03,동일치
CWB379000822,메트로시티석전,창원시마산회원구,석전동,석전동,4,4811120,MM10148015,48127,03,동일치
CWB379000822,메트로시티석전,창원시마산회원구,석전동,석전동,4,4811110,MM10148015,48127,03,동일치
CWB379000818,메트로시티석전,창원시마산회원구,석전동,석전동,4,4300674,MM10148000,48127,03,동일치
CWB379000818,메트로시티석전,창원시마산회원구,석전동,석전동,4,4300710,MM10148000,48127,03,동일치
CWB379000818,메트로시티석전,창원시마산회원구,석전동,석전동,4,4811120,MM10148015,48127,03,동일치
CWB379000818,메트로시티석전,창원시마산회원구,석전동,석전동,4,4811110,MM10148015,48127,03,동일치
CWB379000775,보문주유소,창원시마산회원구,석전동,회성동,4,4300712,MM10148000,48127,03,시군구만일치
CWB379000775,보문주유소,창원시마산회원구,석전동,회성동,4,4300672,MM10148000,48127,03,시군구만일치
CWB379000775,보문주유소,창원시마산회원구,석전동,회성동,4,4813290,MM10148015,48127,03,시군구만일치
CWB379000775,보문주유소,창원시마산회원구,석전동,회성동,4,4813280,MM10148015,48127,03,시군구만일치
CWB379000784,북성초등학교,창원시마산회원구,석전동,석전동,4,4300711,MM10148000,48127,03,동일치
CWB379000784,북성초등학교,창원시마산회원구,석전동,석전동,4,4300673,MM10148000,48127,03,동일치
CWB379000784,북성초등학교,창원시마산회원구,석전동,석전동,4,4812760,MM10148015,48127,03,동일치
CWB379000784,북성초등학교,창원시마산회원구,석전동,석전동,4,4812750,MM10148015,48127,03,동일치
CWB379000788,북성초등학교,창원시마산회원구,석전동,석전동,4,4300711,MM10148000,48127,03,동일치
CWB379000788,북성초등학교,창원시마산회원구,석전동,석전동,4,4300673,MM10148000,48127,03,동일치
CWB379000788,북성초등학교,창원시마산회원구,석전동,석전동,4,4812760,MM10148015,48127,03,동일치
CWB379000788,북성초등학교,창원시마산회원구,석전동,석전동,4,4812750,MM10148015,48127,03,동일치
CWB379000825,서마산시장,창원시마산회원구,석전동,석전동,4,4300161,MM10148000,48127,03,동일치
CWB379000825,서마산시장,창원시마산회원구,석전동,석전동,4,4300165,MM10148000,48127,03,동일치
CWB379000825,서마산시장,창원시마산회원구,석전동,석전동,4,4811400,MM10148015,48127,03,동일치
CWB379000825,서마산시장,창원시마산회원구,석전동,석전동,4,4811410,MM10148015,48127,03,동일치
CWB379000829,서마산시장,창원시마산회원구,석전동,석전동,4,4300161,MM10148000,48127,03,동일치
CWB379000829,서마산시장,창원시마산회원구,석전동,석전동,4,4300165,MM10148000,48127,03,동일치
CWB379000829,서마산시장,창원시마산회원구,석전동,석전동,4,4811400,MM10148015,48127,03,동일치
CWB379000829,서마산시장,창원시마산회원구,석전동,석전동,4,4811410,MM10148015,48127,03,동일치
CWB379000848,석전동,창원시마산회원구,석전동,석전동,3,4811140,MM10148015,48127,03,동일치
CWB379000848,석전동,창원시마산회원구,석전동,석전동,3,4832500,MM10148015,48127,03,동일치
CWB379000848,석전동,창원시마산회원구,석전동,석전동,3,4811130,MM10148015,48127,03,동일치
CWB379000853,석전동,창원시마산회원구,석전동,석전동,3,4811140,MM10148015,48127,03,동일치
CWB379000853,석전동,창원시마산회원구,석전동,석전동,3,4832500,MM10148015,48127,03,동일치
CWB379000853,석전동,창원시마산회원구,석전동,석전동,3,4811130,MM10148015,48127,03,동일치
CWB379005951,석전동,창원시마산회원구,석전동,석전동,3,4811140,MM10148015,48127,03,동일치
CWB379005951,석전동,창원시마산회원구,석전동,석전동,3,4832500,MM10148015,48127,03,동일치
CWB379005951,석전동,창원시마산회원구,석전동,석전동,3,4811130,MM10148015,48127,03,동일치
CWB379000803,회성동우체국,창원시마산회원구,석전동,회성동,4,4300162,MM10148000,48127,03,시군구만일치
CWB379000803,회성동우체국,창원시마산회원구,석전동,회성동,4,4811430,MM10148015,48127,03,시군구만일치
CWB379000803,회성동우체국,창원시마산회원구,석전동,회성동,4,4811420,MM10148015,48127,03,시군구만일치
CWB379000803,회성동우체국,창원시마산회원구,석전동,회성동,4,4300164,MM10148000,48127,03,시군구만일치
CWB379000783,회성동우체국,창원시마산회원구,석전동,회성동,4,4300162,MM10148000,48127,03,시군구만일치
CWB379000783,회성동우체국,창원시마산회원구,석전동,회성동,4,4811430,MM10148015,48127,03,시군구만일치
CWB379000783,회성동우체국,창원시마산회원구,석전동,회성동,4,4811420,MM10148015,48127,03,시군구만일치
CWB379000783,회성동우체국,창원시마산회원구,석전동,회성동,4,4300164,MM10148000,48127,03,시군구만일치
CWB379000733,서안양덕타운,창원시마산회원구,양덕1동,양덕동,2,4811320,MM10148015,48127,03,시군구만일치
CWB379000733,서안양덕타운,창원시마산회원구,양덕1동,양덕동,2,4811330,MM10148015,48127,03,시군구만일치
CWB379000735,서안양덕타운,창원시마산회원구,양덕1동,양덕동,2,4811320,MM10148015,48127,03,시군구만일치
CWB379000735,서안양덕타운,창원시마산회원구,양덕1동,양덕동,2,4811330,MM10148015,48127,03,시군구만일치
CWB379000718,양덕1동,창원시마산회원구,양덕1동,양덕동,4,4808590,MM10148015,48127,03,시군구만일치
CWB379000718,양덕1동,창원시마산회원구,양덕1동,양덕동,4,4808560,MM10148015,48127,03,시군구만일치
CWB379000718,양덕1동,창원시마산회원구,양덕1동,양덕동,4,4808570,MM10148015,48127,03,시군구만일치
CWB379000718,양덕1동,창원시마산회원구,양덕1동,합성동,4,4808580,MM10148015,48127,03,시군구만일치
CWB379000778,양덕1동행정복지센터,창원시마산회원구,양덕1동,양덕동,2,4808560,MM10148015,48127,03,시군구만일치
CWB379000778,양덕1동행정복지센터,창원시마산회원구,양덕1동,양덕동,2,4808570,MM10148015,48127,03,시군구만일치
CWB379000779,양덕1동행정복지센터,창원시마산회원구,양덕1동,양덕동,2,4808560,MM10148015,48127,03,시군구만일치
CWB379000779,양덕1동행정복지센터,창원시마산회원구,양덕1동,양덕동,2,4808570,MM10148015,48127,03,시군구만일치
CWB379000748,양덕동,창원시마산회원구,양덕1동,양덕동,2,4808300,MM10148015,48127,03,시군구만일치
CWB379000748,양덕동,창원시마산회원구,양덕1동,양덕동,2,4808290,MM10148015,48127,03,시군구만일치
CWB379000750,양덕초등학교,창원시마산회원구,양덕1동,양덕동,2,4808550,MM10148015,48127,03,시군구만일치
CWB379000750,양덕초등학교,창원시마산회원구,양덕1동,양덕동,2,4808540,MM10148015,48127,03,시군구만일치
CWB379000751,양덕초등학교,창원시마산회원구,양덕1동,양덕동,2,4808550,MM10148015,48127,03,시군구만일치
CWB379000751,양덕초등학교,창원시마산회원구,양덕1동,양덕동,2,4808540,MM10148015,48127,03,시군구만일치
CWB379000828,타워맨션,창원시마산회원구,양덕1동,양덕동,2,4802180,MM10148015,48127,03,시군구만일치
CWB379000828,타워맨션,창원시마산회원구,양덕1동,양덕동,2,4802170,MM10148015,48127,03,시군구만일치
CWB379000785,한일타운,창원시마산회원구,양덕1동,양덕동,2,4801060,MM10148015,48127,03,시군구만일치
CWB379000785,한일타운,창원시마산회원구,양덕1동,양덕동,2,4801070,MM10148015,48127,03,시군구만일치
CWB379000691,합성동농협,창원시마산회원구,양덕1동,양덕동,2,4800870,MM10148015,48127,03,시군구만일치
CWB379000691,합성동농협,창원시마산회원구,양덕1동,합성동,2,4814910,MM10148015,48127,03,시군구만일치
CWB379000389,3.15아트센터,창원시마산회원구,양덕2동,양덕동,2,4820620,MM10148015,48127,03,시군구만일치
CWB379000389,3.15아트센터,창원시마산회원구,양덕2동,양덕동,2,4820610,MM10148015,48127,03,시군구만일치
CWB379001996,3.15아트센터,창원시마산회원구,양덕2동,양덕동,2,4820620,MM10148015,48127,03,시군구만일치
CWB379001996,3.15아트센터,창원시마산회원구,양덕2동,양덕동,2,4820610,MM10148015,48127,03,시군구만일치
CWB379000905,고속버스터미널,창원시마산회원구,양덕2동,양덕동,2,4819090,MM10148015,48127,03,시군구만일치
CWB379000905,고속버스터미널,창원시마산회원구,양덕2동,양덕동,2,4819100,MM10148015,48127,03,시군구만일치
CWB379000900,고속버스터미널,창원시마산회원구,양덕2동,양덕동,2,4819090,MM10148015,48127,03,시군구만일치
CWB379000900,고속버스터미널,창원시마산회원구,양덕2동,양덕동,2,4819100,MM10148015,48127,03,시군구만일치
CWB379000873,문화방송,창원시마산회원구,양덕2동,양덕동,2,4813770,MM10148015,48127,03,시군구만일치
CWB379000873,문화방송,창원시마산회원구,양덕2동,양덕동,2,4813780,MM10148015,48127,03,시군구만일치
CWB379002402,문화방송,창원시마산회원구,양덕2동,양덕동,2,4813770,MM10148015,48127,03,시군구만일치
CWB379002402,문화방송,창원시마산회원구,양덕2동,양덕동,2,4813780,MM10148015,48127,03,시군구만일치
CWB379000906,봉덕초등학교,창원시마산회원구,양덕2동,양덕동,2,4815740,MM10148015,48127,03,시군구만일치
CWB379000906,봉덕초등학교,창원시마산회원구,양덕2동,양덕동,2,4815750,MM10148015,48127,03,시군구만일치
CWB379000907,봉덕초등학교,창원시마산회원구,양덕2동,양덕동,2,4815740,MM10148015,48127,03,시군구만일치
CWB379000907,봉덕초등학교,창원시마산회원구,양덕2동,양덕동,2,4815750,MM10148015,48127,03,시군구만일치
CWB379000899,야구장앞홈플러스,창원시마산회원구,양덕2동,양덕동,1,4806710,MM10148015,48127,03,시군구만일치
CWB379000867,양덕광장교차로,창원시마산회원구,양덕2동,양덕동,2,4801110,MM10148015,48127,03,시군구만일치
CWB379000867,양덕광장교차로,창원시마산회원구,양덕2동,양덕동,2,4801100,MM10148015,48127,03,시군구만일치
CWB379000840,양덕광장교차로,창원시마산회원구,양덕2동,양덕동,2,4801110,MM10148015,48127,03,시군구만일치
CWB379000840,양덕광장교차로,창원시마산회원구,양덕2동,양덕동,2,4801100,MM10148015,48127,03,시군구만일치
CWB379000757,양덕동,창원시마산회원구,양덕2동,양덕동,2,4808300,MM10148015,48127,03,시군구만일치
CWB379000757,양덕동,창원시마산회원구,양덕2동,양덕동,2,4808290,MM10148015,48127,03,시군구만일치
CWB379000918,자유무역지역후문,창원시마산회원구,양덕2동,양덕동,2,4805240,MM10148015,48127,03,시군구만일치
CWB379000918,자유무역지역후문,창원시마산회원구,양덕2동,양덕동,2,4805230,MM10148015,48127,03,시군구만일치
CWB379000912,자유무역지역후문,창원시마산회원구,양덕2동,양덕동,2,4805240,MM10148015,48127,03,시군구만일치
CWB379000912,자유무역지역후문,창원시마산회원구,양덕2동,양덕동,2,4805230,MM10148015,48127,03,시군구만일치
CWB379000854,정우맨션,창원시마산회원구,양덕2동,양덕동,2,4804820,MM10148015,48127,03,시군구만일치
CWB379000854,정우맨션,창원시마산회원구,양덕2동,양덕동,2,4804810,MM10148015,48127,03,시군구만일치
CWB379000855,정우맨션,창원시마산회원구,양덕2동,양덕동,2,4804820,MM10148015,48127,03,시군구만일치
CWB379000855,정우맨션,창원시마산회원구,양덕2동,양덕동,2,4804810,MM10148015,48127,03,시군구만일치
CWB379000817,타워맨션,창원시마산회원구,양덕2동,양덕동,2,4802180,MM10148015,48127,03,시군구만일치
CWB379000817,타워맨션,창원시마산회원구,양덕2동,양덕동,2,4802170,MM10148015,48127,03,시군구만일치
CWB379000884,팔룡산돌탑공원입구,창원시마산회원구,양덕2동,양덕동,2,4817000,MM10148015,48127,03,시군구만일치
CWB379000884,팔룡산돌탑공원입구,창원시마산회원구,양덕2동,양덕동,2,4816990,MM10148015,48127,03,시군구만일치
CWB379000886,팔룡산돌탑공원입구,창원시마산회원구,양덕2동,양덕동,2,4817000,MM10148015,48127,03,시군구만일치
CWB379000886,팔룡산돌탑공원입구,창원시마산회원구,양덕2동,양덕동,2,4816990,MM10148015,48127,03,시군구만일치
CWB379000786,한일타운,창원시마산회원구,양덕2동,양덕동,2,4801060,MM10148015,48127,03,시군구만일치
CWB379000786,한일타운,창원시마산회원구,양덕2동,양덕동,2,4801070,MM10148015,48127,03,시군구만일치
CWB379000589,덕재.롯데캐슬,창원시마산회원구,합성1동,합성동,2,4816190,MM10148015,48127,03,시군구만일치
CWB379000589,덕재.롯데캐슬,창원시마산회원구,합성1동,합성동,2,4816180,MM10148015,48127,03,시군구만일치
CWB379000690,마산시외버스터미널,창원시마산회원구,합성1동,합성동,7,1702194,27001,48127,08,시군구만일치
CWB379000690,마산시외버스터미널,창원시마산회원구,합성1동,합성동,7,4826630,MM10148015,48127,03,시군구만일치
CWB379000690,마산시외버스터미널,창원시마산회원구,합성1동,합성동,7,4814900,MM10148015,48127,03,시군구만일치
CWB379000690,마산시외버스터미널,창원시마산회원구,합성1동,합성동,7,4814880,MM10148015,48127,03,시군구만일치
CWB379000690,마산시외버스터미널,창원시마산회원구,합성1동,합성동,7,4826640,MM10148015,48127,03,시군구만일치
CWB379000690,마산시외버스터미널,창원시마산회원구,합성1동,합성동,7,8003510,MM12148000,48127,03,시군구만일치
CWB379000690,마산시외버스터미널,창원시마산회원구,합성1동,합성동,7,8008510,MM12148000,48127,03,시군구만일치
CWB379000671,마산시외버스터미널,창원시마산회원구,합성1동,합성동,7,1702194,27001,48127,08,시군구만일치
CWB379000671,마산시외버스터미널,창원시마산회원구,합성1동,합성동,7,4826630,MM10148015,48127,03,시군구만일치
CWB379000671,마산시외버스터미널,창원시마산회원구,합성1동,합성동,7,4814900,MM10148015,48127,03,시군구만일치
CWB379000671,마산시외버스터미널,창원시마산회원구,합성1동,합성동,7,4814880,MM10148015,48127,03,시군구만일치
CWB379000671,마산시외버스터미널,창원시마산회원구,합성1동,합성동,7,4826640,MM10148015,48127,03,시군구만일치
CWB379000671,마산시외버스터미널,창원시마산회원구,합성1동,합성동,7,8003510,MM12148000,48127,03,시군구만일치
CWB379000671,마산시외버스터미널,창원시마산회원구,합성1동,합성동,7,8008510,MM12148000,48127,03,시군구만일치
CWB379000704,마산시외버스터미널,창원시마산회원구,합성1동,합성동,7,1702194,27001,48127,08,시군구만일치
CWB379000704,마산시외버스터미널,창원시마산회원구,합성1동,합성동,7,4826630,MM10148015,48127,03,시군구만일치
CWB379000704,마산시외버스터미널,창원시마산회원구,합성1동,합성동,7,4814900,MM10148015,48127,03,시군구만일치
CWB379000704,마산시외버스터미널,창원시마산회원구,합성1동,합성동,7,4814880,MM10148015,48127,03,시군구만일치
CWB379000704,마산시외버스터미널,창원시마산회원구,합성1동,합성동,7,4826640,MM10148015,48127,03,시군구만일치
CWB379000704,마산시외버스터미널,창원시마산회원구,합성1동,합성동,7,8003510,MM12148000,48127,03,시군구만일치
CWB379000704,마산시외버스터미널,창원시마산회원구,합성1동,합성동,7,8008510,MM12148000,48127,03,시군구만일치
CWB379000638,합성동,창원시마산회원구,합성1동,양덕동,8,4800870,MM10148015,48127,03,시군구만일치
CWB379000638,합성동,창원시마산회원구,합성1동,합성동,8,4300706,MM10148000,48127,03,시군구만일치
CWB379000638,합성동,창원시마산회원구,합성1동,합성동,8,4300679,MM10148000,48127,03,시군구만일치
CWB379000638,합성동,창원시마산회원구,합성1동,합성동,8,4800910,MM10148015,48127,03,시군구만일치
CWB379000638,합성동,창원시마산회원구,합성1동,합성동,8,4800880,MM10148015,48127,03,시군구만일치
CWB379000638,합성동,창원시마산회원구,합성1동,합성동,8,4814910,MM10148015,48127,03,시군구만일치
CWB379000638,합성동,창원시마산회원구,합성1동,합성동,8,4827560,MM10148015,48127,03,시군구만일치
CWB379000638,합성동,창원시마산회원구,합성1동,합성동,8,4800900,MM10148015,48127,03,시군구만일치
CWB379000601,덕재.롯데캐슬,창원시마산회원구,합성2동,합성동,2,4816190,MM10148015,48127,03,시군구만일치
CWB379000601,덕재.롯데캐슬,창원시마산회원구,합성2동,합성동,2,4816180,MM10148015,48127,03,시군구만일치
CWB379002910,도원예식장,창원시마산회원구,합성2동,합성동,1,4824580,MM10148015,48127,03,시군구만일치
CWB379000695,마산동부경찰서,창원시마산회원구,합성2동,합성동,2,4815900,MM10148015,48127,03,시군구만일치
CWB379000695,마산동부경찰서,창원시마산회원구,합성2동,합성동,2,4815890,MM10148015,48127,03,시군구만일치
CWB379000698,마산동부경찰서,창원시마산회원구,합성2동,합성동,2,4815900,MM10148015,48127,03,시군구만일치
CWB379000698,마산동부경찰서,창원시마산회원구,합성2동,합성동,2,4815890,MM10148015,48127,03,시군구만일치
CWB379000574,복음요양병원,창원시마산회원구,합성2동,합성동,3,4300704,MM10148000,48127,03,시군구만일치
CWB379000574,복음요양병원,창원시마산회원구,합성2동,합성동,3,4833350,MM10148015,48127,03,시군구만일치
CWB379000574,복음요양병원,창원시마산회원구,합성2동,합성동,3,4813260,MM10148015,48127,03,시군구만일치
CWB379000626,삼성창원병원,창원시마산회원구,합성2동,구암동,4,4814970,MM10148015,48127,03,시군구만일치
CWB379000626,삼성창원병원,창원시마산회원구,합성2동,합성동,4,4814980,MM10148015,48127,03,시군구만일치
CWB379000626,삼성창원병원,창원시마산회원구,합성2동,합성동,4,4830990,MM10148015,48127,03,시군구만일치
CWB379000626,삼성창원병원,창원시마산회원구,합성2동,합성동,4,4831000,MM10148015,48127,03,시군구만일치
CWB379000716,양덕1동,창원시마산회원구,합성2동,양덕동,4,4808590,MM10148015,48127,03,시군구만일치
CWB379000716,양덕1동,창원시마산회원구,합성2동,양덕동,4,4808560,MM10148015,48127,03,시군구만일치
CWB379000716,양덕1동,창원시마산회원구,합성2동,양덕동,4,4808570,MM10148015,48127,03,시군구만일치
CWB379000716,양덕1동,창원시마산회원구,합성2동,합성동,4,4808580,MM10148015,48127,03,시군구만일치
CWB379002395,우리누리청소년문화센터,창원시마산회원구,합성2동,합성동,2,4807060,MM10148015,48127,03,시군구만일치
CWB379002395,우리누리청소년문화센터,창원시마산회원구,합성2동,합성동,2,4807070,MM10148015,48127,03,시군구만일치
CWB379002394,우리누리청소년문화센터,창원시마산회원구,합성2동,합성동,2,4807060,MM10148015,48127,03,시군구만일치
CWB379002394,우리누리청소년문화센터,창원시마산회원구,합성2동,합성동,2,4807070,MM10148015,48127,03,시군구만일치
CWB379000642,합성동,창원시마산회원구,합성2동,양덕동,8,4800870,MM10148015,48127,03,시군구만일치
CWB379000642,합성동,창원시마산회원구,합성2동,합성동,8,4300706,MM10148000,48127,03,시군구만일치
CWB379000642,합성동,창원시마산회원구,합성2동,합성동,8,4300679,MM10148000,48127,03,시군구만일치
CWB379000642,합성동,창원시마산회원구,합성2동,합성동,8,4800910,MM10148015,48127,03,시군구만일치
CWB379000642,합성동,창원시마산회원구,합성2동,합성동,8,4800880,MM10148015,48127,03,시군구만일치
CWB379000642,합성동,창원시마산회원구,합성2동,합성동,8,4814910,MM10148015,48127,03,시군구만일치
CWB379000642,합성동,창원시마산회원구,합성2동,합성동,8,4827560,MM10148015,48127,03,시군구만일치
CWB379000642,합성동,창원시마산회원구,합성2동,합성동,8,4800900,MM10148015,48127,03,시군구만일치
CWB379005931,합성동농협,창원시마산회원구,합성2동,양덕동,2,4800870,MM10148015,48127,03,시군구만일치
CWB379005931,합성동농협,창원시마산회원구,합성2동,합성동,2,4814910,MM10148015,48127,03,시군구만일치
CWB379000709,내서초등학교,창원시마산회원구,회성동,두척동,4,4300716,MM10148000,48127,03,시군구만일치
CWB379000709,내서초등학교,창원시마산회원구,회성동,두척동,4,4300668,MM10148000,48127,03,시군구만일치
CWB379000709,내서초등학교,창원시마산회원구,회성동,두척동,4,4817630,MM10148015,48127,03,시군구만일치
CWB379000709,내서초등학교,창원시마산회원구,회성동,두척동,4,4817620,MM10148015,48127,03,시군구만일치
CWB379000708,내서초등학교,창원시마산회원구,회성동,두척동,4,4300716,MM10148000,48127,03,시군구만일치
CWB379000708,내서초등학교,창원시마산회원구,회성동,두척동,4,4300668,MM10148000,48127,03,시군구만일치
CWB379000708,내서초등학교,창원시마산회원구,회성동,두척동,4,4817630,MM10148015,48127,03,시군구만일치
CWB379000708,내서초등학교,창원시마산회원구,회성동,두척동,4,4817620,MM10148015,48127,03,시군구만일치
CWB379001991,두척,창원시마산회원구,회성동,두척동,4,4300717,MM10148000,48127,03,시군구만일치
CWB379001991,두척,창원시마산회원구,회성동,두척동,4,4300667,MM10148000,48127,03,시군구만일치
CWB379001991,두척,창원시마산회원구,회성동,두척동,4,4815210,MM10148015,48127,03,시군구만일치
CWB379001991,두척,창원시마산회원구,회성동,두척동,4,4815200,MM10148015,48127,03,시군구만일치
CWB379001992,두척,창원시마산회원구,회성동,두척동,4,4300717,MM10148000,48127,03,시군구만일치
CWB379001992,두척,창원시마산회원구,회성동,두척동,4,4300667,MM10148000,48127,03,시군구만일치
CWB379001992,두척,창원시마산회원구,회성동,두척동,4,4815210,MM10148015,48127,03,시군구만일치
CWB379001992,두척,창원시마산회원구,회성동,두척동,4,4815200,MM10148015,48127,03,시군구만일치
CWB379000637,마재고개,창원시마산회원구,회성동,두척동,4,4300666,MM10148000,48127,03,시군구만일치
CWB379000637,마재고개,창원시마산회원구,회성동,두척동,4,4300718,MM10148000,48127,03,시군구만일치
CWB379000637,마재고개,창원시마산회원구,회성동,두척동,4,4814570,MM10148015,48127,03,시군구만일치
CWB379000637,마재고개,창원시마산회원구,회성동,두척동,4,4814580,MM10148015,48127,03,시군구만일치
CWB379000641,마재고개,창원시마산회원구,회성동,두척동,4,4300666,MM10148000,48127,03,시군구만일치
CWB379000641,마재고개,창원시마산회원구,회성동,두척동,4,4300718,MM10148000,48127,03,시군구만일치
CWB379000641,마재고개,창원시마산회원구,회성동,두척동,4,4814570,MM10148015,48127,03,시군구만일치
CWB379000641,마재고개,창원시마산회원구,회성동,두척동,4,4814580,MM10148015,48127,03,시군구만일치
CWB379000770,보문주유소,창원시마산회원구,회성동,회성동,4,4300712,MM10148000,48127,03,동일치
CWB379000770,보문주유소,창원시마산회원구,회성동,회성동,4,4300672,MM10148000,48127,03,동일치
CWB379000770,보문주유소,창원시마산회원구,회성동,회성동,4,4813290,MM10148015,48127,03,동일치
CWB379000770,보문주유소,창원시마산회원구,회성동,회성동,4,4813280,MM10148015,48127,03,동일치
CWB379000772,서마산IC(사거리),창원시마산회원구,회성동,,0,,,,,미매칭
CWB379000732,자족형행정복합타운,창원시마산회원구,회성동,,0,,,,,미매칭
CWB379000729,자족형행정복합타운,창원시마산회원구,회성동,,0,,,,,미매칭
CWB379000749,한효국화맨션,창원시마산회원구,회성동,회성동,4,4300714,MM10148000,48127,03,동일치
CWB379000749,한효국화맨션,창원시마산회원구,회성동,회성동,4,4300670,MM10148000,48127,03,동일치
CWB379000749,한효국화맨션,창원시마산회원구,회성동,회성동,4,4800960,MM10148015,48127,03,동일치
CWB379000749,한효국화맨션,창원시마산회원구,회성동,회성동,4,4800950,MM10148015,48127,03,동일치
CWB379000744,한효국화맨션,창원시마산회원구,회성동,회성동,4,4300714,MM10148000,48127,03,동일치
CWB379000744,한효국화맨션,창원시마산회원구,회성동,회성동,4,4300670,MM10148000,48127,03,동일치
CWB379000744,한효국화맨션,창원시마산회원구,회성동,회성동,4,4800960,MM10148015,48127,03,동일치
CWB379000744,한효국화맨션,창원시마산회원구,회성동,회성동,4,4800950,MM10148015,48127,03,동일치
CWB379000758,회성동행정복지센터/합포여중,창원시마산회원구,회성동,,0,,,,,미매칭
CWB379000754,회성동행정복지센터/합포여중,창원시마산회원구,회성동,,0,,,,,미매칭
CWB379000956,동중입구,창원시마산회원구,회원1동,회원동,4,4300158,MM10148000,48127,03,시군구만일치
CWB379000956,동중입구,창원시마산회원구,회원1동,회원동,4,4300168,MM10148000,48127,03,시군구만일치
CWB379000956,동중입구,창원시마산회원구,회원1동,회원동,4,4815510,MM10148015,48127,03,시군구만일치
CWB379000956,동중입구,창원시마산회원구,회원1동,회원동,4,4815500,MM10148015,48127,03,시군구만일치
CWB379000981,동중입구,창원시마산회원구,회원1동,회원동,4,4300158,MM10148000,48127,03,시군구만일치
CWB379000981,동중입구,창원시마산회원구,회원1동,회원동,4,4300168,MM10148000,48127,03,시군구만일치
CWB379000981,동중입구,창원시마산회원구,회원1동,회원동,4,4815510,MM10148015,48127,03,시군구만일치
CWB379000981,동중입구,창원시마산회원구,회원1동,회원동,4,4815500,MM10148015,48127,03,시군구만일치
CWB379000909,동중후문,창원시마산회원구,회원1동,회원동,2,4818320,MM10148015,48127,03,시군구만일치
CWB379000909,동중후문,창원시마산회원구,회원1동,회원동,2,4818310,MM10148015,48127,03,시군구만일치
CWB379000935,동중후문,창원시마산회원구,회원1동,회원동,2,4818320,MM10148015,48127,03,시군구만일치
CWB379000935,동중후문,창원시마산회원구,회원1동,회원동,2,4818310,MM10148015,48127,03,시군구만일치
CWB379000914,무학여고,창원시마산회원구,회원1동,회원동,2,4813920,MM10148015,48127,03,시군구만일치
CWB379000914,무학여고,창원시마산회원구,회원1동,회원동,2,4813910,MM10148015,48127,03,시군구만일치
CWB379000904,무학여고,창원시마산회원구,회원1동,회원동,2,4813920,MM10148015,48127,03,시군구만일치
CWB379000904,무학여고,창원시마산회원구,회원1동,회원동,2,4813910,MM10148015,48127,03,시군구만일치
CWB379001022,버스회관,창원시마산회원구,회원1동,회원동,2,4813420,MM10148015,48127,03,시군구만일치
CWB379001022,버스회관,창원시마산회원구,회원1동,회원동,2,4813410,MM10148015,48127,03,시군구만일치
CWB379001016,버스회관,창원시마산회원구,회원1동,회원동,2,4813420,MM10148015,48127,03,시군구만일치
CWB379001016,버스회관,창원시마산회원구,회원1동,회원동,2,4813410,MM10148015,48127,03,시군구만일치
CWB379000882,석전사거리,창원시마산회원구,회원1동,석전동,4,4300160,MM10148000,48127,03,시군구만일치
CWB379000882,석전사거리,창원시마산회원구,회원1동,석전동,4,4811090,MM10148015,48127,03,시군구만일치
CWB379000882,석전사거리,창원시마산회원구,회원1동,회원동,4,4300166,MM10148000,48127,03,시군구만일치
CWB379000882,석전사거리,창원시마산회원구,회원1동,회원동,4,4811100,MM10148015,48127,03,시군구만일치
CWB379000879,석전사거리,창원시마산회원구,회원1동,석전동,4,4300160,MM10148000,48127,03,시군구만일치
CWB379000879,석전사거리,창원시마산회원구,회원1동,석전동,4,4811090,MM10148015,48127,03,시군구만일치
CWB379000879,석전사거리,창원시마산회원구,회원1동,회원동,4,4300166,MM10148000,48127,03,시군구만일치
CWB379000879,석전사거리,창원시마산회원구,회원1동,회원동,4,4811100,MM10148015,48127,03,시군구만일치
CWB379001017,회산교,창원시마산회원구,회원1동,회원동,2,4300157,MM10148000,48127,03,시군구만일치
CWB379001017,회산교,창원시마산회원구,회원1동,회원동,2,4800130,MM10148015,48127,03,시군구만일치
CWB379000971,회원1동,창원시마산회원구,회원1동,회원동,2,4800080,MM10148015,48127,03,시군구만일치
CWB379000971,회원1동,창원시마산회원구,회원1동,회원동,2,4800090,MM10148015,48127,03,시군구만일치
CWB379000962,회원1동,창원시마산회원구,회원1동,회원동,2,4800080,MM10148015,48127,03,시군구만일치
CWB379000962,회원1동,창원시마산회원구,회원1동,회원동,2,4800090,MM10148015,48127,03,시군구만일치
CWB379000977,삼학사,창원시마산회원구,회원2동,회원동,2,4811950,MM10148015,48127,03,시군구만일치
CWB379000977,삼학사,창원시마산회원구,회원2동,회원동,2,4819520,MM10148015,48127,03,시군구만일치
CWB379000980,회원2동파출소,창원시마산회원구,회원2동,회원동,1,4800060,MM10148015,48127,03,시군구만일치
CWB379000983,회원신협,창원시마산회원구,회원2동,회원동,1,4800070,MM10148015,48127,03,시군구만일치
CWB379000978,회원초등학교,창원시마산회원구,회원2동,회원동,2,4800050,MM10148015,48127,03,시군구만일치
CWB379000978,회원초등학교,창원시마산회원구,회원2동,회원동,2,4800040,MM10148015,48127,03,시군구만일치
CWB379000976,회원초등학교,창원시마산회원구,회원2동,회원동,2,4800050,MM10148015,48127,03,시군구만일치
CWB379000976,회원초등학교,창원시마산회원구,회원2동,회원동,2,4800040,MM10148015,48127,03,시군구만일치
CWB379001113,가음정본동,창원시성산구,가음정동,가음정동,1,4820112,MM10148015,48123,03,동일치
CWB379001158,가음정사거리,창원시성산구,가음정동,가음정동,1,4820072,MM10148015,48123,03,동일치
CWB379006105,가음정시장,창원시성산구,가음정동,가음동,2,4804612,MM10148015,48123,03,시군구만일치
CWB379006105,가음정시장,창원시성산구,가음정동,가음동,2,4820132,MM10148015,48123,03,시군구만일치
CWB379006106,가음정시장(더샵센트럴파크),창원시성산구,가음정동,,0,,,,,미매칭
CWB379001220,남산공원환승센터,창원시성산구,가음정동,남산동,2,1700288,27001,48123,08,시군구만일치
CWB379001220,남산공원환승센터,창원시성산구,가음정동,남산동,2,4820122,MM10148015,48123,03,시군구만일치
CWB379001196,남산동,창원시성산구,가음정동,남산동,3,4818012,MM10148015,48123,03,시군구만일치
CWB379001196,남산동,창원시성산구,가음정동,남산동,3,6420011,MM12148000,48123,03,시군구만일치
CWB379001196,남산동,창원시성산구,가음정동,남산동,3,6420012,MM12148000,48123,03,시군구만일치
CWB379001141,남산초등학교,창원시성산구,가음정동,가음동,4,1701420,27001,48123,08,시군구만일치
CWB379001141,남산초등학교,창원시성산구,가음정동,가음동,4,4817932,MM10148015,48123,03,시군구만일치
CWB379001141,남산초등학교,창원시성산구,가음정동,남양동,4,1700330,27001,48123,08,시군구만일치
CWB379001141,남산초등학교,창원시성산구,가음정동,남양동,4,4817942,MM10148015,48123,03,시군구만일치
CWB379001153,남산초등학교,창원시성산구,가음정동,가음동,4,1701420,27001,48123,08,시군구만일치
CWB379001153,남산초등학교,창원시성산구,가음정동,가음동,4,4817932,MM10148015,48123,03,시군구만일치
CWB379001153,남산초등학교,창원시성산구,가음정동,남양동,4,1700330,27001,48123,08,시군구만일치
CWB379001153,남산초등학교,창원시성산구,가음정동,남양동,4,4817942,MM10148015,48123,03,시군구만일치
CWB379001056,남양개나리3차아파트,창원시성산구,가음정동,대방동,2,1700326,27001,48123,08,시군구만일치
CWB379001056,남양개나리3차아파트,창원시성산구,가음정동,대방동,2,4817922,MM10148015,48123,03,시군구만일치
CWB379001015,남양동성APT.노인종합복지관,창원시성산구,가음정동,대방동,1,1700324,27001,48123,08,시군구만일치
CWB379001102,남양동주택,창원시성산구,가음정동,대방동,2,1700327,27001,48123,08,시군구만일치
CWB379001102,남양동주택,창원시성산구,가음정동,대방동,2,4817902,MM10148015,48123,03,시군구만일치
CWB379001037,남양성원2차아파트,창원시성산구,가음정동,남양동,3,4825362,MM10148015,48123,03,시군구만일치
CWB379001037,남양성원2차아파트,창원시성산구,가음정동,대방동,3,1700325,27001,48123,08,시군구만일치
CWB379001037,남양성원2차아파트,창원시성산구,가음정동,대방동,3,4817882,MM10148015,48123,03,시군구만일치
CWB379001076,남양초등학교,창원시성산구,가음정동,남양동,2,1700292,27001,48123,08,시군구만일치
CWB379001076,남양초등학교,창원시성산구,가음정동,남양동,2,4817872,MM10148015,48123,03,시군구만일치
CWB379001183,대방동성아파트,창원시성산구,가음정동,남산동,4,1701276,27001,48123,08,시군구만일치
CWB379001183,대방동성아파트,창원시성산구,가음정동,남산동,4,4816852,MM10148015,48123,03,시군구만일치
CWB379001183,대방동성아파트,창원시성산구,가음정동,남산동,4,4816882,MM10148015,48123,03,시군구만일치
CWB379001183,대방동성아파트,창원시성산구,가음정동,대방동,4,4810852,MM10148015,48123,03,시군구만일치
CWB379001189,대방동종점,창원시성산구,가음정동,가음동,6,1701275,27001,48123,08,시군구만일치
CWB379001189,대방동종점,창원시성산구,가음정동,가음동,6,4832982,MM10148015,48123,03,시군구만일치
CWB379001189,대방동종점,창원시성산구,가음정동,가음동,6,4816862,MM10148015,48123,03,시군구만일치
CWB379001189,대방동종점,창원시성산구,가음정동,남양동,6,1701470,27001,48123,08,시군구만일치
CWB379001189,대방동종점,창원시성산구,가음정동,남양동,6,4832992,MM10148015,48123,03,시군구만일치
CWB379001189,대방동종점,창원시성산구,가음정동,남양동,6,4816872,MM10148015,48123,03,시군구만일치
CWB379005462,대방동종점,창원시성산구,가음정동,가음동,6,1701275,27001,48123,08,시군구만일치
CWB379005462,대방동종점,창원시성산구,가음정동,가음동,6,4832982,MM10148015,48123,03,시군구만일치
CWB379005462,대방동종점,창원시성산구,가음정동,가음동,6,4816862,MM10148015,48123,03,시군구만일치
CWB379005462,대방동종점,창원시성산구,가음정동,남양동,6,1701470,27001,48123,08,시군구만일치
CWB379005462,대방동종점,창원시성산구,가음정동,남양동,6,4832992,MM10148015,48123,03,시군구만일치
CWB379005462,대방동종점,창원시성산구,가음정동,남양동,6,4816872,MM10148015,48123,03,시군구만일치
CWB379001098,더샵센트럴파크1단지,창원시성산구,가음정동,가음동,2,1701308,27001,48123,08,시군구만일치
CWB379001098,더샵센트럴파크1단지,창원시성산구,가음정동,가음동,2,4820062,MM10148015,48123,03,시군구만일치
CWB379001082,더샵센트럴파크2단지,창원시성산구,가음정동,가음동,2,1701307,27001,48123,08,시군구만일치
CWB379001082,더샵센트럴파크2단지,창원시성산구,가음정동,가음동,2,4820052,MM10148015,48123,03,시군구만일치
CWB379006103,상남도서관,창원시성산구,가음정동,가음동,4,1701418,27001,48123,08,시군구만일치
CWB379006103,상남도서관,창원시성산구,가음정동,가음동,4,4811782,MM10148015,48123,03,시군구만일치
CWB379006103,상남도서관,창원시성산구,가음정동,남양동,4,1701419,27001,48123,08,시군구만일치
CWB379006103,상남도서관,창원시성산구,가음정동,남양동,4,4801282,MM10148015,48123,03,시군구만일치
CWB379006104,상남도서관(한림.우성아파트),창원시성산구,가음정동,남양동,1,1701419,27001,48123,08,시군구만일치
CWB379001106,소라아파트,창원시성산구,가음정동,가음정동,1,4810352,MM10148015,48123,03,동일치
CWB379001148,안남중학교,창원시성산구,가음정동,대방동,4,1700328,27001,48123,08,시군구만일치
CWB379001148,안남중학교,창원시성산구,가음정동,대방동,4,1701277,27001,48123,08,시군구만일치
CWB379001148,안남중학교,창원시성산구,가음정동,대방동,4,4808962,MM10148015,48123,03,시군구만일치
CWB379001148,안남중학교,창원시성산구,가음정동,대방동,4,4808952,MM10148015,48123,03,시군구만일치
CWB379006107,장미공원,창원시성산구,가음정동,가음동,2,4832702,MM10148015,48123,03,시군구만일치
CWB379006107,장미공원,창원시성산구,가음정동,가음동,2,4832692,MM10148015,48123,03,시군구만일치
CWB379006108,장미공원(가음은아아파트),창원시성산구,가음정동,,0,,,,,미매칭
CWB379001060,창원남중,창원시성산구,가음정동,가음정동,1,4803152,MM10148015,48123,03,동일치
CWB379001101,피오르빌아파트,창원시성산구,가음정동,남양동,3,1700291,27001,48123,08,시군구만일치
CWB379001101,피오르빌아파트,창원시성산구,가음정동,남양동,3,4801512,MM10148015,48123,03,시군구만일치
CWB379001101,피오르빌아파트,창원시성산구,가음정동,남양동,3,4801502,MM10148015,48123,03,시군구만일치
CWB379000693,교통문화연수원,창원시성산구,반송동,반림동,1,4813662,MM10148015,48123,03,시군구만일치
CWB379006088,노블파크아파트,창원시성산구,반송동,반림동,4,1700273,27001,48123,08,시군구만일치
CWB379006088,노블파크아파트,창원시성산구,반송동,반림동,4,1700302,27001,48123,08,시군구만일치
CWB379006088,노블파크아파트,창원시성산구,반송동,반림동,4,4832652,MM10148015,48123,03,시군구만일치
CWB379006088,노블파크아파트,창원시성산구,반송동,반림동,4,4817572,MM10148015,48123,03,시군구만일치
CWB379000668,럭키아파트,창원시성산구,반송동,반림동,2,4815152,MM10148015,48123,03,시군구만일치
CWB379000668,럭키아파트,창원시성산구,반송동,반림동,2,4815142,MM10148015,48123,03,시군구만일치
CWB379000672,럭키아파트,창원시성산구,반송동,반림동,2,4815152,MM10148015,48123,03,시군구만일치
CWB379000672,럭키아파트,창원시성산구,반송동,반림동,2,4815142,MM10148015,48123,03,시군구만일치
CWB379006086,문성고등학교,창원시성산구,반송동,반지동,4,1701247,27001,48123,08,시군구만일치
CWB379006086,문성고등학교,창원시성산구,반송동,반지동,4,1701258,27001,48123,08,시군구만일치
CWB379006086,문성고등학교,창원시성산구,반송동,반지동,4,4813842,MM10148015,48123,03,시군구만일치
CWB379006086,문성고등학교,창원시성산구,반송동,반지동,4,4813862,MM10148015,48123,03,시군구만일치
CWB379000694,반림현대건설아파트,창원시성산구,반송동,반림동,1,4813692,MM10148015,48123,03,시군구만일치
CWB379000686,반림현대산업아파트,창원시성산구,반송동,용호동,1,4813682,MM10148015,48123,03,시군구만일치
CWB379000696,반송시장.아이필상가,창원시성산구,반송동,반림동,1,4813672,MM10148015,48123,03,시군구만일치
CWB379000700,반송여중,창원시성산구,반송동,반림동,1,4813652,MM10148015,48123,03,시군구만일치
CWB379006082,시티7,창원시성산구,반송동,반지동,5,1701245,27001,48123,08,시군구만일치
CWB379006082,시티7,창원시성산구,반송동,반지동,5,1701256,27001,48123,08,시군구만일치
CWB379006082,시티7,창원시성산구,반송동,반지동,5,4832642,MM10148015,48123,03,시군구만일치
CWB379006082,시티7,창원시성산구,반송동,반지동,5,4809862,MM10148015,48123,03,시군구만일치
CWB379006082,시티7,창원시성산구,반송동,반지동,5,4809842,MM10148015,48123,03,시군구만일치
CWB379000632,시티7(가로변),창원시성산구,반송동,반지동,2,1701245,27001,48123,08,시군구만일치
CWB379000632,시티7(가로변),창원시성산구,반송동,반지동,2,4809842,MM10148015,48123,03,시군구만일치
CWB379000673,운동장사거리,창원시성산구,반송동,반림동,4,1700303,27001,48123,08,시군구만일치
CWB379000673,운동장사거리,창원시성산구,반송동,반림동,4,4806752,MM10148015,48123,03,시군구만일치
CWB379000673,운동장사거리,창원시성산구,반송동,반지동,4,1701297,27001,48123,08,시군구만일치
CWB379000673,운동장사거리,창원시성산구,반송동,반지동,4,4806732,MM10148015,48123,03,시군구만일치
CWB379000678,운동장사거리,창원시성산구,반송동,반림동,4,1700303,27001,48123,08,시군구만일치
CWB379000678,운동장사거리,창원시성산구,반송동,반림동,4,4806752,MM10148015,48123,03,시군구만일치
CWB379000678,운동장사거리,창원시성산구,반송동,반지동,4,1701297,27001,48123,08,시군구만일치
CWB379000678,운동장사거리,창원시성산구,반송동,반지동,4,4806732,MM10148015,48123,03,시군구만일치
CWB379006084,창원컨벤션센터,창원시성산구,반송동,반지동,4,1701246,27001,48123,08,시군구만일치
CWB379006084,창원컨벤션센터,창원시성산구,반송동,반지동,4,1701257,27001,48123,08,시군구만일치
CWB379006084,창원컨벤션센터,창원시성산구,반송동,반지동,4,4803212,MM10148015,48123,03,시군구만일치
CWB379006084,창원컨벤션센터,창원시성산구,반송동,반지동,4,4803232,MM10148015,48123,03,시군구만일치
CWB379006090,트리비앙아파트(한국폴리텍대학),창원시성산구,반송동,반림동,2,1700301,27001,48123,08,시군구만일치
CWB379006090,트리비앙아파트(한국폴리텍대학),창원시성산구,반송동,중앙동,2,1701299,27001,48123,08,시군구만일치
CWB379000844,검찰청,창원시성산구,사파동,사파동,4,1700320,27001,48123,08,동일치
CWB379000844,검찰청,창원시성산구,사파동,사파동,4,1701285,27001,48123,08,동일치
CWB379000844,검찰청,창원시성산구,사파동,사파동,4,4819752,MM10148015,48123,03,동일치
CWB379000844,검찰청,창원시성산구,사파동,사파동,4,4819742,MM10148015,48123,03,동일치
CWB379000841,검찰청,창원시성산구,사파동,사파동,4,1700320,27001,48123,08,동일치
CWB379000841,검찰청,창원시성산구,사파동,사파동,4,1701285,27001,48123,08,동일치
CWB379000841,검찰청,창원시성산구,사파동,사파동,4,4819752,MM10148015,48123,03,동일치
CWB379000841,검찰청,창원시성산구,사파동,사파동,4,4819742,MM10148015,48123,03,동일치
CWB379006100,대동백화점,창원시성산구,사파동,사파동,3,1700295,27001,48123,08,동일치
CWB379006100,대동백화점,창원시성산구,사파동,사파동,3,4832672,MM10148015,48123,03,동일치
CWB379006100,대동백화점,창원시성산구,사파동,사파동,3,4817072,MM10148015,48123,03,동일치
CWB379001042,대방대동아파트,창원시성산구,사파동,대방동,4,1701381,27001,48123,08,시군구만일치
CWB379001042,대방대동아파트,창원시성산구,사파동,대방동,4,1701382,27001,48123,08,시군구만일치
CWB379001042,대방대동아파트,창원시성산구,사파동,대방동,4,4816932,MM10148015,48123,03,시군구만일치
CWB379001042,대방대동아파트,창원시성산구,사파동,대방동,4,4816922,MM10148015,48123,03,시군구만일치
CWB379001045,대방대동아파트,창원시성산구,사파동,대방동,4,1701381,27001,48123,08,시군구만일치
CWB379001045,대방대동아파트,창원시성산구,사파동,대방동,4,1701382,27001,48123,08,시군구만일치
CWB379001045,대방대동아파트,창원시성산구,사파동,대방동,4,4816932,MM10148015,48123,03,시군구만일치
CWB379001045,대방대동아파트,창원시성산구,사파동,대방동,4,4816922,MM10148015,48123,03,시군구만일치
CWB379001181,대방덕산2차아파트,창원시성산구,사파동,대방동,2,1700987,27001,48123,08,시군구만일치
CWB379001181,대방덕산2차아파트,창원시성산구,사파동,대방동,2,4816912,MM10148015,48123,03,시군구만일치
CWB379001030,대방덕산아파트,창원시성산구,사파동,대방동,2,1701280,27001,48123,08,시군구만일치
CWB379001030,대방덕산아파트,창원시성산구,사파동,대방동,2,4816902,MM10148015,48123,03,시군구만일치
CWB379001190,대방동성아파트,창원시성산구,사파동,남산동,4,1701276,27001,48123,08,시군구만일치
CWB379001190,대방동성아파트,창원시성산구,사파동,남산동,4,4816852,MM10148015,48123,03,시군구만일치
CWB379001190,대방동성아파트,창원시성산구,사파동,남산동,4,4816882,MM10148015,48123,03,시군구만일치
CWB379001190,대방동성아파트,창원시성산구,사파동,대방동,4,4810852,MM10148015,48123,03,시군구만일치
CWB379001103,대방중학교,창원시성산구,사파동,대방동,3,1701278,27001,48123,08,시군구만일치
CWB379001103,대방중학교,창원시성산구,사파동,대방동,3,4805452,MM10148015,48123,03,시군구만일치
CWB379001103,대방중학교,창원시성산구,사파동,대방동,3,7915258,MM12148000,48123,03,시군구만일치
CWB379001057,대방초등학교,창원시성산구,사파동,대방동,2,1701279,27001,48123,08,시군구만일치
CWB379001057,대방초등학교,창원시성산구,사파동,대방동,2,4810902,MM10148015,48123,03,시군구만일치
CWB379001112,대방황토방아파트,창원시성산구,사파동,대방동,2,1700985,27001,48123,08,시군구만일치
CWB379001112,대방황토방아파트,창원시성산구,사파동,대방동,2,4816832,MM10148015,48123,03,시군구만일치
CWB379001109,대암고교,창원시성산구,사파동,대방동,2,1701377,27001,48123,08,시군구만일치
CWB379001109,대암고교,창원시성산구,사파동,대방동,2,4816772,MM10148015,48123,03,시군구만일치
CWB379000895,사파동,창원시성산구,사파동,사파동,4,1700322,27001,48123,08,동일치
CWB379000895,사파동,창원시성산구,사파동,사파동,4,1701283,27001,48123,08,동일치
CWB379000895,사파동,창원시성산구,사파동,사파동,4,4812552,MM10148015,48123,03,동일치
CWB379000895,사파동,창원시성산구,사파동,사파동,4,4812542,MM10148015,48123,03,동일치
CWB379000893,사파동,창원시성산구,사파동,사파동,4,1700322,27001,48123,08,동일치
CWB379000893,사파동,창원시성산구,사파동,사파동,4,1701283,27001,48123,08,동일치
CWB379000893,사파동,창원시성산구,사파동,사파동,4,4812552,MM10148015,48123,03,동일치
CWB379000893,사파동,창원시성산구,사파동,사파동,4,4812542,MM10148015,48123,03,동일치
CWB379000945,사파동성아파트,창원시성산구,사파동,사파정동,4,1700323,27001,48123,08,시군구만일치
CWB379000945,사파동성아파트,창원시성산구,사파동,사파정동,4,1701282,27001,48123,08,시군구만일치
CWB379000945,사파동성아파트,창원시성산구,사파동,사파정동,4,4812522,MM10148015,48123,03,시군구만일치
CWB379000945,사파동성아파트,창원시성산구,사파동,사파정동,4,4812532,MM10148015,48123,03,시군구만일치
CWB379000946,사파동성아파트,창원시성산구,사파동,사파정동,4,1700323,27001,48123,08,시군구만일치
CWB379000946,사파동성아파트,창원시성산구,사파동,사파정동,4,1701282,27001,48123,08,시군구만일치
CWB379000946,사파동성아파트,창원시성산구,사파동,사파정동,4,4812522,MM10148015,48123,03,시군구만일치
CWB379000946,사파동성아파트,창원시성산구,사파동,사파정동,4,4812532,MM10148015,48123,03,시군구만일치
CWB379001002,사파동행정복지센터,창원시성산구,사파동,대방동,4,1700982,27001,48123,08,시군구만일치
CWB379001002,사파동행정복지센터,창원시성산구,사파동,대방동,4,1701383,27001,48123,08,시군구만일치
CWB379001002,사파동행정복지센터,창원시성산구,사파동,대방동,4,4812512,MM10148015,48123,03,시군구만일치
CWB379001002,사파동행정복지센터,창원시성산구,사파동,대방동,4,4812502,MM10148015,48123,03,시군구만일치
CWB379001006,사파동행정복지센터,창원시성산구,사파동,대방동,4,1700982,27001,48123,08,시군구만일치
CWB379001006,사파동행정복지센터,창원시성산구,사파동,대방동,4,1701383,27001,48123,08,시군구만일치
CWB379001006,사파동행정복지센터,창원시성산구,사파동,대방동,4,4812512,MM10148015,48123,03,시군구만일치
CWB379001006,사파동행정복지센터,창원시성산구,사파동,대방동,4,4812502,MM10148015,48123,03,시군구만일치
CWB379006102,삼익아파트,창원시성산구,사파동,사파동,3,1700294,27001,48123,08,동일치
CWB379006102,삼익아파트,창원시성산구,사파동,사파동,3,4812492,MM10148015,48123,03,동일치
CWB379006102,삼익아파트,창원시성산구,사파동,사파동,3,4832682,MM10148015,48123,03,동일치
CWB379000995,성원3차APT.노인종합복지관,창원시성산구,사파동,대방동,3,1700981,27001,48123,08,시군구만일치
CWB379000995,성원3차APT.노인종합복지관,창원시성산구,사파동,대방동,3,1701384,27001,48123,08,시군구만일치
CWB379000995,성원3차APT.노인종합복지관,창원시성산구,사파동,사파정동,3,1701281,27001,48123,08,시군구만일치
CWB379000999,성원3차APT.노인종합복지관,창원시성산구,사파동,대방동,3,1700981,27001,48123,08,시군구만일치
CWB379000999,성원3차APT.노인종합복지관,창원시성산구,사파동,대방동,3,1701384,27001,48123,08,시군구만일치
CWB379000999,성원3차APT.노인종합복지관,창원시성산구,사파동,사파정동,3,1701281,27001,48123,08,시군구만일치
CWB379001010,성원3차APT.노인종합복지관,창원시성산구,사파동,대방동,3,1700981,27001,48123,08,시군구만일치
CWB379001010,성원3차APT.노인종합복지관,창원시성산구,사파동,대방동,3,1701384,27001,48123,08,시군구만일치
CWB379001010,성원3차APT.노인종합복지관,창원시성산구,사파동,사파정동,3,1701281,27001,48123,08,시군구만일치
CWB379001154,안남중학교,창원시성산구,사파동,대방동,4,1700328,27001,48123,08,시군구만일치
CWB379001154,안남중학교,창원시성산구,사파동,대방동,4,1701277,27001,48123,08,시군구만일치
CWB379001154,안남중학교,창원시성산구,사파동,대방동,4,4808962,MM10148015,48123,03,시군구만일치
CWB379001154,안남중학교,창원시성산구,사파동,대방동,4,4808952,MM10148015,48123,03,시군구만일치
CWB379000870,창원축구센터.법원,창원시성산구,사파동,사파동,4,1700321,27001,48123,08,동일치
CWB379000870,창원축구센터.법원,창원시성산구,사파동,사파동,4,1701284,27001,48123,08,동일치
CWB379000870,창원축구센터.법원,창원시성산구,사파동,사파동,4,4802692,MM10148015,48123,03,동일치
CWB379000870,창원축구센터.법원,창원시성산구,사파동,사파동,4,4802682,MM10148015,48123,03,동일치
CWB379000872,창원축구센터.법원,창원시성산구,사파동,사파동,4,1700321,27001,48123,08,동일치
CWB379000872,창원축구센터.법원,창원시성산구,사파동,사파동,4,1701284,27001,48123,08,동일치
CWB379000872,창원축구센터.법원,창원시성산구,사파동,사파동,4,4802692,MM10148015,48123,03,동일치
CWB379000872,창원축구센터.법원,창원시성산구,사파동,사파동,4,4802682,MM10148015,48123,03,동일치
CWB379000764,토월체육공원,창원시성산구,사파동,사파동,2,1701287,27001,48123,08,동일치
CWB379000764,토월체육공원,창원시성산구,사파동,사파동,2,4801972,MM10148015,48123,03,동일치
CWB379000931,경창상가,창원시성산구,상남동,상남동,2,4819382,MM10148015,48123,03,동일치
CWB379000931,경창상가,창원시성산구,상남동,상남동,2,4819392,MM10148015,48123,03,동일치
CWB379006099,대동백화점,창원시성산구,상남동,상남동,1,1701304,27001,48123,08,동일치
CWB379001014,상남꿈에그린아파트,창원시성산구,상남동,상남동,1,4802552,MM10148015,48123,03,동일치
CWB379000948,상남대우아파트,창원시성산구,상남동,상남동,2,4811802,MM10148015,48123,03,동일치
CWB379000948,상남대우아파트,창원시성산구,상남동,상남동,2,4811792,MM10148015,48123,03,동일치
CWB379006095,상남시장(은아아파트),창원시성산구,상남동,상남동,1,1701302,27001,48123,08,동일치
CWB379000871,수협경남금융본부,창원시성산구,상남동,상남동,4,1701411,27001,48123,08,동일치
CWB379000871,수협경남금융본부,창원시성산구,상남동,상남동,4,1701412,27001,48123,08,동일치
CWB379000871,수협경남금융본부,창원시성산구,상남동,상남동,4,4810052,MM10148015,48123,03,동일치
CWB379000871,수협경남금융본부,창원시성산구,상남동,상남동,4,4810062,MM10148015,48123,03,동일치
CWB379006097,시민생활체육관,창원시성산구,상남동,상남동,2,1701303,27001,48123,08,동일치
CWB379006097,시민생활체육관,창원시성산구,상남동,상남동,2,4809932,MM10148015,48123,03,동일치
CWB379000987,외동초등학교,창원시성산구,상남동,상남동,2,4811822,MM10148015,48123,03,동일치
CWB379000987,외동초등학교,창원시성산구,상남동,상남동,2,4807572,MM10148015,48123,03,동일치
CWB379006101,토월성원아파트,창원시성산구,상남동,상남동,2,1701305,27001,48123,08,동일치
CWB379006101,토월성원아파트,창원시성산구,상남동,상남동,2,4801962,MM10148015,48123,03,동일치
CWB379001163,가음정사거리,창원시성산구,성주동,가음정동,2,4820072,MM10148015,48123,03,시군구만일치
CWB379001163,가음정사거리,창원시성산구,성주동,남산동,2,4820102,MM10148015,48123,03,시군구만일치
CWB379001213,남산버스정류소,창원시성산구,성주동,남산동,2,1700333,27001,48123,08,시군구만일치
CWB379001213,남산버스정류소,창원시성산구,성주동,남산동,2,4817992,MM10148015,48123,03,시군구만일치
CWB379001379,대동한솔마을아파트,창원시성산구,성주동,안민동,2,4817022,MM10148015,48123,03,시군구만일치
CWB379001379,대동한솔마을아파트,창원시성산구,성주동,안민동,2,4817012,MM10148015,48123,03,시군구만일치
CWB379001380,대동한솔마을아파트,창원시성산구,성주동,안민동,2,4817022,MM10148015,48123,03,시군구만일치
CWB379001380,대동한솔마을아파트,창원시성산구,성주동,안민동,2,4817012,MM10148015,48123,03,시군구만일치
CWB379003399,대방동성아파트,창원시성산구,성주동,남산동,4,1701276,27001,48123,08,시군구만일치
CWB379003399,대방동성아파트,창원시성산구,성주동,남산동,4,4816852,MM10148015,48123,03,시군구만일치
CWB379003399,대방동성아파트,창원시성산구,성주동,남산동,4,4816882,MM10148015,48123,03,시군구만일치
CWB379003399,대방동성아파트,창원시성산구,성주동,대방동,4,4810852,MM10148015,48123,03,시군구만일치
CWB379001231,대우1차아파트,창원시성산구,성주동,남산동,2,1700334,27001,48123,08,시군구만일치
CWB379001231,대우1차아파트,창원시성산구,성주동,남산동,2,4817982,MM10148015,48123,03,시군구만일치
CWB379001367,삼성그린빌,창원시성산구,성주동,천선동,2,4812132,MM10148015,48123,03,시군구만일치
CWB379001367,삼성그린빌,창원시성산구,성주동,천선동,2,4812122,MM10148015,48123,03,시군구만일치
CWB379001368,삼성그린빌,창원시성산구,성주동,천선동,2,4812132,MM10148015,48123,03,시군구만일치
CWB379001368,삼성그린빌,창원시성산구,성주동,천선동,2,4812122,MM10148015,48123,03,시군구만일치
CWB379001316,선돌,창원시성산구,성주동,성주동,1,4806312,MM10148015,48123,03,동일치
CWB379001305,선돌,창원시성산구,성주동,성주동,1,4806312,MM10148015,48123,03,동일치
CWB379001260,성산구청,창원시성산구,성주동,성주동,2,1701872,27001,48123,08,동일치
CWB379001260,성산구청,창원시성산구,성주동,성주동,2,4811002,MM10148015,48123,03,동일치
CWB379001261,성산구청,창원시성산구,성주동,성주동,2,1701872,27001,48123,08,동일치
CWB379001261,성산구청,창원시성산구,성주동,성주동,2,4811002,MM10148015,48123,03,동일치
CWB379001286,성주고가도로입구,창원시성산구,성주동,남산동,1,4806302,MM10148015,48123,03,시군구만일치
CWB379001349,성주동행정복지센터,창원시성산구,성주동,성주동,3,4810842,MM10148015,48123,03,동일치
CWB379001349,성주동행정복지센터,창원시성산구,성주동,성주동,3,4810822,MM10148015,48123,03,동일치
CWB379001349,성주동행정복지센터,창원시성산구,성주동,성주동,3,4810832,MM10148015,48123,03,동일치
CWB379001339,성주동행정복지센터,창원시성산구,성주동,성주동,3,4810842,MM10148015,48123,03,동일치
CWB379001339,성주동행정복지센터,창원시성산구,성주동,성주동,3,4810822,MM10148015,48123,03,동일치
CWB379001339,성주동행정복지센터,창원시성산구,성주동,성주동,3,4810832,MM10148015,48123,03,동일치
CWB379001338,성주동행정복지센터,창원시성산구,성주동,성주동,3,4810842,MM10148015,48123,03,동일치
CWB379001338,성주동행정복지센터,창원시성산구,성주동,성주동,3,4810822,MM10148015,48123,03,동일치
CWB379001338,성주동행정복지센터,창원시성산구,성주동,성주동,3,4810832,MM10148015,48123,03,동일치
CWB379005461,성주사역 환승센터,창원시성산구,성주동,,0,,,,,미매칭
CWB379005460,성주사역 환승센터,창원시성산구,성주동,,0,,,,,미매칭
CWB379001187,성주프리빌리지아파트,창원시성산구,성주동,성주동,1,4810802,MM10148015,48123,03,동일치
CWB379001374,신우에이스타운,창원시성산구,성주동,안민동,2,4809552,MM10148015,48123,03,시군구만일치
CWB379001374,신우에이스타운,창원시성산구,성주동,안민동,2,4809562,MM10148015,48123,03,시군구만일치
CWB379001377,신우에이스타운,창원시성산구,성주동,안민동,2,4809552,MM10148015,48123,03,시군구만일치
CWB379001377,신우에이스타운,창원시성산구,성주동,안민동,2,4809562,MM10148015,48123,03,시군구만일치
CWB379001326,안민교삼거리,창원시성산구,성주동,성주동,1,4802002,MM10148015,48123,03,동일치
CWB379001358,안민초등학교,창원시성산구,성주동,안민동,2,4823652,MM10148015,48123,03,시군구만일치
CWB379001358,안민초등학교,창원시성산구,성주동,안민동,2,4808862,MM10148015,48123,03,시군구만일치
CWB379001357,안민초등학교,창원시성산구,성주동,안민동,2,4823652,MM10148015,48123,03,시군구만일치
CWB379001357,안민초등학교,창원시성산구,성주동,안민동,2,4808862,MM10148015,48123,03,시군구만일치
CWB379005392,안민터널사거리,창원시성산구,성주동,성주동,3,4817972,MM10148015,48123,03,동일치
CWB379005392,안민터널사거리,창원시성산구,성주동,성주동,3,4810492,MM10148015,48123,03,동일치
CWB379005392,안민터널사거리,창원시성산구,성주동,성주동,3,4829452,MM10148015,48123,03,동일치
CWB379003494,안민터널사거리,창원시성산구,성주동,성주동,3,4817972,MM10148015,48123,03,동일치
CWB379003494,안민터널사거리,창원시성산구,성주동,성주동,3,4810492,MM10148015,48123,03,동일치
CWB379003494,안민터널사거리,창원시성산구,성주동,성주동,3,4829452,MM10148015,48123,03,동일치
CWB379001363,청솔아파트종점,창원시성산구,성주동,안민동,2,4802432,MM10148015,48123,03,시군구만일치
CWB379001363,청솔아파트종점,창원시성산구,성주동,안민동,2,4823642,MM10148015,48123,03,시군구만일치
CWB379001361,청솔아파트종점,창원시성산구,성주동,안민동,2,4802432,MM10148015,48123,03,시군구만일치
CWB379001361,청솔아파트종점,창원시성산구,성주동,안민동,2,4823642,MM10148015,48123,03,시군구만일치
CWB379001318,풍산산업,창원시성산구,성주동,성주동,2,4801632,MM10148015,48123,03,동일치
CWB379001318,풍산산업,창원시성산구,성주동,성주동,2,4801622,MM10148015,48123,03,동일치
CWB379001317,풍산산업,창원시성산구,성주동,성주동,2,4801632,MM10148015,48123,03,동일치
CWB379001317,풍산산업,창원시성산구,성주동,성주동,2,4801622,MM10148015,48123,03,동일치
CWB379000705,경남도청/국가데이터처,창원시성산구,용지동,신월동,1,1700317,27001,48123,08,시군구만일치
CWB379000667,도청사거리,창원시성산구,용지동,용호동,2,1700316,27001,48123,08,시군구만일치
CWB379000667,도청사거리,창원시성산구,용지동,용호동,2,4815982,MM10148015,48123,03,시군구만일치
CWB379000730,병무청,창원시성산구,용지동,신월동,2,4813332,MM10148015,48123,03,시군구만일치
CWB379000730,병무청,창원시성산구,용지동,신월동,2,4813322,MM10148015,48123,03,시군구만일치
CWB379000727,병무청,창원시성산구,용지동,신월동,2,4813332,MM10148015,48123,03,시군구만일치
CWB379000727,병무청,창원시성산구,용지동,신월동,2,4813322,MM10148015,48123,03,시군구만일치
CWB379000627,사림민원센터,창원시성산구,용지동,용호동,2,4812592,MM10148015,48123,03,시군구만일치
CWB379000627,사림민원센터,창원시성산구,용지동,용호동,2,4812582,MM10148015,48123,03,시군구만일치
CWB379006096,상남시장(은아아파트),창원시성산구,용지동,상남동,2,1701302,27001,48123,08,시군구만일치
CWB379006096,상남시장(은아아파트),창원시성산구,용지동,신월동,2,1700297,27001,48123,08,시군구만일치
CWB379006098,시민생활체육관,창원시성산구,용지동,상남동,4,1701303,27001,48123,08,시군구만일치
CWB379006098,시민생활체육관,창원시성산구,용지동,상남동,4,4809932,MM10148015,48123,03,시군구만일치
CWB379006098,시민생활체육관,창원시성산구,용지동,신월동,4,1700296,27001,48123,08,시군구만일치
CWB379006098,시민생활체육관,창원시성산구,용지동,신월동,4,4809922,MM10148015,48123,03,시군구만일치
CWB379001956,어울림어린이공원,창원시성산구,용지동,용호동,2,1702124,27001,48123,08,시군구만일치
CWB379001956,어울림어린이공원,창원시성산구,용지동,용호동,2,4802472,MM10148015,48123,03,시군구만일치
CWB379000636,용호어린이공원,창원시성산구,용지동,용호동,2,1700315,27001,48123,08,시군구만일치
CWB379000636,용호어린이공원,창원시성산구,용지동,용호동,2,4810912,MM10148015,48123,03,시군구만일치
CWB379000680,일동아파트,창원시성산구,용지동,용호동,1,4805562,MM10148015,48123,03,시군구만일치
CWB379000759,조달청,창원시성산구,용지동,신월동,1,4804652,MM10148015,48123,03,시군구만일치
CWB379000806,창원시립테니스장입구,창원시성산구,용지동,사파동,4,1701286,27001,48123,08,시군구만일치
CWB379000806,창원시립테니스장입구,창원시성산구,용지동,사파동,4,4803012,MM10148015,48123,03,시군구만일치
CWB379000806,창원시립테니스장입구,창원시성산구,용지동,신월동,4,1700319,27001,48123,08,시군구만일치
CWB379000806,창원시립테니스장입구,창원시성산구,용지동,신월동,4,4803022,MM10148015,48123,03,시군구만일치
CWB379000811,창원시립테니스장입구,창원시성산구,용지동,사파동,4,1701286,27001,48123,08,시군구만일치
CWB379000811,창원시립테니스장입구,창원시성산구,용지동,사파동,4,4803012,MM10148015,48123,03,시군구만일치
CWB379000811,창원시립테니스장입구,창원시성산구,용지동,신월동,4,1700319,27001,48123,08,시군구만일치
CWB379000811,창원시립테니스장입구,창원시성산구,용지동,신월동,4,4803022,MM10148015,48123,03,시군구만일치
CWB379006094,창원시청(정우상가),창원시성산구,용지동,용호동,1,1700299,27001,48123,08,시군구만일치
CWB379000820,창원중부경찰서,창원시성산구,용지동,신월동,2,4823682,MM10148015,48123,03,시군구만일치
CWB379000820,창원중부경찰서,창원시성산구,용지동,신월동,2,4802732,MM10148015,48123,03,시군구만일치
CWB379000819,창원중부경찰서,창원시성산구,용지동,신월동,2,4823682,MM10148015,48123,03,시군구만일치
CWB379000819,창원중부경찰서,창원시성산구,용지동,신월동,2,4802732,MM10148015,48123,03,시군구만일치
CWB379006092,창원중앙고등학교,창원시성산구,용지동,용호동,4,1700300,27001,48123,08,시군구만일치
CWB379006092,창원중앙고등학교,창원시성산구,용지동,용호동,4,4804072,MM10148015,48123,03,시군구만일치
CWB379006092,창원중앙고등학교,창원시성산구,용지동,중앙동,4,1701300,27001,48123,08,시군구만일치
CWB379006092,창원중앙고등학교,창원시성산구,용지동,중앙동,4,4804082,MM10148015,48123,03,시군구만일치
CWB379000761,토월체육공원,창원시성산구,용지동,사파동,4,1701287,27001,48123,08,시군구만일치
CWB379000761,토월체육공원,창원시성산구,용지동,사파동,4,4801972,MM10148015,48123,03,시군구만일치
CWB379000761,토월체육공원,창원시성산구,용지동,신월동,4,1700318,27001,48123,08,시군구만일치
CWB379000761,토월체육공원,창원시성산구,용지동,신월동,4,4801982,MM10148015,48123,03,시군구만일치
CWB379000766,한국전력공사,창원시성산구,용지동,신월동,2,4801402,MM10148015,48123,03,시군구만일치
CWB379000766,한국전력공사,창원시성산구,용지동,신월동,2,4801392,MM10148015,48123,03,시군구만일치
CWB379001360,관음사입구,창원시성산구,웅남동,양곡동,2,4807922,MM10148015,48123,03,시군구만일치
CWB379001360,관음사입구,창원시성산구,웅남동,양곡동,2,4807912,MM10148015,48123,03,시군구만일치
CWB379001364,관음사입구,창원시성산구,웅남동,양곡동,2,4807922,MM10148015,48123,03,시군구만일치
CWB379001364,관음사입구,창원시성산구,웅남동,양곡동,2,4807912,MM10148015,48123,03,시군구만일치
CWB379001140,남창원역,창원시성산구,웅남동,웅남동,3,4817802,MM10148015,48123,03,동일치
CWB379001140,남창원역,창원시성산구,웅남동,웅남동,3,4817792,MM10148015,48123,03,동일치
CWB379001140,남창원역,창원시성산구,웅남동,웅남동,3,4817782,MM10148015,48123,03,동일치
CWB379001137,남창원역,창원시성산구,웅남동,웅남동,3,4817802,MM10148015,48123,03,동일치
CWB379001137,남창원역,창원시성산구,웅남동,웅남동,3,4817792,MM10148015,48123,03,동일치
CWB379001137,남창원역,창원시성산구,웅남동,웅남동,3,4817782,MM10148015,48123,03,동일치
CWB379001290,대림자동차,창원시성산구,웅남동,성산동,2,4816982,MM10148015,48123,03,시군구만일치
CWB379001290,대림자동차,창원시성산구,웅남동,성산동,2,4816972,MM10148015,48123,03,시군구만일치
CWB379001287,대림자동차,창원시성산구,웅남동,성산동,2,4816982,MM10148015,48123,03,시군구만일치
CWB379001287,대림자동차,창원시성산구,웅남동,성산동,2,4816972,MM10148015,48123,03,시군구만일치
CWB379002909,목장입구,창원시성산구,웅남동,양곡동,2,4814062,MM10148015,48123,03,시군구만일치
CWB379002909,목장입구,창원시성산구,웅남동,양곡동,2,4814052,MM10148015,48123,03,시군구만일치
CWB379001405,목장입구,창원시성산구,웅남동,양곡동,2,4814062,MM10148015,48123,03,시군구만일치
CWB379001405,목장입구,창원시성산구,웅남동,양곡동,2,4814052,MM10148015,48123,03,시군구만일치
CWB379002211,상복사거리,창원시성산구,웅남동,성산동,3,4820432,MM10148015,48123,03,시군구만일치
CWB379002211,상복사거리,창원시성산구,웅남동,성산동,3,4833422,MM10148015,48123,03,시군구만일치
CWB379002211,상복사거리,창원시성산구,웅남동,성산동,3,4820422,MM10148015,48123,03,시군구만일치
CWB379001211,상복사거리,창원시성산구,웅남동,성산동,3,4820432,MM10148015,48123,03,시군구만일치
CWB379001211,상복사거리,창원시성산구,웅남동,성산동,3,4833422,MM10148015,48123,03,시군구만일치
CWB379001211,상복사거리,창원시성산구,웅남동,성산동,3,4820422,MM10148015,48123,03,시군구만일치
CWB379001077,세아제강,창원시성산구,웅남동,웅남동,2,4810692,MM10148015,48123,03,동일치
CWB379001077,세아제강,창원시성산구,웅남동,웅남동,2,4810682,MM10148015,48123,03,동일치
CWB379001074,세아제강,창원시성산구,웅남동,웅남동,2,4810692,MM10148015,48123,03,동일치
CWB379001074,세아제강,창원시성산구,웅남동,웅남동,2,4810682,MM10148015,48123,03,동일치
CWB379001007,세원셀론텍.영흥철강,창원시성산구,웅남동,신촌동,2,4810672,MM10148015,48123,03,시군구만일치
CWB379001007,세원셀론텍.영흥철강,창원시성산구,웅남동,신촌동,2,4810662,MM10148015,48123,03,시군구만일치
CWB379001005,세원셀론텍.영흥철강,창원시성산구,웅남동,신촌동,2,4810672,MM10148015,48123,03,시군구만일치
CWB379001005,세원셀론텍.영흥철강,창원시성산구,웅남동,신촌동,2,4810662,MM10148015,48123,03,시군구만일치
CWB379001203,신촌동성아파트,창원시성산구,웅남동,신촌동,2,4809342,MM10148015,48123,03,시군구만일치
CWB379001203,신촌동성아파트,창원시성산구,웅남동,신촌동,2,4809332,MM10148015,48123,03,시군구만일치
CWB379001195,신촌동성아파트,창원시성산구,웅남동,신촌동,2,4809342,MM10148015,48123,03,시군구만일치
CWB379001195,신촌동성아파트,창원시성산구,웅남동,신촌동,2,4809332,MM10148015,48123,03,시군구만일치
CWB379001089,신촌삼거리,창원시성산구,웅남동,신촌동,2,4809282,MM10148015,48123,03,시군구만일치
CWB379001089,신촌삼거리,창원시성산구,웅남동,신촌동,2,4809272,MM10148015,48123,03,시군구만일치
CWB379001086,신촌삼거리,창원시성산구,웅남동,신촌동,2,4809282,MM10148015,48123,03,시군구만일치
CWB379001086,신촌삼거리,창원시성산구,웅남동,신촌동,2,4809272,MM10148015,48123,03,시군구만일치
CWB379003277,양곡로,창원시성산구,웅남동,양곡동,1,4826972,MM10148015,48123,03,시군구만일치
CWB379001237,양곡전통시장,창원시성산구,웅남동,신촌동,2,4808642,MM10148015,48123,03,시군구만일치
CWB379001237,양곡전통시장,창원시성산구,웅남동,신촌동,2,4808652,MM10148015,48123,03,시군구만일치
CWB379001233,양곡전통시장,창원시성산구,웅남동,신촌동,2,4808642,MM10148015,48123,03,시군구만일치
CWB379001233,양곡전통시장,창원시성산구,웅남동,신촌동,2,4808652,MM10148015,48123,03,시군구만일치
CWB379001273,양곡중학교,창원시성산구,웅남동,신촌동,2,4808622,MM10148015,48123,03,시군구만일치
CWB379001273,양곡중학교,창원시성산구,웅남동,신촌동,2,4808612,MM10148015,48123,03,시군구만일치
CWB379001270,양곡중학교,창원시성산구,웅남동,신촌동,2,4808622,MM10148015,48123,03,시군구만일치
CWB379001270,양곡중학교,창원시성산구,웅남동,신촌동,2,4808612,MM10148015,48123,03,시군구만일치
CWB379001125,웅남소방119안전센터,창원시성산구,웅남동,신촌동,2,4806692,MM10148015,48123,03,시군구만일치
CWB379001125,웅남소방119안전센터,창원시성산구,웅남동,신촌동,2,4806702,MM10148015,48123,03,시군구만일치
CWB379001127,웅남소방119안전센터,창원시성산구,웅남동,신촌동,2,4806692,MM10148015,48123,03,시군구만일치
CWB379001127,웅남소방119안전센터,창원시성산구,웅남동,신촌동,2,4806702,MM10148015,48123,03,시군구만일치
CWB379001288,웅남주민운동장,창원시성산구,웅남동,신촌동,1,4808632,MM10148015,48123,03,시군구만일치
CWB379001136,유신상가,창원시성산구,웅남동,신촌동,2,4806102,MM10148015,48123,03,시군구만일치
CWB379001136,유신상가,창원시성산구,웅남동,신촌동,2,4806092,MM10148015,48123,03,시군구만일치
CWB379001128,유신상가,창원시성산구,웅남동,신촌동,2,4806102,MM10148015,48123,03,시군구만일치
CWB379001128,유신상가,창원시성산구,웅남동,신촌동,2,4806092,MM10148015,48123,03,시군구만일치
CWB379001023,창곡입구,창원시성산구,웅남동,신촌동,2,4803252,MM10148015,48123,03,시군구만일치
CWB379001023,창곡입구,창원시성산구,웅남동,신촌동,2,4803242,MM10148015,48123,03,시군구만일치
CWB379001024,창곡입구,창원시성산구,웅남동,신촌동,2,4803252,MM10148015,48123,03,시군구만일치
CWB379001024,창곡입구,창원시성산구,웅남동,신촌동,2,4803242,MM10148015,48123,03,시군구만일치
CWB379001041,한국철강,창원시성산구,웅남동,신촌동,2,4801362,MM10148015,48123,03,시군구만일치
CWB379001041,한국철강,창원시성산구,웅남동,신촌동,2,4801352,MM10148015,48123,03,시군구만일치
CWB379001044,한국철강,창원시성산구,웅남동,신촌동,2,4801362,MM10148015,48123,03,시군구만일치
CWB379001044,한국철강,창원시성산구,웅남동,신촌동,2,4801352,MM10148015,48123,03,시군구만일치
CWB379001067,한화엔진.피케이벨브,창원시성산구,웅남동,,0,,,,,미매칭
CWB379001062,한화엔진.피케이벨브,창원시성산구,웅남동,,0,,,,,미매칭
CWB379001242,현대모비스창원공장,창원시성산구,웅남동,성산동,2,4802302,MM10148015,48123,03,시군구만일치
CWB379001242,현대모비스창원공장,창원시성산구,웅남동,성산동,2,4802292,MM10148015,48123,03,시군구만일치
CWB379001238,현대모비스창원공장,창원시성산구,웅남동,성산동,2,4802302,MM10148015,48123,03,시군구만일치
CWB379001238,현대모비스창원공장,창원시성산구,웅남동,성산동,2,4802292,MM10148015,48123,03,시군구만일치
CWB379001034,효성중공업,창원시성산구,웅남동,웅남동,2,4800032,MM10148015,48123,03,동일치
CWB379001034,효성중공업,창원시성산구,웅남동,웅남동,2,4800022,MM10148015,48123,03,동일치
CWB379001028,효성중공업,창원시성산구,웅남동,웅남동,2,4800032,MM10148015,48123,03,동일치
CWB379001028,효성중공업,창원시성산구,웅남동,웅남동,2,4800022,MM10148015,48123,03,동일치
CWB379000927,경창상가,창원시성산구,중앙동,상남동,2,4819382,MM10148015,48123,03,시군구만일치
CWB379000927,경창상가,창원시성산구,중앙동,상남동,2,4819392,MM10148015,48123,03,시군구만일치
CWB379000880,목련아파트,창원시성산구,중앙동,삼동동,1,4814092,MM10148015,48123,03,시군구만일치
CWB379001012,상남꿈에그린아파트,창원시성산구,중앙동,가음정동,2,4802562,MM10148015,48123,03,시군구만일치
CWB379001012,상남꿈에그린아파트,창원시성산구,중앙동,상남동,2,4802552,MM10148015,48123,03,시군구만일치
CWB379000950,상남대우아파트,창원시성산구,중앙동,상남동,2,4811802,MM10148015,48123,03,시군구만일치
CWB379000950,상남대우아파트,창원시성산구,중앙동,상남동,2,4811792,MM10148015,48123,03,시군구만일치
CWB379001071,성산패총 사거리,창원시성산구,중앙동,,0,,,,,미매칭
CWB379000916,셰플러코리아,창원시성산구,중앙동,내동,2,4810652,MM10148015,48123,03,시군구만일치
CWB379000916,셰플러코리아,창원시성산구,중앙동,내동,2,4810642,MM10148015,48123,03,시군구만일치
CWB379000868,수협경남금융본부,창원시성산구,중앙동,상남동,4,1701411,27001,48123,08,시군구만일치
CWB379000868,수협경남금융본부,창원시성산구,중앙동,상남동,4,1701412,27001,48123,08,시군구만일치
CWB379000868,수협경남금융본부,창원시성산구,중앙동,상남동,4,4810052,MM10148015,48123,03,시군구만일치
CWB379000868,수협경남금융본부,창원시성산구,중앙동,상남동,4,4810062,MM10148015,48123,03,시군구만일치
CWB379000876,올림픽공원,창원시성산구,중앙동,삼동동,1,4807702,MM10148015,48123,03,시군구만일치
CWB379000985,외동초등학교,창원시성산구,중앙동,상남동,2,4811822,MM10148015,48123,03,시군구만일치
CWB379000985,외동초등학교,창원시성산구,중앙동,상남동,2,4807572,MM10148015,48123,03,시군구만일치
CWB379000858,월드메르디앙아파트,창원시성산구,중앙동,내동,1,4816632,MM10148015,48123,03,시군구만일치
CWB379001020,재료연구원,창원시성산구,중앙동,외동,1,4801462,MM10148015,48123,03,시군구만일치
CWB379001040,창원남중,창원시성산구,중앙동,가음정동,3,4803152,MM10148015,48123,03,시군구만일치
CWB379001040,창원남중,창원시성산구,중앙동,상남동,3,4803142,MM10148015,48123,03,시군구만일치
CWB379001040,창원남중,창원시성산구,중앙동,외동,3,4803132,MM10148015,48123,03,시군구만일치
CWB379001049,창원남중,창원시성산구,중앙동,가음정동,3,4803152,MM10148015,48123,03,시군구만일치
CWB379001049,창원남중,창원시성산구,중앙동,상남동,3,4803142,MM10148015,48123,03,시군구만일치
CWB379001049,창원남중,창원시성산구,중앙동,외동,3,4803132,MM10148015,48123,03,시군구만일치
CWB379000974,창원병원,창원시성산구,중앙동,중앙동,3,4826392,MM10148015,48123,03,동일치
CWB379000974,창원병원,창원시성산구,중앙동,중앙동,3,4803052,MM10148015,48123,03,동일치
CWB379000974,창원병원,창원시성산구,중앙동,중앙동,3,4803042,MM10148015,48123,03,동일치
CWB379000964,창원병원,창원시성산구,중앙동,중앙동,3,4826392,MM10148015,48123,03,동일치
CWB379000964,창원병원,창원시성산구,중앙동,중앙동,3,4803052,MM10148015,48123,03,동일치
CWB379000964,창원병원,창원시성산구,중앙동,중앙동,3,4803042,MM10148015,48123,03,동일치
CWB379006093,창원시청,창원시성산구,중앙동,중앙동,3,1701301,27001,48123,08,동일치
CWB379006093,창원시청,창원시성산구,중앙동,중앙동,3,4832662,MM10148015,48123,03,동일치
CWB379006093,창원시청,창원시성산구,중앙동,중앙동,3,4802992,MM10148015,48123,03,동일치
CWB379006091,창원중앙고등학교,창원시성산구,중앙동,중앙동,2,1701300,27001,48123,08,동일치
CWB379006091,창원중앙고등학교,창원시성산구,중앙동,중앙동,2,4804082,MM10148015,48123,03,동일치
CWB379000827,충혼탑,창원시성산구,중앙동,중앙동,1,4802372,MM10148015,48123,03,동일치
CWB379001957,한국가스안전공사,창원시성산구,중앙동,외동,1,4801472,MM10148015,48123,03,시군구만일치
CWB379000928,한국폴리텍7대학,창원시성산구,중앙동,내동,2,4801302,MM10148015,48123,03,시군구만일치
CWB379000928,한국폴리텍7대학,창원시성산구,중앙동,내동,2,4801292,MM10148015,48123,03,시군구만일치
CWB379000917,한국폴리텍7대학,창원시성산구,중앙동,내동,2,4801302,MM10148015,48123,03,시군구만일치
CWB379000917,한국폴리텍7대학,창원시성산구,중앙동,내동,2,4801292,MM10148015,48123,03,시군구만일치
CWB379000651,농업기술센터,창원시의창구,명곡동,명서동,2,4817452,MM10148015,48121,03,시군구만일치
CWB379000651,농업기술센터,창원시의창구,명곡동,명서동,2,4817482,MM10148015,48121,03,시군구만일치
CWB379000653,농업기술센터,창원시의창구,명곡동,명서동,2,4817452,MM10148015,48121,03,시군구만일치
CWB379000653,농업기술센터,창원시의창구,명곡동,명서동,2,4817482,MM10148015,48121,03,시군구만일치
CWB379006077,명곡다리(명곡교회),창원시의창구,명곡동,,0,,,,,미매칭
CWB379006078,명곡다리(명곡교회),창원시의창구,명곡동,,0,,,,,미매칭
CWB379006079,명서1민원센터,창원시의창구,명곡동,명서동,2,4814312,MM10148015,48121,03,시군구만일치
CWB379006079,명서1민원센터,창원시의창구,명곡동,봉곡동,2,4832632,MM10148015,48121,03,시군구만일치
CWB379006075,명서시장,창원시의창구,명곡동,명서동,2,4832622,MM10148015,48121,03,시군구만일치
CWB379006075,명서시장,창원시의창구,명곡동,명서동,2,4832612,MM10148015,48121,03,시군구만일치
CWB379006076,명서시장,창원시의창구,명곡동,명서동,2,4832622,MM10148015,48121,03,시군구만일치
CWB379006076,명서시장,창원시의창구,명곡동,명서동,2,4832612,MM10148015,48121,03,시군구만일치
CWB379006073,명서초등학교,창원시의창구,명곡동,명서동,4,4814232,MM10148015,48121,03,시군구만일치
CWB379006073,명서초등학교,창원시의창구,명곡동,명서동,4,4832602,MM10148015,48121,03,시군구만일치
CWB379006073,명서초등학교,창원시의창구,명곡동,명서동,4,4814272,MM10148015,48121,03,시군구만일치
CWB379006073,명서초등학교,창원시의창구,명곡동,명서동,4,4814262,MM10148015,48121,03,시군구만일치
CWB379006074,명서초등학교,창원시의창구,명곡동,명서동,4,4814232,MM10148015,48121,03,시군구만일치
CWB379006074,명서초등학교,창원시의창구,명곡동,명서동,4,4832602,MM10148015,48121,03,시군구만일치
CWB379006074,명서초등학교,창원시의창구,명곡동,명서동,4,4814272,MM10148015,48121,03,시군구만일치
CWB379006074,명서초등학교,창원시의창구,명곡동,명서동,4,4814262,MM10148015,48121,03,시군구만일치
CWB379006071,서부경찰서(원흥사),창원시의창구,명곡동,,0,,,,,미매칭
CWB379006072,서부경찰서(원흥사),창원시의창구,명곡동,,0,,,,,미매칭
CWB379006069,의창구청,창원시의창구,명곡동,도계동,2,4816082,MM10148015,48121,03,시군구만일치
CWB379006069,의창구청,창원시의창구,명곡동,도계동,2,4816092,MM10148015,48121,03,시군구만일치
CWB379006070,의창구청,창원시의창구,명곡동,도계동,2,4816082,MM10148015,48121,03,시군구만일치
CWB379006070,의창구청,창원시의창구,명곡동,도계동,2,4816092,MM10148015,48121,03,시군구만일치
CWB379006067,의창스포츠센터,창원시의창구,명곡동,도계동,2,4816132,MM10148015,48121,03,시군구만일치
CWB379006067,의창스포츠센터,창원시의창구,명곡동,도계동,2,4816142,MM10148015,48121,03,시군구만일치
CWB379006068,의창스포츠센터,창원시의창구,명곡동,도계동,2,4816132,MM10148015,48121,03,시군구만일치
CWB379006068,의창스포츠센터,창원시의창구,명곡동,도계동,2,4816142,MM10148015,48121,03,시군구만일치
CWB379000688,파티마병원,창원시의창구,명곡동,명서동,3,4803162,MM10148015,48121,03,시군구만일치
CWB379000688,파티마병원,창원시의창구,명곡동,명서동,3,4801902,MM10148015,48121,03,시군구만일치
CWB379000688,파티마병원,창원시의창구,명곡동,팔용동,3,4801912,MM10148015,48121,03,시군구만일치
CWB379003493,SM비즈타운,창원시의창구,봉림동,사림동,2,4832132,MM10148015,48121,03,시군구만일치
CWB379003493,SM비즈타운,창원시의창구,봉림동,용동,2,4804482,MM10148015,48121,03,시군구만일치
CWB379000701,경남도청,창원시의창구,봉림동,사림동,2,1701288,27001,48121,08,시군구만일치
CWB379000701,경남도청,창원시의창구,봉림동,사림동,2,4819582,MM10148015,48121,03,시군구만일치
CWB379003491,국립창원대 동문,창원시의창구,봉림동,,0,,,,,미매칭
CWB379005519,국립창원대 동문,창원시의창구,봉림동,,0,,,,,미매칭
CWB379000612,국립창원대입구,창원시의창구,봉림동,사림동,4,1700311,27001,48121,08,시군구만일치
CWB379000612,국립창원대입구,창원시의창구,봉림동,사림동,4,1700313,27001,48121,08,시군구만일치
CWB379000612,국립창원대입구,창원시의창구,봉림동,사림동,4,4820712,MM10148015,48121,03,시군구만일치
CWB379000612,국립창원대입구,창원시의창구,봉림동,사림동,4,4803072,MM10148015,48121,03,시군구만일치
CWB379000610,국립창원대입구,창원시의창구,봉림동,사림동,4,1700311,27001,48121,08,시군구만일치
CWB379000610,국립창원대입구,창원시의창구,봉림동,사림동,4,1700313,27001,48121,08,시군구만일치
CWB379000610,국립창원대입구,창원시의창구,봉림동,사림동,4,4820712,MM10148015,48121,03,시군구만일치
CWB379000610,국립창원대입구,창원시의창구,봉림동,사림동,4,4803072,MM10148015,48121,03,시군구만일치
CWB379000591,국립창원대학교정문,창원시의창구,봉림동,퇴촌동,3,1700312,27001,48121,08,시군구만일치
CWB379000591,국립창원대학교정문,창원시의창구,봉림동,퇴촌동,3,4803062,MM10148015,48121,03,시군구만일치
CWB379000591,국립창원대학교정문,창원시의창구,봉림동,퇴촌동,3,4831322,MM10148015,48121,03,시군구만일치
CWB379003517,국립창원대학교정문,창원시의창구,봉림동,퇴촌동,3,1700312,27001,48121,08,시군구만일치
CWB379003517,국립창원대학교정문,창원시의창구,봉림동,퇴촌동,3,4803062,MM10148015,48121,03,시군구만일치
CWB379003517,국립창원대학교정문,창원시의창구,봉림동,퇴촌동,3,4831322,MM10148015,48121,03,시군구만일치
CWB379000614,농협하나로클럽,창원시의창구,봉림동,봉곡동,4,1701397,27001,48121,08,시군구만일치
CWB379000614,농협하나로클럽,창원시의창구,봉림동,봉곡동,4,1701398,27001,48121,08,시군구만일치
CWB379000614,농협하나로클럽,창원시의창구,봉림동,봉곡동,4,4817412,MM10148015,48121,03,시군구만일치
CWB379000614,농협하나로클럽,창원시의창구,봉림동,봉곡동,4,4817402,MM10148015,48121,03,시군구만일치
CWB379000603,농협하나로클럽,창원시의창구,봉림동,봉곡동,4,1701397,27001,48121,08,시군구만일치
CWB379000603,농협하나로클럽,창원시의창구,봉림동,봉곡동,4,1701398,27001,48121,08,시군구만일치
CWB379000603,농협하나로클럽,창원시의창구,봉림동,봉곡동,4,4817412,MM10148015,48121,03,시군구만일치
CWB379000603,농협하나로클럽,창원시의창구,봉림동,봉곡동,4,4817402,MM10148015,48121,03,시군구만일치
CWB379000562,대동그린코아,창원시의창구,봉림동,봉곡동,1,4817122,MM10148015,48121,03,시군구만일치
CWB379000655,도립미술관,창원시의창구,봉림동,사림동,2,4816042,MM10148015,48121,03,시군구만일치
CWB379000655,도립미술관,창원시의창구,봉림동,사림동,2,4816032,MM10148015,48121,03,시군구만일치
CWB379000656,도립미술관,창원시의창구,봉림동,사림동,2,4816042,MM10148015,48121,03,시군구만일치
CWB379000656,도립미술관,창원시의창구,봉림동,사림동,2,4816032,MM10148015,48121,03,시군구만일치
CWB379000649,도민의집삼거리,창원시의창구,봉림동,사림동,2,1701290,27001,48121,08,시군구만일치
CWB379000649,도민의집삼거리,창원시의창구,봉림동,사림동,2,4810922,MM10148015,48121,03,시군구만일치
CWB379000666,도청사거리,창원시의창구,봉림동,사림동,2,1701289,27001,48121,08,시군구만일치
CWB379000666,도청사거리,창원시의창구,봉림동,사림동,2,4815972,MM10148015,48121,03,시군구만일치
CWB379006080,명서1민원센터,창원시의창구,봉림동,명서동,2,4814312,MM10148015,48121,03,시군구만일치
CWB379006080,명서1민원센터,창원시의창구,봉림동,봉곡동,2,4832632,MM10148015,48121,03,시군구만일치
CWB379002097,봉곡상가,창원시의창구,봉림동,봉곡동,4,1701294,27001,48121,08,시군구만일치
CWB379002097,봉곡상가,창원시의창구,봉림동,봉곡동,4,4813162,MM10148015,48121,03,시군구만일치
CWB379002097,봉곡상가,창원시의창구,봉림동,봉곡동,4,4813152,MM10148015,48121,03,시군구만일치
CWB379002097,봉곡상가,창원시의창구,봉림동,봉곡동,4,4813142,MM10148015,48121,03,시군구만일치
CWB379000521,봉곡상가,창원시의창구,봉림동,봉곡동,4,1701294,27001,48121,08,시군구만일치
CWB379000521,봉곡상가,창원시의창구,봉림동,봉곡동,4,4813162,MM10148015,48121,03,시군구만일치
CWB379000521,봉곡상가,창원시의창구,봉림동,봉곡동,4,4813152,MM10148015,48121,03,시군구만일치
CWB379000521,봉곡상가,창원시의창구,봉림동,봉곡동,4,4813142,MM10148015,48121,03,시군구만일치
CWB379000554,봉곡상가입구,창원시의창구,봉림동,봉곡동,2,1701294,27001,48121,08,시군구만일치
CWB379000554,봉곡상가입구,창원시의창구,봉림동,봉곡동,2,4813142,MM10148015,48121,03,시군구만일치
CWB379000546,봉곡중학교,창원시의창구,봉림동,봉곡동,2,4813132,MM10148015,48121,03,시군구만일치
CWB379000546,봉곡중학교,창원시의창구,봉림동,봉곡동,2,4813122,MM10148015,48121,03,시군구만일치
CWB379000536,봉곡중학교,창원시의창구,봉림동,봉곡동,2,4813132,MM10148015,48121,03,시군구만일치
CWB379000536,봉곡중학교,창원시의창구,봉림동,봉곡동,2,4813122,MM10148015,48121,03,시군구만일치
CWB379000484,봉림휴먼시아,창원시의창구,봉림동,봉곡동,2,4803202,MM10148015,48121,03,시군구만일치
CWB379000484,봉림휴먼시아,창원시의창구,봉림동,봉곡동,2,4803192,MM10148015,48121,03,시군구만일치
CWB379000485,봉림휴먼시아,창원시의창구,봉림동,봉곡동,2,4803202,MM10148015,48121,03,시군구만일치
CWB379000485,봉림휴먼시아,창원시의창구,봉림동,봉곡동,2,4803192,MM10148015,48121,03,시군구만일치
CWB379000577,사림동,창원시의창구,봉림동,사림동,6,1700308,27001,48121,08,시군구만일치
CWB379000577,사림동,창원시의창구,봉림동,사림동,6,1701292,27001,48121,08,시군구만일치
CWB379000577,사림동,창원시의창구,봉림동,사림동,6,4812632,MM10148015,48121,03,시군구만일치
CWB379000577,사림동,창원시의창구,봉림동,사림동,6,4812622,MM10148015,48121,03,시군구만일치
CWB379000577,사림동,창원시의창구,봉림동,사림동,6,4812612,MM10148015,48121,03,시군구만일치
CWB379000577,사림동,창원시의창구,봉림동,사림동,6,4812602,MM10148015,48121,03,시군구만일치
CWB379000583,사림동,창원시의창구,봉림동,사림동,6,1700308,27001,48121,08,시군구만일치
CWB379000583,사림동,창원시의창구,봉림동,사림동,6,1701292,27001,48121,08,시군구만일치
CWB379000583,사림동,창원시의창구,봉림동,사림동,6,4812632,MM10148015,48121,03,시군구만일치
CWB379000583,사림동,창원시의창구,봉림동,사림동,6,4812622,MM10148015,48121,03,시군구만일치
CWB379000583,사림동,창원시의창구,봉림동,사림동,6,4812612,MM10148015,48121,03,시군구만일치
CWB379000583,사림동,창원시의창구,봉림동,사림동,6,4812602,MM10148015,48121,03,시군구만일치
CWB379000623,사림민원센터,창원시의창구,봉림동,,0,,,,,미매칭
CWB379003478,용동근린공원,창원시의창구,봉림동,퇴촌동,2,4824142,MM10148015,48121,03,시군구만일치
CWB379003478,용동근린공원,창원시의창구,봉림동,퇴촌동,2,4824132,MM10148015,48121,03,시군구만일치
CWB379003477,용동근린공원,창원시의창구,봉림동,퇴촌동,2,4824142,MM10148015,48121,03,시군구만일치
CWB379003477,용동근린공원,창원시의창구,봉림동,퇴촌동,2,4824132,MM10148015,48121,03,시군구만일치
CWB379000621,우영프라자,창원시의창구,봉림동,사림동,4,1701500,27001,48121,08,시군구만일치
CWB379000621,우영프라자,창원시의창구,봉림동,사림동,4,1701501,27001,48121,08,시군구만일치
CWB379000621,우영프라자,창원시의창구,봉림동,사림동,4,4806872,MM10148015,48121,03,시군구만일치
CWB379000621,우영프라자,창원시의창구,봉림동,사림동,4,4803082,MM10148015,48121,03,시군구만일치
CWB379002287,우영프라자,창원시의창구,봉림동,사림동,4,1701500,27001,48121,08,시군구만일치
CWB379002287,우영프라자,창원시의창구,봉림동,사림동,4,1701501,27001,48121,08,시군구만일치
CWB379002287,우영프라자,창원시의창구,봉림동,사림동,4,4806872,MM10148015,48121,03,시군구만일치
CWB379002287,우영프라자,창원시의창구,봉림동,사림동,4,4803082,MM10148015,48121,03,시군구만일치
CWB379000586,유목교,창원시의창구,봉림동,봉곡동,3,1700973,27001,48121,08,시군구만일치
CWB379000586,유목교,창원시의창구,봉림동,봉곡동,3,1701396,27001,48121,08,시군구만일치
CWB379000586,유목교,창원시의창구,봉림동,봉곡동,3,4806152,MM10148015,48121,03,시군구만일치
CWB379001994,유목교,창원시의창구,봉림동,봉곡동,3,1700973,27001,48121,08,시군구만일치
CWB379001994,유목교,창원시의창구,봉림동,봉곡동,3,1701396,27001,48121,08,시군구만일치
CWB379001994,유목교,창원시의창구,봉림동,봉곡동,3,4806152,MM10148015,48121,03,시군구만일치
CWB379000568,장애인복지회관입구,창원시의창구,봉림동,봉곡동,4,1700307,27001,48121,08,시군구만일치
CWB379000568,장애인복지회관입구,창원시의창구,봉림동,봉곡동,4,1701293,27001,48121,08,시군구만일치
CWB379000568,장애인복지회관입구,창원시의창구,봉림동,봉곡동,4,4805052,MM10148015,48121,03,시군구만일치
CWB379000568,장애인복지회관입구,창원시의창구,봉림동,봉곡동,4,4805042,MM10148015,48121,03,시군구만일치
CWB379000570,장애인복지회관입구,창원시의창구,봉림동,봉곡동,4,1700307,27001,48121,08,시군구만일치
CWB379000570,장애인복지회관입구,창원시의창구,봉림동,봉곡동,4,1701293,27001,48121,08,시군구만일치
CWB379000570,장애인복지회관입구,창원시의창구,봉림동,봉곡동,4,4805052,MM10148015,48121,03,시군구만일치
CWB379000570,장애인복지회관입구,창원시의창구,봉림동,봉곡동,4,4805042,MM10148015,48121,03,시군구만일치
CWB379000575,지귀상가,창원시의창구,봉림동,봉곡동,4,1700974,27001,48121,08,시군구만일치
CWB379000575,지귀상가,창원시의창구,봉림동,봉곡동,4,1701395,27001,48121,08,시군구만일치
CWB379000575,지귀상가,창원시의창구,봉림동,봉곡동,4,4803742,MM10148015,48121,03,시군구만일치
CWB379000575,지귀상가,창원시의창구,봉림동,봉곡동,4,4803732,MM10148015,48121,03,시군구만일치
CWB379000573,지귀상가,창원시의창구,봉림동,봉곡동,4,1700974,27001,48121,08,시군구만일치
CWB379000573,지귀상가,창원시의창구,봉림동,봉곡동,4,1701395,27001,48121,08,시군구만일치
CWB379000573,지귀상가,창원시의창구,봉림동,봉곡동,4,4803742,MM10148015,48121,03,시군구만일치
CWB379000573,지귀상가,창원시의창구,봉림동,봉곡동,4,4803732,MM10148015,48121,03,시군구만일치
CWB379000620,창원대삼거리,창원시의창구,봉림동,사림동,4,1700310,27001,48121,08,시군구만일치
CWB379000620,창원대삼거리,창원시의창구,봉림동,사림동,4,1700314,27001,48121,08,시군구만일치
CWB379000620,창원대삼거리,창원시의창구,봉림동,사림동,4,4803102,MM10148015,48121,03,시군구만일치
CWB379000620,창원대삼거리,창원시의창구,봉림동,사림동,4,4803092,MM10148015,48121,03,시군구만일치
CWB379000619,창원대삼거리,창원시의창구,봉림동,사림동,4,1700310,27001,48121,08,시군구만일치
CWB379000619,창원대삼거리,창원시의창구,봉림동,사림동,4,1700314,27001,48121,08,시군구만일치
CWB379000619,창원대삼거리,창원시의창구,봉림동,사림동,4,4803102,MM10148015,48121,03,시군구만일치
CWB379000619,창원대삼거리,창원시의창구,봉림동,사림동,4,4803092,MM10148015,48121,03,시군구만일치
CWB379000611,창원의집입구,창원시의창구,봉림동,사림동,4,1700309,27001,48121,08,시군구만일치
CWB379000611,창원의집입구,창원시의창구,봉림동,사림동,4,1701291,27001,48121,08,시군구만일치
CWB379000611,창원의집입구,창원시의창구,봉림동,사림동,4,4802852,MM10148015,48121,03,시군구만일치
CWB379000611,창원의집입구,창원시의창구,봉림동,사림동,4,4802842,MM10148015,48121,03,시군구만일치
CWB379000602,창원의집입구,창원시의창구,봉림동,사림동,4,1700309,27001,48121,08,시군구만일치
CWB379000602,창원의집입구,창원시의창구,봉림동,사림동,4,1701291,27001,48121,08,시군구만일치
CWB379000602,창원의집입구,창원시의창구,봉림동,사림동,4,4802852,MM10148015,48121,03,시군구만일치
CWB379000602,창원의집입구,창원시의창구,봉림동,사림동,4,4802842,MM10148015,48121,03,시군구만일치
CWB379003357,창원중앙역A,창원시의창구,봉림동,용동,1,4824832,MM10148015,48121,03,시군구만일치
CWB379005478,한마음병원,창원시의창구,봉림동,사림동,4,4829602,MM10148015,48121,03,시군구만일치
CWB379005478,한마음병원,창원시의창구,봉림동,사림동,4,4811502,MM10148015,48121,03,시군구만일치
CWB379005478,한마음병원,창원시의창구,봉림동,사림동,4,4832262,MM10148015,48121,03,시군구만일치
CWB379005478,한마음병원,창원시의창구,봉림동,사림동,4,4829612,MM10148015,48121,03,시군구만일치
CWB379003492,한마음병원후문,창원시의창구,봉림동,사림동,1,4829612,MM10148015,48121,03,시군구만일치
CWB379003349,STX칸1차아파트후문,창원시의창구,북면,북면,2,4820632,MM10148015,48121,03,동일치
CWB379003349,STX칸1차아파트후문,창원시의창구,북면,북면,2,4820232,MM10148015,48121,03,동일치
CWB379003350,STX칸1차아파트후문,창원시의창구,북면,북면,2,4820632,MM10148015,48121,03,동일치
CWB379003350,STX칸1차아파트후문,창원시의창구,북면,북면,2,4820232,MM10148015,48121,03,동일치
CWB379003345,STX칸2차아파트,창원시의창구,북면,북면,2,4813482,MM10148015,48121,03,동일치
CWB379003345,STX칸2차아파트,창원시의창구,북면,북면,2,4826752,MM10148015,48121,03,동일치
CWB379003344,STX칸2차아파트,창원시의창구,북면,북면,2,4813482,MM10148015,48121,03,동일치
CWB379003344,STX칸2차아파트,창원시의창구,북면,북면,2,4826752,MM10148015,48121,03,동일치
CWB379003333,감계아내2차아파트,창원시의창구,북면,북면,1,4826522,MM10148015,48121,03,동일치
CWB379000231,감계입구,창원시의창구,북면,북면,2,4802462,MM10148015,48121,03,동일치
CWB379000231,감계입구,창원시의창구,북면,북면,2,4821012,MM10148015,48121,03,동일치
CWB379000230,감계입구,창원시의창구,북면,북면,2,4802462,MM10148015,48121,03,동일치
CWB379000230,감계입구,창원시의창구,북면,북면,2,4821012,MM10148015,48121,03,동일치
CWB379003325,감계중학교,창원시의창구,북면,북면,1,4827222,MM10148015,48121,03,동일치
CWB379003330,감계휴먼빌,창원시의창구,북면,북면,2,4826992,MM10148015,48121,03,동일치
CWB379003330,감계휴먼빌,창원시의창구,북면,북면,2,4819902,MM10148015,48121,03,동일치
CWB379003287,감계휴먼빌,창원시의창구,북면,북면,2,4826992,MM10148015,48121,03,동일치
CWB379003287,감계휴먼빌,창원시의창구,북면,북면,2,4819902,MM10148015,48121,03,동일치
CWB379000213,감나무골,창원시의창구,북면,북면,2,4821002,MM10148015,48121,03,동일치
CWB379000213,감나무골,창원시의창구,북면,북면,2,4819892,MM10148015,48121,03,동일치
CWB379000214,감나무골,창원시의창구,북면,북면,2,4821002,MM10148015,48121,03,동일치
CWB379000214,감나무골,창원시의창구,북면,북면,2,4819892,MM10148015,48121,03,동일치
CWB379003352,거풍힐링빌,창원시의창구,북면,북면,2,4821092,MM10148015,48121,03,동일치
CWB379003352,거풍힐링빌,창원시의창구,북면,북면,2,4806482,MM10148015,48121,03,동일치
CWB379003351,거풍힐링빌,창원시의창구,북면,북면,2,4821092,MM10148015,48121,03,동일치
CWB379003351,거풍힐링빌,창원시의창구,북면,북면,2,4806482,MM10148015,48121,03,동일치
CWB379000297,굴현고개,창원시의창구,북면,북면,2,4821052,MM10148015,48121,03,동일치
CWB379000297,굴현고개,창원시의창구,북면,북면,2,4818282,MM10148015,48121,03,동일치
CWB379000205,까치골,창원시의창구,북면,북면,2,4818182,MM10148015,48121,03,동일치
CWB379000205,까치골,창원시의창구,북면,북면,2,4818192,MM10148015,48121,03,동일치
CWB379000202,까치골,창원시의창구,북면,북면,2,4818182,MM10148015,48121,03,동일치
CWB379000202,까치골,창원시의창구,북면,북면,2,4818192,MM10148015,48121,03,동일치
CWB379000009,내산,창원시의창구,북면,북면,2,4817682,MM10148015,48121,03,동일치
CWB379000009,내산,창원시의창구,북면,북면,2,4820822,MM10148015,48121,03,동일치
CWB379003140,내산,창원시의창구,북면,북면,2,4817682,MM10148015,48121,03,동일치
CWB379003140,내산,창원시의창구,북면,북면,2,4820822,MM10148015,48121,03,동일치
CWB379003072,달천산림욕장,창원시의창구,북면,북면,2,4820722,MM10148015,48121,03,동일치
CWB379003072,달천산림욕장,창원시의창구,북면,북면,2,4817252,MM10148015,48121,03,동일치
CWB379000280,달천산림욕장,창원시의창구,북면,북면,2,4820722,MM10148015,48121,03,동일치
CWB379000280,달천산림욕장,창원시의창구,북면,북면,2,4817252,MM10148015,48121,03,동일치
CWB379000210,대천,창원시의창구,북면,북면,2,4820732,MM10148015,48121,03,동일치
CWB379000210,대천,창원시의창구,북면,북면,2,4816552,MM10148015,48121,03,동일치
CWB379000209,대천,창원시의창구,북면,북면,2,4820732,MM10148015,48121,03,동일치
CWB379000209,대천,창원시의창구,북면,북면,2,4816552,MM10148015,48121,03,동일치
CWB379000037,대촌(하천초교),창원시의창구,북면,북면,2,4820912,MM10148015,48121,03,동일치
CWB379000037,대촌(하천초교),창원시의창구,북면,북면,2,4816522,MM10148015,48121,03,동일치
CWB379000035,대촌(하천초교),창원시의창구,북면,북면,2,4820912,MM10148015,48121,03,동일치
CWB379000035,대촌(하천초교),창원시의창구,북면,북면,2,4816522,MM10148015,48121,03,동일치
CWB379000129,대호아파트,창원시의창구,북면,북면,2,4816422,MM10148015,48121,03,동일치
CWB379000129,대호아파트,창원시의창구,북면,북면,2,4820802,MM10148015,48121,03,동일치
CWB379000130,대호아파트,창원시의창구,북면,북면,2,4816422,MM10148015,48121,03,동일치
CWB379000130,대호아파트,창원시의창구,북면,북면,2,4820802,MM10148015,48121,03,동일치
CWB379003331,덕산아내,창원시의창구,북면,북면,2,4805952,MM10148015,48121,03,동일치
CWB379003331,덕산아내,창원시의창구,북면,북면,2,4827022,MM10148015,48121,03,동일치
CWB379003424,덕산아내,창원시의창구,북면,북면,2,4805952,MM10148015,48121,03,동일치
CWB379003424,덕산아내,창원시의창구,북면,북면,2,4827022,MM10148015,48121,03,동일치
CWB379000015,도래,창원시의창구,북면,북면,2,4820842,MM10148015,48121,03,동일치
CWB379000015,도래,창원시의창구,북면,북면,2,4816052,MM10148015,48121,03,동일치
CWB379000016,도래,창원시의창구,북면,북면,2,4820842,MM10148015,48121,03,동일치
CWB379000016,도래,창원시의창구,북면,북면,2,4816052,MM10148015,48121,03,동일치
CWB379000191,동전,창원시의창구,북면,북면,8,4821172,MM10148015,48121,03,동일치
CWB379000191,동전,창원시의창구,북면,북면,8,4815622,MM10148015,48121,03,동일치
CWB379000191,동전,창원시의창구,북면,북면,8,4815572,MM10148015,48121,03,동일치
CWB379000191,동전,창원시의창구,북면,북면,8,4820742,MM10148015,48121,03,동일치
CWB379000191,동전,창원시의창구,북면,북면,8,4821352,MM10148015,48121,03,동일치
CWB379000191,동전,창원시의창구,북면,북면,8,4821332,MM10148015,48121,03,동일치
CWB379000191,동전,창원시의창구,북면,북면,8,4826832,MM10148015,48121,03,동일치
CWB379000191,동전,창원시의창구,북면,북면,8,4826822,MM10148015,48121,03,동일치
CWB379003141,동전,창원시의창구,북면,북면,8,4821172,MM10148015,48121,03,동일치
CWB379003141,동전,창원시의창구,북면,북면,8,4815622,MM10148015,48121,03,동일치
CWB379003141,동전,창원시의창구,북면,북면,8,4815572,MM10148015,48121,03,동일치
CWB379003141,동전,창원시의창구,북면,북면,8,4820742,MM10148015,48121,03,동일치
CWB379003141,동전,창원시의창구,북면,북면,8,4821352,MM10148015,48121,03,동일치
CWB379003141,동전,창원시의창구,북면,북면,8,4821332,MM10148015,48121,03,동일치
CWB379003141,동전,창원시의창구,북면,북면,8,4826832,MM10148015,48121,03,동일치
CWB379003141,동전,창원시의창구,북면,북면,8,4826822,MM10148015,48121,03,동일치
CWB379005949,동전산단,창원시의창구,북면,북면,2,4832492,MM10148015,48121,03,동일치
CWB379005949,동전산단,창원시의창구,북면,북면,2,4832482,MM10148015,48121,03,동일치
CWB379005950,동전산단,창원시의창구,북면,북면,2,4832492,MM10148015,48121,03,동일치
CWB379005950,동전산단,창원시의창구,북면,북면,2,4832482,MM10148015,48121,03,동일치
CWB379000179,명호마을,창원시의창구,북면,북면,2,4820752,MM10148015,48121,03,동일치
CWB379000179,명호마을,창원시의창구,북면,북면,2,4814422,MM10148015,48121,03,동일치
CWB379000178,명호마을,창원시의창구,북면,북면,2,4820752,MM10148015,48121,03,동일치
CWB379000178,명호마을,창원시의창구,북면,북면,2,4814422,MM10148015,48121,03,동일치
CWB379003408,무곡리.갈곡마을,창원시의창구,북면,북면,2,4827842,MM10148015,48121,03,동일치
CWB379003408,무곡리.갈곡마을,창원시의창구,북면,북면,2,4827832,MM10148015,48121,03,동일치
CWB379003407,무곡리.갈곡마을,창원시의창구,북면,북면,2,4827842,MM10148015,48121,03,동일치
CWB379003407,무곡리.갈곡마을,창원시의창구,북면,북면,2,4827832,MM10148015,48121,03,동일치
CWB379000194,무동센텀파라디아아파트,창원시의창구,북면,북면,2,4821152,MM10148015,48121,03,동일치
CWB379000194,무동센텀파라디아아파트,창원시의창구,북면,북면,2,4813992,MM10148015,48121,03,동일치
CWB379000193,무동센텀파라디아아파트,창원시의창구,북면,북면,2,4821152,MM10148015,48121,03,동일치
CWB379000193,무동센텀파라디아아파트,창원시의창구,북면,북면,2,4813992,MM10148015,48121,03,동일치
CWB379000196,무동입구,창원시의창구,북면,북면,2,4826812,MM10148015,48121,03,동일치
CWB379000196,무동입구,창원시의창구,북면,북면,2,4826802,MM10148015,48121,03,동일치
CWB379000195,무동입구,창원시의창구,북면,북면,2,4826812,MM10148015,48121,03,동일치
CWB379000195,무동입구,창원시의창구,북면,북면,2,4826802,MM10148015,48121,03,동일치
CWB379000028,바깥신천,창원시의창구,북면,북면,2,4820932,MM10148015,48121,03,동일치
CWB379000028,바깥신천,창원시의창구,북면,북면,2,4813712,MM10148015,48121,03,동일치
CWB379000025,바깥신천,창원시의창구,북면,북면,2,4820932,MM10148015,48121,03,동일치
CWB379000025,바깥신천,창원시의창구,북면,북면,2,4813712,MM10148015,48121,03,동일치
CWB379000064,봉촌,창원시의창구,북면,북면,2,4820892,MM10148015,48121,03,동일치
CWB379000064,봉촌,창원시의창구,북면,북면,2,4813012,MM10148015,48121,03,동일치
CWB379000065,봉촌,창원시의창구,북면,북면,2,4820892,MM10148015,48121,03,동일치
CWB379000065,봉촌,창원시의창구,북면,북면,2,4813012,MM10148015,48121,03,동일치
CWB379000083,북면농협,창원시의창구,북면,북면,2,4820962,MM10148015,48121,03,동일치
CWB379000083,북면농협,창원시의창구,북면,북면,2,4812832,MM10148015,48121,03,동일치
CWB379000088,북면농협,창원시의창구,북면,북면,2,4820962,MM10148015,48121,03,동일치
CWB379000088,북면농협,창원시의창구,북면,북면,2,4812832,MM10148015,48121,03,동일치
CWB379000081,북면온천,창원시의창구,북면,북면,4,4812802,MM10148015,48121,03,동일치
CWB379000081,북면온천,창원시의창구,북면,북면,4,4820952,MM10148015,48121,03,동일치
CWB379000081,북면온천,창원시의창구,북면,북면,4,4820972,MM10148015,48121,03,동일치
CWB379000081,북면온천,창원시의창구,북면,북면,4,4812782,MM10148015,48121,03,동일치
CWB379000082,북면온천,창원시의창구,북면,북면,4,4812802,MM10148015,48121,03,동일치
CWB379000082,북면온천,창원시의창구,북면,북면,4,4820952,MM10148015,48121,03,동일치
CWB379000082,북면온천,창원시의창구,북면,북면,4,4820972,MM10148015,48121,03,동일치
CWB379000082,북면온천,창원시의창구,북면,북면,4,4812782,MM10148015,48121,03,동일치
CWB379000100,북면온천마을회관,창원시의창구,북면,북면,2,4820972,MM10148015,48121,03,동일치
CWB379000100,북면온천마을회관,창원시의창구,북면,북면,2,4812782,MM10148015,48121,03,동일치
CWB379000101,북면온천마을회관,창원시의창구,북면,북면,2,4820972,MM10148015,48121,03,동일치
CWB379000101,북면온천마을회관,창원시의창구,북면,북면,2,4812782,MM10148015,48121,03,동일치
CWB379000112,북면행정복지센터,창원시의창구,북면,북면,2,4812812,MM10148015,48121,03,동일치
CWB379000112,북면행정복지센터,창원시의창구,북면,북면,2,4812822,MM10148015,48121,03,동일치
CWB379000113,북면행정복지센터,창원시의창구,북면,북면,2,4812812,MM10148015,48121,03,동일치
CWB379000113,북면행정복지센터,창원시의창구,북면,북면,2,4812822,MM10148015,48121,03,동일치
CWB379000284,산수정,창원시의창구,북면,북면,2,4821042,MM10148015,48121,03,동일치
CWB379000284,산수정,창원시의창구,북면,북면,2,4817112,MM10148015,48121,03,동일치
CWB379000285,산수정,창원시의창구,북면,북면,2,4821042,MM10148015,48121,03,동일치
CWB379000285,산수정,창원시의창구,북면,북면,2,4817112,MM10148015,48121,03,동일치
CWB379000069,소라,창원시의창구,북면,북면,2,4820872,MM10148015,48121,03,동일치
CWB379000069,소라,창원시의창구,북면,북면,2,4810362,MM10148015,48121,03,동일치
CWB379000048,신기,창원시의창구,북면,북면,2,4820942,MM10148015,48121,03,동일치
CWB379000048,신기,창원시의창구,북면,북면,2,4809772,MM10148015,48121,03,동일치
CWB379000049,신기,창원시의창구,북면,북면,2,4820942,MM10148015,48121,03,동일치
CWB379000049,신기,창원시의창구,북면,북면,2,4809772,MM10148015,48121,03,동일치
CWB379000164,신동,창원시의창구,북면,북면,6,4809752,MM10148015,48121,03,동일치
CWB379000164,신동,창원시의창구,북면,북면,6,4820782,MM10148015,48121,03,동일치
CWB379000164,신동,창원시의창구,북면,북면,6,4821142,MM10148015,48121,03,동일치
CWB379000164,신동,창원시의창구,북면,북면,6,4821132,MM10148015,48121,03,동일치
CWB379000164,신동,창원시의창구,북면,북면,6,4820772,MM10148015,48121,03,동일치
CWB379000164,신동,창원시의창구,북면,북면,6,4809732,MM10148015,48121,03,동일치
CWB379005533,신동,창원시의창구,북면,북면,6,4809752,MM10148015,48121,03,동일치
CWB379005533,신동,창원시의창구,북면,북면,6,4820782,MM10148015,48121,03,동일치
CWB379005533,신동,창원시의창구,북면,북면,6,4821142,MM10148015,48121,03,동일치
CWB379005533,신동,창원시의창구,북면,북면,6,4821132,MM10148015,48121,03,동일치
CWB379005533,신동,창원시의창구,북면,북면,6,4820772,MM10148015,48121,03,동일치
CWB379005533,신동,창원시의창구,북면,북면,6,4809732,MM10148015,48121,03,동일치
CWB379000171,신동이주단지,창원시의창구,북면,북면,2,4820772,MM10148015,48121,03,동일치
CWB379000171,신동이주단지,창원시의창구,북면,북면,2,4809732,MM10148015,48121,03,동일치
CWB379000170,신동이주단지,창원시의창구,북면,북면,2,4820772,MM10148015,48121,03,동일치
CWB379000170,신동이주단지,창원시의창구,북면,북면,2,4809732,MM10148015,48121,03,동일치
CWB379000067,신목,창원시의창구,북면,북면,2,4820812,MM10148015,48121,03,동일치
CWB379000067,신목,창원시의창구,북면,북면,2,4809722,MM10148015,48121,03,동일치
CWB379000066,신목,창원시의창구,북면,북면,2,4820812,MM10148015,48121,03,동일치
CWB379000066,신목,창원시의창구,북면,북면,2,4809722,MM10148015,48121,03,동일치
CWB379000144,신촌주유소,창원시의창구,북면,북면,2,4820992,MM10148015,48121,03,동일치
CWB379000144,신촌주유소,창원시의창구,북면,북면,2,4809262,MM10148015,48121,03,동일치
CWB379000145,신촌주유소,창원시의창구,북면,북면,2,4820992,MM10148015,48121,03,동일치
CWB379000145,신촌주유소,창원시의창구,북면,북면,2,4809262,MM10148015,48121,03,동일치
CWB379000102,신한아파트,창원시의창구,북면,북면,2,4820982,MM10148015,48121,03,동일치
CWB379000102,신한아파트,창원시의창구,북면,북면,2,4809242,MM10148015,48121,03,동일치
CWB379000103,신한아파트,창원시의창구,북면,북면,2,4820982,MM10148015,48121,03,동일치
CWB379000103,신한아파트,창원시의창구,북면,북면,2,4809242,MM10148015,48121,03,동일치
CWB379000010,안신천,창원시의창구,북면,북면,2,4820922,MM10148015,48121,03,동일치
CWB379000010,안신천,창원시의창구,북면,북면,2,4809062,MM10148015,48121,03,동일치
CWB379000012,안신천,창원시의창구,북면,북면,2,4820922,MM10148015,48121,03,동일치
CWB379000012,안신천,창원시의창구,북면,북면,2,4809062,MM10148015,48121,03,동일치
CWB379000034,앞실마을,창원시의창구,북면,북면,2,4808772,MM10148015,48121,03,동일치
CWB379000034,앞실마을,창원시의창구,북면,북면,2,4820862,MM10148015,48121,03,동일치
CWB379000036,앞실마을,창원시의창구,북면,북면,2,4808772,MM10148015,48121,03,동일치
CWB379000036,앞실마을,창원시의창구,북면,북면,2,4820862,MM10148015,48121,03,동일치
CWB379000050,앞실마을입구,창원시의창구,북면,북면,2,4808772,MM10148015,48121,03,동일치
CWB379000050,앞실마을입구,창원시의창구,북면,북면,2,4820862,MM10148015,48121,03,동일치
CWB379000052,앞실마을입구,창원시의창구,북면,북면,2,4808772,MM10148015,48121,03,동일치
CWB379000052,앞실마을입구,창원시의창구,북면,북면,2,4820862,MM10148015,48121,03,동일치
CWB379003121,어유골,창원시의창구,북면,북면,1,4820882,MM10148015,48121,03,동일치
CWB379003122,어유골,창원시의창구,북면,북면,1,4820882,MM10148015,48121,03,동일치
CWB379000154,영신아파트,창원시의창구,북면,북면,2,4808122,MM10148015,48121,03,동일치
CWB379000154,영신아파트,창원시의창구,북면,북면,2,4820792,MM10148015,48121,03,동일치
CWB379000155,영신아파트,창원시의창구,북면,북면,2,4808122,MM10148015,48121,03,동일치
CWB379000155,영신아파트,창원시의창구,북면,북면,2,4820792,MM10148015,48121,03,동일치
CWB379000260,외감입구,창원시의창구,북면,북면,2,4807632,MM10148015,48121,03,동일치
CWB379000260,외감입구,창원시의창구,북면,북면,2,4807612,MM10148015,48121,03,동일치
CWB379000262,외감입구,창원시의창구,북면,북면,2,4807632,MM10148015,48121,03,동일치
CWB379000262,외감입구,창원시의창구,북면,북면,2,4807612,MM10148015,48121,03,동일치
CWB379003328,중방마을회관,창원시의창구,북면,북면,2,4827192,MM10148015,48121,03,동일치
CWB379003328,중방마을회관,창원시의창구,북면,북면,2,4827182,MM10148015,48121,03,동일치
CWB379003329,중방마을회관,창원시의창구,북면,북면,2,4827192,MM10148015,48121,03,동일치
CWB379003329,중방마을회관,창원시의창구,북면,북면,2,4827182,MM10148015,48121,03,동일치
CWB379000254,중재골입구,창원시의창구,북면,북면,2,4807592,MM10148015,48121,03,동일치
CWB379000254,중재골입구,창원시의창구,북면,북면,2,4807602,MM10148015,48121,03,동일치
CWB379000253,중재골입구,창원시의창구,북면,북면,2,4807592,MM10148015,48121,03,동일치
CWB379000253,중재골입구,창원시의창구,북면,북면,2,4807602,MM10148015,48121,03,동일치
CWB379000047,중촌,창원시의창구,북면,북면,2,4803792,MM10148015,48121,03,동일치
CWB379000047,중촌,창원시의창구,북면,북면,2,4820902,MM10148015,48121,03,동일치
CWB379000046,중촌,창원시의창구,북면,북면,2,4803792,MM10148015,48121,03,동일치
CWB379000046,중촌,창원시의창구,북면,북면,2,4820902,MM10148015,48121,03,동일치
CWB379000274,지개리입구,창원시의창구,북면,북면,4,4830742,MM10148015,48121,03,동일치
CWB379000274,지개리입구,창원시의창구,북면,북면,4,4830752,MM10148015,48121,03,동일치
CWB379000274,지개리입구,창원시의창구,북면,북면,4,4821032,MM10148015,48121,03,동일치
CWB379000274,지개리입구,창원시의창구,북면,북면,4,4803752,MM10148015,48121,03,동일치
CWB379000276,지개리입구,창원시의창구,북면,북면,4,4830742,MM10148015,48121,03,동일치
CWB379000276,지개리입구,창원시의창구,북면,북면,4,4830752,MM10148015,48121,03,동일치
CWB379000276,지개리입구,창원시의창구,북면,북면,4,4821032,MM10148015,48121,03,동일치
CWB379000276,지개리입구,창원시의창구,북면,북면,4,4803752,MM10148015,48121,03,동일치
CWB379003426,천수림아파트정문,창원시의창구,북면,북면,1,4827872,MM10148015,48121,03,동일치
CWB379000007,초소,창원시의창구,북면,북면,2,4829152,MM10148015,48121,03,동일치
CWB379000007,초소,창원시의창구,북면,북면,2,4802392,MM10148015,48121,03,동일치
CWB379000008,초소,창원시의창구,북면,북면,2,4829152,MM10148015,48121,03,동일치
CWB379000008,초소,창원시의창구,북면,북면,2,4802392,MM10148015,48121,03,동일치
CWB379003324,푸르지오아파트,창원시의창구,북면,북면,1,4827232,MM10148015,48121,03,동일치
CWB379006169,하천리,창원시의창구,북면,북면,1,4833162,MM10148015,48121,03,동일치
CWB379006168,하천리,창원시의창구,북면,북면,1,4833162,MM10148015,48121,03,동일치
CWB379003291,행복가득한집,창원시의창구,북면,북면,2,4827052,MM10148015,48121,03,동일치
CWB379003291,행복가득한집,창원시의창구,북면,북면,2,4827042,MM10148015,48121,03,동일치
CWB379003290,행복가득한집,창원시의창구,북면,북면,2,4827052,MM10148015,48121,03,동일치
CWB379003290,행복가득한집,창원시의창구,북면,북면,2,4827042,MM10148015,48121,03,동일치
CWB379002912,행복한병원,창원시의창구,북면,북면,2,4800622,MM10148015,48121,03,동일치
CWB379002912,행복한병원,창원시의창구,북면,북면,2,4820762,MM10148015,48121,03,동일치
CWB379002913,행복한병원,창원시의창구,북면,북면,2,4800622,MM10148015,48121,03,동일치
CWB379002913,행복한병원,창원시의창구,북면,북면,2,4820762,MM10148015,48121,03,동일치
CWB379000014,현도,창원시의창구,북면,북면,1,4820832,MM10148015,48121,03,동일치
CWB379000013,현도,창원시의창구,북면,북면,1,4820832,MM10148015,48121,03,동일치
CWB379000237,화천리,창원시의창구,북면,북면,2,4821022,MM10148015,48121,03,동일치
CWB379000237,화천리,창원시의창구,북면,북면,2,4800192,MM10148015,48121,03,동일치
CWB379000238,화천리,창원시의창구,북면,북면,2,4821022,MM10148015,48121,03,동일치
CWB379000238,화천리,창원시의창구,북면,북면,2,4800192,MM10148015,48121,03,동일치
CWB379003251,휴먼빌1단지,창원시의창구,북면,북면,1,4826732,MM10148015,48121,03,동일치
CWB379003250,휴먼빌2단지,창원시의창구,북면,북면,1,4826722,MM10148015,48121,03,동일치
CWB379003380,휴먼빌3차아파트,창원시의창구,북면,북면,1,4825372,MM10148015,48121,03,동일치
CWB379003286,힐스테이트1차,창원시의창구,북면,북면,1,4826982,MM10148015,48121,03,동일치
CWB379003423,힐스테이트3차,창원시의창구,북면,북면,2,4827032,MM10148015,48121,03,동일치
CWB379003423,힐스테이트3차,창원시의창구,북면,북면,2,4821202,MM10148015,48121,03,동일치
CWB379003332,힐스테이트3차.천수림아파트,창원시의창구,북면,북면,1,4827032,MM10148015,48121,03,동일치
CWB379003427,힐스테이트4차,창원시의창구,북면,북면,1,4827882,MM10148015,48121,03,동일치
CWB379000300,굴현고개,창원시의창구,의창동,북면,2,4821052,MM10148015,48121,03,시군구만일치
CWB379000300,굴현고개,창원시의창구,의창동,북면,2,4818282,MM10148015,48121,03,시군구만일치
CWB379000346,동정동,창원시의창구,의창동,동정동,5,4821072,MM10148015,48121,03,시군구만일치
CWB379000346,동정동,창원시의창구,의창동,동정동,5,4815522,MM10148015,48121,03,시군구만일치
CWB379000346,동정동,창원시의창구,의창동,서상동,5,4815552,MM10148015,48121,03,시군구만일치
CWB379000346,동정동,창원시의창구,의창동,서상동,5,4815552,MM10148015,48121,03,시군구만일치
CWB379000346,동정동,창원시의창구,의창동,서상동,5,4815532,MM10148015,48121,03,시군구만일치
CWB379000322,동정동갓골,창원시의창구,의창동,동정동,2,4821072,MM10148015,48121,03,시군구만일치
CWB379000322,동정동갓골,창원시의창구,의창동,동정동,2,4815522,MM10148015,48121,03,시군구만일치
CWB379000323,동정동갓골,창원시의창구,의창동,동정동,2,4821072,MM10148015,48121,03,시군구만일치
CWB379000323,동정동갓골,창원시의창구,의창동,동정동,2,4815522,MM10148015,48121,03,시군구만일치
CWB379000419,소계시장,창원시의창구,의창동,소계동,2,4810602,MM10148015,48121,03,시군구만일치
CWB379000419,소계시장,창원시의창구,의창동,소계동,2,4829032,MM10148015,48121,03,시군구만일치
CWB379000418,소계입구,창원시의창구,의창동,소계동,2,4828932,MM10148015,48121,03,시군구만일치
CWB379000418,소계입구,창원시의창구,의창동,소계동,2,4810572,MM10148015,48121,03,시군구만일치
CWB379002799,소계종점,창원시의창구,의창동,소계동,3,4810562,MM10148015,48121,03,시군구만일치
CWB379002799,소계종점,창원시의창구,의창동,소계동,3,4810522,MM10148015,48121,03,시군구만일치
CWB379002799,소계종점,창원시의창구,의창동,소계동,3,4810532,MM10148015,48121,03,시군구만일치
CWB379005804,소계종점,창원시의창구,의창동,소계동,3,4810562,MM10148015,48121,03,시군구만일치
CWB379005804,소계종점,창원시의창구,의창동,소계동,3,4810522,MM10148015,48121,03,시군구만일치
CWB379005804,소계종점,창원시의창구,의창동,소계동,3,4810532,MM10148015,48121,03,시군구만일치
CWB379000403,소계종점입구,창원시의창구,의창동,소계동,1,4810532,MM10148015,48121,03,시군구만일치
CWB379000370,소답동,창원시의창구,의창동,소답동,4,1702207,27001,48121,08,시군구만일치
CWB379000370,소답동,창원시의창구,의창동,소답동,4,1702208,27001,48121,08,시군구만일치
CWB379000370,소답동,창원시의창구,의창동,소답동,4,4812642,MM10148015,48121,03,시군구만일치
CWB379000370,소답동,창원시의창구,의창동,소답동,4,4810452,MM10148015,48121,03,시군구만일치
CWB379000366,소답동,창원시의창구,의창동,소답동,4,1702207,27001,48121,08,시군구만일치
CWB379000366,소답동,창원시의창구,의창동,소답동,4,1702208,27001,48121,08,시군구만일치
CWB379000366,소답동,창원시의창구,의창동,소답동,4,4812642,MM10148015,48121,03,시군구만일치
CWB379000366,소답동,창원시의창구,의창동,소답동,4,4810452,MM10148015,48121,03,시군구만일치
CWB379000367,윤병원,창원시의창구,의창동,서상동,4,1702203,27001,48121,08,시군구만일치
CWB379000367,윤병원,창원시의창구,의창동,서상동,4,1702204,27001,48121,08,시군구만일치
CWB379000367,윤병원,창원시의창구,의창동,서상동,4,4805992,MM10148015,48121,03,시군구만일치
CWB379000367,윤병원,창원시의창구,의창동,서상동,4,4805962,MM10148015,48121,03,시군구만일치
CWB379000358,윤병원,창원시의창구,의창동,서상동,4,1702203,27001,48121,08,시군구만일치
CWB379000358,윤병원,창원시의창구,의창동,서상동,4,1702204,27001,48121,08,시군구만일치
CWB379000358,윤병원,창원시의창구,의창동,서상동,4,4805992,MM10148015,48121,03,시군구만일치
CWB379000358,윤병원,창원시의창구,의창동,서상동,4,4805962,MM10148015,48121,03,시군구만일치
CWB379000369,의창동환승센터,창원시의창구,의창동,서상동,4,1702206,27001,48121,08,시군구만일치
CWB379000369,의창동환승센터,창원시의창구,의창동,서상동,4,4805782,MM10148015,48121,03,시군구만일치
CWB379000369,의창동환승센터,창원시의창구,의창동,중동,4,1702205,27001,48121,08,시군구만일치
CWB379000369,의창동환승센터,창원시의창구,의창동,중동,4,4805802,MM10148015,48121,03,시군구만일치
CWB379000361,의창동환승센터,창원시의창구,의창동,서상동,4,1702206,27001,48121,08,시군구만일치
CWB379000361,의창동환승센터,창원시의창구,의창동,서상동,4,4805782,MM10148015,48121,03,시군구만일치
CWB379000361,의창동환승센터,창원시의창구,의창동,중동,4,1702205,27001,48121,08,시군구만일치
CWB379000361,의창동환승센터,창원시의창구,의창동,중동,4,4805802,MM10148015,48121,03,시군구만일치
CWB379000396,창원여중,창원시의창구,의창동,팔용동,2,4802972,MM10148015,48121,03,시군구만일치
CWB379000396,창원여중,창원시의창구,의창동,팔용동,2,4802962,MM10148015,48121,03,시군구만일치
CWB379000408,창원역,창원시의창구,의창동,동정동,6,1702198,27001,48121,08,시군구만일치
CWB379000408,창원역,창원시의창구,의창동,동정동,6,4802892,MM10148015,48121,03,시군구만일치
CWB379000408,창원역,창원시의창구,의창동,소계동,6,7914139,MM12148000,48121,03,시군구만일치
CWB379000408,창원역,창원시의창구,의창동,팔용동,6,1702197,27001,48121,08,시군구만일치
CWB379000408,창원역,창원시의창구,의창동,팔용동,6,4802902,MM10148015,48121,03,시군구만일치
CWB379000408,창원역,창원시의창구,의창동,팔용동,6,4826382,MM10148015,48121,03,시군구만일치
CWB379000314,천주암,창원시의창구,의창동,동정동,2,4821062,MM10148015,48121,03,시군구만일치
CWB379000314,천주암,창원시의창구,의창동,소답동,2,4802502,MM10148015,48121,03,시군구만일치
CWB379000316,천주암,창원시의창구,의창동,동정동,2,4821062,MM10148015,48121,03,시군구만일치
CWB379000316,천주암,창원시의창구,의창동,소답동,2,4802502,MM10148015,48121,03,시군구만일치
CWB379000336,흥한웰가아파트,창원시의창구,의창동,동정동,2,4800012,MM10148015,48121,03,시군구만일치
CWB379000336,흥한웰가아파트,창원시의창구,의창동,서상동,2,4815542,MM10148015,48121,03,시군구만일치
CWB379000342,흥한웰가아파트,창원시의창구,의창동,동정동,2,4800012,MM10148015,48121,03,시군구만일치
CWB379000342,흥한웰가아파트,창원시의창구,의창동,서상동,2,4815542,MM10148015,48121,03,시군구만일치
CWB379002297,경남테크노파크,창원시의창구,팔룡동,소계동,4,4300685,MM10148000,48121,03,시군구만일치
CWB379002297,경남테크노파크,창원시의창구,팔룡동,소계동,4,4819482,MM10148015,48121,03,시군구만일치
CWB379002297,경남테크노파크,창원시의창구,팔룡동,팔용동,4,4300700,MM10148000,48121,03,시군구만일치
CWB379002297,경남테크노파크,창원시의창구,팔룡동,팔용동,4,4819492,MM10148015,48121,03,시군구만일치
CWB379000443,경남테크노파크,창원시의창구,팔룡동,소계동,4,4300685,MM10148000,48121,03,시군구만일치
CWB379000443,경남테크노파크,창원시의창구,팔룡동,소계동,4,4819482,MM10148015,48121,03,시군구만일치
CWB379000443,경남테크노파크,창원시의창구,팔룡동,팔용동,4,4300700,MM10148000,48121,03,시군구만일치
CWB379000443,경남테크노파크,창원시의창구,팔룡동,팔용동,4,4819492,MM10148015,48121,03,시군구만일치
CWB379000857,대원파크빌아파트,창원시의창구,팔룡동,,0,,,,,미매칭
CWB379000487,동서식품,창원시의창구,팔룡동,팔용동,4,4300698,MM10148000,48121,03,시군구만일치
CWB379000487,동서식품,창원시의창구,팔룡동,팔용동,4,4300687,MM10148000,48121,03,시군구만일치
CWB379000487,동서식품,창원시의창구,팔룡동,팔용동,4,4815812,MM10148015,48121,03,시군구만일치
CWB379000487,동서식품,창원시의창구,팔룡동,팔용동,4,4815802,MM10148015,48121,03,시군구만일치
CWB379000476,동서식품,창원시의창구,팔룡동,팔용동,4,4300698,MM10148000,48121,03,시군구만일치
CWB379000476,동서식품,창원시의창구,팔룡동,팔용동,4,4300687,MM10148000,48121,03,시군구만일치
CWB379000476,동서식품,창원시의창구,팔룡동,팔용동,4,4815812,MM10148015,48121,03,시군구만일치
CWB379000476,동서식품,창원시의창구,팔룡동,팔용동,4,4815802,MM10148015,48121,03,시군구만일치
CWB379005414,마창자동차운전전문학원,창원시의창구,팔룡동,,0,,,,,미매칭
CWB379006085,문성고등학교,창원시의창구,팔룡동,,0,,,,,미매칭
CWB379000920,셰플러코리아,창원시의창구,팔룡동,,0,,,,,미매칭
CWB379006081,시티7,창원시의창구,팔룡동,,0,,,,,미매칭
CWB379006238,운암서원삼거리,창원시의창구,팔룡동,팔용동,2,4833652,MM10148015,48121,03,시군구만일치
CWB379006238,운암서원삼거리,창원시의창구,팔룡동,팔용동,2,4833642,MM10148015,48121,03,시군구만일치
CWB379006237,운암서원삼거리,창원시의창구,팔룡동,팔용동,2,4833652,MM10148015,48121,03,시군구만일치
CWB379006237,운암서원삼거리,창원시의창구,팔룡동,팔용동,2,4833642,MM10148015,48121,03,시군구만일치
CWB379000499,차룡단지,창원시의창구,팔룡동,팔용동,2,4803332,MM10148015,48121,03,시군구만일치
CWB379000499,차룡단지,창원시의창구,팔룡동,팔용동,2,4803322,MM10148015,48121,03,시군구만일치
CWB379000498,차룡단지,창원시의창구,팔룡동,팔용동,2,4803332,MM10148015,48121,03,시군구만일치
CWB379000498,차룡단지,창원시의창구,팔룡동,팔용동,2,4803322,MM10148015,48121,03,시군구만일치
CWB379000606,차룡사거리,창원시의창구,팔룡동,팔용동,4,4300695,MM10148000,48121,03,시군구만일치
CWB379000606,차룡사거리,창원시의창구,팔룡동,팔용동,4,4300690,MM10148000,48121,03,시군구만일치
CWB379000606,차룡사거리,창원시의창구,팔룡동,팔용동,4,4803312,MM10148015,48121,03,시군구만일치
CWB379000606,차룡사거리,창원시의창구,팔룡동,팔용동,4,4803302,MM10148015,48121,03,시군구만일치
CWB379000615,차룡사거리,창원시의창구,팔룡동,팔용동,4,4300695,MM10148000,48121,03,시군구만일치
CWB379000615,차룡사거리,창원시의창구,팔룡동,팔용동,4,4300690,MM10148000,48121,03,시군구만일치
CWB379000615,차룡사거리,창원시의창구,팔룡동,팔용동,4,4803312,MM10148015,48121,03,시군구만일치
CWB379000615,차룡사거리,창원시의창구,팔룡동,팔용동,4,4803302,MM10148015,48121,03,시군구만일치
CWB379000717,창원공고.파티마병원,창원시의창구,팔룡동,명서동,2,4803162,MM10148015,48121,03,시군구만일치
CWB379000717,창원공고.파티마병원,창원시의창구,팔룡동,팔용동,2,4801912,MM10148015,48121,03,시군구만일치
CWB379000689,창원공고.파티마병원,창원시의창구,팔룡동,명서동,2,4803162,MM10148015,48121,03,시군구만일치
CWB379000689,창원공고.파티마병원,창원시의창구,팔룡동,팔용동,2,4801912,MM10148015,48121,03,시군구만일치
CWB379000741,창원문성대학교,창원시의창구,팔룡동,,0,,,,,미매칭
CWB379000737,창원문성대학교,창원시의창구,팔룡동,,0,,,,,미매칭
CWB379000660,창원스마트업파크,창원시의창구,팔룡동,팔용동,2,4806242,MM10148015,48121,03,시군구만일치
CWB379000660,창원스마트업파크,창원시의창구,팔룡동,팔용동,2,4833662,MM10148015,48121,03,시군구만일치
CWB379006236,창원스마트업파크,창원시의창구,팔룡동,팔용동,2,4806242,MM10148015,48121,03,시군구만일치
CWB379006236,창원스마트업파크,창원시의창구,팔룡동,팔용동,2,4833662,MM10148015,48121,03,시군구만일치
CWB379000387,창원여중,창원시의창구,팔룡동,팔용동,2,4802972,MM10148015,48121,03,시군구만일치
CWB379000387,창원여중,창원시의창구,팔룡동,팔용동,2,4802962,MM10148015,48121,03,시군구만일치
CWB379000409,창원역,창원시의창구,팔룡동,동정동,6,1702198,27001,48121,08,시군구만일치
CWB379000409,창원역,창원시의창구,팔룡동,동정동,6,4802892,MM10148015,48121,03,시군구만일치
CWB379000409,창원역,창원시의창구,팔룡동,소계동,6,7914139,MM12148000,48121,03,시군구만일치
CWB379000409,창원역,창원시의창구,팔룡동,팔용동,6,1702197,27001,48121,08,시군구만일치
CWB379000409,창원역,창원시의창구,팔룡동,팔용동,6,4802902,MM10148015,48121,03,시군구만일치
CWB379000409,창원역,창원시의창구,팔룡동,팔용동,6,4826382,MM10148015,48121,03,시군구만일치
CWB379000421,창원웨딩의전당,창원시의창구,팔룡동,팔용동,2,4807832,MM10148015,48121,03,시군구만일치
CWB379000421,창원웨딩의전당,창원시의창구,팔룡동,팔용동,2,4807822,MM10148015,48121,03,시군구만일치
CWB379000417,창원웨딩의전당,창원시의창구,팔룡동,팔용동,2,4807832,MM10148015,48121,03,시군구만일치
CWB379000417,창원웨딩의전당,창원시의창구,팔룡동,팔용동,2,4807822,MM10148015,48121,03,시군구만일치
CWB379006087,창원종합운동장,창원시의창구,팔룡동,,0,,,,,미매칭
CWB379000728,창원종합터미널,창원시의창구,팔룡동,차용동,3,4300692,MM10148000,48121,03,시군구만일치
CWB379000728,창원종합터미널,창원시의창구,팔룡동,차용동,3,4802792,MM10148015,48121,03,시군구만일치
CWB379000728,창원종합터미널,창원시의창구,팔룡동,차용동,3,4802772,MM10148015,48121,03,시군구만일치
CWB379000715,창원종합터미널,창원시의창구,팔룡동,차용동,3,4300692,MM10148000,48121,03,시군구만일치
CWB379000715,창원종합터미널,창원시의창구,팔룡동,차용동,3,4802792,MM10148015,48121,03,시군구만일치
CWB379000715,창원종합터미널,창원시의창구,팔룡동,차용동,3,4802772,MM10148015,48121,03,시군구만일치
CWB379006083,창원컨벤션센터,창원시의창구,팔룡동,,0,,,,,미매칭
CWB379000836,충혼탑,창원시의창구,팔룡동,,0,,,,,미매칭
CWB379006240,터미널삼거리,창원시의창구,팔룡동,팔용동,2,4833682,MM10148015,48121,03,시군구만일치
CWB379006240,터미널삼거리,창원시의창구,팔룡동,팔용동,2,4833632,MM10148015,48121,03,시군구만일치
CWB379006239,터미널삼거리,창원시의창구,팔룡동,팔용동,2,4833682,MM10148015,48121,03,시군구만일치
CWB379006239,터미널삼거리,창원시의창구,팔룡동,팔용동,2,4833632,MM10148015,48121,03,시군구만일치
CWB379006089,트리비앙아파트(한국폴리텍대학),창원시의창구,팔룡동,,0,,,,,미매칭
CWB379000579,팔룡119안전센터,창원시의창구,팔룡동,팔용동,3,4826232,MM10148015,48121,03,시군구만일치
CWB379000579,팔룡119안전센터,창원시의창구,팔룡동,팔용동,3,4803352,MM10148015,48121,03,시군구만일치
CWB379000579,팔룡119안전센터,창원시의창구,팔룡동,팔용동,3,4803342,MM10148015,48121,03,시군구만일치
CWB379000594,팔룡119안전센터,창원시의창구,팔룡동,팔용동,3,4826232,MM10148015,48121,03,시군구만일치
CWB379000594,팔룡119안전센터,창원시의창구,팔룡동,팔용동,3,4803352,MM10148015,48121,03,시군구만일치
CWB379000594,팔룡119안전센터,창원시의창구,팔룡동,팔용동,3,4803342,MM10148015,48121,03,시군구만일치
CWB379000448,팔룡동,창원시의창구,팔룡동,팔용동,2,4801822,MM10148015,48121,03,시군구만일치
CWB379000448,팔룡동,창원시의창구,팔룡동,팔용동,2,4801812,MM10148015,48121,03,시군구만일치
CWB379000444,팔룡동,창원시의창구,팔룡동,팔용동,2,4801822,MM10148015,48121,03,시군구만일치
CWB379000444,팔룡동,창원시의창구,팔룡동,팔용동,2,4801812,MM10148015,48121,03,시군구만일치
CWB379000453,팔룡동입구,창원시의창구,팔룡동,,0,,,,,미매칭
CWB379000464,팔룡동입구,창원시의창구,팔룡동,,0,,,,,미매칭
CWB379000429,팔룡동행정복지센터,창원시의창구,팔룡동,팔용동,2,4801822,MM10148015,48121,03,시군구만일치
CWB379000429,팔룡동행정복지센터,창원시의창구,팔룡동,팔용동,2,4801812,MM10148015,48121,03,시군구만일치
CWB379000428,팔룡동행정복지센터,창원시의창구,팔룡동,팔용동,2,4801822,MM10148015,48121,03,시군구만일치
CWB379000428,팔룡동행정복지센터,창원시의창구,팔룡동,팔용동,2,4801812,MM10148015,48121,03,시군구만일치
CWB379000512,평산사거리,창원시의창구,팔룡동,팔용동,2,4815722,MM10148015,48121,03,시군구만일치
CWB379000512,평산사거리,창원시의창구,팔룡동,팔용동,2,4815732,MM10148015,48121,03,시군구만일치
CWB379000525,평산사거리/신화더플렉스,창원시의창구,팔룡동,,0,,,,,미매칭
CWB379000739,홈플러스,창원시의창구,팔룡동,명서동,2,4803182,MM10148015,48121,03,시군구만일치
CWB379000739,홈플러스,창원시의창구,팔룡동,명서동,2,4829442,MM10148015,48121,03,시군구만일치
CWB379001526,경화성당,창원시진해구,경화동,경화동,1,4819323,MM10148015,48129,03,동일치
CWB379001525,경화우체국,창원시진해구,경화동,경화동,1,4819293,MM10148015,48129,03,동일치
CWB379001527,중부시장,창원시진해구,경화동,경화동,2,4804133,MM10148015,48129,03,동일치
CWB379001527,중부시장,창원시진해구,경화동,경화동,2,4804143,MM10148015,48129,03,동일치
CWB379001531,중부시장입구,창원시진해구,경화동,경화동,1,4804143,MM10148015,48129,03,동일치
CWB379001597,덕산동,창원시진해구,덕산동,덕산동,2,4816293,MM10148015,48129,03,동일치
CWB379001597,덕산동,창원시진해구,덕산동,덕산동,2,4816313,MM10148015,48129,03,동일치
CWB379001598,덕산동,창원시진해구,덕산동,덕산동,2,4816293,MM10148015,48129,03,동일치
CWB379001598,덕산동,창원시진해구,덕산동,덕산동,2,4816313,MM10148015,48129,03,동일치
CWB379001593,덕산해군아파트,창원시진해구,덕산동,자은동,2,4816233,MM10148015,48129,03,시군구만일치
CWB379001593,덕산해군아파트,창원시진해구,덕산동,자은동,2,4816223,MM10148015,48129,03,시군구만일치
CWB379001613,우성아파트,창원시진해구,덕산동,덕산동,1,4806933,MM10148015,48129,03,동일치
CWB379001612,자은본동,창원시진해구,덕산동,자은동,2,4826373,MM10148015,48129,03,시군구만일치
CWB379001612,자은본동,창원시진해구,덕산동,자은동,2,4815463,MM10148015,48129,03,시군구만일치
CWB379001604,자은포스코,창원시진해구,덕산동,자은동,1,4805183,MM10148015,48129,03,시군구만일치
CWB379001524,경화시장,창원시진해구,병암동,경화동,3,4819223,MM10148015,48129,03,시군구만일치
CWB379001524,경화시장,창원시진해구,병암동,경화동,3,7913474,MM12148000,48129,03,시군구만일치
CWB379001524,경화시장,창원시진해구,병암동,이동,3,4819243,MM10148015,48129,03,시군구만일치
CWB379001523,경화시장,창원시진해구,병암동,경화동,3,4819223,MM10148015,48129,03,시군구만일치
CWB379001523,경화시장,창원시진해구,병암동,경화동,3,7913474,MM12148000,48129,03,시군구만일치
CWB379001523,경화시장,창원시진해구,병암동,이동,3,4819243,MM10148015,48129,03,시군구만일치
CWB379001521,냉천사거리,창원시진해구,석동,석동,1,4811223,MM10148015,48129,03,동일치
CWB379001492,롯데마트,창원시진해구,석동,석동,2,4815123,MM10148015,48129,03,동일치
CWB379001492,롯데마트,창원시진해구,석동,석동,2,4811203,MM10148015,48129,03,동일치
CWB379001496,롯데마트,창원시진해구,석동,석동,2,4815123,MM10148015,48129,03,동일치
CWB379001496,롯데마트,창원시진해구,석동,석동,2,4811203,MM10148015,48129,03,동일치
CWB379002384,안민터널,창원시진해구,석동,석동,2,4824503,MM10148015,48129,03,동일치
CWB379002384,안민터널,창원시진해구,석동,석동,2,4808843,MM10148015,48129,03,동일치
CWB379003292,무릉도원,창원시진해구,여좌동,여좌동,1,4826563,MM10148015,48129,03,동일치
CWB379006206,양지마을,창원시진해구,여좌동,태백동,1,4833333,MM10148015,48129,03,시군구만일치
CWB379002862,여좌농협,창원시진해구,여좌동,여좌동,2,4825623,MM10148015,48129,03,동일치
CWB379002862,여좌농협,창원시진해구,여좌동,여좌동,2,4825613,MM10148015,48129,03,동일치
CWB379002861,여좌농협,창원시진해구,여좌동,여좌동,2,4825623,MM10148015,48129,03,동일치
CWB379002861,여좌농협,창원시진해구,여좌동,여좌동,2,4825613,MM10148015,48129,03,동일치
CWB379001510,여좌신협,창원시진해구,여좌동,여좌동,2,4808353,MM10148015,48129,03,동일치
CWB379001510,여좌신협,창원시진해구,여좌동,여좌동,2,4808343,MM10148015,48129,03,동일치
CWB379001509,여좌신협,창원시진해구,여좌동,여좌동,2,4808353,MM10148015,48129,03,동일치
CWB379001509,여좌신협,창원시진해구,여좌동,여좌동,2,4808343,MM10148015,48129,03,동일치
CWB379001548,중앙시장,창원시진해구,여좌동,충무동,5,4803953,MM10148015,48129,03,시군구만일치
CWB379001548,중앙시장,창원시진해구,여좌동,충무동,5,4803933,MM10148015,48129,03,시군구만일치
CWB379001548,중앙시장,창원시진해구,여좌동,충무동,5,7913195,MM12148000,48129,03,시군구만일치
CWB379001548,중앙시장,창원시진해구,여좌동,화천동,5,4800753,MM10148015,48129,03,시군구만일치
CWB379001548,중앙시장,창원시진해구,여좌동,화천동,5,4817443,MM10148015,48129,03,시군구만일치
CWB379001490,진해고등학교,창원시진해구,여좌동,여좌동,2,4803503,MM10148015,48129,03,동일치
CWB379001490,진해고등학교,창원시진해구,여좌동,여좌동,2,4803483,MM10148015,48129,03,동일치
CWB379001488,진해고등학교,창원시진해구,여좌동,여좌동,2,4803503,MM10148015,48129,03,동일치
CWB379001488,진해고등학교,창원시진해구,여좌동,여좌동,2,4803483,MM10148015,48129,03,동일치
CWB379001455,진해문화센터,창원시진해구,여좌동,태백동,2,4809913,MM10148015,48129,03,시군구만일치
CWB379001455,진해문화센터,창원시진해구,여좌동,태백동,2,4809903,MM10148015,48129,03,시군구만일치
CWB379001456,진해문화센터,창원시진해구,여좌동,태백동,2,4809913,MM10148015,48129,03,시군구만일치
CWB379001456,진해문화센터,창원시진해구,여좌동,태백동,2,4809903,MM10148015,48129,03,시군구만일치
CWB379001544,진해수협,창원시진해구,여좌동,대죽동,4,4826323,MM10148015,48129,03,시군구만일치
CWB379001544,진해수협,창원시진해구,여좌동,대죽동,4,4826293,MM10148015,48129,03,시군구만일치
CWB379001544,진해수협,창원시진해구,여좌동,충무동,4,4800283,MM10148015,48129,03,시군구만일치
CWB379001544,진해수협,창원시진해구,여좌동,충무동,4,4805083,MM10148015,48129,03,시군구만일치
CWB379001538,진해역,창원시진해구,여좌동,충무동,3,4803413,MM10148015,48129,03,시군구만일치
CWB379001538,진해역,창원시진해구,여좌동,충무동,3,4803383,MM10148015,48129,03,시군구만일치
CWB379001538,진해역,창원시진해구,여좌동,충무동,3,4832593,MM10148015,48129,03,시군구만일치
CWB379001444,창원편백치유의숲,창원시진해구,여좌동,태백동,1,4808393,MM10148015,48129,03,시군구만일치
CWB379001481,한전입구,창원시진해구,여좌동,여좌동,1,4801013,MM10148015,48129,03,동일치
CWB379001480,해성아파트입구,창원시진해구,여좌동,여좌동,1,4801003,MM10148015,48129,03,동일치
CWB379002602,STX아파트,창원시진해구,웅동1동,남양동,2,4820323,MM10148015,48129,03,시군구만일치
CWB379002602,STX아파트,창원시진해구,웅동1동,남양동,2,4820313,MM10148015,48129,03,시군구만일치
CWB379002601,STX아파트,창원시진해구,웅동1동,남양동,2,4820323,MM10148015,48129,03,시군구만일치
CWB379002601,STX아파트,창원시진해구,웅동1동,남양동,2,4820313,MM10148015,48129,03,시군구만일치
CWB379002621,용원휴요양병원,창원시진해구,웅동1동,두동,2,4807373,MM10148015,48129,03,시군구만일치
CWB379002621,용원휴요양병원,창원시진해구,웅동1동,두동,2,4807383,MM10148015,48129,03,시군구만일치
CWB379002620,용원휴요양병원,창원시진해구,웅동1동,두동,2,4807373,MM10148015,48129,03,시군구만일치
CWB379002620,용원휴요양병원,창원시진해구,웅동1동,두동,2,4807383,MM10148015,48129,03,시군구만일치
CWB379002610,웅동농협앞,창원시진해구,웅동1동,마천동,2,4806653,MM10148015,48129,03,시군구만일치
CWB379002610,웅동농협앞,창원시진해구,웅동1동,마천동,2,4824323,MM10148015,48129,03,시군구만일치
CWB379002609,웅동농협앞,창원시진해구,웅동1동,마천동,2,4806653,MM10148015,48129,03,시군구만일치
CWB379002609,웅동농협앞,창원시진해구,웅동1동,마천동,2,4824323,MM10148015,48129,03,시군구만일치
CWB379002613,청안해오름,창원시진해구,웅동1동,두동,2,4815363,MM10148015,48129,03,시군구만일치
CWB379002613,청안해오름,창원시진해구,웅동1동,두동,2,4815353,MM10148015,48129,03,시군구만일치
CWB379002614,청안해오름,창원시진해구,웅동1동,두동,2,4815363,MM10148015,48129,03,시군구만일치
CWB379002614,청안해오름,창원시진해구,웅동1동,두동,2,4815353,MM10148015,48129,03,시군구만일치
CWB379003453,부영2단지,창원시진해구,웅동2동,용원동,2,4828203,MM10148015,48129,03,시군구만일치
CWB379003453,부영2단지,창원시진해구,웅동2동,용원동,2,4828193,MM10148015,48129,03,시군구만일치
CWB379003447,부영2단지,창원시진해구,웅동2동,용원동,2,4828203,MM10148015,48129,03,시군구만일치
CWB379003447,부영2단지,창원시진해구,웅동2동,용원동,2,4828193,MM10148015,48129,03,시군구만일치
CWB379003454,부영4단지,창원시진해구,웅동2동,용원동,3,4828173,MM10148015,48129,03,시군구만일치
CWB379003454,부영4단지,창원시진해구,웅동2동,용원동,3,4828183,MM10148015,48129,03,시군구만일치
CWB379003454,부영4단지,창원시진해구,웅동2동,용원동,3,7914423,MM12148000,48129,03,시군구만일치
CWB379003448,부영4단지,창원시진해구,웅동2동,용원동,3,4828173,MM10148015,48129,03,시군구만일치
CWB379003448,부영4단지,창원시진해구,웅동2동,용원동,3,4828183,MM10148015,48129,03,시군구만일치
CWB379003448,부영4단지,창원시진해구,웅동2동,용원동,3,7914423,MM12148000,48129,03,시군구만일치
CWB379005790,부영5단지,창원시진해구,웅동2동,용원동,1,4831233,MM10148015,48129,03,시군구만일치
CWB379003445,부영8단지,창원시진해구,웅동2동,용원동,1,4828243,MM10148015,48129,03,시군구만일치
CWB379005774,신항파출소,창원시진해구,웅동2동,안골동,2,4831173,MM10148015,48129,03,시군구만일치
CWB379005774,신항파출소,창원시진해구,웅동2동,안골동,2,4831163,MM10148015,48129,03,시군구만일치
CWB379005775,신항파출소,창원시진해구,웅동2동,안골동,2,4831173,MM10148015,48129,03,시군구만일치
CWB379005775,신항파출소,창원시진해구,웅동2동,안골동,2,4831163,MM10148015,48129,03,시군구만일치
CWB379002634,안골포초등학교,창원시진해구,웅동2동,용원동,4,2606493,MM10126000,48129,03,시군구만일치
CWB379002634,안골포초등학교,창원시진해구,웅동2동,용원동,4,4824383,MM10148015,48129,03,시군구만일치
CWB379002634,안골포초등학교,창원시진해구,웅동2동,청안동,4,2606371,MM10126000,48129,03,시군구만일치
CWB379002634,안골포초등학교,창원시진해구,웅동2동,청안동,4,4801643,MM10148015,48129,03,시군구만일치
CWB379002633,안골포초등학교,창원시진해구,웅동2동,용원동,4,2606493,MM10126000,48129,03,시군구만일치
CWB379002633,안골포초등학교,창원시진해구,웅동2동,용원동,4,4824383,MM10148015,48129,03,시군구만일치
CWB379002633,안골포초등학교,창원시진해구,웅동2동,청안동,4,2606371,MM10126000,48129,03,시군구만일치
CWB379002633,안골포초등학교,창원시진해구,웅동2동,청안동,4,4801643,MM10148015,48129,03,시군구만일치
CWB379002662,용원종점,창원시진해구,웅동2동,용원동,3,4807323,MM10148015,48129,03,시군구만일치
CWB379002662,용원종점,창원시진해구,웅동2동,용원동,3,4825283,MM10148015,48129,03,시군구만일치
CWB379002662,용원종점,창원시진해구,웅동2동,용원동,3,4828053,MM10148015,48129,03,시군구만일치
CWB379005499,용원종점,창원시진해구,웅동2동,용원동,3,4807323,MM10148015,48129,03,시군구만일치
CWB379005499,용원종점,창원시진해구,웅동2동,용원동,3,4825283,MM10148015,48129,03,시군구만일치
CWB379005499,용원종점,창원시진해구,웅동2동,용원동,3,4828053,MM10148015,48129,03,시군구만일치
CWB379002655,웅동2동행정복지센터,창원시진해구,웅동2동,용원동,5,2606376,MM10126000,48129,03,시군구만일치
CWB379002655,웅동2동행정복지센터,창원시진해구,웅동2동,용원동,5,2606488,MM10126000,48129,03,시군구만일치
CWB379002655,웅동2동행정복지센터,창원시진해구,웅동2동,용원동,5,4818133,MM10148015,48129,03,시군구만일치
CWB379002655,웅동2동행정복지센터,창원시진해구,웅동2동,용원동,5,4818123,MM10148015,48129,03,시군구만일치
CWB379002655,웅동2동행정복지센터,창원시진해구,웅동2동,용원동,5,2645172,MM11126901,48129,03,시군구만일치
CWB379002656,웅동2동행정복지센터,창원시진해구,웅동2동,용원동,5,2606376,MM10126000,48129,03,시군구만일치
CWB379002656,웅동2동행정복지센터,창원시진해구,웅동2동,용원동,5,2606488,MM10126000,48129,03,시군구만일치
CWB379002656,웅동2동행정복지센터,창원시진해구,웅동2동,용원동,5,4818133,MM10148015,48129,03,시군구만일치
CWB379002656,웅동2동행정복지센터,창원시진해구,웅동2동,용원동,5,4818123,MM10148015,48129,03,시군구만일치
CWB379002656,웅동2동행정복지센터,창원시진해구,웅동2동,용원동,5,2645172,MM11126901,48129,03,시군구만일치
CWB379002650,웅동농협하나로마트,창원시진해구,웅동2동,용원동,4,2606374,MM10126000,48129,03,시군구만일치
CWB379002650,웅동농협하나로마트,창원시진해구,웅동2동,용원동,4,2606490,MM10126000,48129,03,시군구만일치
CWB379002650,웅동농협하나로마트,창원시진해구,웅동2동,용원동,4,4807283,MM10148015,48129,03,시군구만일치
CWB379002650,웅동농협하나로마트,창원시진해구,웅동2동,용원동,4,4807293,MM10148015,48129,03,시군구만일치
CWB379002651,웅동농협하나로마트,창원시진해구,웅동2동,용원동,4,2606374,MM10126000,48129,03,시군구만일치
CWB379002651,웅동농협하나로마트,창원시진해구,웅동2동,용원동,4,2606490,MM10126000,48129,03,시군구만일치
CWB379002651,웅동농협하나로마트,창원시진해구,웅동2동,용원동,4,4807283,MM10148015,48129,03,시군구만일치
CWB379002651,웅동농협하나로마트,창원시진해구,웅동2동,용원동,4,4807293,MM10148015,48129,03,시군구만일치
CWB379003451,이지더원아파트/애플타운,창원시진해구,웅동2동,,0,,,,,미매칭
CWB379002636,코아루아파트,창원시진해구,웅동2동,용원동,4,2606492,MM10126000,48129,03,시군구만일치
CWB379002636,코아루아파트,창원시진해구,웅동2동,용원동,4,4812903,MM10148015,48129,03,시군구만일치
CWB379002636,코아루아파트,창원시진해구,웅동2동,청안동,4,2606372,MM10126000,48129,03,시군구만일치
CWB379002636,코아루아파트,창원시진해구,웅동2동,청안동,4,4812893,MM10148015,48129,03,시군구만일치
CWB379002635,코아루아파트,창원시진해구,웅동2동,용원동,4,2606492,MM10126000,48129,03,시군구만일치
CWB379002635,코아루아파트,창원시진해구,웅동2동,용원동,4,4812903,MM10148015,48129,03,시군구만일치
CWB379002635,코아루아파트,창원시진해구,웅동2동,청안동,4,2606372,MM10126000,48129,03,시군구만일치
CWB379002635,코아루아파트,창원시진해구,웅동2동,청안동,4,4812893,MM10148015,48129,03,시군구만일치
CWB379002628,해인로즈빌아파트,창원시진해구,웅동2동,청안동,5,2606495,MM10126000,48129,03,시군구만일치
CWB379002628,해인로즈빌아파트,창원시진해구,웅동2동,청안동,5,2606370,MM10126000,48129,03,시군구만일치
CWB379002628,해인로즈빌아파트,창원시진해구,웅동2동,청안동,5,4800633,MM10148015,48129,03,시군구만일치
CWB379002628,해인로즈빌아파트,창원시진해구,웅동2동,청안동,5,4824373,MM10148015,48129,03,시군구만일치
CWB379002628,해인로즈빌아파트,창원시진해구,웅동2동,청안동,5,7913020,MM12148000,48129,03,시군구만일치
CWB379002627,해인로즈빌아파트,창원시진해구,웅동2동,청안동,5,2606495,MM10126000,48129,03,시군구만일치
CWB379002627,해인로즈빌아파트,창원시진해구,웅동2동,청안동,5,2606370,MM10126000,48129,03,시군구만일치
CWB379002627,해인로즈빌아파트,창원시진해구,웅동2동,청안동,5,4800633,MM10148015,48129,03,시군구만일치
CWB379002627,해인로즈빌아파트,창원시진해구,웅동2동,청안동,5,4824373,MM10148015,48129,03,시군구만일치
CWB379002627,해인로즈빌아파트,창원시진해구,웅동2동,청안동,5,7913020,MM12148000,48129,03,시군구만일치
CWB379002590,농업기술센터,창원시진해구,웅천동,성내동,2,4817463,MM10148015,48129,03,시군구만일치
CWB379002590,농업기술센터,창원시진해구,웅천동,성내동,2,4817473,MM10148015,48129,03,시군구만일치
CWB379002591,농업기술센터,창원시진해구,웅천동,성내동,2,4817463,MM10148015,48129,03,시군구만일치
CWB379002591,농업기술센터,창원시진해구,웅천동,성내동,2,4817473,MM10148015,48129,03,시군구만일치
CWB379002758,사도마을,창원시진해구,웅천동,남문동,2,4825013,MM10148015,48129,03,시군구만일치
CWB379002758,사도마을,창원시진해구,웅천동,남문동,2,4825003,MM10148015,48129,03,시군구만일치
CWB379002794,사도마을,창원시진해구,웅천동,남문동,2,4825013,MM10148015,48129,03,시군구만일치
CWB379002794,사도마을,창원시진해구,웅천동,남문동,2,4825003,MM10148015,48129,03,시군구만일치
CWB379003435,세스페데스공원,창원시진해구,웅천동,남문동,2,4828093,MM10148015,48129,03,시군구만일치
CWB379003435,세스페데스공원,창원시진해구,웅천동,남문동,2,4828103,MM10148015,48129,03,시군구만일치
CWB379003434,세스페데스공원,창원시진해구,웅천동,남문동,2,4828093,MM10148015,48129,03,시군구만일치
CWB379003434,세스페데스공원,창원시진해구,웅천동,남문동,2,4828103,MM10148015,48129,03,시군구만일치
CWB379003420,시티프라디움1차.리젠시빌란트,창원시진해구,웅천동,남문동,2,4828473,MM10148015,48129,03,시군구만일치
CWB379003420,시티프라디움1차.리젠시빌란트,창원시진해구,웅천동,남문동,2,4828453,MM10148015,48129,03,시군구만일치
CWB379003436,시티프라디움1차.리젠시빌란트,창원시진해구,웅천동,남문동,2,4828473,MM10148015,48129,03,시군구만일치
CWB379003436,시티프라디움1차.리젠시빌란트,창원시진해구,웅천동,남문동,2,4828453,MM10148015,48129,03,시군구만일치
CWB379002766,어은동,창원시진해구,웅천동,죽곡동,2,4826003,MM10148015,48129,03,시군구만일치
CWB379002766,어은동,창원시진해구,웅천동,죽곡동,2,4808463,MM10148015,48129,03,시군구만일치
CWB379003019,어은동,창원시진해구,웅천동,죽곡동,2,4826003,MM10148015,48129,03,시군구만일치
CWB379003019,어은동,창원시진해구,웅천동,죽곡동,2,4808463,MM10148015,48129,03,시군구만일치
CWB379002527,웅천성내,창원시진해구,웅천동,북부동,2,4806633,MM10148015,48129,03,시군구만일치
CWB379002527,웅천성내,창원시진해구,웅천동,성내동,2,4806623,MM10148015,48129,03,시군구만일치
CWB379002525,웅천성내,창원시진해구,웅천동,북부동,2,4806633,MM10148015,48129,03,시군구만일치
CWB379002525,웅천성내,창원시진해구,웅천동,성내동,2,4806623,MM10148015,48129,03,시군구만일치
CWB379002537,케이조선입구,창원시진해구,웅천동,죽곡동,2,4820303,MM10148015,48129,03,시군구만일치
CWB379002537,케이조선입구,창원시진해구,웅천동,죽곡동,2,4820293,MM10148015,48129,03,시군구만일치
CWB379002538,케이조선입구,창원시진해구,웅천동,죽곡동,2,4820303,MM10148015,48129,03,시군구만일치
CWB379002538,케이조선입구,창원시진해구,웅천동,죽곡동,2,4820293,MM10148015,48129,03,시군구만일치
CWB379003524,호반베르디움.리젠시빌란트,창원시진해구,웅천동,남문동,2,4828463,MM10148015,48129,03,시군구만일치
CWB379003524,호반베르디움.리젠시빌란트,창원시진해구,웅천동,남문동,2,4828483,MM10148015,48129,03,시군구만일치
CWB379003525,호반베르디움.리젠시빌란트,창원시진해구,웅천동,남문동,2,4828463,MM10148015,48129,03,시군구만일치
CWB379003525,호반베르디움.리젠시빌란트,창원시진해구,웅천동,남문동,2,4828483,MM10148015,48129,03,시군구만일치
CWB379002593,호산나노인복지센터,창원시진해구,웅천동,성내동,2,4800353,MM10148015,48129,03,시군구만일치
CWB379002593,호산나노인복지센터,창원시진해구,웅천동,성내동,2,4800343,MM10148015,48129,03,시군구만일치
CWB379002592,호산나노인복지센터,창원시진해구,웅천동,성내동,2,4800353,MM10148015,48129,03,시군구만일치
CWB379002592,호산나노인복지센터,창원시진해구,웅천동,성내동,2,4800343,MM10148015,48129,03,시군구만일치
CWB379001551,대동아파트앞,창원시진해구,이동,석동,1,4811233,MM10148015,48129,03,시군구만일치
CWB379001542,염전사거리,창원시진해구,이동,이동,2,4805753,MM10148015,48129,03,동일치
CWB379001542,염전사거리,창원시진해구,이동,이동,2,4805733,MM10148015,48129,03,동일치
CWB379001534,염전사거리,창원시진해구,이동,이동,2,4805753,MM10148015,48129,03,동일치
CWB379001534,염전사거리,창원시진해구,이동,이동,2,4805733,MM10148015,48129,03,동일치
CWB379001568,이동119안전센터,창원시진해구,이동,이동,2,4811073,MM10148015,48129,03,동일치
CWB379001568,이동119안전센터,창원시진해구,이동,이동,2,4809403,MM10148015,48129,03,동일치
CWB379001565,이동119안전센터,창원시진해구,이동,이동,2,4811073,MM10148015,48129,03,동일치
CWB379001565,이동119안전센터,창원시진해구,이동,이동,2,4809403,MM10148015,48129,03,동일치
CWB379001572,이동교,창원시진해구,이동,이동,1,4818953,MM10148015,48129,03,동일치
CWB379001574,진해골프장입구,창원시진해구,이동,이동,1,4818973,MM10148015,48129,03,동일치
CWB379001588,덕산해군아파트,창원시진해구,자은동,자은동,2,4816233,MM10148015,48129,03,동일치
CWB379001588,덕산해군아파트,창원시진해구,자은동,자은동,2,4816223,MM10148015,48129,03,동일치
CWB379001578,벚꽃마을삼성아파트입구,창원시진해구,자은동,자은동,1,4805203,MM10148015,48129,03,동일치
CWB379001583,자은동행정복지센터,창원시진해구,자은동,자은동,1,4813393,MM10148015,48129,03,동일치
CWB379001589,남원로터리,창원시진해구,충무동,태평동,2,4817853,MM10148015,48129,03,시군구만일치
CWB379001589,남원로터리,창원시진해구,충무동,태평동,2,4817833,MM10148015,48129,03,시군구만일치
CWB379001592,남원로터리,창원시진해구,충무동,태평동,2,4817853,MM10148015,48129,03,시군구만일치
CWB379001592,남원로터리,창원시진해구,충무동,태평동,2,4817833,MM10148015,48129,03,시군구만일치
CWB379001552,벚꽃상가,창원시진해구,충무동,충무동,2,4813353,MM10148015,48129,03,동일치
CWB379001552,벚꽃상가,창원시진해구,충무동,충무동,2,4816753,MM10148015,48129,03,동일치
CWB379001596,인의동터미널,창원시진해구,충무동,숭인동,2,4803373,MM10148015,48129,03,시군구만일치
CWB379001596,인의동터미널,창원시진해구,충무동,숭인동,2,4823693,MM10148015,48129,03,시군구만일치
CWB379001599,인의동터미널,창원시진해구,충무동,숭인동,2,4803373,MM10148015,48129,03,시군구만일치
CWB379001599,인의동터미널,창원시진해구,충무동,숭인동,2,4823693,MM10148015,48129,03,시군구만일치
CWB379002781,중앙시장,창원시진해구,충무동,충무동,3,4803953,MM10148015,48129,03,동일치
CWB379002781,중앙시장,창원시진해구,충무동,충무동,3,4803933,MM10148015,48129,03,동일치
CWB379002781,중앙시장,창원시진해구,충무동,충무동,3,7913195,MM12148000,48129,03,동일치
CWB379001549,진해수협,창원시진해구,충무동,충무동,2,4800283,MM10148015,48129,03,동일치
CWB379001549,진해수협,창원시진해구,충무동,충무동,2,4805083,MM10148015,48129,03,동일치
CWB379001546,진해역,창원시진해구,충무동,충무동,3,4803413,MM10148015,48129,03,동일치
CWB379001546,진해역,창원시진해구,충무동,충무동,3,4803383,MM10148015,48129,03,동일치
CWB379001546,진해역,창원시진해구,충무동,충무동,3,4832593,MM10148015,48129,03,동일치
CWB379001579,진해청소년전당,창원시진해구,충무동,광화동,2,4801703,MM10148015,48129,03,시군구만일치
CWB379001579,진해청소년전당,창원시진해구,충무동,중평동,2,4801693,MM10148015,48129,03,시군구만일치
CWB379001580,진해청소년전당,창원시진해구,충무동,광화동,2,4801703,MM10148015,48129,03,시군구만일치
CWB379001580,진해청소년전당,창원시진해구,충무동,중평동,2,4801693,MM10148015,48129,03,시군구만일치
CWB379001558,충무동행정복지센터,창원시진해구,충무동,대흥동,2,4803833,MM10148015,48129,03,시군구만일치
CWB379001558,충무동행정복지센터,창원시진해구,충무동,평안동,2,4803843,MM10148015,48129,03,시군구만일치
CWB379001564,충무동행정복지센터,창원시진해구,충무동,대흥동,2,4803833,MM10148015,48129,03,시군구만일치
CWB379001564,충무동행정복지센터,창원시진해구,충무동,평안동,2,4803843,MM10148015,48129,03,시군구만일치
CWB379001547,벚꽃상가,창원시진해구,태백동,충무동,2,4813353,MM10148015,48129,03,시군구만일치
CWB379001547,벚꽃상가,창원시진해구,태백동,충무동,2,4816753,MM10148015,48129,03,시군구만일치
CWB379001537,중앙초등학교,창원시진해구,태백동,여좌동,1,4803873,MM10148015,48129,03,시군구만일치
CWB379001535,중초삼거리,창원시진해구,태백동,경화동,2,4802123,MM10148015,48129,03,시군구만일치
CWB379001535,중초삼거리,창원시진해구,태백동,경화동,2,4803813,MM10148015,48129,03,시군구만일치
CWB379001533,중초삼거리,창원시진해구,태백동,경화동,2,4802123,MM10148015,48129,03,시군구만일치
CWB379001533,중초삼거리,창원시진해구,태백동,경화동,2,4803813,MM10148015,48129,03,시군구만일치
CWB379001539,태백사거리,창원시진해구,태백동,경화동,2,4802093,MM10148015,48129,03,시군구만일치
CWB379001539,태백사거리,창원시진해구,태백동,경화동,2,4802103,MM10148015,48129,03,시군구만일치
CWB379002546,노인주간보호센터,창원시진해구,풍호동,장천동,1,4832753,MM10148015,48129,03,시군구만일치
CWB379001632,녹수아파트,창원시진해구,풍호동,풍호동,2,4817523,MM10148015,48129,03,동일치
CWB379001632,녹수아파트,창원시진해구,풍호동,풍호동,2,4826543,MM10148015,48129,03,동일치
CWB379002839,대동다숲.마린푸르지오2단지,창원시진해구,풍호동,장천동,2,4825473,MM10148015,48129,03,시군구만일치
CWB379002839,대동다숲.마린푸르지오2단지,창원시진해구,풍호동,장천동,2,4825483,MM10148015,48129,03,시군구만일치
CWB379002677,대동다숲.마린푸르지오2단지,창원시진해구,풍호동,장천동,2,4825473,MM10148015,48129,03,시군구만일치
CWB379002677,대동다숲.마린푸르지오2단지,창원시진해구,풍호동,장천동,2,4825483,MM10148015,48129,03,시군구만일치
CWB379001639,마린푸르지오1단지.신광아파트,창원시진해구,풍호동,풍호동,2,4809803,MM10148015,48129,03,동일치
CWB379001639,마린푸르지오1단지.신광아파트,창원시진해구,풍호동,풍호동,2,4809793,MM10148015,48129,03,동일치
CWB379001641,마린푸르지오1단지.신광아파트,창원시진해구,풍호동,풍호동,2,4809803,MM10148015,48129,03,동일치
CWB379001641,마린푸르지오1단지.신광아파트,창원시진해구,풍호동,풍호동,2,4809793,MM10148015,48129,03,동일치
CWB379002840,벽산솔렌스힐아파트,창원시진해구,풍호동,장천동,1,4825493,MM10148015,48129,03,시군구만일치
CWB379002544,상리마을,창원시진해구,풍호동,장천동,2,4811743,MM10148015,48129,03,시군구만일치
CWB379002544,상리마을,창원시진해구,풍호동,장천동,2,4811733,MM10148015,48129,03,시군구만일치
CWB379002543,상리마을,창원시진해구,풍호동,장천동,2,4811743,MM10148015,48129,03,시군구만일치
CWB379002543,상리마을,창원시진해구,풍호동,장천동,2,4811733,MM10148015,48129,03,시군구만일치
CWB379001621,우성아파트,창원시진해구,풍호동,풍호동,2,4806973,MM10148015,48129,03,동일치
CWB379001621,우성아파트,창원시진해구,풍호동,풍호동,2,4806953,MM10148015,48129,03,동일치
CWB379001620,우성아파트.아이존빌입구,창원시진해구,풍호동,자은동,1,4801533,MM10148015,48129,03,시군구만일치
CWB379001661,장천동.이순신리더쉽국제센터,창원시진해구,풍호동,장천동,2,4804963,MM10148015,48129,03,시군구만일치
CWB379001661,장천동.이순신리더쉽국제센터,창원시진해구,풍호동,장천동,2,4804973,MM10148015,48129,03,시군구만일치
CWB379001659,장천동.이순신리더쉽국제센터,창원시진해구,풍호동,장천동,2,4804963,MM10148015,48129,03,시군구만일치
CWB379001659,장천동.이순신리더쉽국제센터,창원시진해구,풍호동,장천동,2,4804973,MM10148015,48129,03,시군구만일치
CWB379002545,진해구청,창원시진해구,풍호동,풍호동,2,4804643,MM10148015,48129,03,동일치
CWB379002545,진해구청,창원시진해구,풍호동,풍호동,2,4826553,MM10148015,48129,03,동일치
CWB379002547,진해구청.장전주유소,창원시진해구,풍호동,장천동,1,4803453,MM10148015,48129,03,시군구만일치
CWB379002466,풍호동사거리,창원시진해구,풍호동,풍호동,1,4825603,MM10148015,48129,03,동일치
CWB379001633,풍호동평화마을,창원시진해구,풍호동,풍호동,2,4801603,MM10148015,48129,03,동일치
CWB379001633,풍호동평화마을,창원시진해구,풍호동,풍호동,2,4801583,MM10148015,48129,03,동일치
CWB379001631,풍호동평화마을,창원시진해구,풍호동,풍호동,2,4801603,MM10148015,48129,03,동일치
CWB379001631,풍호동평화마을,창원시진해구,풍호동,풍호동,2,4801583,MM10148015,48129,03,동일치
