정류장명,시군구,읍면동,동내동명N,카카오맵,네이버맵,ARS,stop_id,lat,lon
창포,(미상),(미상),2,"https://map.kakao.com/link/map/%EC%B0%BD%ED%8F%AC,35.0870437,128.4638131",https://map.naver.com/p?lng=128.4638131&lat=35.0870437&zoom=18,323120,CWB379001886,35.087044,128.463813
창포,(미상),(미상),2,"https://map.kakao.com/link/map/%EC%B0%BD%ED%8F%AC,35.0871957,128.4637094",https://map.naver.com/p?lng=128.4637094&lat=35.0871957&zoom=18,323119,CWB379001885,35.087196,128.463709
창포마을,(미상),(미상),1,"https://map.kakao.com/link/map/%EC%B0%BD%ED%8F%AC%EB%A7%88%EC%9D%84,35.0900404,128.46036",https://map.naver.com/p?lng=128.46036&lat=35.0900404&zoom=18,323122,CWB379001878,35.09004,128.46036
풍전가든,(미상),(미상),2,"https://map.kakao.com/link/map/%ED%92%8D%EC%A0%84%EA%B0%80%EB%93%A0,35.0614947,128.4338667",https://map.naver.com/p?lng=128.4338667&lat=35.0614947&zoom=18,323127,CWB379005797,35.061495,128.433867
풍전가든,(미상),(미상),2,"https://map.kakao.com/link/map/%ED%92%8D%EC%A0%84%EA%B0%80%EB%93%A0,35.0613426,128.4339627",https://map.naver.com/p?lng=128.4339627&lat=35.0613426&zoom=18,323128,CWB379005798,35.061343,128.433963
청량산터널앞,창원시마산합포구,가포동,2,"https://map.kakao.com/link/map/%EC%B2%AD%EB%9F%89%EC%82%B0%ED%84%B0%EB%84%90%EC%95%9E,35.1684454,128.561119",https://map.naver.com/p?lng=128.561119&lat=35.1684454&zoom=18,300638,CWB379006154,35.168445,128.561119
청량산터널앞,창원시마산합포구,가포동,2,"https://map.kakao.com/link/map/%EC%B2%AD%EB%9F%89%EC%82%B0%ED%84%B0%EB%84%90%EC%95%9E,35.1685633,128.560888",https://map.naver.com/p?lng=128.560888&lat=35.1685633&zoom=18,300637,CWB379006153,35.168563,128.560888
경남은행연수원,창원시마산합포구,교방동,1,"https://map.kakao.com/link/map/%EA%B2%BD%EB%82%A8%EC%9D%80%ED%96%89%EC%97%B0%EC%88%98%EC%9B%90,35.2164955,128.5606437",https://map.naver.com/p?lng=128.5606437&lat=35.2164955&zoom=18,406101,CWB379001018,35.216496,128.560644
노비산입구,창원시마산합포구,교방동,1,"https://map.kakao.com/link/map/%EB%85%B8%EB%B9%84%EC%82%B0%EC%9E%85%EA%B5%AC,35.2134164,128.5713262",https://map.naver.com/p?lng=128.5713262&lat=35.2134164&zoom=18,307202,CWB379001053,35.213416,128.571326
롯데캐슬프리미어아파트,창원시마산합포구,교방동,1,"https://map.kakao.com/link/map/%EB%A1%AF%EB%8D%B0%EC%BA%90%EC%8A%AC%ED%94%84%EB%A6%AC%EB%AF%B8%EC%96%B4%EC%95%84%ED%8C%8C%ED%8A%B8,35.216089,128.564477",https://map.naver.com/p?lng=128.564477&lat=35.216089&zoom=18,422901,CWB379001008,35.216089,128.564477
마산성로원,창원시마산합포구,교방동,2,"https://map.kakao.com/link/map/%EB%A7%88%EC%82%B0%EC%84%B1%EB%A1%9C%EC%9B%90,35.2137391,128.5622032",https://map.naver.com/p?lng=128.5622032&lat=35.2137391&zoom=18,306118,CWB379001047,35.213739,128.562203
마산성로원,창원시마산합포구,교방동,2,"https://map.kakao.com/link/map/%EB%A7%88%EC%82%B0%EC%84%B1%EB%A1%9C%EC%9B%90,35.213492,128.5620032",https://map.naver.com/p?lng=128.5620032&lat=35.213492&zoom=18,306117,CWB379001054,35.213492,128.562003
서원곡입구,창원시마산합포구,교방동,2,"https://map.kakao.com/link/map/%EC%84%9C%EC%9B%90%EA%B3%A1%EC%9E%85%EA%B5%AC,35.2114821,128.5632043",https://map.naver.com/p?lng=128.5632043&lat=35.2114821&zoom=18,306116,CWB379001088,35.211482,128.563204
서원곡입구,창원시마산합포구,교방동,2,"https://map.kakao.com/link/map/%EC%84%9C%EC%9B%90%EA%B3%A1%EC%9E%85%EA%B5%AC,35.2113336,128.5629685",https://map.naver.com/p?lng=128.5629685&lat=35.2113336&zoom=18,306115,CWB379001108,35.211334,128.562969
육호광장,창원시마산합포구,교방동,1,"https://map.kakao.com/link/map/%EC%9C%A1%ED%98%B8%EA%B4%91%EC%9E%A5,35.2135274,128.5760412",https://map.naver.com/p?lng=128.5760412&lat=35.2135274&zoom=18,300125,CWB379001048,35.213527,128.576041
합포고등학교,창원시마산합포구,교방동,1,"https://map.kakao.com/link/map/%ED%95%A9%ED%8F%AC%EA%B3%A0%EB%93%B1%ED%95%99%EA%B5%90,35.2086579,128.5636701",https://map.naver.com/p?lng=128.5636701&lat=35.2086579&zoom=18,306120,CWB379003379,35.208658,128.56367
합포주유소,창원시마산합포구,교방동,1,"https://map.kakao.com/link/map/%ED%95%A9%ED%8F%AC%EC%A3%BC%EC%9C%A0%EC%86%8C,35.2123434,128.5715602",https://map.naver.com/p?lng=128.5715602&lat=35.2123434&zoom=18,307201,CWB379001072,35.212343,128.57156
회산교,창원시마산합포구,교방동,1,"https://map.kakao.com/link/map/%ED%9A%8C%EC%82%B0%EA%B5%90,35.2159584,128.5705372",https://map.naver.com/p?lng=128.5705372&lat=35.2159584&zoom=18,407223,CWB379001021,35.215958,128.570537
경남대학교,창원시마산합포구,문화동,2,"https://map.kakao.com/link/map/%EA%B2%BD%EB%82%A8%EB%8C%80%ED%95%99%EA%B5%90,35.1808576,128.5586889",https://map.naver.com/p?lng=128.5586889&lat=35.1808576&zoom=18,300102,CWB379001402,35.180858,128.558689
경남대학교,창원시마산합포구,문화동,2,"https://map.kakao.com/link/map/%EA%B2%BD%EB%82%A8%EB%8C%80%ED%95%99%EA%B5%90,35.1824239,128.5593582",https://map.naver.com/p?lng=128.5593582&lat=35.1824239&zoom=18,300104,CWB379001397,35.182424,128.559358
대내주공아파트,창원시마산합포구,문화동,1,"https://map.kakao.com/link/map/%EB%8C%80%EB%82%B4%EC%A3%BC%EA%B3%B5%EC%95%84%ED%8C%8C%ED%8A%B8,35.1812538,128.55854",https://map.naver.com/p?lng=128.55854&lat=35.1812538&zoom=18,300103,CWB379001396,35.181254,128.55854
문화동,창원시마산합포구,문화동,2,"https://map.kakao.com/link/map/%EB%AC%B8%ED%99%94%EB%8F%99,35.1842462,128.5602673",https://map.naver.com/p?lng=128.5602673&lat=35.1842462&zoom=18,300106,CWB379001394,35.184246,128.560267
문화동,창원시마산합포구,문화동,2,"https://map.kakao.com/link/map/%EB%AC%B8%ED%99%94%EB%8F%99,35.1845804,128.5602312",https://map.naver.com/p?lng=128.5602312&lat=35.1845804&zoom=18,300105,CWB379001392,35.18458,128.560231
연세병원,창원시마산합포구,문화동,2,"https://map.kakao.com/link/map/%EC%97%B0%EC%84%B8%EB%B3%91%EC%9B%90,35.1871762,128.5615655",https://map.naver.com/p?lng=128.5615655&lat=35.1871762&zoom=18,300107,CWB379001376,35.187176,128.561566
연세병원,창원시마산합포구,문화동,2,"https://map.kakao.com/link/map/%EC%97%B0%EC%84%B8%EB%B3%91%EC%9B%90,35.1864975,128.561421",https://map.naver.com/p?lng=128.561421&lat=35.1864975&zoom=18,300108,CWB379001382,35.186498,128.561421
제일여고,창원시마산합포구,문화동,2,"https://map.kakao.com/link/map/%EC%A0%9C%EC%9D%BC%EC%97%AC%EA%B3%A0,35.1879694,128.5575532",https://map.naver.com/p?lng=128.5575532&lat=35.1879694&zoom=18,301104,CWB379001370,35.187969,128.557553
제일여고,창원시마산합포구,문화동,2,"https://map.kakao.com/link/map/%EC%A0%9C%EC%9D%BC%EC%97%AC%EA%B3%A0,35.1880724,128.5574612",https://map.naver.com/p?lng=128.5574612&lat=35.1880724&zoom=18,301103,CWB379001369,35.188072,128.557461
제일여고입구,창원시마산합포구,문화동,1,"https://map.kakao.com/link/map/%EC%A0%9C%EC%9D%BC%EC%97%AC%EA%B3%A0%EC%9E%85%EA%B5%AC,35.1876024,128.5620272",https://map.naver.com/p?lng=128.5620272&lat=35.1876024&zoom=18,300110,CWB379001371,35.187602,128.562027
평화아파트,창원시마산합포구,문화동,2,"https://map.kakao.com/link/map/%ED%8F%89%ED%99%94%EC%95%84%ED%8C%8C%ED%8A%B8,35.1860076,128.5579773",https://map.naver.com/p?lng=128.5579773&lat=35.1860076&zoom=18,301102,CWB379001385,35.186008,128.557977
평화아파트,창원시마산합포구,문화동,2,"https://map.kakao.com/link/map/%ED%8F%89%ED%99%94%EC%95%84%ED%8C%8C%ED%8A%B8,35.1858864,128.5581341",https://map.naver.com/p?lng=128.5581341&lat=35.1858864&zoom=18,301101,CWB379001387,35.185886,128.558134
경남데파트,창원시마산합포구,반월중앙동,1,"https://map.kakao.com/link/map/%EA%B2%BD%EB%82%A8%EB%8D%B0%ED%8C%8C%ED%8A%B8,35.2010176,128.5675358",https://map.naver.com/p?lng=128.5675358&lat=35.2010176&zoom=18,300122,CWB379001254,35.201018,128.567536
경동메르빌APT,창원시마산합포구,반월중앙동,2,"https://map.kakao.com/link/map/%EA%B2%BD%EB%8F%99%EB%A9%94%EB%A5%B4%EB%B9%8CAPT,35.1947319,128.5667974",https://map.naver.com/p?lng=128.5667974&lat=35.1947319&zoom=18,300116,CWB379001312,35.194732,128.566797
경동메르빌APT,창원시마산합포구,반월중앙동,2,"https://map.kakao.com/link/map/%EA%B2%BD%EB%8F%99%EB%A9%94%EB%A5%B4%EB%B9%8CAPT,35.1947444,128.5665542",https://map.naver.com/p?lng=128.5665542&lat=35.1947444&zoom=18,300113,CWB379001313,35.194744,128.566554
마산중앙고등학교,창원시마산합포구,반월중앙동,2,"https://map.kakao.com/link/map/%EB%A7%88%EC%82%B0%EC%A4%91%EC%95%99%EA%B3%A0%EB%93%B1%ED%95%99%EA%B5%90,35.1906504,128.5589862",https://map.naver.com/p?lng=128.5589862&lat=35.1906504&zoom=18,301106,CWB379001343,35.19065,128.558986
마산중앙고등학교,창원시마산합포구,반월중앙동,2,"https://map.kakao.com/link/map/%EB%A7%88%EC%82%B0%EC%A4%91%EC%95%99%EA%B3%A0%EB%93%B1%ED%95%99%EA%B5%90,35.1909764,128.5590602",https://map.naver.com/p?lng=128.5590602&lat=35.1909764&zoom=18,301105,CWB379001341,35.190976,128.55906
마산합포구청.의료원,창원시마산합포구,반월중앙동,2,"https://map.kakao.com/link/map/%EB%A7%88%EC%82%B0%ED%95%A9%ED%8F%AC%EA%B5%AC%EC%B2%AD.%EC%9D%98%EB%A3%8C%EC%9B%90,35.1983948,128.5673296",https://map.naver.com/p?lng=128.5673296&lat=35.1983948&zoom=18,300118,CWB379001280,35.198395,128.56733
마산합포구청.의료원,창원시마산합포구,반월중앙동,2,"https://map.kakao.com/link/map/%EB%A7%88%EC%82%B0%ED%95%A9%ED%8F%AC%EA%B5%AC%EC%B2%AD.%EC%9D%98%EB%A3%8C%EC%9B%90,35.1980472,128.5673091",https://map.naver.com/p?lng=128.5673091&lat=35.1980472&zoom=18,300120,CWB379001281,35.198047,128.567309
반월민원센터,창원시마산합포구,반월중앙동,2,"https://map.kakao.com/link/map/%EB%B0%98%EC%9B%94%EB%AF%BC%EC%9B%90%EC%84%BC%ED%84%B0,35.1904196,128.5630911",https://map.naver.com/p?lng=128.5630911&lat=35.1904196&zoom=18,300109,CWB379001344,35.19042,128.563091
반월민원센터,창원시마산합포구,반월중앙동,2,"https://map.kakao.com/link/map/%EB%B0%98%EC%9B%94%EB%AF%BC%EC%9B%90%EC%84%BC%ED%84%B0,35.1903211,128.5627258",https://map.naver.com/p?lng=128.5627258&lat=35.1903211&zoom=18,300112,CWB379001347,35.190321,128.562726
신월경남아파트,창원시마산합포구,반월중앙동,2,"https://map.kakao.com/link/map/%EC%8B%A0%EC%9B%94%EA%B2%BD%EB%82%A8%EC%95%84%ED%8C%8C%ED%8A%B8,35.1930122,128.561077",https://map.naver.com/p?lng=128.561077&lat=35.1930122&zoom=18,301108,CWB379001327,35.193012,128.561077
신월경남아파트,창원시마산합포구,반월중앙동,2,"https://map.kakao.com/link/map/%EC%8B%A0%EC%9B%94%EA%B2%BD%EB%82%A8%EC%95%84%ED%8C%8C%ED%8A%B8,35.1931114,128.5609742",https://map.naver.com/p?lng=128.5609742&lat=35.1931114&zoom=18,301107,CWB379001324,35.193111,128.560974
중부경찰서,창원시마산합포구,반월중앙동,2,"https://map.kakao.com/link/map/%EC%A4%91%EB%B6%80%EA%B2%BD%EC%B0%B0%EC%84%9C,35.192561,128.5650385",https://map.naver.com/p?lng=128.5650385&lat=35.192561&zoom=18,300114,CWB379001331,35.192561,128.565039
중부경찰서,창원시마산합포구,반월중앙동,2,"https://map.kakao.com/link/map/%EC%A4%91%EB%B6%80%EA%B2%BD%EC%B0%B0%EC%84%9C,35.1929213,128.5650943",https://map.naver.com/p?lng=128.5650943&lat=35.1929213&zoom=18,300111,CWB379001328,35.192921,128.565094
산호동,창원시마산합포구,산호동,2,"https://map.kakao.com/link/map/%EC%82%B0%ED%98%B8%EB%8F%99,35.214486,128.5866928",https://map.naver.com/p?lng=128.5866928&lat=35.214486&zoom=18,321920,CWB379001038,35.214486,128.586693
산호동,창원시마산합포구,산호동,2,"https://map.kakao.com/link/map/%EC%82%B0%ED%98%B8%EB%8F%99,35.2146337,128.5865546",https://map.naver.com/p?lng=128.5865546&lat=35.2146337&zoom=18,321921,CWB379001031,35.214634,128.586555
신세계백화점,창원시마산합포구,산호동,2,"https://map.kakao.com/link/map/%EC%8B%A0%EC%84%B8%EA%B3%84%EB%B0%B1%ED%99%94%EC%A0%90,35.2195955,128.5871657",https://map.naver.com/p?lng=128.5871657&lat=35.2195955&zoom=18,321922,CWB379000955,35.219596,128.587166
신세계백화점,창원시마산합포구,산호동,2,"https://map.kakao.com/link/map/%EC%8B%A0%EC%84%B8%EA%B3%84%EB%B0%B1%ED%99%94%EC%A0%90,35.2188747,128.5870619",https://map.naver.com/p?lng=128.5870619&lat=35.2188747&zoom=18,321923,CWB379000951,35.218875,128.587062
야구장앞홈플러스,창원시마산합포구,산호동,1,"https://map.kakao.com/link/map/%EC%95%BC%EA%B5%AC%EC%9E%A5%EC%95%9E%ED%99%88%ED%94%8C%EB%9F%AC%EC%8A%A4,35.2222148,128.5849428",https://map.naver.com/p?lng=128.5849428&lat=35.2222148&zoom=18,308601,CWB379000903,35.222215,128.584943
KT마산점,창원시마산합포구,오동동,3,"https://map.kakao.com/link/map/KT%EB%A7%88%EC%82%B0%EC%A0%90,35.2035894,128.5722024",https://map.naver.com/p?lng=128.5722024&lat=35.2035894&zoom=18,300128,CWB379001218,35.203589,128.572202
KT마산점,창원시마산합포구,오동동,3,"https://map.kakao.com/link/map/KT%EB%A7%88%EC%82%B0%EC%A0%90,35.2028382,128.5703212",https://map.naver.com/p?lng=128.5703212&lat=35.2028382&zoom=18,300126,CWB379001228,35.202838,128.570321
KT마산점,창원시마산합포구,오동동,3,"https://map.kakao.com/link/map/KT%EB%A7%88%EC%82%B0%EC%A0%90,35.202993,128.5708221",https://map.naver.com/p?lng=128.5708221&lat=35.202993&zoom=18,300119,CWB379001224,35.202993,128.570822
경남데파트,창원시마산합포구,오동동,1,"https://map.kakao.com/link/map/%EA%B2%BD%EB%82%A8%EB%8D%B0%ED%8C%8C%ED%8A%B8,35.2014125,128.5675512",https://map.naver.com/p?lng=128.5675512&lat=35.2014125&zoom=18,300124,CWB379001245,35.201412,128.567551
부림시장,창원시마산합포구,오동동,2,"https://map.kakao.com/link/map/%EB%B6%80%EB%A6%BC%EC%8B%9C%EC%9E%A5,35.2061467,128.5731025",https://map.naver.com/p?lng=128.5731025&lat=35.2061467&zoom=18,300121,CWB379001168,35.206147,128.573102
부림시장,창원시마산합포구,오동동,2,"https://map.kakao.com/link/map/%EB%B6%80%EB%A6%BC%EC%8B%9C%EC%9E%A5,35.2061438,128.5733221",https://map.naver.com/p?lng=128.5733221&lat=35.2061438&zoom=18,300130,CWB379001171,35.206144,128.573322
북마산가구거리,창원시마산합포구,오동동,2,"https://map.kakao.com/link/map/%EB%B6%81%EB%A7%88%EC%82%B0%EA%B0%80%EA%B5%AC%EA%B1%B0%EB%A6%AC,35.2088615,128.5729481",https://map.naver.com/p?lng=128.5729481&lat=35.2088615&zoom=18,307203,CWB379001120,35.208862,128.572948
북마산가구거리,창원시마산합포구,오동동,2,"https://map.kakao.com/link/map/%EB%B6%81%EB%A7%88%EC%82%B0%EA%B0%80%EA%B5%AC%EA%B1%B0%EB%A6%AC,35.2107062,128.5724139",https://map.naver.com/p?lng=128.5724139&lat=35.2107062&zoom=18,307204,CWB379001095,35.210706,128.572414
삼성생명,창원시마산합포구,오동동,2,"https://map.kakao.com/link/map/%EC%82%BC%EC%84%B1%EC%83%9D%EB%AA%85,35.2088739,128.5761165",https://map.naver.com/p?lng=128.5761165&lat=35.2088739&zoom=18,307401,CWB379001121,35.208874,128.576117
삼성생명,창원시마산합포구,오동동,2,"https://map.kakao.com/link/map/%EC%82%BC%EC%84%B1%EC%83%9D%EB%AA%85,35.2085043,128.5763874",https://map.naver.com/p?lng=128.5763874&lat=35.2085043&zoom=18,307402,CWB379001134,35.208504,128.576387
어시장,창원시마산합포구,오동동,6,"https://map.kakao.com/link/map/%EC%96%B4%EC%8B%9C%EC%9E%A5,35.2048042,128.5777052",https://map.naver.com/p?lng=128.5777052&lat=35.2048042&zoom=18,321910,CWB379001199,35.204804,128.577705
어시장,창원시마산합포구,오동동,6,"https://map.kakao.com/link/map/%EC%96%B4%EC%8B%9C%EC%9E%A5,35.2034399,128.5753465",https://map.naver.com/p?lng=128.5753465&lat=35.2034399&zoom=18,321907,CWB379001219,35.20344,128.575346
어시장,창원시마산합포구,오동동,6,"https://map.kakao.com/link/map/%EC%96%B4%EC%8B%9C%EC%9E%A5,35.2030056,128.5747038",https://map.naver.com/p?lng=128.5747038&lat=35.2030056&zoom=18,321905,CWB379001223,35.203006,128.574704
어시장,창원시마산합포구,오동동,6,"https://map.kakao.com/link/map/%EC%96%B4%EC%8B%9C%EC%9E%A5,35.2037645,128.576147",https://map.naver.com/p?lng=128.576147&lat=35.2037645&zoom=18,321909,CWB379001215,35.203764,128.576147
어시장,창원시마산합포구,오동동,6,"https://map.kakao.com/link/map/%EC%96%B4%EC%8B%9C%EC%9E%A5,35.2036171,128.5755969",https://map.naver.com/p?lng=128.5755969&lat=35.2036171&zoom=18,321908,CWB379001217,35.203617,128.575597
어시장,창원시마산합포구,오동동,6,"https://map.kakao.com/link/map/%EC%96%B4%EC%8B%9C%EC%9E%A5,35.203349,128.5755502",https://map.naver.com/p?lng=128.5755502&lat=35.203349&zoom=18,321906,CWB379001221,35.203349,128.57555
오동교,창원시마산합포구,오동동,1,"https://map.kakao.com/link/map/%EC%98%A4%EB%8F%99%EA%B5%90,35.2079377,128.5812524",https://map.naver.com/p?lng=128.5812524&lat=35.2079377&zoom=18,321915,CWB379001139,35.207938,128.581252
오동동,창원시마산합포구,오동동,1,"https://map.kakao.com/link/map/%EC%98%A4%EB%8F%99%EB%8F%99,35.2064862,128.580014",https://map.naver.com/p?lng=128.580014&lat=35.2064862&zoom=18,321914,CWB379001161,35.206486,128.580014
오동동문화광장,창원시마산합포구,오동동,2,"https://map.kakao.com/link/map/%EC%98%A4%EB%8F%99%EB%8F%99%EB%AC%B8%ED%99%94%EA%B4%91%EC%9E%A5,35.2064552,128.5765016",https://map.naver.com/p?lng=128.5765016&lat=35.2064552&zoom=18,307403,CWB379001166,35.206455,128.576502
오동동문화광장,창원시마산합포구,오동동,2,"https://map.kakao.com/link/map/%EC%98%A4%EB%8F%99%EB%8F%99%EB%AC%B8%ED%99%94%EA%B4%91%EC%9E%A5,35.2061769,128.5766894",https://map.naver.com/p?lng=128.5766894&lat=35.2061769&zoom=18,307404,CWB379001175,35.206177,128.576689
오동동아구찜거리,창원시마산합포구,오동동,2,"https://map.kakao.com/link/map/%EC%98%A4%EB%8F%99%EB%8F%99%EC%95%84%EA%B5%AC%EC%B0%9C%EA%B1%B0%EB%A6%AC,35.2060562,128.5795282",https://map.naver.com/p?lng=128.5795282&lat=35.2060562&zoom=18,321913,CWB379002004,35.206056,128.579528
오동동아구찜거리,창원시마산합포구,오동동,2,"https://map.kakao.com/link/map/%EC%98%A4%EB%8F%99%EB%8F%99%EC%95%84%EA%B5%AC%EC%B0%9C%EA%B1%B0%EB%A6%AC,35.2058483,128.5789415",https://map.naver.com/p?lng=128.5789415&lat=35.2058483&zoom=18,321911,CWB379001173,35.205848,128.578942
경남데파트,창원시마산합포구,완월동,1,"https://map.kakao.com/link/map/%EA%B2%BD%EB%82%A8%EB%8D%B0%ED%8C%8C%ED%8A%B8,35.2011938,128.5673133",https://map.naver.com/p?lng=128.5673133&lat=35.2011938&zoom=18,300117,CWB379001246,35.201194,128.567313
마산여고,창원시마산합포구,완월동,2,"https://map.kakao.com/link/map/%EB%A7%88%EC%82%B0%EC%97%AC%EA%B3%A0,35.1968514,128.5620922",https://map.naver.com/p?lng=128.5620922&lat=35.1968514&zoom=18,301110,CWB379001294,35.196851,128.562092
마산여고,창원시마산합포구,완월동,2,"https://map.kakao.com/link/map/%EB%A7%88%EC%82%B0%EC%97%AC%EA%B3%A0,35.1968395,128.5619169",https://map.naver.com/p?lng=128.5619169&lat=35.1968395&zoom=18,301109,CWB379001298,35.19684,128.561917
마산합포구청.의료원,창원시마산합포구,완월동,1,"https://map.kakao.com/link/map/%EB%A7%88%EC%82%B0%ED%95%A9%ED%8F%AC%EA%B5%AC%EC%B2%AD.%EC%9D%98%EB%A3%8C%EC%9B%90,35.1978546,128.5670795",https://map.naver.com/p?lng=128.5670795&lat=35.1978546&zoom=18,300115,CWB379001284,35.197855,128.56708
완월동,창원시마산합포구,완월동,2,"https://map.kakao.com/link/map/%EC%99%84%EC%9B%94%EB%8F%99,35.1981014,128.5622722",https://map.naver.com/p?lng=128.5622722&lat=35.1981014&zoom=18,301112,CWB379001282,35.198101,128.562272
완월동,창원시마산합포구,완월동,2,"https://map.kakao.com/link/map/%EC%99%84%EC%9B%94%EB%8F%99,35.1980824,128.5621302",https://map.naver.com/p?lng=128.5621302&lat=35.1980824&zoom=18,301111,CWB379001283,35.198082,128.56213
"경남대,서중학교",창원시마산합포구,월영동,2,"https://map.kakao.com/link/map/%EA%B2%BD%EB%82%A8%EB%8C%80%2C%EC%84%9C%EC%A4%91%ED%95%99%EA%B5%90,35.1791669,128.5584661",https://map.naver.com/p?lng=128.5584661&lat=35.1791669&zoom=18,300636,CWB379001419,35.179167,128.558466
"경남대,서중학교",창원시마산합포구,월영동,2,"https://map.kakao.com/link/map/%EA%B2%BD%EB%82%A8%EB%8C%80%2C%EC%84%9C%EC%A4%91%ED%95%99%EA%B5%90,35.1793434,128.5582462",https://map.naver.com/p?lng=128.5582462&lat=35.1793434&zoom=18,300635,CWB379001418,35.179343,128.558246
경남대학교,창원시마산합포구,월영동,1,"https://map.kakao.com/link/map/%EA%B2%BD%EB%82%A8%EB%8C%80%ED%95%99%EA%B5%90,35.1804654,128.5578252",https://map.naver.com/p?lng=128.5578252&lat=35.1804654&zoom=18,300101,CWB379001401,35.180465,128.557825
고운초등학교,창원시마산합포구,월영동,2,"https://map.kakao.com/link/map/%EA%B3%A0%EC%9A%B4%EC%B4%88%EB%93%B1%ED%95%99%EA%B5%90,35.1717894,128.5619677",https://map.naver.com/p?lng=128.5619677&lat=35.1717894&zoom=18,300628,CWB379001452,35.171789,128.561968
고운초등학교,창원시마산합포구,월영동,2,"https://map.kakao.com/link/map/%EA%B3%A0%EC%9A%B4%EC%B4%88%EB%93%B1%ED%95%99%EA%B5%90,35.1713438,128.5622757",https://map.naver.com/p?lng=128.5622757&lat=35.1713438&zoom=18,300627,CWB379001451,35.171344,128.562276
남부터미널,창원시마산합포구,월영동,1,"https://map.kakao.com/link/map/%EB%82%A8%EB%B6%80%ED%84%B0%EB%AF%B8%EB%84%90,35.1796525,128.5602734",https://map.naver.com/p?lng=128.5602734&lat=35.1796525&zoom=18,630062,CWB379001416,35.179652,128.560273
월영1차아파트,창원시마산합포구,월영동,1,"https://map.kakao.com/link/map/%EC%9B%94%EC%98%811%EC%B0%A8%EC%95%84%ED%8C%8C%ED%8A%B8,35.1743086,128.5591801",https://map.naver.com/p?lng=128.5591801&lat=35.1743086&zoom=18,314702,CWB379001441,35.174309,128.55918
월영동,창원시마산합포구,월영동,2,"https://map.kakao.com/link/map/%EC%9B%94%EC%98%81%EB%8F%99,35.1778664,128.5562772",https://map.naver.com/p?lng=128.5562772&lat=35.1778664&zoom=18,306621,CWB379001426,35.177866,128.556277
월영동,창원시마산합포구,월영동,2,"https://map.kakao.com/link/map/%EC%9B%94%EC%98%81%EB%8F%99,35.1775258,128.5564846",https://map.naver.com/p?lng=128.5564846&lat=35.1775258&zoom=18,306620,CWB379001428,35.177526,128.556485
월영동공원,창원시마산합포구,월영동,1,"https://map.kakao.com/link/map/%EC%9B%94%EC%98%81%EB%8F%99%EA%B3%B5%EC%9B%90,35.1736804,128.5592752",https://map.naver.com/p?lng=128.5592752&lat=35.1736804&zoom=18,314701,CWB379001443,35.17368,128.559275
해운초등학교,창원시마산합포구,월영동,2,"https://map.kakao.com/link/map/%ED%95%B4%EC%9A%B4%EC%B4%88%EB%93%B1%ED%95%99%EA%B5%90,35.1757661,128.558648",https://map.naver.com/p?lng=128.558648&lat=35.1757661&zoom=18,314704,CWB379001437,35.175766,128.558648
해운초등학교,창원시마산합포구,월영동,2,"https://map.kakao.com/link/map/%ED%95%B4%EC%9A%B4%EC%B4%88%EB%93%B1%ED%95%99%EA%B5%90,35.1757349,128.5584416",https://map.naver.com/p?lng=128.5584416&lat=35.1757349&zoom=18,314703,CWB379001435,35.175735,128.558442
화인아파트,창원시마산합포구,월영동,2,"https://map.kakao.com/link/map/%ED%99%94%EC%9D%B8%EC%95%84%ED%8C%8C%ED%8A%B8,35.1745075,128.5558244",https://map.naver.com/p?lng=128.5558244&lat=35.1745075&zoom=18,306619,CWB379001440,35.174508,128.555824
화인아파트,창원시마산합포구,월영동,2,"https://map.kakao.com/link/map/%ED%99%94%EC%9D%B8%EC%95%84%ED%8C%8C%ED%8A%B8,35.1751874,128.5561658",https://map.naver.com/p?lng=128.5561658&lat=35.1751874&zoom=18,306618,CWB379001436,35.175187,128.556166
약수터,창원시마산합포구,자산동,2,"https://map.kakao.com/link/map/%EC%95%BD%EC%88%98%ED%84%B0,35.206005,128.5615467",https://map.naver.com/p?lng=128.5615467&lat=35.206005&zoom=18,306114,CWB379001176,35.206005,128.561547
약수터,창원시마산합포구,자산동,2,"https://map.kakao.com/link/map/%EC%95%BD%EC%88%98%ED%84%B0,35.2065926,128.5619841",https://map.naver.com/p?lng=128.5619841&lat=35.2065926&zoom=18,306113,CWB379001164,35.206593,128.561984
한우아파트,창원시마산합포구,자산동,2,"https://map.kakao.com/link/map/%ED%95%9C%EC%9A%B0%EC%95%84%ED%8C%8C%ED%8A%B8,35.2010532,128.5595652",https://map.naver.com/p?lng=128.5595652&lat=35.2010532&zoom=18,315702,CWB379001256,35.201053,128.559565
한우아파트,창원시마산합포구,자산동,2,"https://map.kakao.com/link/map/%ED%95%9C%EC%9A%B0%EC%95%84%ED%8C%8C%ED%8A%B8,35.2013244,128.5592252",https://map.naver.com/p?lng=128.5592252&lat=35.2013244&zoom=18,315701,CWB379001248,35.201324,128.559225
동전마을,창원시마산합포구,진동면,2,"https://map.kakao.com/link/map/%EB%8F%99%EC%A0%84%EB%A7%88%EC%9D%84,35.1523739,128.5169495",https://map.naver.com/p?lng=128.5169495&lat=35.1523739&zoom=18,306605,CWB379001562,35.152374,128.51695
동전마을,창원시마산합포구,진동면,2,"https://map.kakao.com/link/map/%EB%8F%99%EC%A0%84%EB%A7%88%EC%9D%84,35.1525913,128.5172446",https://map.naver.com/p?lng=128.5172446&lat=35.1525913&zoom=18,306606,CWB379001560,35.152591,128.517245
묵지마을,창원시마산합포구,진동면,2,"https://map.kakao.com/link/map/%EB%AC%B5%EC%A7%80%EB%A7%88%EC%9D%84,35.1540148,128.5277519",https://map.naver.com/p?lng=128.5277519&lat=35.1540148&zoom=18,306607,CWB379001554,35.154015,128.527752
묵지마을,창원시마산합포구,진동면,2,"https://map.kakao.com/link/map/%EB%AC%B5%EC%A7%80%EB%A7%88%EC%9D%84,35.1535413,128.5245591",https://map.naver.com/p?lng=128.5245591&lat=35.1535413&zoom=18,306608,CWB379001555,35.153541,128.524559
삼진고등학교,창원시마산합포구,진동면,1,"https://map.kakao.com/link/map/%EC%82%BC%EC%A7%84%EA%B3%A0%EB%93%B1%ED%95%99%EA%B5%90,35.1166836,128.4889768",https://map.naver.com/p?lng=128.4889768&lat=35.1166836&zoom=18,308121,CWB379001739,35.116684,128.488977
야촌,창원시마산합포구,진동면,2,"https://map.kakao.com/link/map/%EC%95%BC%EC%B4%8C,35.1193764,128.4935771",https://map.naver.com/p?lng=128.4935771&lat=35.1193764&zoom=18,308123,CWB379001718,35.119376,128.493577
야촌,창원시마산합포구,진동면,2,"https://map.kakao.com/link/map/%EC%95%BC%EC%B4%8C,35.1202692,128.4946137",https://map.naver.com/p?lng=128.4946137&lat=35.1202692&zoom=18,308124,CWB379001712,35.120269,128.494614
오산마을,창원시마산합포구,진동면,1,"https://map.kakao.com/link/map/%EC%98%A4%EC%82%B0%EB%A7%88%EC%9D%84,35.1427063,128.5073517",https://map.naver.com/p?lng=128.5073517&lat=35.1427063&zoom=18,306601,CWB379001614,35.142706,128.507352
입곡마을입구,창원시마산합포구,진동면,1,"https://map.kakao.com/link/map/%EC%9E%85%EA%B3%A1%EB%A7%88%EC%9D%84%EC%9E%85%EA%B5%AC,35.1416251,128.5076239",https://map.naver.com/p?lng=128.5076239&lat=35.1416251&zoom=18,306602,CWB379001617,35.141625,128.507624
진동,창원시마산합포구,진동면,1,"https://map.kakao.com/link/map/%EC%A7%84%EB%8F%99,35.1156779,128.4875238",https://map.naver.com/p?lng=128.4875238&lat=35.1156779&zoom=18,308122,CWB379001758,35.115678,128.487524
진동초등학교,창원시마산합포구,진동면,1,"https://map.kakao.com/link/map/%EC%A7%84%EB%8F%99%EC%B4%88%EB%93%B1%ED%95%99%EA%B5%90,35.1177973,128.4913615",https://map.naver.com/p?lng=128.4913615&lat=35.1177973&zoom=18,308125,CWB379001751,35.117797,128.491362
진동환승센터,창원시마산합포구,진동면,1,"https://map.kakao.com/link/map/%EC%A7%84%EB%8F%99%ED%99%98%EC%8A%B9%EC%84%BC%ED%84%B0,35.1151329,128.485039",https://map.naver.com/p?lng=128.485039&lat=35.1151329&zoom=18,308127,CWB379002356,35.115133,128.485039
창의탑,창원시마산합포구,진동면,2,"https://map.kakao.com/link/map/%EC%B0%BD%EC%9D%98%ED%83%91,35.1145695,128.4789616",https://map.naver.com/p?lng=128.4789616&lat=35.1145695&zoom=18,308120,CWB379001762,35.11457,128.478962
창의탑,창원시마산합포구,진동면,2,"https://map.kakao.com/link/map/%EC%B0%BD%EC%9D%98%ED%83%91,35.1144833,128.4787075",https://map.naver.com/p?lng=128.4787075&lat=35.1144833&zoom=18,308117,CWB379001764,35.114483,128.478708
태봉마을,창원시마산합포구,진동면,1,"https://map.kakao.com/link/map/%ED%83%9C%EB%B4%89%EB%A7%88%EC%9D%84,35.1464009,128.5105696",https://map.naver.com/p?lng=128.5105696&lat=35.1464009&zoom=18,306623,CWB379003217,35.146401,128.51057
태봉병원,창원시마산합포구,진동면,1,"https://map.kakao.com/link/map/%ED%83%9C%EB%B4%89%EB%B3%91%EC%9B%90,35.1458596,128.5111238",https://map.naver.com/p?lng=128.5111238&lat=35.1458596&zoom=18,306604,CWB379001602,35.14586,128.511124
한백자동차학원,창원시마산합포구,진동면,1,"https://map.kakao.com/link/map/%ED%95%9C%EB%B0%B1%EC%9E%90%EB%8F%99%EC%B0%A8%ED%95%99%EC%9B%90,35.1287533,128.5001124",https://map.naver.com/p?lng=128.5001124&lat=35.1287533&zoom=18,308126,CWB379001680,35.128753,128.500112
동촌,창원시마산합포구,진북면,2,"https://map.kakao.com/link/map/%EB%8F%99%EC%B4%8C,35.1154176,128.473522",https://map.naver.com/p?lng=128.473522&lat=35.1154176&zoom=18,308115,CWB379001752,35.115418,128.473522
동촌,창원시마산합포구,진북면,2,"https://map.kakao.com/link/map/%EB%8F%99%EC%B4%8C,35.115215,128.4738996",https://map.naver.com/p?lng=128.4738996&lat=35.115215&zoom=18,308118,CWB379001756,35.115215,128.4739
옥곡마을,창원시마산합포구,진북면,1,"https://map.kakao.com/link/map/%EC%98%A5%EA%B3%A1%EB%A7%88%EC%9D%84,35.1106256,128.4587781",https://map.naver.com/p?lng=128.4587781&lat=35.1106256&zoom=18,308107,CWB379001785,35.110626,128.458778
율티마을,창원시마산합포구,진북면,1,"https://map.kakao.com/link/map/%EC%9C%A8%ED%8B%B0%EB%A7%88%EC%9D%84,35.1110217,128.4601151",https://map.naver.com/p?lng=128.4601151&lat=35.1110217&zoom=18,308112,CWB379001784,35.111022,128.460115
진북면행정복지센터,창원시마산합포구,진북면,2,"https://map.kakao.com/link/map/%EC%A7%84%EB%B6%81%EB%A9%B4%ED%96%89%EC%A0%95%EB%B3%B5%EC%A7%80%EC%84%BC%ED%84%B0,35.1148707,128.4690057",https://map.naver.com/p?lng=128.4690057&lat=35.1148707&zoom=18,308113,CWB379001759,35.114871,128.469006
진북면행정복지센터,창원시마산합포구,진북면,2,"https://map.kakao.com/link/map/%EC%A7%84%EB%B6%81%EB%A9%B4%ED%96%89%EC%A0%95%EB%B3%B5%EC%A7%80%EC%84%BC%ED%84%B0,35.114771,128.4692769",https://map.naver.com/p?lng=128.4692769&lat=35.114771&zoom=18,308116,CWB379001761,35.114771,128.469277
해병전첩비,창원시마산합포구,진북면,2,"https://map.kakao.com/link/map/%ED%95%B4%EB%B3%91%EC%A0%84%EC%B2%A9%EB%B9%84,35.1130056,128.4631827",https://map.naver.com/p?lng=128.4631827&lat=35.1130056&zoom=18,308111,CWB379001775,35.113006,128.463183
해병전첩비,창원시마산합포구,진북면,2,"https://map.kakao.com/link/map/%ED%95%B4%EB%B3%91%EC%A0%84%EC%B2%A9%EB%B9%84,35.1129596,128.4635369",https://map.naver.com/p?lng=128.4635369&lat=35.1129596&zoom=18,308114,CWB379001776,35.11296,128.463537
도산마을,창원시마산합포구,진전면,2,"https://map.kakao.com/link/map/%EB%8F%84%EC%82%B0%EB%A7%88%EC%9D%84,35.1076017,128.4271774",https://map.naver.com/p?lng=128.4271774&lat=35.1076017&zoom=18,320715,CWB379001800,35.107602,128.427177
도산마을,창원시마산합포구,진전면,2,"https://map.kakao.com/link/map/%EB%8F%84%EC%82%B0%EB%A7%88%EC%9D%84,35.1078008,128.426484",https://map.naver.com/p?lng=128.426484&lat=35.1078008&zoom=18,320716,CWB379001799,35.107801,128.426484
동진대교,창원시마산합포구,진전면,4,"https://map.kakao.com/link/map/%EB%8F%99%EC%A7%84%EB%8C%80%EA%B5%90,35.0771728,128.4639756",https://map.naver.com/p?lng=128.4639756&lat=35.0771728&zoom=18,323117,CWB379001898,35.077173,128.463976
동진대교,창원시마산합포구,진전면,4,"https://map.kakao.com/link/map/%EB%8F%99%EC%A7%84%EB%8C%80%EA%B5%90,35.0729334,128.4622828",https://map.naver.com/p?lng=128.4622828&lat=35.0729334&zoom=18,323115,CWB379001912,35.072933,128.462283
동진대교,창원시마산합포구,진전면,4,"https://map.kakao.com/link/map/%EB%8F%99%EC%A7%84%EB%8C%80%EA%B5%90,35.0729721,128.4624858",https://map.naver.com/p?lng=128.4624858&lat=35.0729721&zoom=18,323116,CWB379001913,35.072972,128.462486
동진대교,창원시마산합포구,진전면,4,"https://map.kakao.com/link/map/%EB%8F%99%EC%A7%84%EB%8C%80%EA%B5%90,35.0770772,128.4640974",https://map.naver.com/p?lng=128.4640974&lat=35.0770772&zoom=18,323118,CWB379001897,35.077077,128.464097
막개,창원시마산합포구,진전면,2,"https://map.kakao.com/link/map/%EB%A7%89%EA%B0%9C,35.0671937,128.4359012",https://map.naver.com/p?lng=128.4359012&lat=35.0671937&zoom=18,323105,CWB379002859,35.067194,128.435901
막개,창원시마산합포구,진전면,2,"https://map.kakao.com/link/map/%EB%A7%89%EA%B0%9C,35.0671119,128.4359574",https://map.naver.com/p?lng=128.4359574&lat=35.0671119&zoom=18,323106,CWB379002858,35.067112,128.435957
목화전,창원시마산합포구,진전면,2,"https://map.kakao.com/link/map/%EB%AA%A9%ED%99%94%EC%A0%84,35.0920667,128.4540409",https://map.naver.com/p?lng=128.4540409&lat=35.0920667&zoom=18,323131,CWB379005801,35.092067,128.454041
목화전,창원시마산합포구,진전면,2,"https://map.kakao.com/link/map/%EB%AA%A9%ED%99%94%EC%A0%84,35.0921031,128.4542005",https://map.naver.com/p?lng=128.4542005&lat=35.0921031&zoom=18,323132,CWB379005802,35.092103,128.454201
봉곡마을,창원시마산합포구,진전면,2,"https://map.kakao.com/link/map/%EB%B4%89%EA%B3%A1%EB%A7%88%EC%9D%84,35.1096114,128.4176696",https://map.naver.com/p?lng=128.4176696&lat=35.1096114&zoom=18,320713,CWB379001791,35.109611,128.41767
봉곡마을,창원시마산합포구,진전면,2,"https://map.kakao.com/link/map/%EB%B4%89%EA%B3%A1%EB%A7%88%EC%9D%84,35.1094881,128.4176679",https://map.naver.com/p?lng=128.4176679&lat=35.1094881&zoom=18,320714,CWB379001793,35.109488,128.417668
소포,창원시마산합포구,진전면,2,"https://map.kakao.com/link/map/%EC%86%8C%ED%8F%AC,35.0744063,128.4519604",https://map.naver.com/p?lng=128.4519604&lat=35.0744063&zoom=18,323113,CWB379001906,35.074406,128.45196
소포,창원시마산합포구,진전면,2,"https://map.kakao.com/link/map/%EC%86%8C%ED%8F%AC,35.0742717,128.4518856",https://map.naver.com/p?lng=128.4518856&lat=35.0742717&zoom=18,323114,CWB379001907,35.074272,128.451886
시락,창원시마산합포구,진전면,2,"https://map.kakao.com/link/map/%EC%8B%9C%EB%9D%BD,35.0722504,128.4390807",https://map.naver.com/p?lng=128.4390807&lat=35.0722504&zoom=18,323107,CWB379001921,35.07225,128.439081
시락,창원시마산합포구,진전면,2,"https://map.kakao.com/link/map/%EC%8B%9C%EB%9D%BD,35.0721637,128.4391812",https://map.naver.com/p?lng=128.4391812&lat=35.0721637&zoom=18,323108,CWB379001922,35.072164,128.439181
시락마을,창원시마산합포구,진전면,2,"https://map.kakao.com/link/map/%EC%8B%9C%EB%9D%BD%EB%A7%88%EC%9D%84,35.0722737,128.441177",https://map.naver.com/p?lng=128.441177&lat=35.0722737&zoom=18,323109,CWB379001923,35.072274,128.441177
시락마을,창원시마산합포구,진전면,2,"https://map.kakao.com/link/map/%EC%8B%9C%EB%9D%BD%EB%A7%88%EC%9D%84,35.0721362,128.441253",https://map.naver.com/p?lng=128.441253&lat=35.0721362&zoom=18,323110,CWB379001924,35.072136,128.441253
시락정곡종점,창원시마산합포구,진전면,2,"https://map.kakao.com/link/map/%EC%8B%9C%EB%9D%BD%EC%A0%95%EA%B3%A1%EC%A2%85%EC%A0%90,35.0600328,128.4251095",https://map.naver.com/p?lng=128.4251095&lat=35.0600328&zoom=18,323104,CWB379001944,35.060033,128.425109
시락정곡종점,창원시마산합포구,진전면,2,"https://map.kakao.com/link/map/%EC%8B%9C%EB%9D%BD%EC%A0%95%EA%B3%A1%EC%A2%85%EC%A0%90,35.0600109,128.4249817",https://map.naver.com/p?lng=128.4249817&lat=35.0600109&zoom=18,323103,CWB379001943,35.060011,128.424982
신기,창원시마산합포구,진전면,1,"https://map.kakao.com/link/map/%EC%8B%A0%EA%B8%B0,35.107922,128.4477264",https://map.naver.com/p?lng=128.4477264&lat=35.107922&zoom=18,308105,CWB379001798,35.107922,128.447726
아랫소포,창원시마산합포구,진전면,2,"https://map.kakao.com/link/map/%EC%95%84%EB%9E%AB%EC%86%8C%ED%8F%AC,35.07326,128.4579333",https://map.naver.com/p?lng=128.4579333&lat=35.07326&zoom=18,323129,CWB379005800,35.07326,128.457933
아랫소포,창원시마산합포구,진전면,2,"https://map.kakao.com/link/map/%EC%95%84%EB%9E%AB%EC%86%8C%ED%8F%AC,35.0732525,128.4576262",https://map.naver.com/p?lng=128.4576262&lat=35.0732525&zoom=18,323130,CWB379005799,35.073252,128.457626
암하,창원시마산합포구,진전면,2,"https://map.kakao.com/link/map/%EC%95%94%ED%95%98,35.1071809,128.4487708",https://map.naver.com/p?lng=128.4487708&lat=35.1071809&zoom=18,308106,CWB379001803,35.107181,128.448771
암하,창원시마산합포구,진전면,2,"https://map.kakao.com/link/map/%EC%95%94%ED%95%98,35.1070664,128.4507522",https://map.naver.com/p?lng=128.4507522&lat=35.1070664&zoom=18,308108,CWB379001804,35.107066,128.450752
오서교차로,창원시마산합포구,진전면,1,"https://map.kakao.com/link/map/%EC%98%A4%EC%84%9C%EA%B5%90%EC%B0%A8%EB%A1%9C,35.1000764,128.4162033",https://map.naver.com/p?lng=128.4162033&lat=35.1000764&zoom=18,303811,CWB379006157,35.100076,128.416203
오서시장,창원시마산합포구,진전면,2,"https://map.kakao.com/link/map/%EC%98%A4%EC%84%9C%EC%8B%9C%EC%9E%A5,35.1020418,128.4161441",https://map.naver.com/p?lng=128.4161441&lat=35.1020418&zoom=18,303803,CWB379001830,35.102042,128.416144
오서시장,창원시마산합포구,진전면,2,"https://map.kakao.com/link/map/%EC%98%A4%EC%84%9C%EC%8B%9C%EC%9E%A5,35.1019299,128.4165166",https://map.naver.com/p?lng=128.4165166&lat=35.1019299&zoom=18,303804,CWB379001831,35.10193,128.416517
옹기골,창원시마산합포구,진전면,1,"https://map.kakao.com/link/map/%EC%98%B9%EA%B8%B0%EA%B3%A8,35.108948,128.4537527",https://map.naver.com/p?lng=128.4537527&lat=35.108948&zoom=18,308110,CWB379001797,35.108948,128.453753
이명마을,창원시마산합포구,진전면,2,"https://map.kakao.com/link/map/%EC%9D%B4%EB%AA%85%EB%A7%88%EC%9D%84,35.0946965,128.4502549",https://map.naver.com/p?lng=128.4502549&lat=35.0946965&zoom=18,323124,CWB379001866,35.094696,128.450255
이명마을,창원시마산합포구,진전면,2,"https://map.kakao.com/link/map/%EC%9D%B4%EB%AA%85%EB%A7%88%EC%9D%84,35.0948054,128.45017",https://map.naver.com/p?lng=128.45017&lat=35.0948054&zoom=18,323123,CWB379001865,35.094805,128.45017
이명마을입구,창원시마산합포구,진전면,2,"https://map.kakao.com/link/map/%EC%9D%B4%EB%AA%85%EB%A7%88%EC%9D%84%EC%9E%85%EA%B5%AC,35.0958585,128.4461655",https://map.naver.com/p?lng=128.4461655&lat=35.0958585&zoom=18,323126,CWB379001860,35.095858,128.446166
이명마을입구,창원시마산합포구,진전면,2,"https://map.kakao.com/link/map/%EC%9D%B4%EB%AA%85%EB%A7%88%EC%9D%84%EC%9E%85%EA%B5%AC,35.0959397,128.4463562",https://map.naver.com/p?lng=128.4463562&lat=35.0959397&zoom=18,323125,CWB379001859,35.09594,128.446356
임곡마을,창원시마산합포구,진전면,2,"https://map.kakao.com/link/map/%EC%9E%84%EA%B3%A1%EB%A7%88%EC%9D%84,35.110949,128.4340025",https://map.naver.com/p?lng=128.4340025&lat=35.110949&zoom=18,315501,CWB379002898,35.110949,128.434002
임곡마을,창원시마산합포구,진전면,2,"https://map.kakao.com/link/map/%EC%9E%84%EA%B3%A1%EB%A7%88%EC%9D%84,35.110877,128.4338808",https://map.naver.com/p?lng=128.4338808&lat=35.110877&zoom=18,315502,CWB379002900,35.110877,128.433881
임곡삼거리,창원시마산합포구,진전면,1,"https://map.kakao.com/link/map/%EC%9E%84%EA%B3%A1%EC%82%BC%EA%B1%B0%EB%A6%AC,35.1063303,128.4308111",https://map.naver.com/p?lng=128.4308111&lat=35.1063303&zoom=18,308129,CWB379003269,35.10633,128.430811
정곡,창원시마산합포구,진전면,2,"https://map.kakao.com/link/map/%EC%A0%95%EA%B3%A1,35.0608183,128.4319564",https://map.naver.com/p?lng=128.4319564&lat=35.0608183&zoom=18,323101,CWB379001941,35.060818,128.431956
정곡,창원시마산합포구,진전면,2,"https://map.kakao.com/link/map/%EC%A0%95%EA%B3%A1,35.0607052,128.4319221",https://map.naver.com/p?lng=128.4319221&lat=35.0607052&zoom=18,323102,CWB379001942,35.060705,128.431922
정달마을,창원시마산합포구,진전면,2,"https://map.kakao.com/link/map/%EC%A0%95%EB%8B%AC%EB%A7%88%EC%9D%84,35.0974681,128.4388518",https://map.naver.com/p?lng=128.4388518&lat=35.0974681&zoom=18,630075,CWB379001853,35.097468,128.438852
정달마을,창원시마산합포구,진전면,2,"https://map.kakao.com/link/map/%EC%A0%95%EB%8B%AC%EB%A7%88%EC%9D%84,35.097549,128.4388915",https://map.naver.com/p?lng=128.4388915&lat=35.097549&zoom=18,630074,CWB379001852,35.097549,128.438892
진목마을,창원시마산합포구,진전면,2,"https://map.kakao.com/link/map/%EC%A7%84%EB%AA%A9%EB%A7%88%EC%9D%84,35.1065362,128.4403592",https://map.naver.com/p?lng=128.4403592&lat=35.1065362&zoom=18,308103,CWB379001809,35.106536,128.440359
진목마을,창원시마산합포구,진전면,2,"https://map.kakao.com/link/map/%EC%A7%84%EB%AA%A9%EB%A7%88%EC%9D%84,35.1064413,128.4405718",https://map.naver.com/p?lng=128.4405718&lat=35.1064413&zoom=18,308104,CWB379001808,35.106441,128.440572
진전면행정복지센터,창원시마산합포구,진전면,2,"https://map.kakao.com/link/map/%EC%A7%84%EC%A0%84%EB%A9%B4%ED%96%89%EC%A0%95%EB%B3%B5%EC%A7%80%EC%84%BC%ED%84%B0,35.1025023,128.4184674",https://map.naver.com/p?lng=128.4184674&lat=35.1025023&zoom=18,311901,CWB379001828,35.102502,128.418467
진전면행정복지센터,창원시마산합포구,진전면,2,"https://map.kakao.com/link/map/%EC%A7%84%EC%A0%84%EB%A9%B4%ED%96%89%EC%A0%95%EB%B3%B5%EC%A7%80%EC%84%BC%ED%84%B0,35.1026312,128.4185451",https://map.naver.com/p?lng=128.4185451&lat=35.1026312&zoom=18,311902,CWB379001827,35.102631,128.418545
진전어린이집,창원시마산합포구,진전면,2,"https://map.kakao.com/link/map/%EC%A7%84%EC%A0%84%EC%96%B4%EB%A6%B0%EC%9D%B4%EC%A7%91,35.1042101,128.4171195",https://map.naver.com/p?lng=128.4171195&lat=35.1042101&zoom=18,311903,CWB379001818,35.10421,128.41712
진전어린이집,창원시마산합포구,진전면,2,"https://map.kakao.com/link/map/%EC%A7%84%EC%A0%84%EC%96%B4%EB%A6%B0%EC%9D%B4%EC%A7%91,35.1046895,128.4168993",https://map.naver.com/p?lng=128.4168993&lat=35.1046895&zoom=18,311904,CWB379001815,35.10469,128.416899
진전중학교,창원시마산합포구,진전면,2,"https://map.kakao.com/link/map/%EC%A7%84%EC%A0%84%EC%A4%91%ED%95%99%EA%B5%90,35.1019772,128.4100194",https://map.naver.com/p?lng=128.4100194&lat=35.1019772&zoom=18,303801,CWB379001832,35.101977,128.410019
진전중학교,창원시마산합포구,진전면,2,"https://map.kakao.com/link/map/%EC%A7%84%EC%A0%84%EC%A4%91%ED%95%99%EA%B5%90,35.1018677,128.410219",https://map.naver.com/p?lng=128.410219&lat=35.1018677&zoom=18,303802,CWB379001833,35.101868,128.410219
진전초등학교,창원시마산합포구,진전면,2,"https://map.kakao.com/link/map/%EC%A7%84%EC%A0%84%EC%B4%88%EB%93%B1%ED%95%99%EA%B5%90,35.1093036,128.4150057",https://map.naver.com/p?lng=128.4150057&lat=35.1093036&zoom=18,320711,CWB379001790,35.109304,128.415006
진전초등학교,창원시마산합포구,진전면,2,"https://map.kakao.com/link/map/%EC%A7%84%EC%A0%84%EC%B4%88%EB%93%B1%ED%95%99%EA%B5%90,35.1095663,128.4154358",https://map.naver.com/p?lng=128.4154358&lat=35.1095663&zoom=18,320712,CWB379001792,35.109566,128.415436
창포마을,창원시마산합포구,진전면,1,"https://map.kakao.com/link/map/%EC%B0%BD%ED%8F%AC%EB%A7%88%EC%9D%84,35.0897119,128.4603637",https://map.naver.com/p?lng=128.4603637&lat=35.0897119&zoom=18,323121,CWB379001879,35.089712,128.460364
천주교마산교구청,창원시마산합포구,진전면,2,"https://map.kakao.com/link/map/%EC%B2%9C%EC%A3%BC%EA%B5%90%EB%A7%88%EC%82%B0%EA%B5%90%EA%B5%AC%EC%B2%AD,35.1060626,128.435441",https://map.naver.com/p?lng=128.435441&lat=35.1060626&zoom=18,308101,CWB379001811,35.106063,128.435441
천주교마산교구청,창원시마산합포구,진전면,2,"https://map.kakao.com/link/map/%EC%B2%9C%EC%A3%BC%EA%B5%90%EB%A7%88%EC%82%B0%EA%B5%90%EA%B5%AC%EC%B2%AD,35.1059261,128.4348966",https://map.naver.com/p?lng=128.4348966&lat=35.1059261&zoom=18,308102,CWB379001812,35.105926,128.434897
탑동종점,창원시마산합포구,진전면,1,"https://map.kakao.com/link/map/%ED%83%91%EB%8F%99%EC%A2%85%EC%A0%90,35.0946452,128.3989629",https://map.naver.com/p?lng=128.3989629&lat=35.0946452&zoom=18,320002,CWB379001870,35.094645,128.398963
해변횟집,창원시마산합포구,진전면,2,"https://map.kakao.com/link/map/%ED%95%B4%EB%B3%80%ED%9A%9F%EC%A7%91,35.0721269,128.4464403",https://map.naver.com/p?lng=128.4464403&lat=35.0721269&zoom=18,323111,CWB379001925,35.072127,128.44644
해변횟집,창원시마산합포구,진전면,2,"https://map.kakao.com/link/map/%ED%95%B4%EB%B3%80%ED%9A%9F%EC%A7%91,35.072008,128.4462945",https://map.naver.com/p?lng=128.4462945&lat=35.072008&zoom=18,323112,CWB379001926,35.072008,128.446294
호산마을,창원시마산합포구,진전면,2,"https://map.kakao.com/link/map/%ED%98%B8%EC%82%B0%EB%A7%88%EC%9D%84,35.0980557,128.4311907",https://map.naver.com/p?lng=128.4311907&lat=35.0980557&zoom=18,630073,CWB379001848,35.098056,128.431191
호산마을,창원시마산합포구,진전면,2,"https://map.kakao.com/link/map/%ED%98%B8%EC%82%B0%EB%A7%88%EC%9D%84,35.098333,128.4313674",https://map.naver.com/p?lng=128.4313674&lat=35.098333&zoom=18,630072,CWB379001847,35.098333,128.431367
회동,창원시마산합포구,진전면,2,"https://map.kakao.com/link/map/%ED%9A%8C%EB%8F%99,35.0979142,128.4054212",https://map.naver.com/p?lng=128.4054212&lat=35.0979142&zoom=18,320003,CWB379001849,35.097914,128.405421
회동,창원시마산합포구,진전면,2,"https://map.kakao.com/link/map/%ED%9A%8C%EB%8F%99,35.0977777,128.4054268",https://map.naver.com/p?lng=128.4054268&lat=35.0977777&zoom=18,320004,CWB379001850,35.097778,128.405427
육호광장,창원시마산합포구,합포동,1,"https://map.kakao.com/link/map/%EC%9C%A1%ED%98%B8%EA%B4%91%EC%9E%A5,35.2126084,128.5761462",https://map.naver.com/p?lng=128.5761462&lat=35.2126084&zoom=18,300134,CWB379001066,35.212608,128.576146
자유무역지역정문,창원시마산합포구,합포동,2,"https://map.kakao.com/link/map/%EC%9E%90%EC%9C%A0%EB%AC%B4%EC%97%AD%EC%A7%80%EC%97%AD%EC%A0%95%EB%AC%B8,35.2093966,128.5830333",https://map.naver.com/p?lng=128.5830333&lat=35.2093966&zoom=18,321916,CWB379001114,35.209397,128.583033
자유무역지역정문,창원시마산합포구,합포동,2,"https://map.kakao.com/link/map/%EC%9E%90%EC%9C%A0%EB%AC%B4%EC%97%AD%EC%A7%80%EC%97%AD%EC%A0%95%EB%AC%B8,35.2099339,128.5833988",https://map.naver.com/p?lng=128.5833988&lat=35.2099339&zoom=18,321917,CWB379001107,35.209934,128.583399
합포동,창원시마산합포구,합포동,2,"https://map.kakao.com/link/map/%ED%95%A9%ED%8F%AC%EB%8F%99,35.2125307,128.5859205",https://map.naver.com/p?lng=128.5859205&lat=35.2125307&zoom=18,321918,CWB379001065,35.212531,128.58592
합포동,창원시마산합포구,합포동,2,"https://map.kakao.com/link/map/%ED%95%A9%ED%8F%AC%EB%8F%99,35.2124808,128.5856289",https://map.naver.com/p?lng=128.5856289&lat=35.2124808&zoom=18,321919,CWB379001068,35.212481,128.585629
덕동공영차고지,창원시마산합포구,현동,2,"https://map.kakao.com/link/map/%EB%8D%95%EB%8F%99%EA%B3%B5%EC%98%81%EC%B0%A8%EA%B3%A0%EC%A7%80,35.1362934,128.5635658",https://map.naver.com/p?lng=128.5635658&lat=35.1362934&zoom=18,322612,CWB379003339,35.136293,128.563566
덕동공영차고지,창원시마산합포구,현동,2,"https://map.kakao.com/link/map/%EB%8D%95%EB%8F%99%EA%B3%B5%EC%98%81%EC%B0%A8%EA%B3%A0%EC%A7%80,35.1360366,128.5636553",https://map.naver.com/p?lng=128.5636553&lat=35.1360366&zoom=18,322613,CWB379003340,35.136037,128.563655
묘촌입구,창원시마산합포구,현동,2,"https://map.kakao.com/link/map/%EB%AC%98%EC%B4%8C%EC%9E%85%EA%B5%AC,35.1412798,128.5604025",https://map.naver.com/p?lng=128.5604025&lat=35.1412798&zoom=18,322602,CWB379001624,35.14128,128.560403
묘촌입구,창원시마산합포구,현동,2,"https://map.kakao.com/link/map/%EB%AC%98%EC%B4%8C%EC%9E%85%EA%B5%AC,35.1406067,128.5605378",https://map.naver.com/p?lng=128.5605378&lat=35.1406067&zoom=18,322601,CWB379001625,35.140607,128.560538
밤밭고개,창원시마산합포구,현동,2,"https://map.kakao.com/link/map/%EB%B0%A4%EB%B0%AD%EA%B3%A0%EA%B0%9C,35.1681557,128.5550961",https://map.naver.com/p?lng=128.5550961&lat=35.1681557&zoom=18,306617,CWB379001460,35.168156,128.555096
밤밭고개,창원시마산합포구,현동,2,"https://map.kakao.com/link/map/%EB%B0%A4%EB%B0%AD%EA%B3%A0%EA%B0%9C,35.1681272,128.5553239",https://map.naver.com/p?lng=128.5553239&lat=35.1681272&zoom=18,306616,CWB379001464,35.168127,128.555324
시립마산요양병원,창원시마산합포구,현동,2,"https://map.kakao.com/link/map/%EC%8B%9C%EB%A6%BD%EB%A7%88%EC%82%B0%EC%9A%94%EC%96%91%EB%B3%91%EC%9B%90,35.1536049,128.5513636",https://map.naver.com/p?lng=128.5513636&lat=35.1536049&zoom=18,322609,CWB379001545,35.153605,128.551364
시립마산요양병원,창원시마산합포구,현동,2,"https://map.kakao.com/link/map/%EC%8B%9C%EB%A6%BD%EB%A7%88%EC%82%B0%EC%9A%94%EC%96%91%EB%B3%91%EC%9B%90,35.1534491,128.5511524",https://map.naver.com/p?lng=128.5511524&lat=35.1534491&zoom=18,322607,CWB379001543,35.153449,128.551152
옥동마을,창원시마산합포구,현동,2,"https://map.kakao.com/link/map/%EC%98%A5%EB%8F%99%EB%A7%88%EC%9D%84,35.1517906,128.5477891",https://map.naver.com/p?lng=128.5477891&lat=35.1517906&zoom=18,306611,CWB379001561,35.151791,128.547789
옥동마을,창원시마산합포구,현동,2,"https://map.kakao.com/link/map/%EC%98%A5%EB%8F%99%EB%A7%88%EC%9D%84,35.1537621,128.5493463",https://map.naver.com/p?lng=128.5493463&lat=35.1537621&zoom=18,306610,CWB379001577,35.153762,128.549346
우산마을,창원시마산합포구,현동,2,"https://map.kakao.com/link/map/%EC%9A%B0%EC%82%B0%EB%A7%88%EC%9D%84,35.1583227,128.5538513",https://map.naver.com/p?lng=128.5538513&lat=35.1583227&zoom=18,306612,CWB379001508,35.158323,128.553851
우산마을,창원시마산합포구,현동,2,"https://map.kakao.com/link/map/%EC%9A%B0%EC%82%B0%EB%A7%88%EC%9D%84,35.1574361,128.5529312",https://map.naver.com/p?lng=128.5529312&lat=35.1574361&zoom=18,306613,CWB379001513,35.157436,128.552931
현동LH아파트,창원시마산합포구,현동,1,"https://map.kakao.com/link/map/%ED%98%84%EB%8F%99LH%EC%95%84%ED%8C%8C%ED%8A%B8,35.1519728,128.5535186",https://map.naver.com/p?lng=128.5535186&lat=35.1519728&zoom=18,322611,CWB379003338,35.151973,128.553519
현동입구,창원시마산합포구,현동,1,"https://map.kakao.com/link/map/%ED%98%84%EB%8F%99%EC%9E%85%EA%B5%AC,35.1537614,128.5490456",https://map.naver.com/p?lng=128.5490456&lat=35.1537614&zoom=18,630244,CWB379003010,35.153761,128.549046
현동중흥1차아파트,창원시마산합포구,현동,1,"https://map.kakao.com/link/map/%ED%98%84%EB%8F%99%EC%A4%91%ED%9D%A51%EC%B0%A8%EC%95%84%ED%8C%8C%ED%8A%B8,35.1510154,128.5539332",https://map.naver.com/p?lng=128.5539332&lat=35.1510154&zoom=18,322610,CWB379003337,35.151015,128.553933
현동초등학교,창원시마산합포구,현동,2,"https://map.kakao.com/link/map/%ED%98%84%EB%8F%99%EC%B4%88%EB%93%B1%ED%95%99%EA%B5%90,35.1471516,128.5576067",https://map.naver.com/p?lng=128.5576067&lat=35.1471516&zoom=18,322603,CWB379001587,35.147152,128.557607
현동초등학교,창원시마산합포구,현동,2,"https://map.kakao.com/link/map/%ED%98%84%EB%8F%99%EC%B4%88%EB%93%B1%ED%95%99%EA%B5%90,35.1459388,128.5580002",https://map.naver.com/p?lng=128.5580002&lat=35.1459388&zoom=18,322604,CWB379001586,35.145939,128.558
구암1동행정복지센터,창원시마산회원구,구암1동,2,"https://map.kakao.com/link/map/%EA%B5%AC%EC%95%941%EB%8F%99%ED%96%89%EC%A0%95%EB%B3%B5%EC%A7%80%EC%84%BC%ED%84%B0,35.2507444,128.5936932",https://map.naver.com/p?lng=128.5936932&lat=35.2507444&zoom=18,402506,CWB379000479,35.250744,128.593693
구암1동행정복지센터,창원시마산회원구,구암1동,2,"https://map.kakao.com/link/map/%EA%B5%AC%EC%95%941%EB%8F%99%ED%96%89%EC%A0%95%EB%B3%B5%EC%A7%80%EC%84%BC%ED%84%B0,35.2509249,128.5936417",https://map.naver.com/p?lng=128.5936417&lat=35.2509249&zoom=18,402509,CWB379000478,35.250925,128.593642
구암동,창원시마산회원구,구암1동,1,"https://map.kakao.com/link/map/%EA%B5%AC%EC%95%94%EB%8F%99,35.247284,128.5920785",https://map.naver.com/p?lng=128.5920785&lat=35.247284&zoom=18,400123,CWB379000547,35.247284,128.592079
구암동육교,창원시마산회원구,구암1동,1,"https://map.kakao.com/link/map/%EA%B5%AC%EC%95%94%EB%8F%99%EC%9C%A1%EA%B5%90,35.2487525,128.5947137",https://map.naver.com/p?lng=128.5947137&lat=35.2487525&zoom=18,400125,CWB379000502,35.248752,128.594714
구암동현대상가,창원시마산회원구,구암1동,1,"https://map.kakao.com/link/map/%EA%B5%AC%EC%95%94%EB%8F%99%ED%98%84%EB%8C%80%EC%83%81%EA%B0%80,35.2487103,128.5917209",https://map.naver.com/p?lng=128.5917209&lat=35.2487103&zoom=18,402201,CWB379000509,35.24871,128.591721
구암중,창원시마산회원구,구암1동,1,"https://map.kakao.com/link/map/%EA%B5%AC%EC%95%94%EC%A4%91,35.255023,128.5967409",https://map.naver.com/p?lng=128.5967409&lat=35.255023&zoom=18,402002,CWB379000436,35.255023,128.596741
대지아파트,창원시마산회원구,구암1동,1,"https://map.kakao.com/link/map/%EB%8C%80%EC%A7%80%EC%95%84%ED%8C%8C%ED%8A%B8,35.2541664,128.5972186",https://map.naver.com/p?lng=128.5972186&lat=35.2541664&zoom=18,402513,CWB379000440,35.254166,128.597219
마산롯데캐슬동문,창원시마산회원구,구암1동,1,"https://map.kakao.com/link/map/%EB%A7%88%EC%82%B0%EB%A1%AF%EB%8D%B0%EC%BA%90%EC%8A%AC%EB%8F%99%EB%AC%B8,35.2470084,128.5889612",https://map.naver.com/p?lng=128.5889612&lat=35.2470084&zoom=18,402101,CWB379000553,35.247008,128.588961
석보아파트,창원시마산회원구,구암1동,1,"https://map.kakao.com/link/map/%EC%84%9D%EB%B3%B4%EC%95%84%ED%8C%8C%ED%8A%B8,35.2491714,128.5907152",https://map.naver.com/p?lng=128.5907152&lat=35.2491714&zoom=18,402507,CWB379000505,35.249171,128.590715
수영아파트,창원시마산회원구,구암1동,1,"https://map.kakao.com/link/map/%EC%88%98%EC%98%81%EC%95%84%ED%8C%8C%ED%8A%B8,35.2522764,128.5946095",https://map.naver.com/p?lng=128.5946095&lat=35.2522764&zoom=18,402511,CWB379000458,35.252276,128.594609
유성아파트,창원시마산회원구,구암1동,1,"https://map.kakao.com/link/map/%EC%9C%A0%EC%84%B1%EC%95%84%ED%8C%8C%ED%8A%B8,35.2526751,128.5939101",https://map.naver.com/p?lng=128.5939101&lat=35.2526751&zoom=18,402001,CWB379000454,35.252675,128.59391
KT동마산지점,창원시마산회원구,구암2동,2,"https://map.kakao.com/link/map/KT%EB%8F%99%EB%A7%88%EC%82%B0%EC%A7%80%EC%A0%90,35.2505254,128.5979819",https://map.naver.com/p?lng=128.5979819&lat=35.2505254&zoom=18,400127,CWB379000475,35.250525,128.597982
KT동마산지점,창원시마산회원구,구암2동,2,"https://map.kakao.com/link/map/KT%EB%8F%99%EB%A7%88%EC%82%B0%EC%A7%80%EC%A0%90,35.2500535,128.5978164",https://map.naver.com/p?lng=128.5978164&lat=35.2500535&zoom=18,400128,CWB379000489,35.250054,128.597816
구암2동행정복지센터,창원시마산회원구,구암2동,1,"https://map.kakao.com/link/map/%EA%B5%AC%EC%95%942%EB%8F%99%ED%96%89%EC%A0%95%EB%B3%B5%EC%A7%80%EC%84%BC%ED%84%B0,35.2486424,128.5982382",https://map.naver.com/p?lng=128.5982382&lat=35.2486424&zoom=18,420617,CWB379000510,35.248642,128.598238
구암고등학교,창원시마산회원구,구암2동,2,"https://map.kakao.com/link/map/%EA%B5%AC%EC%95%94%EA%B3%A0%EB%93%B1%ED%95%99%EA%B5%90,35.2465191,128.5947068",https://map.naver.com/p?lng=128.5947068&lat=35.2465191&zoom=18,420614,CWB379000561,35.246519,128.594707
구암고등학교,창원시마산회원구,구암2동,2,"https://map.kakao.com/link/map/%EA%B5%AC%EC%95%94%EA%B3%A0%EB%93%B1%ED%95%99%EA%B5%90,35.2462964,128.5939782",https://map.naver.com/p?lng=128.5939782&lat=35.2462964&zoom=18,420615,CWB379000566,35.246296,128.593978
구암동,창원시마산회원구,구암2동,1,"https://map.kakao.com/link/map/%EA%B5%AC%EC%95%94%EB%8F%99,35.2468031,128.5918093",https://map.naver.com/p?lng=128.5918093&lat=35.2468031&zoom=18,400126,CWB379000558,35.246803,128.591809
삼성창원병원,창원시마산회원구,구암2동,1,"https://map.kakao.com/link/map/%EC%82%BC%EC%84%B1%EC%B0%BD%EC%9B%90%EB%B3%91%EC%9B%90,35.2434464,128.5911962",https://map.naver.com/p?lng=128.5911962&lat=35.2434464&zoom=18,420613,CWB379000613,35.243446,128.591196
창신대학교입구,창원시마산회원구,구암2동,1,"https://map.kakao.com/link/map/%EC%B0%BD%EC%8B%A0%EB%8C%80%ED%95%99%EA%B5%90%EC%9E%85%EA%B5%AC,35.2484597,128.5984063",https://map.naver.com/p?lng=128.5984063&lat=35.2484597&zoom=18,420616,CWB379000514,35.24846,128.598406
청소년복지회관.창신대학,창원시마산회원구,구암2동,2,"https://map.kakao.com/link/map/%EC%B2%AD%EC%86%8C%EB%85%84%EB%B3%B5%EC%A7%80%ED%9A%8C%EA%B4%80.%EC%B0%BD%EC%8B%A0%EB%8C%80%ED%95%99,35.2487659,128.601015",https://map.naver.com/p?lng=128.601015&lat=35.2487659&zoom=18,420618,CWB379000506,35.248766,128.601015
청소년복지회관.창신대학,창원시마산회원구,구암2동,2,"https://map.kakao.com/link/map/%EC%B2%AD%EC%86%8C%EB%85%84%EB%B3%B5%EC%A7%80%ED%9A%8C%EA%B4%80.%EC%B0%BD%EC%8B%A0%EB%8C%80%ED%95%99,35.2490569,128.6017678",https://map.naver.com/p?lng=128.6017678&lat=35.2490569&zoom=18,420619,CWB379000504,35.249057,128.601768
한국전력,창원시마산회원구,구암2동,2,"https://map.kakao.com/link/map/%ED%95%9C%EA%B5%AD%EC%A0%84%EB%A0%A5,35.2512728,128.599324",https://map.naver.com/p?lng=128.599324&lat=35.2512728&zoom=18,400129,CWB379000466,35.251273,128.599324
한국전력,창원시마산회원구,구암2동,2,"https://map.kakao.com/link/map/%ED%95%9C%EA%B5%AD%EC%A0%84%EB%A0%A5,35.2508664,128.5993142",https://map.naver.com/p?lng=128.5993142&lat=35.2508664&zoom=18,400130,CWB379000477,35.250866,128.599314
KB국민은행,창원시마산회원구,내서읍,1,"https://map.kakao.com/link/map/KB%EA%B5%AD%EB%AF%BC%EC%9D%80%ED%96%89,35.2333268,128.5044714",https://map.naver.com/p?lng=128.5044714&lat=35.2333268&zoom=18,401016,CWB379005402,35.233327,128.504471
구슬골,창원시마산회원구,내서읍,2,"https://map.kakao.com/link/map/%EA%B5%AC%EC%8A%AC%EA%B3%A8,35.2444761,128.5290676",https://map.naver.com/p?lng=128.5290676&lat=35.2444761&zoom=18,422803,CWB379000605,35.244476,128.529068
구슬골,창원시마산회원구,내서읍,2,"https://map.kakao.com/link/map/%EA%B5%AC%EC%8A%AC%EA%B3%A8,35.2452234,128.5282542",https://map.naver.com/p?lng=128.5282542&lat=35.2452234&zoom=18,422804,CWB379000595,35.245223,128.528254
내서119안전센터,창원시마산회원구,내서읍,2,"https://map.kakao.com/link/map/%EB%82%B4%EC%84%9C119%EC%95%88%EC%A0%84%EC%84%BC%ED%84%B0,35.2401954,128.5091749",https://map.naver.com/p?lng=128.5091749&lat=35.2401954&zoom=18,417205,CWB379000665,35.240195,128.509175
내서119안전센터,창원시마산회원구,내서읍,2,"https://map.kakao.com/link/map/%EB%82%B4%EC%84%9C119%EC%95%88%EC%A0%84%EC%84%BC%ED%84%B0,35.2411798,128.5100703",https://map.naver.com/p?lng=128.5100703&lat=35.2411798&zoom=18,417204,CWB379000654,35.24118,128.51007
내서여고,창원시마산회원구,내서읍,2,"https://map.kakao.com/link/map/%EB%82%B4%EC%84%9C%EC%97%AC%EA%B3%A0,35.2368914,128.5044232",https://map.naver.com/p?lng=128.5044232&lat=35.2368914&zoom=18,401008,CWB379002393,35.236891,128.504423
내서여고,창원시마산회원구,내서읍,2,"https://map.kakao.com/link/map/%EB%82%B4%EC%84%9C%EC%97%AC%EA%B3%A0,35.2375766,128.5040952",https://map.naver.com/p?lng=128.5040952&lat=35.2375766&zoom=18,401009,CWB379001985,35.237577,128.504095
내서우체국,창원시마산회원구,내서읍,2,"https://map.kakao.com/link/map/%EB%82%B4%EC%84%9C%EC%9A%B0%EC%B2%B4%EA%B5%AD,35.2487644,128.5177252",https://map.naver.com/p?lng=128.5177252&lat=35.2487644&zoom=18,417211,CWB379000532,35.248764,128.517725
내서우체국,창원시마산회원구,내서읍,2,"https://map.kakao.com/link/map/%EB%82%B4%EC%84%9C%EC%9A%B0%EC%B2%B4%EA%B5%AD,35.2485953,128.5179389",https://map.naver.com/p?lng=128.5179389&lat=35.2485953&zoom=18,417210,CWB379000535,35.248595,128.517939
내서운동장,창원시마산회원구,내서읍,1,"https://map.kakao.com/link/map/%EB%82%B4%EC%84%9C%EC%9A%B4%EB%8F%99%EC%9E%A5,35.2263555,128.5038479",https://map.naver.com/p?lng=128.5038479&lat=35.2263555&zoom=18,630238,CWB379002837,35.226356,128.503848
내서중학교,창원시마산회원구,내서읍,2,"https://map.kakao.com/link/map/%EB%82%B4%EC%84%9C%EC%A4%91%ED%95%99%EA%B5%90,35.2460262,128.5089331",https://map.naver.com/p?lng=128.5089331&lat=35.2460262&zoom=18,401012,CWB379000597,35.246026,128.508933
내서중학교,창원시마산회원구,내서읍,2,"https://map.kakao.com/link/map/%EB%82%B4%EC%84%9C%EC%A4%91%ED%95%99%EA%B5%90,35.2463198,128.508754",https://map.naver.com/p?lng=128.508754&lat=35.2463198&zoom=18,401013,CWB379000588,35.24632,128.508754
농산물도매시장입구,창원시마산회원구,내서읍,1,"https://map.kakao.com/link/map/%EB%86%8D%EC%82%B0%EB%AC%BC%EB%8F%84%EB%A7%A4%EC%8B%9C%EC%9E%A5%EC%9E%85%EA%B5%AC,35.25235,128.5124542",https://map.naver.com/p?lng=128.5124542&lat=35.25235&zoom=18,421707,CWB379000473,35.25235,128.512454
더푸른아파트,창원시마산회원구,내서읍,2,"https://map.kakao.com/link/map/%EB%8D%94%ED%91%B8%EB%A5%B8%EC%95%84%ED%8C%8C%ED%8A%B8,35.2348094,128.5044922",https://map.naver.com/p?lng=128.5044922&lat=35.2348094&zoom=18,401006,CWB379000746,35.234809,128.504492
더푸른아파트,창원시마산회원구,내서읍,2,"https://map.kakao.com/link/map/%EB%8D%94%ED%91%B8%EB%A5%B8%EC%95%84%ED%8C%8C%ED%8A%B8,35.2351764,128.5041732",https://map.naver.com/p?lng=128.5041732&lat=35.2351764&zoom=18,401007,CWB379000743,35.235176,128.504173
동신아파트,창원시마산회원구,내서읍,2,"https://map.kakao.com/link/map/%EB%8F%99%EC%8B%A0%EC%95%84%ED%8C%8C%ED%8A%B8,35.2507615,128.5136388",https://map.naver.com/p?lng=128.5136388&lat=35.2507615&zoom=18,401502,CWB379000496,35.250762,128.513639
동신아파트,창원시마산회원구,내서읍,2,"https://map.kakao.com/link/map/%EB%8F%99%EC%8B%A0%EC%95%84%ED%8C%8C%ED%8A%B8,35.2510914,128.5135482",https://map.naver.com/p?lng=128.5135482&lat=35.2510914&zoom=18,401501,CWB379000488,35.251091,128.513548
로봇산업진흥재단,창원시마산회원구,내서읍,2,"https://map.kakao.com/link/map/%EB%A1%9C%EB%B4%87%EC%82%B0%EC%97%85%EC%A7%84%ED%9D%A5%EC%9E%AC%EB%8B%A8,35.2461574,128.5140242",https://map.naver.com/p?lng=128.5140242&lat=35.2461574&zoom=18,417209,CWB379000582,35.246157,128.514024
로봇산업진흥재단,창원시마산회원구,내서읍,2,"https://map.kakao.com/link/map/%EB%A1%9C%EB%B4%87%EC%82%B0%EC%97%85%EC%A7%84%ED%9D%A5%EC%9E%AC%EB%8B%A8,35.2458321,128.5140037",https://map.naver.com/p?lng=128.5140037&lat=35.2458321&zoom=18,417208,CWB379000585,35.245832,128.514004
롯데마트,창원시마산회원구,내서읍,2,"https://map.kakao.com/link/map/%EB%A1%AF%EB%8D%B0%EB%A7%88%ED%8A%B8,35.2329,128.5048467",https://map.naver.com/p?lng=128.5048467&lat=35.2329&zoom=18,401004,CWB379000776,35.2329,128.504847
롯데마트,창원시마산회원구,내서읍,2,"https://map.kakao.com/link/map/%EB%A1%AF%EB%8D%B0%EB%A7%88%ED%8A%B8,35.2331152,128.5045121",https://map.naver.com/p?lng=128.5045121&lat=35.2331152&zoom=18,401005,CWB379000771,35.233115,128.504512
마산대학교정문,창원시마산회원구,내서읍,2,"https://map.kakao.com/link/map/%EB%A7%88%EC%82%B0%EB%8C%80%ED%95%99%EA%B5%90%EC%A0%95%EB%AC%B8,35.2582702,128.5095377",https://map.naver.com/p?lng=128.5095377&lat=35.2582702&zoom=18,416804,CWB379000411,35.25827,128.509538
마산대학교정문,창원시마산회원구,내서읍,2,"https://map.kakao.com/link/map/%EB%A7%88%EC%82%B0%EB%8C%80%ED%95%99%EA%B5%90%EC%A0%95%EB%AC%B8,35.2579021,128.5087735",https://map.naver.com/p?lng=128.5087735&lat=35.2579021&zoom=18,416803,CWB379000416,35.257902,128.508773
마산대학교종점,창원시마산회원구,내서읍,2,"https://map.kakao.com/link/map/%EB%A7%88%EC%82%B0%EB%8C%80%ED%95%99%EA%B5%90%EC%A2%85%EC%A0%90,35.2616044,128.5034694",https://map.naver.com/p?lng=128.5034694&lat=35.2616044&zoom=18,630015,CWB379000378,35.261604,128.503469
마산대학교종점,창원시마산회원구,내서읍,2,"https://map.kakao.com/link/map/%EB%A7%88%EC%82%B0%EB%8C%80%ED%95%99%EA%B5%90%EC%A2%85%EC%A0%90,35.2621964,128.5036973",https://map.naver.com/p?lng=128.5036973&lat=35.2621964&zoom=18,630016,CWB379000379,35.262196,128.503697
삼계대동아파트,창원시마산회원구,내서읍,2,"https://map.kakao.com/link/map/%EC%82%BC%EA%B3%84%EB%8C%80%EB%8F%99%EC%95%84%ED%8C%8C%ED%8A%B8,35.2309595,128.501801",https://map.naver.com/p?lng=128.501801&lat=35.2309595&zoom=18,408401,CWB379000810,35.23096,128.501801
삼계대동아파트,창원시마산회원구,내서읍,2,"https://map.kakao.com/link/map/%EC%82%BC%EA%B3%84%EB%8C%80%EB%8F%99%EC%95%84%ED%8C%8C%ED%8A%B8,35.2307714,128.5019462",https://map.naver.com/p?lng=128.5019462&lat=35.2307714&zoom=18,408402,CWB379000813,35.230771,128.501946
삼계숲속마을아파트,창원시마산회원구,내서읍,2,"https://map.kakao.com/link/map/%EC%82%BC%EA%B3%84%EC%88%B2%EC%86%8D%EB%A7%88%EC%9D%84%EC%95%84%ED%8C%8C%ED%8A%B8,35.2315206,128.4974468",https://map.naver.com/p?lng=128.4974468&lat=35.2315206&zoom=18,409904,CWB379000805,35.231521,128.497447
삼계숲속마을아파트,창원시마산회원구,내서읍,2,"https://map.kakao.com/link/map/%EC%82%BC%EA%B3%84%EC%88%B2%EC%86%8D%EB%A7%88%EC%9D%84%EC%95%84%ED%8C%8C%ED%8A%B8,35.2317338,128.4975072",https://map.naver.com/p?lng=128.4975072&lat=35.2317338&zoom=18,409903,CWB379000801,35.231734,128.497507
삼계우체국,창원시마산회원구,내서읍,2,"https://map.kakao.com/link/map/%EC%82%BC%EA%B3%84%EC%9A%B0%EC%B2%B4%EA%B5%AD,35.2317094,128.5000775",https://map.naver.com/p?lng=128.5000775&lat=35.2317094&zoom=18,409906,CWB379000799,35.231709,128.500078
삼계우체국,창원시마산회원구,내서읍,2,"https://map.kakao.com/link/map/%EC%82%BC%EA%B3%84%EC%9A%B0%EC%B2%B4%EA%B5%AD,35.2319164,128.5004719",https://map.naver.com/p?lng=128.5004719&lat=35.2319164&zoom=18,409905,CWB379000793,35.231916,128.500472
수곡,창원시마산회원구,내서읍,2,"https://map.kakao.com/link/map/%EC%88%98%EA%B3%A1,35.2595345,128.5097859",https://map.naver.com/p?lng=128.5097859&lat=35.2595345&zoom=18,416806,CWB379000405,35.259534,128.509786
수곡,창원시마산회원구,내서읍,2,"https://map.kakao.com/link/map/%EC%88%98%EA%B3%A1,35.259494,128.5097192",https://map.naver.com/p?lng=128.5097192&lat=35.259494&zoom=18,416805,CWB379000406,35.259494,128.509719
안계초등학교,창원시마산회원구,내서읍,2,"https://map.kakao.com/link/map/%EC%95%88%EA%B3%84%EC%B4%88%EB%93%B1%ED%95%99%EA%B5%90,35.2316682,128.4944947",https://map.naver.com/p?lng=128.4944947&lat=35.2316682&zoom=18,409902,CWB379000804,35.231668,128.494495
안계초등학교,창원시마산회원구,내서읍,2,"https://map.kakao.com/link/map/%EC%95%88%EA%B3%84%EC%B4%88%EB%93%B1%ED%95%99%EA%B5%90,35.2319753,128.4942532",https://map.naver.com/p?lng=128.4942532&lat=35.2319753&zoom=18,409901,CWB379000800,35.231975,128.494253
용마정비,창원시마산회원구,내서읍,2,"https://map.kakao.com/link/map/%EC%9A%A9%EB%A7%88%EC%A0%95%EB%B9%84,35.2447366,128.5121251",https://map.naver.com/p?lng=128.5121251&lat=35.2447366&zoom=18,417207,CWB379000608,35.244737,128.512125
용마정비,창원시마산회원구,내서읍,2,"https://map.kakao.com/link/map/%EC%9A%A9%EB%A7%88%EC%A0%95%EB%B9%84,35.2440411,128.5118211",https://map.naver.com/p?lng=128.5118211&lat=35.2440411&zoom=18,417206,CWB379000604,35.244041,128.511821
원계,창원시마산회원구,내서읍,2,"https://map.kakao.com/link/map/%EC%9B%90%EA%B3%84,35.2329998,128.506136",https://map.naver.com/p?lng=128.506136&lat=35.2329998&zoom=18,417201,CWB379000774,35.233,128.506136
원계,창원시마산회원구,내서읍,2,"https://map.kakao.com/link/map/%EC%9B%90%EA%B3%84,35.2331472,128.5065296",https://map.naver.com/p?lng=128.5065296&lat=35.2331472&zoom=18,417202,CWB379000773,35.233147,128.50653
이미지아파트입구,창원시마산회원구,내서읍,1,"https://map.kakao.com/link/map/%EC%9D%B4%EB%AF%B8%EC%A7%80%EC%95%84%ED%8C%8C%ED%8A%B8%EC%9E%85%EA%B5%AC,35.226095,128.5045027",https://map.naver.com/p?lng=128.5045027&lat=35.226095&zoom=18,401001,CWB379000869,35.226095,128.504503
자동차부품혁신센터,창원시마산회원구,내서읍,2,"https://map.kakao.com/link/map/%EC%9E%90%EB%8F%99%EC%B0%A8%EB%B6%80%ED%92%88%ED%98%81%EC%8B%A0%EC%84%BC%ED%84%B0,35.2382155,128.5079469",https://map.naver.com/p?lng=128.5079469&lat=35.2382155&zoom=18,630245,CWB379003011,35.238216,128.507947
자동차부품혁신센터,창원시마산회원구,내서읍,2,"https://map.kakao.com/link/map/%EC%9E%90%EB%8F%99%EC%B0%A8%EB%B6%80%ED%92%88%ED%98%81%EC%8B%A0%EC%84%BC%ED%84%B0,35.2384689,128.5084552",https://map.naver.com/p?lng=128.5084552&lat=35.2384689&zoom=18,630246,CWB379003012,35.238469,128.508455
장미아파트,창원시마산회원구,내서읍,2,"https://map.kakao.com/link/map/%EC%9E%A5%EB%AF%B8%EC%95%84%ED%8C%8C%ED%8A%B8,35.2416143,128.5051436",https://map.naver.com/p?lng=128.5051436&lat=35.2416143&zoom=18,401010,CWB379000643,35.241614,128.505144
장미아파트,창원시마산회원구,내서읍,2,"https://map.kakao.com/link/map/%EC%9E%A5%EB%AF%B8%EC%95%84%ED%8C%8C%ED%8A%B8,35.2421514,128.5052244",https://map.naver.com/p?lng=128.5052244&lat=35.2421514&zoom=18,401011,CWB379000644,35.242151,128.505224
제일고등학교,창원시마산회원구,내서읍,2,"https://map.kakao.com/link/map/%EC%A0%9C%EC%9D%BC%EA%B3%A0%EB%93%B1%ED%95%99%EA%B5%90,35.2619199,128.5069223",https://map.naver.com/p?lng=128.5069223&lat=35.2619199&zoom=18,421705,CWB379000377,35.26192,128.506922
제일고등학교,창원시마산회원구,내서읍,2,"https://map.kakao.com/link/map/%EC%A0%9C%EC%9D%BC%EA%B3%A0%EB%93%B1%ED%95%99%EA%B5%90,35.2620011,128.5066251",https://map.naver.com/p?lng=128.5066251&lat=35.2620011&zoom=18,421704,CWB379000380,35.262001,128.506625
죽암,창원시마산회원구,내서읍,2,"https://map.kakao.com/link/map/%EC%A3%BD%EC%95%94,35.2556301,128.5101992",https://map.naver.com/p?lng=128.5101992&lat=35.2556301&zoom=18,416802,CWB379000437,35.25563,128.510199
죽암,창원시마산회원구,내서읍,2,"https://map.kakao.com/link/map/%EC%A3%BD%EC%95%94,35.2553863,128.5100923",https://map.naver.com/p?lng=128.5100923&lat=35.2553863&zoom=18,416801,CWB379000438,35.255386,128.510092
중리본동,창원시마산회원구,내서읍,1,"https://map.kakao.com/link/map/%EC%A4%91%EB%A6%AC%EB%B3%B8%EB%8F%99,35.252097,128.5123391",https://map.naver.com/p?lng=128.5123391&lat=35.252097&zoom=18,421706,CWB379000474,35.252097,128.512339
중리삼거리,창원시마산회원구,내서읍,2,"https://map.kakao.com/link/map/%EC%A4%91%EB%A6%AC%EC%82%BC%EA%B1%B0%EB%A6%AC,35.2484334,128.5239122",https://map.naver.com/p?lng=128.5239122&lat=35.2484334&zoom=18,422805,CWB379000542,35.248433,128.523912
중리삼거리,창원시마산회원구,내서읍,2,"https://map.kakao.com/link/map/%EC%A4%91%EB%A6%AC%EC%82%BC%EA%B1%B0%EB%A6%AC,35.2484589,128.5241413",https://map.naver.com/p?lng=128.5241413&lat=35.2484589&zoom=18,422806,CWB379000539,35.248459,128.524141
중리역,창원시마산회원구,내서읍,2,"https://map.kakao.com/link/map/%EC%A4%91%EB%A6%AC%EC%97%AD,35.2493168,128.5180837",https://map.naver.com/p?lng=128.5180837&lat=35.2493168&zoom=18,421708,CWB379000520,35.249317,128.518084
중리역,창원시마산회원구,내서읍,2,"https://map.kakao.com/link/map/%EC%A4%91%EB%A6%AC%EC%97%AD,35.2494614,128.5183592",https://map.naver.com/p?lng=128.5183592&lat=35.2494614&zoom=18,421709,CWB379000515,35.249461,128.518359
청아병원,창원시마산회원구,내서읍,2,"https://map.kakao.com/link/map/%EC%B2%AD%EC%95%84%EB%B3%91%EC%9B%90,35.2486862,128.511238",https://map.naver.com/p?lng=128.511238&lat=35.2486862&zoom=18,401504,CWB379000540,35.248686,128.511238
청아병원,창원시마산회원구,내서읍,2,"https://map.kakao.com/link/map/%EC%B2%AD%EC%95%84%EB%B3%91%EC%9B%90,35.2488454,128.5110073",https://map.naver.com/p?lng=128.5110073&lat=35.2488454&zoom=18,401503,CWB379000530,35.248845,128.511007
크라운제과,창원시마산회원구,내서읍,1,"https://map.kakao.com/link/map/%ED%81%AC%EB%9D%BC%EC%9A%B4%EC%A0%9C%EA%B3%BC,35.2356174,128.5065712",https://map.naver.com/p?lng=128.5065712&lat=35.2356174&zoom=18,417203,CWB379000740,35.235617,128.506571
한우리아파트,창원시마산회원구,내서읍,2,"https://map.kakao.com/link/map/%ED%95%9C%EC%9A%B0%EB%A6%AC%EC%95%84%ED%8C%8C%ED%8A%B8,35.2291242,128.5054326",https://map.naver.com/p?lng=128.5054326&lat=35.2291242&zoom=18,401002,CWB379000837,35.229124,128.505433
한우리아파트,창원시마산회원구,내서읍,2,"https://map.kakao.com/link/map/%ED%95%9C%EC%9A%B0%EB%A6%AC%EC%95%84%ED%8C%8C%ED%8A%B8,35.2287354,128.5051002",https://map.naver.com/p?lng=128.5051002&lat=35.2287354&zoom=18,401003,CWB379000839,35.228735,128.5051
한주아파트,창원시마산회원구,내서읍,1,"https://map.kakao.com/link/map/%ED%95%9C%EC%A3%BC%EC%95%84%ED%8C%8C%ED%8A%B8,35.2487295,128.5200778",https://map.naver.com/p?lng=128.5200778&lat=35.2487295&zoom=18,421713,CWB379002860,35.24873,128.520078
한주아파트입구,창원시마산회원구,내서읍,1,"https://map.kakao.com/link/map/%ED%95%9C%EC%A3%BC%EC%95%84%ED%8C%8C%ED%8A%B8%EC%9E%85%EA%B5%AC,35.2486665,128.5203514",https://map.naver.com/p?lng=128.5203514&lat=35.2486665&zoom=18,421712,CWB379002392,35.248666,128.520351
봉암공단 입구,창원시마산회원구,봉암동,2,"https://map.kakao.com/link/map/%EB%B4%89%EC%95%94%EA%B3%B5%EB%8B%A8%20%EC%9E%85%EA%B5%AC,35.2187325,128.6010381",https://map.naver.com/p?lng=128.6010381&lat=35.2187325&zoom=18,407106,CWB379000966,35.218732,128.601038
봉암공단 입구,창원시마산회원구,봉암동,2,"https://map.kakao.com/link/map/%EB%B4%89%EC%95%94%EA%B3%B5%EB%8B%A8%20%EC%9E%85%EA%B5%AC,35.2193354,128.6000532",https://map.naver.com/p?lng=128.6000532&lat=35.2193354&zoom=18,407107,CWB379000954,35.219335,128.600053
봉암교,창원시마산회원구,봉암동,2,"https://map.kakao.com/link/map/%EB%B4%89%EC%95%94%EA%B5%90,35.2142289,128.6158572",https://map.naver.com/p?lng=128.6158572&lat=35.2142289&zoom=18,407114,CWB379001033,35.214229,128.615857
봉암교,창원시마산회원구,봉암동,2,"https://map.kakao.com/link/map/%EB%B4%89%EC%95%94%EA%B5%90,35.2145053,128.6152394",https://map.naver.com/p?lng=128.6152394&lat=35.2145053&zoom=18,407115,CWB379001029,35.214505,128.615239
봉암동,창원시마산회원구,봉암동,2,"https://map.kakao.com/link/map/%EB%B4%89%EC%95%94%EB%8F%99,35.2206786,128.5958915",https://map.naver.com/p?lng=128.5958915&lat=35.2206786&zoom=18,407104,CWB379000933,35.220679,128.595892
봉암동,창원시마산회원구,봉암동,2,"https://map.kakao.com/link/map/%EB%B4%89%EC%95%94%EB%8F%99,35.2210405,128.5956308",https://map.naver.com/p?lng=128.5956308&lat=35.2210405&zoom=18,407103,CWB379000926,35.22104,128.595631
서광아파트,창원시마산회원구,봉암동,2,"https://map.kakao.com/link/map/%EC%84%9C%EA%B4%91%EC%95%84%ED%8C%8C%ED%8A%B8,35.2159397,128.6113585",https://map.naver.com/p?lng=128.6113585&lat=35.2159397&zoom=18,407112,CWB379001013,35.21594,128.611358
서광아파트,창원시마산회원구,봉암동,2,"https://map.kakao.com/link/map/%EC%84%9C%EA%B4%91%EC%95%84%ED%8C%8C%ED%8A%B8,35.2161159,128.611817",https://map.naver.com/p?lng=128.611817&lat=35.2161159&zoom=18,407113,CWB379001011,35.216116,128.611817
수원지입구,창원시마산회원구,봉암동,1,"https://map.kakao.com/link/map/%EC%88%98%EC%9B%90%EC%A7%80%EC%9E%85%EA%B5%AC,35.2178993,128.6050208",https://map.naver.com/p?lng=128.6050208&lat=35.2178993&zoom=18,407109,CWB379000986,35.217899,128.605021
수원지입구.정다운병원,창원시마산회원구,봉암동,1,"https://map.kakao.com/link/map/%EC%88%98%EC%9B%90%EC%A7%80%EC%9E%85%EA%B5%AC.%EC%A0%95%EB%8B%A4%EC%9A%B4%EB%B3%91%EC%9B%90,35.2176559,128.604899",https://map.naver.com/p?lng=128.604899&lat=35.2176559&zoom=18,407108,CWB379000989,35.217656,128.604899
자유무역지역2공구,창원시마산회원구,봉암동,2,"https://map.kakao.com/link/map/%EC%9E%90%EC%9C%A0%EB%AC%B4%EC%97%AD%EC%A7%80%EC%97%AD2%EA%B3%B5%EA%B5%AC,35.216741,128.6083271",https://map.naver.com/p?lng=128.6083271&lat=35.216741&zoom=18,407110,CWB379000998,35.216741,128.608327
자유무역지역2공구,창원시마산회원구,봉암동,2,"https://map.kakao.com/link/map/%EC%9E%90%EC%9C%A0%EB%AC%B4%EC%97%AD%EC%A7%80%EC%97%AD2%EA%B3%B5%EA%B5%AC,35.2170984,128.6081158",https://map.naver.com/p?lng=128.6081158&lat=35.2170984&zoom=18,407111,CWB379000993,35.217098,128.608116
경남은행본점,창원시마산회원구,석전동,1,"https://map.kakao.com/link/map/%EA%B2%BD%EB%82%A8%EC%9D%80%ED%96%89%EB%B3%B8%EC%A0%90,35.2306178,128.5767179",https://map.naver.com/p?lng=128.5767179&lat=35.2306178&zoom=18,400109,CWB379000809,35.230618,128.576718
마산역,창원시마산회원구,석전동,2,"https://map.kakao.com/link/map/%EB%A7%88%EC%82%B0%EC%97%AD,35.2351754,128.5802572",https://map.naver.com/p?lng=128.5802572&lat=35.2351754&zoom=18,400114,CWB379000731,35.235175,128.580257
마산역,창원시마산회원구,석전동,2,"https://map.kakao.com/link/map/%EB%A7%88%EC%82%B0%EC%97%AD,35.2363674,128.5807282",https://map.naver.com/p?lng=128.5807282&lat=35.2363674&zoom=18,400113,CWB379000712,35.236367,128.580728
마산역.365병원,창원시마산회원구,석전동,1,"https://map.kakao.com/link/map/%EB%A7%88%EC%82%B0%EC%97%AD.365%EB%B3%91%EC%9B%90,35.2336369,128.5790683",https://map.naver.com/p?lng=128.5790683&lat=35.2336369&zoom=18,400111,CWB379001995,35.233637,128.579068
마산역.동마산병원,창원시마산회원구,석전동,1,"https://map.kakao.com/link/map/%EB%A7%88%EC%82%B0%EC%97%AD.%EB%8F%99%EB%A7%88%EC%82%B0%EB%B3%91%EC%9B%90,35.2335387,128.5785156",https://map.naver.com/p?lng=128.5785156&lat=35.2335387&zoom=18,400112,CWB379000752,35.233539,128.578516
마산역종점,창원시마산회원구,석전동,2,"https://map.kakao.com/link/map/%EB%A7%88%EC%82%B0%EC%97%AD%EC%A2%85%EC%A0%90,35.2354707,128.5777944",https://map.naver.com/p?lng=128.5777944&lat=35.2354707&zoom=18,405201,CWB379000725,35.235471,128.577794
마산역종점,창원시마산회원구,석전동,2,"https://map.kakao.com/link/map/%EB%A7%88%EC%82%B0%EC%97%AD%EC%A2%85%EC%A0%90,35.235458,128.5784258",https://map.naver.com/p?lng=128.5784258&lat=35.235458&zoom=18,405202,CWB379003502,35.235458,128.578426
마산우체국,창원시마산회원구,석전동,1,"https://map.kakao.com/link/map/%EB%A7%88%EC%82%B0%EC%9A%B0%EC%B2%B4%EA%B5%AD,35.2306161,128.5762928",https://map.naver.com/p?lng=128.5762928&lat=35.2306161&zoom=18,400110,CWB379000807,35.230616,128.576293
메트로시티석전,창원시마산회원구,석전동,2,"https://map.kakao.com/link/map/%EB%A9%94%ED%8A%B8%EB%A1%9C%EC%8B%9C%ED%8B%B0%EC%84%9D%EC%A0%84,35.2291736,128.573962",https://map.naver.com/p?lng=128.573962&lat=35.2291736&zoom=18,408605,CWB379000822,35.229174,128.573962
메트로시티석전,창원시마산회원구,석전동,2,"https://map.kakao.com/link/map/%EB%A9%94%ED%8A%B8%EB%A1%9C%EC%8B%9C%ED%8B%B0%EC%84%9D%EC%A0%84,35.2294104,128.5726512",https://map.naver.com/p?lng=128.5726512&lat=35.2294104&zoom=18,408606,CWB379000818,35.22941,128.572651
보문주유소,창원시마산회원구,석전동,1,"https://map.kakao.com/link/map/%EB%B3%B4%EB%AC%B8%EC%A3%BC%EC%9C%A0%EC%86%8C,35.2320171,128.5658387",https://map.naver.com/p?lng=128.5658387&lat=35.2320171&zoom=18,408602,CWB379000775,35.232017,128.565839
북성초등학교,창원시마산회원구,석전동,2,"https://map.kakao.com/link/map/%EB%B6%81%EC%84%B1%EC%B4%88%EB%93%B1%ED%95%99%EA%B5%90,35.2315183,128.5680692",https://map.naver.com/p?lng=128.5680692&lat=35.2315183&zoom=18,408603,CWB379000784,35.231518,128.568069
북성초등학교,창원시마산회원구,석전동,2,"https://map.kakao.com/link/map/%EB%B6%81%EC%84%B1%EC%B4%88%EB%93%B1%ED%95%99%EA%B5%90,35.2312987,128.5680968",https://map.naver.com/p?lng=128.5680968&lat=35.2312987&zoom=18,408604,CWB379000788,35.231299,128.568097
서마산시장,창원시마산회원구,석전동,2,"https://map.kakao.com/link/map/%EC%84%9C%EB%A7%88%EC%82%B0%EC%8B%9C%EC%9E%A5,35.2286491,128.5683559",https://map.naver.com/p?lng=128.5683559&lat=35.2286491&zoom=18,407214,CWB379000825,35.228649,128.568356
서마산시장,창원시마산회원구,석전동,2,"https://map.kakao.com/link/map/%EC%84%9C%EB%A7%88%EC%82%B0%EC%8B%9C%EC%9E%A5,35.2288498,128.5683937",https://map.naver.com/p?lng=128.5683937&lat=35.2288498&zoom=18,407215,CWB379000829,35.22885,128.568394
석전동,창원시마산회원구,석전동,3,"https://map.kakao.com/link/map/%EC%84%9D%EC%A0%84%EB%8F%99,35.2273123,128.5741788",https://map.naver.com/p?lng=128.5741788&lat=35.2273123&zoom=18,400108,CWB379000848,35.227312,128.574179
석전동,창원시마산회원구,석전동,3,"https://map.kakao.com/link/map/%EC%84%9D%EC%A0%84%EB%8F%99,35.2266184,128.5731882",https://map.naver.com/p?lng=128.5731882&lat=35.2266184&zoom=18,400107,CWB379000853,35.226618,128.573188
석전동,창원시마산회원구,석전동,3,"https://map.kakao.com/link/map/%EC%84%9D%EC%A0%84%EB%8F%99,35.2270818,128.5735214",https://map.naver.com/p?lng=128.5735214&lat=35.2270818&zoom=18,400141,CWB379005951,35.227082,128.573521
회성동우체국,창원시마산회원구,석전동,2,"https://map.kakao.com/link/map/%ED%9A%8C%EC%84%B1%EB%8F%99%EC%9A%B0%EC%B2%B4%EA%B5%AD,35.2308164,128.5660222",https://map.naver.com/p?lng=128.5660222&lat=35.2308164&zoom=18,407212,CWB379000803,35.230816,128.566022
회성동우체국,창원시마산회원구,석전동,2,"https://map.kakao.com/link/map/%ED%9A%8C%EC%84%B1%EB%8F%99%EC%9A%B0%EC%B2%B4%EA%B5%AD,35.2316644,128.5653502",https://map.naver.com/p?lng=128.5653502&lat=35.2316644&zoom=18,407213,CWB379000783,35.231664,128.56535
서안양덕타운,창원시마산회원구,양덕1동,2,"https://map.kakao.com/link/map/%EC%84%9C%EC%95%88%EC%96%91%EB%8D%95%ED%83%80%EC%9A%B4,35.2348964,128.5885662",https://map.naver.com/p?lng=128.5885662&lat=35.2348964&zoom=18,420606,CWB379000733,35.234896,128.588566
서안양덕타운,창원시마산회원구,양덕1동,2,"https://map.kakao.com/link/map/%EC%84%9C%EC%95%88%EC%96%91%EB%8D%95%ED%83%80%EC%9A%B4,35.2349397,128.5882252",https://map.naver.com/p?lng=128.5882252&lat=35.2349397&zoom=18,420605,CWB379000735,35.23494,128.588225
양덕1동,창원시마산회원구,양덕1동,1,"https://map.kakao.com/link/map/%EC%96%91%EB%8D%951%EB%8F%99,35.2357024,128.5882082",https://map.naver.com/p?lng=128.5882082&lat=35.2357024&zoom=18,421804,CWB379000718,35.235702,128.588208
양덕1동행정복지센터,창원시마산회원구,양덕1동,2,"https://map.kakao.com/link/map/%EC%96%91%EB%8D%951%EB%8F%99%ED%96%89%EC%A0%95%EB%B3%B5%EC%A7%80%EC%84%BC%ED%84%B0,35.2317444,128.5862812",https://map.naver.com/p?lng=128.5862812&lat=35.2317444&zoom=18,420602,CWB379000778,35.231744,128.586281
양덕1동행정복지센터,창원시마산회원구,양덕1동,2,"https://map.kakao.com/link/map/%EC%96%91%EB%8D%951%EB%8F%99%ED%96%89%EC%A0%95%EB%B3%B5%EC%A7%80%EC%84%BC%ED%84%B0,35.2317968,128.5859714",https://map.naver.com/p?lng=128.5859714&lat=35.2317968&zoom=18,420601,CWB379000779,35.231797,128.585971
양덕동,창원시마산회원구,양덕1동,1,"https://map.kakao.com/link/map/%EC%96%91%EB%8D%95%EB%8F%99,35.2335861,128.581325",https://map.naver.com/p?lng=128.581325&lat=35.2335861&zoom=18,411201,CWB379000748,35.233586,128.581325
양덕초등학교,창원시마산회원구,양덕1동,2,"https://map.kakao.com/link/map/%EC%96%91%EB%8D%95%EC%B4%88%EB%93%B1%ED%95%99%EA%B5%90,35.2334046,128.5874334",https://map.naver.com/p?lng=128.5874334&lat=35.2334046&zoom=18,420604,CWB379000750,35.233405,128.587433
양덕초등학교,창원시마산회원구,양덕1동,2,"https://map.kakao.com/link/map/%EC%96%91%EB%8D%95%EC%B4%88%EB%93%B1%ED%95%99%EA%B5%90,35.2334698,128.5871982",https://map.naver.com/p?lng=128.5871982&lat=35.2334698&zoom=18,420603,CWB379000751,35.23347,128.587198
타워맨션,창원시마산회원구,양덕1동,1,"https://map.kakao.com/link/map/%ED%83%80%EC%9B%8C%EB%A7%A8%EC%85%98,35.2287485,128.5861293",https://map.naver.com/p?lng=128.5861293&lat=35.2287485&zoom=18,411205,CWB379000828,35.228748,128.586129
한일타운,창원시마산회원구,양덕1동,1,"https://map.kakao.com/link/map/%ED%95%9C%EC%9D%BC%ED%83%80%EC%9A%B4,35.2314152,128.5838593",https://map.naver.com/p?lng=128.5838593&lat=35.2314152&zoom=18,411203,CWB379000785,35.231415,128.583859
합성동농협,창원시마산회원구,양덕1동,1,"https://map.kakao.com/link/map/%ED%95%A9%EC%84%B1%EB%8F%99%EB%86%8D%ED%98%91,35.2375154,128.5847172",https://map.naver.com/p?lng=128.5847172&lat=35.2375154&zoom=18,421802,CWB379000691,35.237515,128.584717
3.15아트센터,창원시마산회원구,양덕2동,2,"https://map.kakao.com/link/map/3.15%EC%95%84%ED%8A%B8%EC%84%BC%ED%84%B0,35.2267199,128.5770923",https://map.naver.com/p?lng=128.5770923&lat=35.2267199&zoom=18,408608,CWB379000389,35.22672,128.577092
3.15아트센터,창원시마산회원구,양덕2동,2,"https://map.kakao.com/link/map/3.15%EC%95%84%ED%8A%B8%EC%84%BC%ED%84%B0,35.2259787,128.5784645",https://map.naver.com/p?lng=128.5784645&lat=35.2259787&zoom=18,408607,CWB379001996,35.225979,128.578464
고속버스터미널,창원시마산회원구,양덕2동,2,"https://map.kakao.com/link/map/%EA%B3%A0%EC%86%8D%EB%B2%84%EC%8A%A4%ED%84%B0%EB%AF%B8%EB%84%90,35.2222658,128.587365",https://map.naver.com/p?lng=128.587365&lat=35.2222658&zoom=18,421902,CWB379000905,35.222266,128.587365
고속버스터미널,창원시마산회원구,양덕2동,2,"https://map.kakao.com/link/map/%EA%B3%A0%EC%86%8D%EB%B2%84%EC%8A%A4%ED%84%B0%EB%AF%B8%EB%84%90,35.2222495,128.5871527",https://map.naver.com/p?lng=128.5871527&lat=35.2222495&zoom=18,421901,CWB379000900,35.22225,128.587153
문화방송,창원시마산회원구,양덕2동,2,"https://map.kakao.com/link/map/%EB%AC%B8%ED%99%94%EB%B0%A9%EC%86%A1,35.2248543,128.5795109",https://map.naver.com/p?lng=128.5795109&lat=35.2248543&zoom=18,408610,CWB379000873,35.224854,128.579511
문화방송,창원시마산회원구,양덕2동,2,"https://map.kakao.com/link/map/%EB%AC%B8%ED%99%94%EB%B0%A9%EC%86%A1,35.2248307,128.5805716",https://map.naver.com/p?lng=128.5805716&lat=35.2248307&zoom=18,408611,CWB379002402,35.224831,128.580572
봉덕초등학교,창원시마산회원구,양덕2동,2,"https://map.kakao.com/link/map/%EB%B4%89%EB%8D%95%EC%B4%88%EB%93%B1%ED%95%99%EA%B5%90,35.2222088,128.5929463",https://map.naver.com/p?lng=128.5929463&lat=35.2222088&zoom=18,411213,CWB379000906,35.222209,128.592946
봉덕초등학교,창원시마산회원구,양덕2동,2,"https://map.kakao.com/link/map/%EB%B4%89%EB%8D%95%EC%B4%88%EB%93%B1%ED%95%99%EA%B5%90,35.2219321,128.5928506",https://map.naver.com/p?lng=128.5928506&lat=35.2219321&zoom=18,411212,CWB379000907,35.221932,128.592851
야구장앞홈플러스,창원시마산회원구,양덕2동,1,"https://map.kakao.com/link/map/%EC%95%BC%EA%B5%AC%EC%9E%A5%EC%95%9E%ED%99%88%ED%94%8C%EB%9F%AC%EC%8A%A4,35.2223286,128.585269",https://map.naver.com/p?lng=128.585269&lat=35.2223286&zoom=18,408613,CWB379000899,35.222329,128.585269
양덕광장교차로,창원시마산회원구,양덕2동,2,"https://map.kakao.com/link/map/%EC%96%91%EB%8D%95%EA%B4%91%EC%9E%A5%EA%B5%90%EC%B0%A8%EB%A1%9C,35.2251006,128.5874688",https://map.naver.com/p?lng=128.5874688&lat=35.2251006&zoom=18,421904,CWB379000867,35.225101,128.587469
양덕광장교차로,창원시마산회원구,양덕2동,2,"https://map.kakao.com/link/map/%EC%96%91%EB%8D%95%EA%B4%91%EC%9E%A5%EA%B5%90%EC%B0%A8%EB%A1%9C,35.2273088,128.5869178",https://map.naver.com/p?lng=128.5869178&lat=35.2273088&zoom=18,411207,CWB379000840,35.227309,128.586918
양덕동,창원시마산회원구,양덕2동,1,"https://map.kakao.com/link/map/%EC%96%91%EB%8D%95%EB%8F%99,35.233301,128.5815886",https://map.naver.com/p?lng=128.5815886&lat=35.233301&zoom=18,411202,CWB379000757,35.233301,128.581589
자유무역지역후문,창원시마산회원구,양덕2동,2,"https://map.kakao.com/link/map/%EC%9E%90%EC%9C%A0%EB%AC%B4%EC%97%AD%EC%A7%80%EC%97%AD%ED%9B%84%EB%AC%B8,35.2212864,128.59076",https://map.naver.com/p?lng=128.59076&lat=35.2212864&zoom=18,407102,CWB379000918,35.221286,128.59076
자유무역지역후문,창원시마산회원구,양덕2동,2,"https://map.kakao.com/link/map/%EC%9E%90%EC%9C%A0%EB%AC%B4%EC%97%AD%EC%A7%80%EC%97%AD%ED%9B%84%EB%AC%B8,35.2215077,128.5915099",https://map.naver.com/p?lng=128.5915099&lat=35.2215077&zoom=18,407101,CWB379000912,35.221508,128.59151
정우맨션,창원시마산회원구,양덕2동,2,"https://map.kakao.com/link/map/%EC%A0%95%EC%9A%B0%EB%A7%A8%EC%85%98,35.2263343,128.5892213",https://map.naver.com/p?lng=128.5892213&lat=35.2263343&zoom=18,411209,CWB379000854,35.226334,128.589221
정우맨션,창원시마산회원구,양덕2동,2,"https://map.kakao.com/link/map/%EC%A0%95%EC%9A%B0%EB%A7%A8%EC%85%98,35.2262485,128.5889766",https://map.naver.com/p?lng=128.5889766&lat=35.2262485&zoom=18,411208,CWB379000855,35.226248,128.588977
타워맨션,창원시마산회원구,양덕2동,1,"https://map.kakao.com/link/map/%ED%83%80%EC%9B%8C%EB%A7%A8%EC%85%98,35.2293988,128.5851675",https://map.naver.com/p?lng=128.5851675&lat=35.2293988&zoom=18,411206,CWB379000817,35.229399,128.585168
팔룡산돌탑공원입구,창원시마산회원구,양덕2동,2,"https://map.kakao.com/link/map/%ED%8C%94%EB%A3%A1%EC%82%B0%EB%8F%8C%ED%83%91%EA%B3%B5%EC%9B%90%EC%9E%85%EA%B5%AC,35.2239331,128.5911579",https://map.naver.com/p?lng=128.5911579&lat=35.2239331&zoom=18,411211,CWB379000884,35.223933,128.591158
팔룡산돌탑공원입구,창원시마산회원구,양덕2동,2,"https://map.kakao.com/link/map/%ED%8C%94%EB%A3%A1%EC%82%B0%EB%8F%8C%ED%83%91%EA%B3%B5%EC%9B%90%EC%9E%85%EA%B5%AC,35.2234461,128.5912559",https://map.naver.com/p?lng=128.5912559&lat=35.2234461&zoom=18,411210,CWB379000886,35.223446,128.591256
한일타운,창원시마산회원구,양덕2동,1,"https://map.kakao.com/link/map/%ED%95%9C%EC%9D%BC%ED%83%80%EC%9A%B4,35.2312114,128.5836482",https://map.naver.com/p?lng=128.5836482&lat=35.2312114&zoom=18,411204,CWB379000786,35.231211,128.583648
덕재.롯데캐슬,창원시마산회원구,합성1동,1,"https://map.kakao.com/link/map/%EB%8D%95%EC%9E%AC.%EB%A1%AF%EB%8D%B0%EC%BA%90%EC%8A%AC,35.2448309,128.5875128",https://map.naver.com/p?lng=128.5875128&lat=35.2448309&zoom=18,400121,CWB379000589,35.244831,128.587513
마산시외버스터미널,창원시마산회원구,합성1동,3,"https://map.kakao.com/link/map/%EB%A7%88%EC%82%B0%EC%8B%9C%EC%99%B8%EB%B2%84%EC%8A%A4%ED%84%B0%EB%AF%B8%EB%84%90,35.2378611,128.5823601",https://map.naver.com/p?lng=128.5823601&lat=35.2378611&zoom=18,630021,CWB379000690,35.237861,128.58236
마산시외버스터미널,창원시마산회원구,합성1동,3,"https://map.kakao.com/link/map/%EB%A7%88%EC%82%B0%EC%8B%9C%EC%99%B8%EB%B2%84%EC%8A%A4%ED%84%B0%EB%AF%B8%EB%84%90,35.2388003,128.5826278",https://map.naver.com/p?lng=128.5826278&lat=35.2388003&zoom=18,630020,CWB379000671,35.2388,128.582628
마산시외버스터미널,창원시마산회원구,합성1동,3,"https://map.kakao.com/link/map/%EB%A7%88%EC%82%B0%EC%8B%9C%EC%99%B8%EB%B2%84%EC%8A%A4%ED%84%B0%EB%AF%B8%EB%84%90,35.2372192,128.5818197",https://map.naver.com/p?lng=128.5818197&lat=35.2372192&zoom=18,400116,CWB379000704,35.237219,128.58182
합성동,창원시마산회원구,합성1동,1,"https://map.kakao.com/link/map/%ED%95%A9%EC%84%B1%EB%8F%99,35.241411,128.5846712",https://map.naver.com/p?lng=128.5846712&lat=35.241411&zoom=18,400119,CWB379000638,35.241411,128.584671
덕재.롯데캐슬,창원시마산회원구,합성2동,1,"https://map.kakao.com/link/map/%EB%8D%95%EC%9E%AC.%EB%A1%AF%EB%8D%B0%EC%BA%90%EC%8A%AC,35.2441913,128.5872821",https://map.naver.com/p?lng=128.5872821&lat=35.2441913&zoom=18,400122,CWB379000601,35.244191,128.587282
도원예식장,창원시마산회원구,합성2동,1,"https://map.kakao.com/link/map/%EB%8F%84%EC%9B%90%EC%98%88%EC%8B%9D%EC%9E%A5,35.2355792,128.5820776",https://map.naver.com/p?lng=128.5820776&lat=35.2355792&zoom=18,630241,CWB379002910,35.235579,128.582078
마산동부경찰서,창원시마산회원구,합성2동,2,"https://map.kakao.com/link/map/%EB%A7%88%EC%82%B0%EB%8F%99%EB%B6%80%EA%B2%BD%EC%B0%B0%EC%84%9C,35.2372904,128.5891902",https://map.naver.com/p?lng=128.5891902&lat=35.2372904&zoom=18,420608,CWB379000695,35.23729,128.58919
마산동부경찰서,창원시마산회원구,합성2동,2,"https://map.kakao.com/link/map/%EB%A7%88%EC%82%B0%EB%8F%99%EB%B6%80%EA%B2%BD%EC%B0%B0%EC%84%9C,35.2380281,128.5889771",https://map.naver.com/p?lng=128.5889771&lat=35.2380281&zoom=18,420607,CWB379000698,35.238028,128.588977
복음요양병원,창원시마산회원구,합성2동,1,"https://map.kakao.com/link/map/%EB%B3%B5%EC%9D%8C%EC%9A%94%EC%96%91%EB%B3%91%EC%9B%90,35.2455382,128.5894545",https://map.naver.com/p?lng=128.5894545&lat=35.2455382&zoom=18,400124,CWB379000574,35.245538,128.589454
삼성창원병원,창원시마산회원구,합성2동,1,"https://map.kakao.com/link/map/%EC%82%BC%EC%84%B1%EC%B0%BD%EC%9B%90%EB%B3%91%EC%9B%90,35.2426364,128.5910482",https://map.naver.com/p?lng=128.5910482&lat=35.2426364&zoom=18,420612,CWB379000626,35.242636,128.591048
양덕1동,창원시마산회원구,합성2동,1,"https://map.kakao.com/link/map/%EC%96%91%EB%8D%951%EB%8F%99,35.2359834,128.5879632",https://map.naver.com/p?lng=128.5879632&lat=35.2359834&zoom=18,421803,CWB379000716,35.235983,128.587963
우리누리청소년문화센터,창원시마산회원구,합성2동,2,"https://map.kakao.com/link/map/%EC%9A%B0%EB%A6%AC%EB%88%84%EB%A6%AC%EC%B2%AD%EC%86%8C%EB%85%84%EB%AC%B8%ED%99%94%EC%84%BC%ED%84%B0,35.2404694,128.589884",https://map.naver.com/p?lng=128.589884&lat=35.2404694&zoom=18,420610,CWB379002395,35.240469,128.589884
우리누리청소년문화센터,창원시마산회원구,합성2동,2,"https://map.kakao.com/link/map/%EC%9A%B0%EB%A6%AC%EB%88%84%EB%A6%AC%EC%B2%AD%EC%86%8C%EB%85%84%EB%AC%B8%ED%99%94%EC%84%BC%ED%84%B0,35.2400649,128.5893764",https://map.naver.com/p?lng=128.5893764&lat=35.2400649&zoom=18,420609,CWB379002394,35.240065,128.589376
합성동,창원시마산회원구,합성2동,1,"https://map.kakao.com/link/map/%ED%95%A9%EC%84%B1%EB%8F%99,35.2413067,128.5850253",https://map.naver.com/p?lng=128.5850253&lat=35.2413067&zoom=18,400120,CWB379000642,35.241307,128.585025
합성동농협,창원시마산회원구,합성2동,1,"https://map.kakao.com/link/map/%ED%95%A9%EC%84%B1%EB%8F%99%EB%86%8D%ED%98%91,35.2380735,128.5839634",https://map.naver.com/p?lng=128.5839634&lat=35.2380735&zoom=18,421801,CWB379005931,35.238074,128.583963
내서초등학교,창원시마산회원구,회성동,2,"https://map.kakao.com/link/map/%EB%82%B4%EC%84%9C%EC%B4%88%EB%93%B1%ED%95%99%EA%B5%90,35.2368572,128.5468785",https://map.naver.com/p?lng=128.5468785&lat=35.2368572&zoom=18,407204,CWB379000709,35.236857,128.546878
내서초등학교,창원시마산회원구,회성동,2,"https://map.kakao.com/link/map/%EB%82%B4%EC%84%9C%EC%B4%88%EB%93%B1%ED%95%99%EA%B5%90,35.2370932,128.5468",https://map.naver.com/p?lng=128.5468&lat=35.2370932&zoom=18,407203,CWB379000708,35.237093,128.5468
두척,창원시마산회원구,회성동,2,"https://map.kakao.com/link/map/%EB%91%90%EC%B2%99,35.2377666,128.5433795",https://map.naver.com/p?lng=128.5433795&lat=35.2377666&zoom=18,407202,CWB379001991,35.237767,128.543379
두척,창원시마산회원구,회성동,2,"https://map.kakao.com/link/map/%EB%91%90%EC%B2%99,35.2377831,128.5438522",https://map.naver.com/p?lng=128.5438522&lat=35.2377831&zoom=18,407201,CWB379001992,35.237783,128.543852
마재고개,창원시마산회원구,회성동,2,"https://map.kakao.com/link/map/%EB%A7%88%EC%9E%AC%EA%B3%A0%EA%B0%9C,35.2417118,128.5369503",https://map.naver.com/p?lng=128.5369503&lat=35.2417118&zoom=18,422801,CWB379000637,35.241712,128.53695
마재고개,창원시마산회원구,회성동,2,"https://map.kakao.com/link/map/%EB%A7%88%EC%9E%AC%EA%B3%A0%EA%B0%9C,35.2418924,128.5369682",https://map.naver.com/p?lng=128.5369682&lat=35.2418924&zoom=18,422802,CWB379000641,35.241892,128.536968
보문주유소,창원시마산회원구,회성동,1,"https://map.kakao.com/link/map/%EB%B3%B4%EB%AC%B8%EC%A3%BC%EC%9C%A0%EC%86%8C,35.2323833,128.5654754",https://map.naver.com/p?lng=128.5654754&lat=35.2323833&zoom=18,408601,CWB379000770,35.232383,128.565475
서마산IC(사거리),창원시마산회원구,회성동,1,"https://map.kakao.com/link/map/%EC%84%9C%EB%A7%88%EC%82%B0IC%28%EC%82%AC%EA%B1%B0%EB%A6%AC%29,35.2322638,128.5644388",https://map.naver.com/p?lng=128.5644388&lat=35.2322638&zoom=18,407211,CWB379000772,35.232264,128.564439
자족형행정복합타운,창원시마산회원구,회성동,2,"https://map.kakao.com/link/map/%EC%9E%90%EC%A1%B1%ED%98%95%ED%96%89%EC%A0%95%EB%B3%B5%ED%95%A9%ED%83%80%EC%9A%B4,35.2351022,128.5528114",https://map.naver.com/p?lng=128.5528114&lat=35.2351022&zoom=18,407206,CWB379000732,35.235102,128.552811
자족형행정복합타운,창원시마산회원구,회성동,2,"https://map.kakao.com/link/map/%EC%9E%90%EC%A1%B1%ED%98%95%ED%96%89%EC%A0%95%EB%B3%B5%ED%95%A9%ED%83%80%EC%9A%B4,35.2354294,128.5522464",https://map.naver.com/p?lng=128.5522464&lat=35.2354294&zoom=18,407205,CWB379000729,35.235429,128.552246
한효국화맨션,창원시마산회원구,회성동,2,"https://map.kakao.com/link/map/%ED%95%9C%ED%9A%A8%EA%B5%AD%ED%99%94%EB%A7%A8%EC%85%98,35.2338786,128.5579704",https://map.naver.com/p?lng=128.5579704&lat=35.2338786&zoom=18,407208,CWB379000749,35.233879,128.55797
한효국화맨션,창원시마산회원구,회성동,2,"https://map.kakao.com/link/map/%ED%95%9C%ED%9A%A8%EA%B5%AD%ED%99%94%EB%A7%A8%EC%85%98,35.2342228,128.5568914",https://map.naver.com/p?lng=128.5568914&lat=35.2342228&zoom=18,407207,CWB379000744,35.234223,128.556891
회성동행정복지센터/합포여중,창원시마산회원구,회성동,2,"https://map.kakao.com/link/map/%ED%9A%8C%EC%84%B1%EB%8F%99%ED%96%89%EC%A0%95%EB%B3%B5%EC%A7%80%EC%84%BC%ED%84%B0%2F%ED%95%A9%ED%8F%AC%EC%97%AC%EC%A4%91,35.2334197,128.5612438",https://map.naver.com/p?lng=128.5612438&lat=35.2334197&zoom=18,407210,CWB379000758,35.23342,128.561244
회성동행정복지센터/합포여중,창원시마산회원구,회성동,2,"https://map.kakao.com/link/map/%ED%9A%8C%EC%84%B1%EB%8F%99%ED%96%89%EC%A0%95%EB%B3%B5%EC%A7%80%EC%84%BC%ED%84%B0%2F%ED%95%A9%ED%8F%AC%EC%97%AC%EC%A4%91,35.2336234,128.561141",https://map.naver.com/p?lng=128.561141&lat=35.2336234&zoom=18,407209,CWB379000754,35.233623,128.561141
동중입구,창원시마산회원구,회원1동,2,"https://map.kakao.com/link/map/%EB%8F%99%EC%A4%91%EC%9E%85%EA%B5%AC,35.2196053,128.5708317",https://map.naver.com/p?lng=128.5708317&lat=35.2196053&zoom=18,407221,CWB379000956,35.219605,128.570832
동중입구,창원시마산회원구,회원1동,2,"https://map.kakao.com/link/map/%EB%8F%99%EC%A4%91%EC%9E%85%EA%B5%AC,35.2184594,128.5705432",https://map.naver.com/p?lng=128.5705432&lat=35.2184594&zoom=18,407220,CWB379000981,35.218459,128.570543
동중후문,창원시마산회원구,회원1동,2,"https://map.kakao.com/link/map/%EB%8F%99%EC%A4%91%ED%9B%84%EB%AC%B8,35.2222885,128.5710904",https://map.naver.com/p?lng=128.5710904&lat=35.2222885&zoom=18,407219,CWB379000909,35.222288,128.57109
동중후문,창원시마산회원구,회원1동,2,"https://map.kakao.com/link/map/%EB%8F%99%EC%A4%91%ED%9B%84%EB%AC%B8,35.2208144,128.5707652",https://map.naver.com/p?lng=128.5707652&lat=35.2208144&zoom=18,407218,CWB379000935,35.220814,128.570765
무학여고,창원시마산회원구,회원1동,2,"https://map.kakao.com/link/map/%EB%AC%B4%ED%95%99%EC%97%AC%EA%B3%A0,35.2216803,128.5734731",https://map.naver.com/p?lng=128.5734731&lat=35.2216803&zoom=18,400105,CWB379000914,35.22168,128.573473
무학여고,창원시마산회원구,회원1동,2,"https://map.kakao.com/link/map/%EB%AC%B4%ED%95%99%EC%97%AC%EA%B3%A0,35.2224369,128.5735855",https://map.naver.com/p?lng=128.5735855&lat=35.2224369&zoom=18,400106,CWB379000904,35.222437,128.573586
버스회관,창원시마산회원구,회원1동,2,"https://map.kakao.com/link/map/%EB%B2%84%EC%8A%A4%ED%9A%8C%EA%B4%80,35.215959,128.5756138",https://map.naver.com/p?lng=128.5756138&lat=35.215959&zoom=18,400101,CWB379001022,35.215959,128.575614
버스회관,창원시마산회원구,회원1동,2,"https://map.kakao.com/link/map/%EB%B2%84%EC%8A%A4%ED%9A%8C%EA%B4%80,35.2164702,128.5757787",https://map.naver.com/p?lng=128.5757787&lat=35.2164702&zoom=18,400102,CWB379001016,35.21647,128.575779
석전사거리,창원시마산회원구,회원1동,2,"https://map.kakao.com/link/map/%EC%84%9D%EC%A0%84%EC%82%AC%EA%B1%B0%EB%A6%AC,35.2242974,128.5711982",https://map.naver.com/p?lng=128.5711982&lat=35.2242974&zoom=18,407217,CWB379000882,35.224297,128.571198
석전사거리,창원시마산회원구,회원1동,2,"https://map.kakao.com/link/map/%EC%84%9D%EC%A0%84%EC%82%AC%EA%B1%B0%EB%A6%AC,35.2245934,128.5709592",https://map.naver.com/p?lng=128.5709592&lat=35.2245934&zoom=18,407216,CWB379000879,35.224593,128.570959
회산교,창원시마산회원구,회원1동,1,"https://map.kakao.com/link/map/%ED%9A%8C%EC%82%B0%EA%B5%90,35.2164794,128.5703392",https://map.naver.com/p?lng=128.5703392&lat=35.2164794&zoom=18,407222,CWB379001017,35.216479,128.570339
회원1동,창원시마산회원구,회원1동,2,"https://map.kakao.com/link/map/%ED%9A%8C%EC%9B%901%EB%8F%99,35.2189105,128.5745036",https://map.naver.com/p?lng=128.5745036&lat=35.2189105&zoom=18,400103,CWB379000971,35.21891,128.574504
회원1동,창원시마산회원구,회원1동,2,"https://map.kakao.com/link/map/%ED%9A%8C%EC%9B%901%EB%8F%99,35.2192542,128.5747426",https://map.naver.com/p?lng=128.5747426&lat=35.2192542&zoom=18,400104,CWB379000962,35.219254,128.574743
삼학사,창원시마산회원구,회원2동,1,"https://map.kakao.com/link/map/%EC%82%BC%ED%95%99%EC%82%AC,35.2186309,128.560853",https://map.naver.com/p?lng=128.560853&lat=35.2186309&zoom=18,406103,CWB379000977,35.218631,128.560853
회원2동파출소,창원시마산회원구,회원2동,1,"https://map.kakao.com/link/map/%ED%9A%8C%EC%9B%902%EB%8F%99%ED%8C%8C%EC%B6%9C%EC%86%8C,35.2186694,128.5638082",https://map.naver.com/p?lng=128.5638082&lat=35.2186694&zoom=18,423001,CWB379000980,35.218669,128.563808
회원신협,창원시마산회원구,회원2동,1,"https://map.kakao.com/link/map/%ED%9A%8C%EC%9B%90%EC%8B%A0%ED%98%91,35.2184326,128.5649448",https://map.naver.com/p?lng=128.5649448&lat=35.2184326&zoom=18,423002,CWB379000983,35.218433,128.564945
회원초등학교,창원시마산회원구,회원2동,2,"https://map.kakao.com/link/map/%ED%9A%8C%EC%9B%90%EC%B4%88%EB%93%B1%ED%95%99%EA%B5%90,35.2184834,128.5671412",https://map.naver.com/p?lng=128.5671412&lat=35.2184834&zoom=18,423004,CWB379000978,35.218483,128.567141
회원초등학교,창원시마산회원구,회원2동,2,"https://map.kakao.com/link/map/%ED%9A%8C%EC%9B%90%EC%B4%88%EB%93%B1%ED%95%99%EA%B5%90,35.2187904,128.5679636",https://map.naver.com/p?lng=128.5679636&lat=35.2187904&zoom=18,423003,CWB379000976,35.21879,128.567964
가음정본동,창원시성산구,가음정동,1,"https://map.kakao.com/link/map/%EA%B0%80%EC%9D%8C%EC%A0%95%EB%B3%B8%EB%8F%99,35.2081344,128.6875982",https://map.naver.com/p?lng=128.6875982&lat=35.2081344&zoom=18,218813,CWB379001113,35.208134,128.687598
가음정사거리,창원시성산구,가음정동,1,"https://map.kakao.com/link/map/%EA%B0%80%EC%9D%8C%EC%A0%95%EC%82%AC%EA%B1%B0%EB%A6%AC,35.2052673,128.6926019",https://map.naver.com/p?lng=128.6926019&lat=35.2052673&zoom=18,218815,CWB379001158,35.205267,128.692602
가음정시장,창원시성산구,가음정동,1,"https://map.kakao.com/link/map/%EA%B0%80%EC%9D%8C%EC%A0%95%EC%8B%9C%EC%9E%A5,35.2100229,128.6957066",https://map.naver.com/p?lng=128.6957066&lat=35.2100229&zoom=18,114268,CWB379006105,35.210023,128.695707
가음정시장(더샵센트럴파크),창원시성산구,가음정동,1,"https://map.kakao.com/link/map/%EA%B0%80%EC%9D%8C%EC%A0%95%EC%8B%9C%EC%9E%A5%28%EB%8D%94%EC%83%B5%EC%84%BC%ED%8A%B8%EB%9F%B4%ED%8C%8C%ED%81%AC%29,35.2095016,128.6954459",https://map.naver.com/p?lng=128.6954459&lat=35.2095016&zoom=18,114269,CWB379006106,35.209502,128.695446
남산공원환승센터,창원시성산구,가음정동,1,"https://map.kakao.com/link/map/%EB%82%A8%EC%82%B0%EA%B3%B5%EC%9B%90%ED%99%98%EC%8A%B9%EC%84%BC%ED%84%B0,35.202255,128.6979112",https://map.naver.com/p?lng=128.6979112&lat=35.202255&zoom=18,218819,CWB379001220,35.202255,128.697911
남산동,창원시성산구,가음정동,1,"https://map.kakao.com/link/map/%EB%82%A8%EC%82%B0%EB%8F%99,35.2034822,128.6957247",https://map.naver.com/p?lng=128.6957247&lat=35.2034822&zoom=18,218817,CWB379001196,35.203482,128.695725
남산초등학교,창원시성산구,가음정동,2,"https://map.kakao.com/link/map/%EB%82%A8%EC%82%B0%EC%B4%88%EB%93%B1%ED%95%99%EA%B5%90,35.2060254,128.7028262",https://map.naver.com/p?lng=128.7028262&lat=35.2060254&zoom=18,200406,CWB379001141,35.206025,128.702826
남산초등학교,창원시성산구,가음정동,2,"https://map.kakao.com/link/map/%EB%82%A8%EC%82%B0%EC%B4%88%EB%93%B1%ED%95%99%EA%B5%90,35.2054904,128.7033702",https://map.naver.com/p?lng=128.7033702&lat=35.2054904&zoom=18,200405,CWB379001153,35.20549,128.70337
남양개나리3차아파트,창원시성산구,가음정동,1,"https://map.kakao.com/link/map/%EB%82%A8%EC%96%91%EA%B0%9C%EB%82%98%EB%A6%AC3%EC%B0%A8%EC%95%84%ED%8C%8C%ED%8A%B8,35.211166,128.7054671",https://map.naver.com/p?lng=128.7054671&lat=35.211166&zoom=18,219114,CWB379001056,35.211166,128.705467
남양동성APT.노인종합복지관,창원시성산구,가음정동,1,"https://map.kakao.com/link/map/%EB%82%A8%EC%96%91%EB%8F%99%EC%84%B1APT.%EB%85%B8%EC%9D%B8%EC%A2%85%ED%95%A9%EB%B3%B5%EC%A7%80%EA%B4%80,35.2146566,128.704464",https://map.naver.com/p?lng=128.704464&lat=35.2146566&zoom=18,219110,CWB379001015,35.214657,128.704464
남양동주택,창원시성산구,가음정동,1,"https://map.kakao.com/link/map/%EB%82%A8%EC%96%91%EB%8F%99%EC%A3%BC%ED%83%9D,35.2083556,128.706239",https://map.naver.com/p?lng=128.706239&lat=35.2083556&zoom=18,219116,CWB379001102,35.208356,128.706239
남양성원2차아파트,창원시성산구,가음정동,1,"https://map.kakao.com/link/map/%EB%82%A8%EC%96%91%EC%84%B1%EC%9B%902%EC%B0%A8%EC%95%84%ED%8C%8C%ED%8A%B8,35.2128814,128.7049846",https://map.naver.com/p?lng=128.7049846&lat=35.2128814&zoom=18,219112,CWB379001037,35.212881,128.704985
남양초등학교,창원시성산구,가음정동,1,"https://map.kakao.com/link/map/%EB%82%A8%EC%96%91%EC%B4%88%EB%93%B1%ED%95%99%EA%B5%90,35.2102334,128.6991202",https://map.naver.com/p?lng=128.6991202&lat=35.2102334&zoom=18,200401,CWB379001076,35.210233,128.69912
대방동성아파트,창원시성산구,가음정동,1,"https://map.kakao.com/link/map/%EB%8C%80%EB%B0%A9%EB%8F%99%EC%84%B1%EC%95%84%ED%8C%8C%ED%8A%B8,35.2038607,128.7058173",https://map.naver.com/p?lng=128.7058173&lat=35.2038607&zoom=18,219120,CWB379001183,35.203861,128.705817
대방동종점,창원시성산구,가음정동,2,"https://map.kakao.com/link/map/%EB%8C%80%EB%B0%A9%EB%8F%99%EC%A2%85%EC%A0%90,35.2034947,128.7044454",https://map.naver.com/p?lng=128.7044454&lat=35.2034947&zoom=18,200408,CWB379001189,35.203495,128.704445
대방동종점,창원시성산구,가음정동,2,"https://map.kakao.com/link/map/%EB%8C%80%EB%B0%A9%EB%8F%99%EC%A2%85%EC%A0%90,35.2037207,128.7043979",https://map.naver.com/p?lng=128.7043979&lat=35.2037207&zoom=18,200409,CWB379005462,35.203721,128.704398
더샵센트럴파크1단지,창원시성산구,가음정동,1,"https://map.kakao.com/link/map/%EB%8D%94%EC%83%B5%EC%84%BC%ED%8A%B8%EB%9F%B4%ED%8C%8C%ED%81%AC1%EB%8B%A8%EC%A7%80,35.2089743,128.7004024",https://map.naver.com/p?lng=128.7004024&lat=35.2089743&zoom=18,200404,CWB379001098,35.208974,128.700402
더샵센트럴파크2단지,창원시성산구,가음정동,1,"https://map.kakao.com/link/map/%EB%8D%94%EC%83%B5%EC%84%BC%ED%8A%B8%EB%9F%B4%ED%8C%8C%ED%81%AC2%EB%8B%A8%EC%A7%80,35.2100425,128.6990684",https://map.naver.com/p?lng=128.6990684&lat=35.2100425&zoom=18,200402,CWB379001082,35.210042,128.699068
상남도서관,창원시성산구,가음정동,1,"https://map.kakao.com/link/map/%EC%83%81%EB%82%A8%EB%8F%84%EC%84%9C%EA%B4%80,35.2140248,128.6961549",https://map.naver.com/p?lng=128.6961549&lat=35.2140248&zoom=18,114266,CWB379006103,35.214025,128.696155
상남도서관(한림.우성아파트),창원시성산구,가음정동,1,"https://map.kakao.com/link/map/%EC%83%81%EB%82%A8%EB%8F%84%EC%84%9C%EA%B4%80%28%ED%95%9C%EB%A6%BC.%EC%9A%B0%EC%84%B1%EC%95%84%ED%8C%8C%ED%8A%B8%29,35.213436,128.6966863",https://map.naver.com/p?lng=128.6966863&lat=35.213436&zoom=18,114267,CWB379006104,35.213436,128.696686
소라아파트,창원시성산구,가음정동,1,"https://map.kakao.com/link/map/%EC%86%8C%EB%9D%BC%EC%95%84%ED%8C%8C%ED%8A%B8,35.2079234,128.687179",https://map.naver.com/p?lng=128.687179&lat=35.2079234&zoom=18,218820,CWB379001106,35.207923,128.687179
안남중학교,창원시성산구,가음정동,1,"https://map.kakao.com/link/map/%EC%95%88%EB%82%A8%EC%A4%91%ED%95%99%EA%B5%90,35.2055996,128.7067114",https://map.naver.com/p?lng=128.7067114&lat=35.2055996&zoom=18,219118,CWB379001148,35.2056,128.706711
장미공원,창원시성산구,가음정동,1,"https://map.kakao.com/link/map/%EC%9E%A5%EB%AF%B8%EA%B3%B5%EC%9B%90,35.2078604,128.6939047",https://map.naver.com/p?lng=128.6939047&lat=35.2078604&zoom=18,114270,CWB379006107,35.20786,128.693905
장미공원(가음은아아파트),창원시성산구,가음정동,1,"https://map.kakao.com/link/map/%EC%9E%A5%EB%AF%B8%EA%B3%B5%EC%9B%90%28%EA%B0%80%EC%9D%8C%EC%9D%80%EC%95%84%EC%95%84%ED%8C%8C%ED%8A%B8%29,35.2072793,128.6935715",https://map.naver.com/p?lng=128.6935715&lat=35.2072793&zoom=18,114271,CWB379006108,35.207279,128.693571
창원남중,창원시성산구,가음정동,1,"https://map.kakao.com/link/map/%EC%B0%BD%EC%9B%90%EB%82%A8%EC%A4%91,35.2115334,128.6816882",https://map.naver.com/p?lng=128.6816882&lat=35.2115334&zoom=18,218811,CWB379001060,35.211533,128.681688
피오르빌아파트,창원시성산구,가음정동,1,"https://map.kakao.com/link/map/%ED%94%BC%EC%98%A4%EB%A5%B4%EB%B9%8C%EC%95%84%ED%8C%8C%ED%8A%B8,35.2087974,128.7008648",https://map.naver.com/p?lng=128.7008648&lat=35.2087974&zoom=18,200403,CWB379001101,35.208797,128.700865
교통문화연수원,창원시성산구,반송동,1,"https://map.kakao.com/link/map/%EA%B5%90%ED%86%B5%EB%AC%B8%ED%99%94%EC%97%B0%EC%88%98%EC%9B%90,35.2362648,128.6715575",https://map.naver.com/p?lng=128.6715575&lat=35.2362648&zoom=18,106507,CWB379000693,35.236265,128.671558
노블파크아파트,창원시성산구,반송동,1,"https://map.kakao.com/link/map/%EB%85%B8%EB%B8%94%ED%8C%8C%ED%81%AC%EC%95%84%ED%8C%8C%ED%8A%B8,35.2348745,128.6669673",https://map.naver.com/p?lng=128.6669673&lat=35.2348745&zoom=18,114251,CWB379006088,35.234874,128.666967
럭키아파트,창원시성산구,반송동,2,"https://map.kakao.com/link/map/%EB%9F%AD%ED%82%A4%EC%95%84%ED%8C%8C%ED%8A%B8,35.2378574,128.6681742",https://map.naver.com/p?lng=128.6681742&lat=35.2378574&zoom=18,106505,CWB379000668,35.237857,128.668174
럭키아파트,창원시성산구,반송동,2,"https://map.kakao.com/link/map/%EB%9F%AD%ED%82%A4%EC%95%84%ED%8C%8C%ED%8A%B8,35.2376294,128.6682044",https://map.naver.com/p?lng=128.6682044&lat=35.2376294&zoom=18,106506,CWB379000672,35.237629,128.668204
문성고등학교,창원시성산구,반송동,1,"https://map.kakao.com/link/map/%EB%AC%B8%EC%84%B1%EA%B3%A0%EB%93%B1%ED%95%99%EA%B5%90,35.2374361,128.6618954",https://map.naver.com/p?lng=128.6618954&lat=35.2374361&zoom=18,114249,CWB379006086,35.237436,128.661895
반림현대건설아파트,창원시성산구,반송동,1,"https://map.kakao.com/link/map/%EB%B0%98%EB%A6%BC%ED%98%84%EB%8C%80%EA%B1%B4%EC%84%A4%EC%95%84%ED%8C%8C%ED%8A%B8,35.2361683,128.6744651",https://map.naver.com/p?lng=128.6744651&lat=35.2361683&zoom=18,106509,CWB379000694,35.236168,128.674465
반림현대산업아파트,창원시성산구,반송동,1,"https://map.kakao.com/link/map/%EB%B0%98%EB%A6%BC%ED%98%84%EB%8C%80%EC%82%B0%EC%97%85%EC%95%84%ED%8C%8C%ED%8A%B8,35.2366765,128.6772916",https://map.naver.com/p?lng=128.6772916&lat=35.2366765&zoom=18,106512,CWB379000686,35.236676,128.677292
반송시장.아이필상가,창원시성산구,반송동,1,"https://map.kakao.com/link/map/%EB%B0%98%EC%86%A1%EC%8B%9C%EC%9E%A5.%EC%95%84%EC%9D%B4%ED%95%84%EC%83%81%EA%B0%80,35.2361198,128.6718793",https://map.naver.com/p?lng=128.6718793&lat=35.2361198&zoom=18,106508,CWB379000696,35.23612,128.671879
반송여중,창원시성산구,반송동,1,"https://map.kakao.com/link/map/%EB%B0%98%EC%86%A1%EC%97%AC%EC%A4%91,35.2360272,128.6743718",https://map.naver.com/p?lng=128.6743718&lat=35.2360272&zoom=18,106510,CWB379000700,35.236027,128.674372
시티7,창원시성산구,반송동,1,"https://map.kakao.com/link/map/%EC%8B%9C%ED%8B%B07,35.2409504,128.6537091",https://map.naver.com/p?lng=128.6537091&lat=35.2409504&zoom=18,114245,CWB379006082,35.24095,128.653709
시티7(가로변),창원시성산구,반송동,1,"https://map.kakao.com/link/map/%EC%8B%9C%ED%8B%B07%28%EA%B0%80%EB%A1%9C%EB%B3%80%29,35.2412165,128.6533388",https://map.naver.com/p?lng=128.6533388&lat=35.2412165&zoom=18,114213,CWB379000632,35.241216,128.653339
운동장사거리,창원시성산구,반송동,2,"https://map.kakao.com/link/map/%EC%9A%B4%EB%8F%99%EC%9E%A5%EC%82%AC%EA%B1%B0%EB%A6%AC,35.2375576,128.6648924",https://map.naver.com/p?lng=128.6648924&lat=35.2375576&zoom=18,119905,CWB379000673,35.237558,128.664892
운동장사거리,창원시성산구,반송동,2,"https://map.kakao.com/link/map/%EC%9A%B4%EB%8F%99%EC%9E%A5%EC%82%AC%EA%B1%B0%EB%A6%AC,35.2373588,128.6650093",https://map.naver.com/p?lng=128.6650093&lat=35.2373588&zoom=18,119902,CWB379000678,35.237359,128.665009
창원컨벤션센터,창원시성산구,반송동,1,"https://map.kakao.com/link/map/%EC%B0%BD%EC%9B%90%EC%BB%A8%EB%B2%A4%EC%85%98%EC%84%BC%ED%84%B0,35.2392207,128.6579388",https://map.naver.com/p?lng=128.6579388&lat=35.2392207&zoom=18,114247,CWB379006084,35.239221,128.657939
트리비앙아파트(한국폴리텍대학),창원시성산구,반송동,1,"https://map.kakao.com/link/map/%ED%8A%B8%EB%A6%AC%EB%B9%84%EC%95%99%EC%95%84%ED%8C%8C%ED%8A%B8%28%ED%95%9C%EA%B5%AD%ED%8F%B4%EB%A6%AC%ED%85%8D%EB%8C%80%ED%95%99%29,35.2326737,128.6713433",https://map.naver.com/p?lng=128.6713433&lat=35.2326737&zoom=18,114253,CWB379006090,35.232674,128.671343
검찰청,창원시성산구,사파동,2,"https://map.kakao.com/link/map/%EA%B2%80%EC%B0%B0%EC%B2%AD,35.225744,128.698655",https://map.naver.com/p?lng=128.698655&lat=35.225744&zoom=18,219103,CWB379000844,35.225744,128.698655
검찰청,창원시성산구,사파동,2,"https://map.kakao.com/link/map/%EA%B2%80%EC%B0%B0%EC%B2%AD,35.2260625,128.6979892",https://map.naver.com/p?lng=128.6979892&lat=35.2260625&zoom=18,219102,CWB379000841,35.226062,128.697989
대동백화점,창원시성산구,사파동,1,"https://map.kakao.com/link/map/%EB%8C%80%EB%8F%99%EB%B0%B1%ED%99%94%EC%A0%90,35.219972,128.6921878",https://map.naver.com/p?lng=128.6921878&lat=35.219972&zoom=18,114263,CWB379006100,35.219972,128.692188
대방대동아파트,창원시성산구,사파동,2,"https://map.kakao.com/link/map/%EB%8C%80%EB%B0%A9%EB%8C%80%EB%8F%99%EC%95%84%ED%8C%8C%ED%8A%B8,35.2119343,128.71027",https://map.naver.com/p?lng=128.71027&lat=35.2119343&zoom=18,203910,CWB379001042,35.211934,128.71027
대방대동아파트,창원시성산구,사파동,2,"https://map.kakao.com/link/map/%EB%8C%80%EB%B0%A9%EB%8C%80%EB%8F%99%EC%95%84%ED%8C%8C%ED%8A%B8,35.2122104,128.7098832",https://map.naver.com/p?lng=128.7098832&lat=35.2122104&zoom=18,203909,CWB379001045,35.21221,128.709883
대방덕산2차아파트,창원시성산구,사파동,1,"https://map.kakao.com/link/map/%EB%8C%80%EB%B0%A9%EB%8D%95%EC%82%B02%EC%B0%A8%EC%95%84%ED%8C%8C%ED%8A%B8,35.2039253,128.7095729",https://map.naver.com/p?lng=128.7095729&lat=35.2039253&zoom=18,203901,CWB379001181,35.203925,128.709573
대방덕산아파트,창원시성산구,사파동,1,"https://map.kakao.com/link/map/%EB%8C%80%EB%B0%A9%EB%8D%95%EC%82%B0%EC%95%84%ED%8C%8C%ED%8A%B8,35.2129662,128.7053084",https://map.naver.com/p?lng=128.7053084&lat=35.2129662&zoom=18,219113,CWB379001030,35.212966,128.705308
대방동성아파트,창원시성산구,사파동,1,"https://map.kakao.com/link/map/%EB%8C%80%EB%B0%A9%EB%8F%99%EC%84%B1%EC%95%84%ED%8C%8C%ED%8A%B8,35.2035321,128.7060051",https://map.naver.com/p?lng=128.7060051&lat=35.2035321&zoom=18,219121,CWB379001190,35.203532,128.706005
대방중학교,창원시성산구,사파동,1,"https://map.kakao.com/link/map/%EB%8C%80%EB%B0%A9%EC%A4%91%ED%95%99%EA%B5%90,35.2083214,128.7066096",https://map.naver.com/p?lng=128.7066096&lat=35.2083214&zoom=18,219117,CWB379001103,35.208321,128.70661
대방초등학교,창원시성산구,사파동,1,"https://map.kakao.com/link/map/%EB%8C%80%EB%B0%A9%EC%B4%88%EB%93%B1%ED%95%99%EA%B5%90,35.2111593,128.7058159",https://map.naver.com/p?lng=128.7058159&lat=35.2111593&zoom=18,219115,CWB379001057,35.211159,128.705816
대방황토방아파트,창원시성산구,사파동,1,"https://map.kakao.com/link/map/%EB%8C%80%EB%B0%A9%ED%99%A9%ED%86%A0%EB%B0%A9%EC%95%84%ED%8C%8C%ED%8A%B8,35.2078138,128.7102224",https://map.naver.com/p?lng=128.7102224&lat=35.2078138&zoom=18,203905,CWB379001112,35.207814,128.710222
대암고교,창원시성산구,사파동,1,"https://map.kakao.com/link/map/%EB%8C%80%EC%95%94%EA%B3%A0%EA%B5%90,35.2078815,128.7105001",https://map.naver.com/p?lng=128.7105001&lat=35.2078815&zoom=18,203906,CWB379001109,35.207882,128.7105
사파동,창원시성산구,사파동,2,"https://map.kakao.com/link/map/%EC%82%AC%ED%8C%8C%EB%8F%99,35.2210781,128.7012886",https://map.naver.com/p?lng=128.7012886&lat=35.2210781&zoom=18,219107,CWB379000895,35.221078,128.701289
사파동,창원시성산구,사파동,2,"https://map.kakao.com/link/map/%EC%82%AC%ED%8C%8C%EB%8F%99,35.2212467,128.7008441",https://map.naver.com/p?lng=128.7008441&lat=35.2212467&zoom=18,219106,CWB379000893,35.221247,128.700844
사파동성아파트,창원시성산구,사파동,2,"https://map.kakao.com/link/map/%EC%82%AC%ED%8C%8C%EB%8F%99%EC%84%B1%EC%95%84%ED%8C%8C%ED%8A%B8,35.2183394,128.7023822",https://map.naver.com/p?lng=128.7023822&lat=35.2183394&zoom=18,219109,CWB379000945,35.218339,128.702382
사파동성아파트,창원시성산구,사파동,2,"https://map.kakao.com/link/map/%EC%82%AC%ED%8C%8C%EB%8F%99%EC%84%B1%EC%95%84%ED%8C%8C%ED%8A%B8,35.2182261,128.7019847",https://map.naver.com/p?lng=128.7019847&lat=35.2182261&zoom=18,219108,CWB379000946,35.218226,128.701985
사파동행정복지센터,창원시성산구,사파동,2,"https://map.kakao.com/link/map/%EC%82%AC%ED%8C%8C%EB%8F%99%ED%96%89%EC%A0%95%EB%B3%B5%EC%A7%80%EC%84%BC%ED%84%B0,35.2152534,128.7089232",https://map.naver.com/p?lng=128.7089232&lat=35.2152534&zoom=18,203912,CWB379001002,35.215253,128.708923
사파동행정복지센터,창원시성산구,사파동,2,"https://map.kakao.com/link/map/%EC%82%AC%ED%8C%8C%EB%8F%99%ED%96%89%EC%A0%95%EB%B3%B5%EC%A7%80%EC%84%BC%ED%84%B0,35.2146885,128.7089155",https://map.naver.com/p?lng=128.7089155&lat=35.2146885&zoom=18,203911,CWB379001006,35.214688,128.708915
삼익아파트,창원시성산구,사파동,1,"https://map.kakao.com/link/map/%EC%82%BC%EC%9D%B5%EC%95%84%ED%8C%8C%ED%8A%B8,35.2166754,128.694475",https://map.naver.com/p?lng=128.694475&lat=35.2166754&zoom=18,114265,CWB379006102,35.216675,128.694475
성원3차APT.노인종합복지관,창원시성산구,사파동,3,"https://map.kakao.com/link/map/%EC%84%B1%EC%9B%903%EC%B0%A8APT.%EB%85%B8%EC%9D%B8%EC%A2%85%ED%95%A9%EB%B3%B5%EC%A7%80%EA%B4%80,35.215684,128.7058056",https://map.naver.com/p?lng=128.7058056&lat=35.215684&zoom=18,203913,CWB379000995,35.215684,128.705806
성원3차APT.노인종합복지관,창원시성산구,사파동,3,"https://map.kakao.com/link/map/%EC%84%B1%EC%9B%903%EC%B0%A8APT.%EB%85%B8%EC%9D%B8%EC%A2%85%ED%95%A9%EB%B3%B5%EC%A7%80%EA%B4%80,35.2154917,128.7058828",https://map.naver.com/p?lng=128.7058828&lat=35.2154917&zoom=18,203914,CWB379000999,35.215492,128.705883
성원3차APT.노인종합복지관,창원시성산구,사파동,3,"https://map.kakao.com/link/map/%EC%84%B1%EC%9B%903%EC%B0%A8APT.%EB%85%B8%EC%9D%B8%EC%A2%85%ED%95%A9%EB%B3%B5%EC%A7%80%EA%B4%80,35.2148082,128.7048219",https://map.naver.com/p?lng=128.7048219&lat=35.2148082&zoom=18,219111,CWB379001010,35.214808,128.704822
안남중학교,창원시성산구,사파동,1,"https://map.kakao.com/link/map/%EC%95%88%EB%82%A8%EC%A4%91%ED%95%99%EA%B5%90,35.205433,128.7070517",https://map.naver.com/p?lng=128.7070517&lat=35.205433&zoom=18,219119,CWB379001154,35.205433,128.707052
창원축구센터.법원,창원시성산구,사파동,2,"https://map.kakao.com/link/map/%EC%B0%BD%EC%9B%90%EC%B6%95%EA%B5%AC%EC%84%BC%ED%84%B0.%EB%B2%95%EC%9B%90,35.2233782,128.7003512",https://map.naver.com/p?lng=128.7003512&lat=35.2233782&zoom=18,219105,CWB379000870,35.223378,128.700351
창원축구센터.법원,창원시성산구,사파동,2,"https://map.kakao.com/link/map/%EC%B0%BD%EC%9B%90%EC%B6%95%EA%B5%AC%EC%84%BC%ED%84%B0.%EB%B2%95%EC%9B%90,35.2232994,128.6999664",https://map.naver.com/p?lng=128.6999664&lat=35.2232994&zoom=18,219104,CWB379000872,35.223299,128.699966
토월체육공원,창원시성산구,사파동,1,"https://map.kakao.com/link/map/%ED%86%A0%EC%9B%94%EC%B2%B4%EC%9C%A1%EA%B3%B5%EC%9B%90,35.2313995,128.6950805",https://map.naver.com/p?lng=128.6950805&lat=35.2313995&zoom=18,119131,CWB379000764,35.2314,128.69508
경창상가,창원시성산구,상남동,1,"https://map.kakao.com/link/map/%EA%B2%BD%EC%B0%BD%EC%83%81%EA%B0%80,35.2196027,128.6796226",https://map.naver.com/p?lng=128.6796226&lat=35.2196027&zoom=18,208904,CWB379000931,35.219603,128.679623
대동백화점,창원시성산구,상남동,1,"https://map.kakao.com/link/map/%EB%8C%80%EB%8F%99%EB%B0%B1%ED%99%94%EC%A0%90,35.2205007,128.691441",https://map.naver.com/p?lng=128.691441&lat=35.2205007&zoom=18,114262,CWB379006099,35.220501,128.691441
상남꿈에그린아파트,창원시성산구,상남동,1,"https://map.kakao.com/link/map/%EC%83%81%EB%82%A8%EA%BF%88%EC%97%90%EA%B7%B8%EB%A6%B0%EC%95%84%ED%8C%8C%ED%8A%B8,35.2150334,128.6819772",https://map.naver.com/p?lng=128.6819772&lat=35.2150334&zoom=18,220404,CWB379001014,35.215033,128.681977
상남대우아파트,창원시성산구,상남동,1,"https://map.kakao.com/link/map/%EC%83%81%EB%82%A8%EB%8C%80%EC%9A%B0%EC%95%84%ED%8C%8C%ED%8A%B8,35.2185264,128.6807132",https://map.naver.com/p?lng=128.6807132&lat=35.2185264&zoom=18,209001,CWB379000948,35.218526,128.680713
상남시장(은아아파트),창원시성산구,상남동,1,"https://map.kakao.com/link/map/%EC%83%81%EB%82%A8%EC%8B%9C%EC%9E%A5%28%EC%9D%80%EC%95%84%EC%95%84%ED%8C%8C%ED%8A%B8%29,35.2243963,128.6856159",https://map.naver.com/p?lng=128.6856159&lat=35.2243963&zoom=18,114258,CWB379006095,35.224396,128.685616
수협경남금융본부,창원시성산구,상남동,1,"https://map.kakao.com/link/map/%EC%88%98%ED%98%91%EA%B2%BD%EB%82%A8%EA%B8%88%EC%9C%B5%EB%B3%B8%EB%B6%80,35.2236624,128.6830257",https://map.naver.com/p?lng=128.6830257&lat=35.2236624&zoom=18,208906,CWB379000871,35.223662,128.683026
시민생활체육관,창원시성산구,상남동,1,"https://map.kakao.com/link/map/%EC%8B%9C%EB%AF%BC%EC%83%9D%ED%99%9C%EC%B2%B4%EC%9C%A1%EA%B4%80,35.2226912,128.6886558",https://map.naver.com/p?lng=128.6886558&lat=35.2226912&zoom=18,114260,CWB379006097,35.222691,128.688656
외동초등학교,창원시성산구,상남동,1,"https://map.kakao.com/link/map/%EC%99%B8%EB%8F%99%EC%B4%88%EB%93%B1%ED%95%99%EA%B5%90,35.2168054,128.6823582",https://map.naver.com/p?lng=128.6823582&lat=35.2168054&zoom=18,220402,CWB379000987,35.216805,128.682358
토월성원아파트,창원시성산구,상남동,1,"https://map.kakao.com/link/map/%ED%86%A0%EC%9B%94%EC%84%B1%EC%9B%90%EC%95%84%ED%8C%8C%ED%8A%B8,35.2171938,128.6939778",https://map.naver.com/p?lng=128.6939778&lat=35.2171938&zoom=18,114264,CWB379006101,35.217194,128.693978
가음정사거리,창원시성산구,성주동,1,"https://map.kakao.com/link/map/%EA%B0%80%EC%9D%8C%EC%A0%95%EC%82%AC%EA%B1%B0%EB%A6%AC,35.2047502,128.6926844",https://map.naver.com/p?lng=128.6926844&lat=35.2047502&zoom=18,218822,CWB379001163,35.20475,128.692684
남산버스정류소,창원시성산구,성주동,1,"https://map.kakao.com/link/map/%EB%82%A8%EC%82%B0%EB%B2%84%EC%8A%A4%EC%A0%95%EB%A5%98%EC%86%8C,35.2021634,128.6971192",https://map.naver.com/p?lng=128.6971192&lat=35.2021634&zoom=18,218824,CWB379001213,35.202163,128.697119
대동한솔마을아파트,창원시성산구,성주동,2,"https://map.kakao.com/link/map/%EB%8C%80%EB%8F%99%ED%95%9C%EC%86%94%EB%A7%88%EC%9D%84%EC%95%84%ED%8C%8C%ED%8A%B8,35.1849194,128.6927812",https://map.naver.com/p?lng=128.6927812&lat=35.1849194&zoom=18,210703,CWB379001379,35.184919,128.692781
대동한솔마을아파트,창원시성산구,성주동,2,"https://map.kakao.com/link/map/%EB%8C%80%EB%8F%99%ED%95%9C%EC%86%94%EB%A7%88%EC%9D%84%EC%95%84%ED%8C%8C%ED%8A%B8,35.1847734,128.6929332",https://map.naver.com/p?lng=128.6929332&lat=35.1847734&zoom=18,210704,CWB379001380,35.184773,128.692933
대방동성아파트,창원시성산구,성주동,1,"https://map.kakao.com/link/map/%EB%8C%80%EB%B0%A9%EB%8F%99%EC%84%B1%EC%95%84%ED%8C%8C%ED%8A%B8,35.2030425,128.7059709",https://map.naver.com/p?lng=128.7059709&lat=35.2030425&zoom=18,218835,CWB379003399,35.203042,128.705971
대우1차아파트,창원시성산구,성주동,1,"https://map.kakao.com/link/map/%EB%8C%80%EC%9A%B01%EC%B0%A8%EC%95%84%ED%8C%8C%ED%8A%B8,35.2008312,128.6995216",https://map.naver.com/p?lng=128.6995216&lat=35.2008312&zoom=18,218826,CWB379001231,35.200831,128.699522
삼성그린빌,창원시성산구,성주동,2,"https://map.kakao.com/link/map/%EC%82%BC%EC%84%B1%EA%B7%B8%EB%A6%B0%EB%B9%8C,35.1863794,128.6943702",https://map.naver.com/p?lng=128.6943702&lat=35.1863794&zoom=18,210705,CWB379001367,35.186379,128.69437
삼성그린빌,창원시성산구,성주동,2,"https://map.kakao.com/link/map/%EC%82%BC%EC%84%B1%EA%B7%B8%EB%A6%B0%EB%B9%8C,35.1863264,128.6945872",https://map.naver.com/p?lng=128.6945872&lat=35.1863264&zoom=18,210706,CWB379001368,35.186326,128.694587
선돌,창원시성산구,성주동,2,"https://map.kakao.com/link/map/%EC%84%A0%EB%8F%8C,35.1931934,128.6967729",https://map.naver.com/p?lng=128.6967729&lat=35.1931934&zoom=18,209303,CWB379001316,35.193193,128.696773
선돌,창원시성산구,성주동,2,"https://map.kakao.com/link/map/%EC%84%A0%EB%8F%8C,35.1936744,128.6976382",https://map.naver.com/p?lng=128.6976382&lat=35.1936744&zoom=18,209304,CWB379001305,35.193674,128.697638
성산구청,창원시성산구,성주동,2,"https://map.kakao.com/link/map/%EC%84%B1%EC%82%B0%EA%B5%AC%EC%B2%AD,35.1985354,128.7013222",https://map.naver.com/p?lng=128.7013222&lat=35.1985354&zoom=18,209307,CWB379001260,35.198535,128.701322
성산구청,창원시성산구,성주동,2,"https://map.kakao.com/link/map/%EC%84%B1%EC%82%B0%EA%B5%AC%EC%B2%AD,35.1983964,128.7015842",https://map.naver.com/p?lng=128.7015842&lat=35.1983964&zoom=18,209306,CWB379001261,35.198396,128.701584
성주고가도로입구,창원시성산구,성주동,1,"https://map.kakao.com/link/map/%EC%84%B1%EC%A3%BC%EA%B3%A0%EA%B0%80%EB%8F%84%EB%A1%9C%EC%9E%85%EA%B5%AC,35.1958734,128.6990532",https://map.naver.com/p?lng=128.6990532&lat=35.1958734&zoom=18,209305,CWB379001286,35.195873,128.699053
성주동행정복지센터,창원시성산구,성주동,3,"https://map.kakao.com/link/map/%EC%84%B1%EC%A3%BC%EB%8F%99%ED%96%89%EC%A0%95%EB%B3%B5%EC%A7%80%EC%84%BC%ED%84%B0,35.1883124,128.6944986",https://map.naver.com/p?lng=128.6944986&lat=35.1883124&zoom=18,201226,CWB379001349,35.188312,128.694499
성주동행정복지센터,창원시성산구,성주동,3,"https://map.kakao.com/link/map/%EC%84%B1%EC%A3%BC%EB%8F%99%ED%96%89%EC%A0%95%EB%B3%B5%EC%A7%80%EC%84%BC%ED%84%B0,35.1896821,128.6941925",https://map.naver.com/p?lng=128.6941925&lat=35.1896821&zoom=18,209301,CWB379001339,35.189682,128.694193
성주동행정복지센터,창원시성산구,성주동,3,"https://map.kakao.com/link/map/%EC%84%B1%EC%A3%BC%EB%8F%99%ED%96%89%EC%A0%95%EB%B3%B5%EC%A7%80%EC%84%BC%ED%84%B0,35.1898155,128.6932875",https://map.naver.com/p?lng=128.6932875&lat=35.1898155&zoom=18,201225,CWB379001338,35.189816,128.693288
성주사역 환승센터,창원시성산구,성주동,2,"https://map.kakao.com/link/map/%EC%84%B1%EC%A3%BC%EC%82%AC%EC%97%AD%20%ED%99%98%EC%8A%B9%EC%84%BC%ED%84%B0,35.1883835,128.6930475",https://map.naver.com/p?lng=128.6930475&lat=35.1883835&zoom=18,201239,CWB379005461,35.188384,128.693048
성주사역 환승센터,창원시성산구,성주동,2,"https://map.kakao.com/link/map/%EC%84%B1%EC%A3%BC%EC%82%AC%EC%97%AD%20%ED%99%98%EC%8A%B9%EC%84%BC%ED%84%B0,35.1884413,128.6927824",https://map.naver.com/p?lng=128.6927824&lat=35.1884413&zoom=18,201240,CWB379005460,35.188441,128.692782
성주프리빌리지아파트,창원시성산구,성주동,1,"https://map.kakao.com/link/map/%EC%84%B1%EC%A3%BC%ED%94%84%EB%A6%AC%EB%B9%8C%EB%A6%AC%EC%A7%80%EC%95%84%ED%8C%8C%ED%8A%B8,35.2036224,128.7091482",https://map.naver.com/p?lng=128.7091482&lat=35.2036224&zoom=18,203902,CWB379001187,35.203622,128.709148
신우에이스타운,창원시성산구,성주동,2,"https://map.kakao.com/link/map/%EC%8B%A0%EC%9A%B0%EC%97%90%EC%9D%B4%EC%8A%A4%ED%83%80%EC%9A%B4,35.1856365,128.6898419",https://map.naver.com/p?lng=128.6898419&lat=35.1856365&zoom=18,210701,CWB379001374,35.185636,128.689842
신우에이스타운,창원시성산구,성주동,2,"https://map.kakao.com/link/map/%EC%8B%A0%EC%9A%B0%EC%97%90%EC%9D%B4%EC%8A%A4%ED%83%80%EC%9A%B4,35.1855238,128.6896654",https://map.naver.com/p?lng=128.6896654&lat=35.1855238&zoom=18,210702,CWB379001377,35.185524,128.689665
안민교삼거리,창원시성산구,성주동,1,"https://map.kakao.com/link/map/%EC%95%88%EB%AF%BC%EA%B5%90%EC%82%BC%EA%B1%B0%EB%A6%AC,35.1911771,128.695474",https://map.naver.com/p?lng=128.695474&lat=35.1911771&zoom=18,209302,CWB379001326,35.191177,128.695474
안민초등학교,창원시성산구,성주동,2,"https://map.kakao.com/link/map/%EC%95%88%EB%AF%BC%EC%B4%88%EB%93%B1%ED%95%99%EA%B5%90,35.1878369,128.6883047",https://map.naver.com/p?lng=128.6883047&lat=35.1878369&zoom=18,210802,CWB379001358,35.187837,128.688305
안민초등학교,창원시성산구,성주동,2,"https://map.kakao.com/link/map/%EC%95%88%EB%AF%BC%EC%B4%88%EB%93%B1%ED%95%99%EA%B5%90,35.1879418,128.6883782",https://map.naver.com/p?lng=128.6883782&lat=35.1879418&zoom=18,210801,CWB379001357,35.187942,128.688378
안민터널사거리,창원시성산구,성주동,2,"https://map.kakao.com/link/map/%EC%95%88%EB%AF%BC%ED%84%B0%EB%84%90%EC%82%AC%EA%B1%B0%EB%A6%AC,35.1841044,128.7024047",https://map.naver.com/p?lng=128.7024047&lat=35.1841044&zoom=18,201237,CWB379005392,35.184104,128.702405
안민터널사거리,창원시성산구,성주동,2,"https://map.kakao.com/link/map/%EC%95%88%EB%AF%BC%ED%84%B0%EB%84%90%EC%82%AC%EA%B1%B0%EB%A6%AC,35.1838696,128.7026354",https://map.naver.com/p?lng=128.7026354&lat=35.1838696&zoom=18,201236,CWB379003494,35.18387,128.702635
청솔아파트종점,창원시성산구,성주동,2,"https://map.kakao.com/link/map/%EC%B2%AD%EC%86%94%EC%95%84%ED%8C%8C%ED%8A%B8%EC%A2%85%EC%A0%90,35.1874511,128.6891502",https://map.naver.com/p?lng=128.6891502&lat=35.1874511&zoom=18,210804,CWB379001363,35.187451,128.68915
청솔아파트종점,창원시성산구,성주동,2,"https://map.kakao.com/link/map/%EC%B2%AD%EC%86%94%EC%95%84%ED%8C%8C%ED%8A%B8%EC%A2%85%EC%A0%90,35.1877027,128.688881",https://map.naver.com/p?lng=128.688881&lat=35.1877027&zoom=18,210803,CWB379001361,35.187703,128.688881
풍산산업,창원시성산구,성주동,2,"https://map.kakao.com/link/map/%ED%92%8D%EC%82%B0%EC%82%B0%EC%97%85,35.1921834,128.6886462",https://map.naver.com/p?lng=128.6886462&lat=35.1921834&zoom=18,201224,CWB379001318,35.192183,128.688646
풍산산업,창원시성산구,성주동,2,"https://map.kakao.com/link/map/%ED%92%8D%EC%82%B0%EC%82%B0%EC%97%85,35.1926074,128.6884351",https://map.naver.com/p?lng=128.6884351&lat=35.1926074&zoom=18,201223,CWB379001317,35.192607,128.688435
경남도청/국가데이터처,창원시성산구,용지동,1,"https://map.kakao.com/link/map/%EA%B2%BD%EB%82%A8%EB%8F%84%EC%B2%AD%2F%EA%B5%AD%EA%B0%80%EB%8D%B0%EC%9D%B4%ED%84%B0%EC%B2%98,35.2353687,128.6917497",https://map.naver.com/p?lng=128.6917497&lat=35.2353687&zoom=18,119128,CWB379000705,35.235369,128.69175
도청사거리,창원시성산구,용지동,1,"https://map.kakao.com/link/map/%EB%8F%84%EC%B2%AD%EC%82%AC%EA%B1%B0%EB%A6%AC,35.237712,128.6877522",https://map.naver.com/p?lng=128.6877522&lat=35.237712&zoom=18,119126,CWB379000667,35.237712,128.687752
병무청,창원시성산구,용지동,2,"https://map.kakao.com/link/map/%EB%B3%91%EB%AC%B4%EC%B2%AD,35.2336865,128.6915618",https://map.naver.com/p?lng=128.6915618&lat=35.2336865&zoom=18,108906,CWB379000730,35.233686,128.691562
병무청,창원시성산구,용지동,2,"https://map.kakao.com/link/map/%EB%B3%91%EB%AC%B4%EC%B2%AD,35.2340458,128.691609",https://map.naver.com/p?lng=128.691609&lat=35.2340458&zoom=18,108905,CWB379000727,35.234046,128.691609
사림민원센터,창원시성산구,용지동,1,"https://map.kakao.com/link/map/%EC%82%AC%EB%A6%BC%EB%AF%BC%EC%9B%90%EC%84%BC%ED%84%B0,35.2413285,128.6815527",https://map.naver.com/p?lng=128.6815527&lat=35.2413285&zoom=18,630019,CWB379000627,35.241328,128.681553
상남시장(은아아파트),창원시성산구,용지동,1,"https://map.kakao.com/link/map/%EC%83%81%EB%82%A8%EC%8B%9C%EC%9E%A5%28%EC%9D%80%EC%95%84%EC%95%84%ED%8C%8C%ED%8A%B8%29,35.2250582,128.6846823",https://map.naver.com/p?lng=128.6846823&lat=35.2250582&zoom=18,114259,CWB379006096,35.225058,128.684682
시민생활체육관,창원시성산구,용지동,1,"https://map.kakao.com/link/map/%EC%8B%9C%EB%AF%BC%EC%83%9D%ED%99%9C%EC%B2%B4%EC%9C%A1%EA%B4%80,35.2223096,128.6895237",https://map.naver.com/p?lng=128.6895237&lat=35.2223096&zoom=18,114261,CWB379006098,35.22231,128.689524
어울림어린이공원,창원시성산구,용지동,1,"https://map.kakao.com/link/map/%EC%96%B4%EC%9A%B8%EB%A6%BC%EC%96%B4%EB%A6%B0%EC%9D%B4%EA%B3%B5%EC%9B%90,35.2389889,128.6859673",https://map.naver.com/p?lng=128.6859673&lat=35.2389889&zoom=18,119124,CWB379001956,35.238989,128.685967
용호어린이공원,창원시성산구,용지동,1,"https://map.kakao.com/link/map/%EC%9A%A9%ED%98%B8%EC%96%B4%EB%A6%B0%EC%9D%B4%EA%B3%B5%EC%9B%90,35.2404503,128.6839104",https://map.naver.com/p?lng=128.6839104&lat=35.2404503&zoom=18,119123,CWB379000636,35.24045,128.68391
일동아파트,창원시성산구,용지동,1,"https://map.kakao.com/link/map/%EC%9D%BC%EB%8F%99%EC%95%84%ED%8C%8C%ED%8A%B8,35.2369455,128.6777065",https://map.naver.com/p?lng=128.6777065&lat=35.2369455&zoom=18,106511,CWB379000680,35.236946,128.677706
조달청,창원시성산구,용지동,1,"https://map.kakao.com/link/map/%EC%A1%B0%EB%8B%AC%EC%B2%AD,35.231488,128.6896867",https://map.naver.com/p?lng=128.6896867&lat=35.231488&zoom=18,108904,CWB379000759,35.231488,128.689687
창원시립테니스장입구,창원시성산구,용지동,2,"https://map.kakao.com/link/map/%EC%B0%BD%EC%9B%90%EC%8B%9C%EB%A6%BD%ED%85%8C%EB%8B%88%EC%8A%A4%EC%9E%A5%EC%9E%85%EA%B5%AC,35.2289116,128.6963808",https://map.naver.com/p?lng=128.6963808&lat=35.2289116&zoom=18,219101,CWB379000806,35.228912,128.696381
창원시립테니스장입구,창원시성산구,용지동,2,"https://map.kakao.com/link/map/%EC%B0%BD%EC%9B%90%EC%8B%9C%EB%A6%BD%ED%85%8C%EB%8B%88%EC%8A%A4%EC%9E%A5%EC%9E%85%EA%B5%AC,35.2285424,128.6962522",https://map.naver.com/p?lng=128.6962522&lat=35.2285424&zoom=18,119132,CWB379000811,35.228542,128.696252
창원시청(정우상가),창원시성산구,용지동,1,"https://map.kakao.com/link/map/%EC%B0%BD%EC%9B%90%EC%8B%9C%EC%B2%AD%28%EC%A0%95%EC%9A%B0%EC%83%81%EA%B0%80%29,35.2283537,128.6788991",https://map.naver.com/p?lng=128.6788991&lat=35.2283537&zoom=18,114257,CWB379006094,35.228354,128.678899
창원중부경찰서,창원시성산구,용지동,2,"https://map.kakao.com/link/map/%EC%B0%BD%EC%9B%90%EC%A4%91%EB%B6%80%EA%B2%BD%EC%B0%B0%EC%84%9C,35.227783,128.6865323",https://map.naver.com/p?lng=128.6865323&lat=35.227783&zoom=18,108902,CWB379000820,35.227783,128.686532
창원중부경찰서,창원시성산구,용지동,2,"https://map.kakao.com/link/map/%EC%B0%BD%EC%9B%90%EC%A4%91%EB%B6%80%EA%B2%BD%EC%B0%B0%EC%84%9C,35.2277042,128.6862128",https://map.naver.com/p?lng=128.6862128&lat=35.2277042&zoom=18,108901,CWB379000819,35.227704,128.686213
창원중앙고등학교,창원시성산구,용지동,1,"https://map.kakao.com/link/map/%EC%B0%BD%EC%9B%90%EC%A4%91%EC%95%99%EA%B3%A0%EB%93%B1%ED%95%99%EA%B5%90,35.2299507,128.6761669",https://map.naver.com/p?lng=128.6761669&lat=35.2299507&zoom=18,114255,CWB379006092,35.229951,128.676167
토월체육공원,창원시성산구,용지동,1,"https://map.kakao.com/link/map/%ED%86%A0%EC%9B%94%EC%B2%B4%EC%9C%A1%EA%B3%B5%EC%9B%90,35.231431,128.6947599",https://map.naver.com/p?lng=128.6947599&lat=35.231431&zoom=18,119130,CWB379000761,35.231431,128.69476
한국전력공사,창원시성산구,용지동,1,"https://map.kakao.com/link/map/%ED%95%9C%EA%B5%AD%EC%A0%84%EB%A0%A5%EA%B3%B5%EC%82%AC,35.2310456,128.6890436",https://map.naver.com/p?lng=128.6890436&lat=35.2310456&zoom=18,108903,CWB379000766,35.231046,128.689044
관음사입구,창원시성산구,웅남동,2,"https://map.kakao.com/link/map/%EA%B4%80%EC%9D%8C%EC%82%AC%EC%9E%85%EA%B5%AC,35.1878705,128.6376648",https://map.naver.com/p?lng=128.6376648&lat=35.1878705&zoom=18,518101,CWB379001360,35.18787,128.637665
관음사입구,창원시성산구,웅남동,2,"https://map.kakao.com/link/map/%EA%B4%80%EC%9D%8C%EC%82%AC%EC%9E%85%EA%B5%AC,35.1878122,128.6374688",https://map.naver.com/p?lng=128.6374688&lat=35.1878122&zoom=18,518102,CWB379001364,35.187812,128.637469
남창원역,창원시성산구,웅남동,2,"https://map.kakao.com/link/map/%EB%82%A8%EC%B0%BD%EC%9B%90%EC%97%AD,35.2067215,128.6632084",https://map.naver.com/p?lng=128.6632084&lat=35.2067215&zoom=18,201216,CWB379001140,35.206722,128.663208
남창원역,창원시성산구,웅남동,2,"https://map.kakao.com/link/map/%EB%82%A8%EC%B0%BD%EC%9B%90%EC%97%AD,35.2074831,128.6624191",https://map.naver.com/p?lng=128.6624191&lat=35.2074831&zoom=18,201215,CWB379001137,35.207483,128.662419
대림자동차,창원시성산구,웅남동,2,"https://map.kakao.com/link/map/%EB%8C%80%EB%A6%BC%EC%9E%90%EB%8F%99%EC%B0%A8,35.1957757,128.6825486",https://map.naver.com/p?lng=128.6825486&lat=35.1957757&zoom=18,201222,CWB379001290,35.195776,128.682549
대림자동차,창원시성산구,웅남동,2,"https://map.kakao.com/link/map/%EB%8C%80%EB%A6%BC%EC%9E%90%EB%8F%99%EC%B0%A8,35.195965,128.682546",https://map.naver.com/p?lng=128.682546&lat=35.195965&zoom=18,201221,CWB379001287,35.195965,128.682546
목장입구,창원시성산구,웅남동,2,"https://map.kakao.com/link/map/%EB%AA%A9%EC%9E%A5%EC%9E%85%EA%B5%AC,35.179932,128.6426833",https://map.naver.com/p?lng=128.6426833&lat=35.179932&zoom=18,518103,CWB379002909,35.179932,128.642683
목장입구,창원시성산구,웅남동,2,"https://map.kakao.com/link/map/%EB%AA%A9%EC%9E%A5%EC%9E%85%EA%B5%AC,35.1795914,128.6426262",https://map.naver.com/p?lng=128.6426262&lat=35.1795914&zoom=18,518104,CWB379001405,35.179591,128.642626
상복사거리,창원시성산구,웅남동,2,"https://map.kakao.com/link/map/%EC%83%81%EB%B3%B5%EC%82%AC%EA%B1%B0%EB%A6%AC,35.2023149,128.6711025",https://map.naver.com/p?lng=128.6711025&lat=35.2023149&zoom=18,201218,CWB379002211,35.202315,128.671102
상복사거리,창원시성산구,웅남동,2,"https://map.kakao.com/link/map/%EC%83%81%EB%B3%B5%EC%82%AC%EA%B1%B0%EB%A6%AC,35.2029025,128.6703185",https://map.naver.com/p?lng=128.6703185&lat=35.2029025&zoom=18,201217,CWB379001211,35.202902,128.670319
세아제강,창원시성산구,웅남동,2,"https://map.kakao.com/link/map/%EC%84%B8%EC%95%84%EC%A0%9C%EA%B0%95,35.2105425,128.6565186",https://map.naver.com/p?lng=128.6565186&lat=35.2105425&zoom=18,201214,CWB379001077,35.210542,128.656519
세아제강,창원시성산구,웅남동,2,"https://map.kakao.com/link/map/%EC%84%B8%EC%95%84%EC%A0%9C%EA%B0%95,35.2108984,128.6564132",https://map.naver.com/p?lng=128.6564132&lat=35.2108984&zoom=18,201213,CWB379001074,35.210898,128.656413
세원셀론텍.영흥철강,창원시성산구,웅남동,2,"https://map.kakao.com/link/map/%EC%84%B8%EC%9B%90%EC%85%80%EB%A1%A0%ED%85%8D.%EC%98%81%ED%9D%A5%EC%B2%A0%EA%B0%95,35.2157474,128.6453142",https://map.naver.com/p?lng=128.6453142&lat=35.2157474&zoom=18,201210,CWB379001007,35.215747,128.645314
세원셀론텍.영흥철강,창원시성산구,웅남동,2,"https://map.kakao.com/link/map/%EC%84%B8%EC%9B%90%EC%85%80%EB%A1%A0%ED%85%8D.%EC%98%81%ED%9D%A5%EC%B2%A0%EA%B0%95,35.2160244,128.6452682",https://map.naver.com/p?lng=128.6452682&lat=35.2160244&zoom=18,201209,CWB379001005,35.216024,128.645268
신촌동성아파트,창원시성산구,웅남동,2,"https://map.kakao.com/link/map/%EC%8B%A0%EC%B4%8C%EB%8F%99%EC%84%B1%EC%95%84%ED%8C%8C%ED%8A%B8,35.2037684,128.6280722",https://map.naver.com/p?lng=128.6280722&lat=35.2037684&zoom=18,210205,CWB379001203,35.203768,128.628072
신촌동성아파트,창원시성산구,웅남동,2,"https://map.kakao.com/link/map/%EC%8B%A0%EC%B4%8C%EB%8F%99%EC%84%B1%EC%95%84%ED%8C%8C%ED%8A%B8,35.204343,128.6280903",https://map.naver.com/p?lng=128.6280903&lat=35.204343&zoom=18,210206,CWB379001195,35.204343,128.62809
신촌삼거리,창원시성산구,웅남동,2,"https://map.kakao.com/link/map/%EC%8B%A0%EC%B4%8C%EC%82%BC%EA%B1%B0%EB%A6%AC,35.2102559,128.6281948",https://map.naver.com/p?lng=128.6281948&lat=35.2102559&zoom=18,201202,CWB379001089,35.210256,128.628195
신촌삼거리,창원시성산구,웅남동,2,"https://map.kakao.com/link/map/%EC%8B%A0%EC%B4%8C%EC%82%BC%EA%B1%B0%EB%A6%AC,35.2104369,128.6278948",https://map.naver.com/p?lng=128.6278948&lat=35.2104369&zoom=18,201201,CWB379001086,35.210437,128.627895
양곡로,창원시성산구,웅남동,1,"https://map.kakao.com/link/map/%EC%96%91%EA%B3%A1%EB%A1%9C,35.1895544,128.6353649",https://map.naver.com/p?lng=128.6353649&lat=35.1895544&zoom=18,518159,CWB379003277,35.189554,128.635365
양곡전통시장,창원시성산구,웅남동,2,"https://map.kakao.com/link/map/%EC%96%91%EA%B3%A1%EC%A0%84%ED%86%B5%EC%8B%9C%EC%9E%A5,35.2008542,128.6285016",https://map.naver.com/p?lng=128.6285016&lat=35.2008542&zoom=18,210203,CWB379001237,35.200854,128.628502
양곡전통시장,창원시성산구,웅남동,2,"https://map.kakao.com/link/map/%EC%96%91%EA%B3%A1%EC%A0%84%ED%86%B5%EC%8B%9C%EC%9E%A5,35.2018773,128.6284836",https://map.naver.com/p?lng=128.6284836&lat=35.2018773&zoom=18,210204,CWB379001233,35.201877,128.628484
양곡중학교,창원시성산구,웅남동,2,"https://map.kakao.com/link/map/%EC%96%91%EA%B3%A1%EC%A4%91%ED%95%99%EA%B5%90,35.1980394,128.6288982",https://map.naver.com/p?lng=128.6288982&lat=35.1980394&zoom=18,210201,CWB379001273,35.198039,128.628898
양곡중학교,창원시성산구,웅남동,2,"https://map.kakao.com/link/map/%EC%96%91%EA%B3%A1%EC%A4%91%ED%95%99%EA%B5%90,35.1983525,128.6290112",https://map.naver.com/p?lng=128.6290112&lat=35.1983525&zoom=18,210202,CWB379001270,35.198352,128.629011
웅남소방119안전센터,창원시성산구,웅남동,2,"https://map.kakao.com/link/map/%EC%9B%85%EB%82%A8%EC%86%8C%EB%B0%A9119%EC%95%88%EC%A0%84%EC%84%BC%ED%84%B0,35.2082091,128.6274323",https://map.naver.com/p?lng=128.6274323&lat=35.2082091&zoom=18,207101,CWB379001125,35.208209,128.627432
웅남소방119안전센터,창원시성산구,웅남동,2,"https://map.kakao.com/link/map/%EC%9B%85%EB%82%A8%EC%86%8C%EB%B0%A9119%EC%95%88%EC%A0%84%EC%84%BC%ED%84%B0,35.208116,128.6272147",https://map.naver.com/p?lng=128.6272147&lat=35.208116&zoom=18,207102,CWB379001127,35.208116,128.627215
웅남주민운동장,창원시성산구,웅남동,1,"https://map.kakao.com/link/map/%EC%9B%85%EB%82%A8%EC%A3%BC%EB%AF%BC%EC%9A%B4%EB%8F%99%EC%9E%A5,35.1966037,128.6306207",https://map.naver.com/p?lng=128.6306207&lat=35.1966037&zoom=18,207103,CWB379001288,35.196604,128.630621
유신상가,창원시성산구,웅남동,2,"https://map.kakao.com/link/map/%EC%9C%A0%EC%8B%A0%EC%83%81%EA%B0%80,35.2074681,128.6264119",https://map.naver.com/p?lng=128.6264119&lat=35.2074681&zoom=18,210207,CWB379001136,35.207468,128.626412
유신상가,창원시성산구,웅남동,2,"https://map.kakao.com/link/map/%EC%9C%A0%EC%8B%A0%EC%83%81%EA%B0%80,35.2080379,128.6263341",https://map.naver.com/p?lng=128.6263341&lat=35.2080379&zoom=18,210208,CWB379001128,35.208038,128.626334
창곡입구,창원시성산구,웅남동,2,"https://map.kakao.com/link/map/%EC%B0%BD%EA%B3%A1%EC%9E%85%EA%B5%AC,35.2149114,128.6429312",https://map.naver.com/p?lng=128.6429312&lat=35.2149114&zoom=18,201208,CWB379001023,35.214911,128.642931
창곡입구,창원시성산구,웅남동,2,"https://map.kakao.com/link/map/%EC%B0%BD%EA%B3%A1%EC%9E%85%EA%B5%AC,35.2149101,128.6420587",https://map.naver.com/p?lng=128.6420587&lat=35.2149101&zoom=18,201207,CWB379001024,35.21491,128.642059
한국철강,창원시성산구,웅남동,2,"https://map.kakao.com/link/map/%ED%95%9C%EA%B5%AD%EC%B2%A0%EA%B0%95,35.2132874,128.6383752",https://map.naver.com/p?lng=128.6383752&lat=35.2132874&zoom=18,201206,CWB379001041,35.213287,128.638375
한국철강,창원시성산구,웅남동,2,"https://map.kakao.com/link/map/%ED%95%9C%EA%B5%AD%EC%B2%A0%EA%B0%95,35.2132529,128.6374864",https://map.naver.com/p?lng=128.6374864&lat=35.2132529&zoom=18,201205,CWB379001044,35.213253,128.637486
한화엔진.피케이벨브,창원시성산구,웅남동,2,"https://map.kakao.com/link/map/%ED%95%9C%ED%99%94%EC%97%94%EC%A7%84.%ED%94%BC%EC%BC%80%EC%9D%B4%EB%B2%A8%EB%B8%8C,35.2117487,128.6338485",https://map.naver.com/p?lng=128.6338485&lat=35.2117487&zoom=18,201204,CWB379001067,35.211749,128.633848
한화엔진.피케이벨브,창원시성산구,웅남동,2,"https://map.kakao.com/link/map/%ED%95%9C%ED%99%94%EC%97%94%EC%A7%84.%ED%94%BC%EC%BC%80%EC%9D%B4%EB%B2%A8%EB%B8%8C,35.2119363,128.6335711",https://map.naver.com/p?lng=128.6335711&lat=35.2119363&zoom=18,201203,CWB379001062,35.211936,128.633571
현대모비스창원공장,창원시성산구,웅남동,2,"https://map.kakao.com/link/map/%ED%98%84%EB%8C%80%EB%AA%A8%EB%B9%84%EC%8A%A4%EC%B0%BD%EC%9B%90%EA%B3%B5%EC%9E%A5,35.2003168,128.6743916",https://map.naver.com/p?lng=128.6743916&lat=35.2003168&zoom=18,201220,CWB379001242,35.200317,128.674392
현대모비스창원공장,창원시성산구,웅남동,2,"https://map.kakao.com/link/map/%ED%98%84%EB%8C%80%EB%AA%A8%EB%B9%84%EC%8A%A4%EC%B0%BD%EC%9B%90%EA%B3%B5%EC%9E%A5,35.2005098,128.6745646",https://map.naver.com/p?lng=128.6745646&lat=35.2005098&zoom=18,201219,CWB379001238,35.20051,128.674565
효성중공업,창원시성산구,웅남동,2,"https://map.kakao.com/link/map/%ED%9A%A8%EC%84%B1%EC%A4%91%EA%B3%B5%EC%97%85,35.2138663,128.6507344",https://map.naver.com/p?lng=128.6507344&lat=35.2138663&zoom=18,201212,CWB379001034,35.213866,128.650734
효성중공업,창원시성산구,웅남동,2,"https://map.kakao.com/link/map/%ED%9A%A8%EC%84%B1%EC%A4%91%EA%B3%B5%EC%97%85,35.2140864,128.6508685",https://map.naver.com/p?lng=128.6508685&lat=35.2140864&zoom=18,201211,CWB379001028,35.214086,128.650868
경창상가,창원시성산구,중앙동,1,"https://map.kakao.com/link/map/%EA%B2%BD%EC%B0%BD%EC%83%81%EA%B0%80,35.2199084,128.6796451",https://map.naver.com/p?lng=128.6796451&lat=35.2199084&zoom=18,208903,CWB379000927,35.219908,128.679645
목련아파트,창원시성산구,중앙동,1,"https://map.kakao.com/link/map/%EB%AA%A9%EB%A0%A8%EC%95%84%ED%8C%8C%ED%8A%B8,35.2233264,128.6601032",https://map.naver.com/p?lng=128.6601032&lat=35.2233264&zoom=18,218808,CWB379000880,35.223326,128.660103
상남꿈에그린아파트,창원시성산구,중앙동,1,"https://map.kakao.com/link/map/%EC%83%81%EB%82%A8%EA%BF%88%EC%97%90%EA%B7%B8%EB%A6%B0%EC%95%84%ED%8C%8C%ED%8A%B8,35.2150814,128.6817502",https://map.naver.com/p?lng=128.6817502&lat=35.2150814&zoom=18,220403,CWB379001012,35.215081,128.68175
상남대우아파트,창원시성산구,중앙동,1,"https://map.kakao.com/link/map/%EC%83%81%EB%82%A8%EB%8C%80%EC%9A%B0%EC%95%84%ED%8C%8C%ED%8A%B8,35.2184253,128.6805624",https://map.naver.com/p?lng=128.6805624&lat=35.2184253&zoom=18,209002,CWB379000950,35.218425,128.680562
성산패총 사거리,창원시성산구,중앙동,1,"https://map.kakao.com/link/map/%EC%84%B1%EC%82%B0%ED%8C%A8%EC%B4%9D%20%EC%82%AC%EA%B1%B0%EB%A6%AC,35.2113108,128.6815569",https://map.naver.com/p?lng=128.6815569&lat=35.2113108&zoom=18,218818,CWB379001071,35.211311,128.681557
셰플러코리아,창원시성산구,중앙동,1,"https://map.kakao.com/link/map/%EC%85%B0%ED%94%8C%EB%9F%AC%EC%BD%94%EB%A6%AC%EC%95%84,35.2205291,128.6522214",https://map.naver.com/p?lng=128.6522214&lat=35.2205291&zoom=18,207904,CWB379000916,35.220529,128.652221
수협경남금융본부,창원시성산구,중앙동,1,"https://map.kakao.com/link/map/%EC%88%98%ED%98%91%EA%B2%BD%EB%82%A8%EA%B8%88%EC%9C%B5%EB%B3%B8%EB%B6%80,35.22325,128.6824166",https://map.naver.com/p?lng=128.6824166&lat=35.22325&zoom=18,208905,CWB379000868,35.22325,128.682417
올림픽공원,창원시성산구,중앙동,1,"https://map.kakao.com/link/map/%EC%98%AC%EB%A6%BC%ED%94%BD%EA%B3%B5%EC%9B%90,35.2236614,128.6604682",https://map.naver.com/p?lng=128.6604682&lat=35.2236614&zoom=18,218801,CWB379000876,35.223661,128.660468
외동초등학교,창원시성산구,중앙동,1,"https://map.kakao.com/link/map/%EC%99%B8%EB%8F%99%EC%B4%88%EB%93%B1%ED%95%99%EA%B5%90,35.2169016,128.6821283",https://map.naver.com/p?lng=128.6821283&lat=35.2169016&zoom=18,220401,CWB379000985,35.216902,128.682128
월드메르디앙아파트,창원시성산구,중앙동,1,"https://map.kakao.com/link/map/%EC%9B%94%EB%93%9C%EB%A9%94%EB%A5%B4%EB%94%94%EC%95%99%EC%95%84%ED%8C%8C%ED%8A%B8,35.2249055,128.6559177",https://map.naver.com/p?lng=128.6559177&lat=35.2249055&zoom=18,207902,CWB379000858,35.224906,128.655918
재료연구원,창원시성산구,중앙동,1,"https://map.kakao.com/link/map/%EC%9E%AC%EB%A3%8C%EC%97%B0%EA%B5%AC%EC%9B%90,35.214645,128.676145",https://map.naver.com/p?lng=128.676145&lat=35.214645&zoom=18,218807,CWB379001020,35.214645,128.676145
창원남중,창원시성산구,중앙동,2,"https://map.kakao.com/link/map/%EC%B0%BD%EC%9B%90%EB%82%A8%EC%A4%91,35.2131177,128.6780886",https://map.naver.com/p?lng=128.6780886&lat=35.2131177&zoom=18,218816,CWB379001040,35.213118,128.678089
창원남중,창원시성산구,중앙동,2,"https://map.kakao.com/link/map/%EC%B0%BD%EC%9B%90%EB%82%A8%EC%A4%91,35.2121404,128.6806342",https://map.naver.com/p?lng=128.6806342&lat=35.2121404&zoom=18,218809,CWB379001049,35.21214,128.680634
창원병원,창원시성산구,중앙동,2,"https://map.kakao.com/link/map/%EC%B0%BD%EC%9B%90%EB%B3%91%EC%9B%90,35.2174678,128.6704202",https://map.naver.com/p?lng=128.6704202&lat=35.2174678&zoom=18,218812,CWB379000974,35.217468,128.67042
창원병원,창원시성산구,중앙동,2,"https://map.kakao.com/link/map/%EC%B0%BD%EC%9B%90%EB%B3%91%EC%9B%90,35.2179303,128.670417",https://map.naver.com/p?lng=128.670417&lat=35.2179303&zoom=18,218805,CWB379000964,35.21793,128.670417
창원시청,창원시성산구,중앙동,1,"https://map.kakao.com/link/map/%EC%B0%BD%EC%9B%90%EC%8B%9C%EC%B2%AD,35.2277477,128.6797076",https://map.naver.com/p?lng=128.6797076&lat=35.2277477&zoom=18,114256,CWB379006093,35.227748,128.679708
창원중앙고등학교,창원시성산구,중앙동,1,"https://map.kakao.com/link/map/%EC%B0%BD%EC%9B%90%EC%A4%91%EC%95%99%EA%B3%A0%EB%93%B1%ED%95%99%EA%B5%90,35.2301593,128.6755781",https://map.naver.com/p?lng=128.6755781&lat=35.2301593&zoom=18,114254,CWB379006091,35.230159,128.675578
충혼탑,창원시성산구,중앙동,1,"https://map.kakao.com/link/map/%EC%B6%A9%ED%98%BC%ED%83%91,35.2277904,128.6583238",https://map.naver.com/p?lng=128.6583238&lat=35.2277904&zoom=18,219902,CWB379000827,35.22779,128.658324
한국가스안전공사,창원시성산구,중앙동,1,"https://map.kakao.com/link/map/%ED%95%9C%EA%B5%AD%EA%B0%80%EC%8A%A4%EC%95%88%EC%A0%84%EA%B3%B5%EC%82%AC,35.2143352,128.6759339",https://map.naver.com/p?lng=128.6759339&lat=35.2143352&zoom=18,218814,CWB379001957,35.214335,128.675934
한국폴리텍7대학,창원시성산구,중앙동,2,"https://map.kakao.com/link/map/%ED%95%9C%EA%B5%AD%ED%8F%B4%EB%A6%AC%ED%85%8D7%EB%8C%80%ED%95%99,35.2201677,128.6657587",https://map.naver.com/p?lng=128.6657587&lat=35.2201677&zoom=18,218810,CWB379000928,35.220168,128.665759
한국폴리텍7대학,창원시성산구,중앙동,2,"https://map.kakao.com/link/map/%ED%95%9C%EA%B5%AD%ED%8F%B4%EB%A6%AC%ED%85%8D7%EB%8C%80%ED%95%99,35.2203368,128.6662103",https://map.naver.com/p?lng=128.6662103&lat=35.2203368&zoom=18,218803,CWB379000917,35.220337,128.66621
농업기술센터,창원시의창구,명곡동,2,"https://map.kakao.com/link/map/%EB%86%8D%EC%97%85%EA%B8%B0%EC%88%A0%EC%84%BC%ED%84%B0,35.2395139,128.6492866",https://map.naver.com/p?lng=128.6492866&lat=35.2395139&zoom=18,119105,CWB379000651,35.239514,128.649287
농업기술센터,창원시의창구,명곡동,2,"https://map.kakao.com/link/map/%EB%86%8D%EC%97%85%EA%B8%B0%EC%88%A0%EC%84%BC%ED%84%B0,35.2393544,128.6487661",https://map.naver.com/p?lng=128.6487661&lat=35.2393544&zoom=18,119106,CWB379000653,35.239354,128.648766
명곡다리(명곡교회),창원시의창구,명곡동,2,"https://map.kakao.com/link/map/%EB%AA%85%EA%B3%A1%EB%8B%A4%EB%A6%AC%28%EB%AA%85%EA%B3%A1%EA%B5%90%ED%9A%8C%29,35.2461083,128.6437399",https://map.naver.com/p?lng=128.6437399&lat=35.2461083&zoom=18,114240,CWB379006077,35.246108,128.64374
명곡다리(명곡교회),창원시의창구,명곡동,2,"https://map.kakao.com/link/map/%EB%AA%85%EA%B3%A1%EB%8B%A4%EB%A6%AC%28%EB%AA%85%EA%B3%A1%EA%B5%90%ED%9A%8C%29,35.2451156,128.6456643",https://map.naver.com/p?lng=128.6456643&lat=35.2451156&zoom=18,114241,CWB379006078,35.245116,128.645664
명서1민원센터,창원시의창구,명곡동,1,"https://map.kakao.com/link/map/%EB%AA%85%EC%84%9C1%EB%AF%BC%EC%9B%90%EC%84%BC%ED%84%B0,35.2437634,128.6478396",https://map.naver.com/p?lng=128.6478396&lat=35.2437634&zoom=18,114242,CWB379006079,35.243763,128.64784
명서시장,창원시의창구,명곡동,2,"https://map.kakao.com/link/map/%EB%AA%85%EC%84%9C%EC%8B%9C%EC%9E%A5,35.2476771,128.6421978",https://map.naver.com/p?lng=128.6421978&lat=35.2476771&zoom=18,114238,CWB379006075,35.247677,128.642198
명서시장,창원시의창구,명곡동,2,"https://map.kakao.com/link/map/%EB%AA%85%EC%84%9C%EC%8B%9C%EC%9E%A5,35.2468792,128.6430468",https://map.naver.com/p?lng=128.6430468&lat=35.2468792&zoom=18,114239,CWB379006076,35.246879,128.643047
명서초등학교,창원시의창구,명곡동,2,"https://map.kakao.com/link/map/%EB%AA%85%EC%84%9C%EC%B4%88%EB%93%B1%ED%95%99%EA%B5%90,35.250197,128.640131",https://map.naver.com/p?lng=128.640131&lat=35.250197&zoom=18,114236,CWB379006073,35.250197,128.640131
명서초등학교,창원시의창구,명곡동,2,"https://map.kakao.com/link/map/%EB%AA%85%EC%84%9C%EC%B4%88%EB%93%B1%ED%95%99%EA%B5%90,35.2497845,128.6406418",https://map.naver.com/p?lng=128.6406418&lat=35.2497845&zoom=18,114237,CWB379006074,35.249784,128.640642
서부경찰서(원흥사),창원시의창구,명곡동,2,"https://map.kakao.com/link/map/%EC%84%9C%EB%B6%80%EA%B2%BD%EC%B0%B0%EC%84%9C%28%EC%9B%90%ED%9D%A5%EC%82%AC%29,35.2524711,128.6382404",https://map.naver.com/p?lng=128.6382404&lat=35.2524711&zoom=18,114234,CWB379006071,35.252471,128.63824
서부경찰서(원흥사),창원시의창구,명곡동,2,"https://map.kakao.com/link/map/%EC%84%9C%EB%B6%80%EA%B2%BD%EC%B0%B0%EC%84%9C%28%EC%9B%90%ED%9D%A5%EC%82%AC%29,35.2517874,128.6389875",https://map.naver.com/p?lng=128.6389875&lat=35.2517874&zoom=18,114235,CWB379006072,35.251787,128.638988
의창구청,창원시의창구,명곡동,2,"https://map.kakao.com/link/map/%EC%9D%98%EC%B0%BD%EA%B5%AC%EC%B2%AD,35.2556737,128.6355032",https://map.naver.com/p?lng=128.6355032&lat=35.2556737&zoom=18,114232,CWB379006069,35.255674,128.635503
의창구청,창원시의창구,명곡동,2,"https://map.kakao.com/link/map/%EC%9D%98%EC%B0%BD%EA%B5%AC%EC%B2%AD,35.2549578,128.6362963",https://map.naver.com/p?lng=128.6362963&lat=35.2549578&zoom=18,114233,CWB379006070,35.254958,128.636296
의창스포츠센터,창원시의창구,명곡동,2,"https://map.kakao.com/link/map/%EC%9D%98%EC%B0%BD%EC%8A%A4%ED%8F%AC%EC%B8%A0%EC%84%BC%ED%84%B0,35.2585337,128.6331077",https://map.naver.com/p?lng=128.6331077&lat=35.2585337&zoom=18,114230,CWB379006067,35.258534,128.633108
의창스포츠센터,창원시의창구,명곡동,2,"https://map.kakao.com/link/map/%EC%9D%98%EC%B0%BD%EC%8A%A4%ED%8F%AC%EC%B8%A0%EC%84%BC%ED%84%B0,35.2579528,128.6337443",https://map.naver.com/p?lng=128.6337443&lat=35.2579528&zoom=18,114231,CWB379006068,35.257953,128.633744
파티마병원,창원시의창구,명곡동,1,"https://map.kakao.com/link/map/%ED%8C%8C%ED%8B%B0%EB%A7%88%EB%B3%91%EC%9B%90,35.2370188,128.646896",https://map.naver.com/p?lng=128.646896&lat=35.2370188&zoom=18,119104,CWB379000688,35.237019,128.646896
SM비즈타운,창원시의창구,봉림동,1,"https://map.kakao.com/link/map/SM%EB%B9%84%EC%A6%88%ED%83%80%EC%9A%B4,35.2399871,128.7000065",https://map.naver.com/p?lng=128.7000065&lat=35.2399871&zoom=18,108922,CWB379003493,35.239987,128.700006
경남도청,창원시의창구,봉림동,1,"https://map.kakao.com/link/map/%EA%B2%BD%EB%82%A8%EB%8F%84%EC%B2%AD,35.2356975,128.6916432",https://map.naver.com/p?lng=128.6916432&lat=35.2356975&zoom=18,119129,CWB379000701,35.235698,128.691643
국립창원대 동문,창원시의창구,봉림동,2,"https://map.kakao.com/link/map/%EA%B5%AD%EB%A6%BD%EC%B0%BD%EC%9B%90%EB%8C%80%20%EB%8F%99%EB%AC%B8,35.2388557,128.696628",https://map.naver.com/p?lng=128.696628&lat=35.2388557&zoom=18,108920,CWB379003491,35.238856,128.696628
국립창원대 동문,창원시의창구,봉림동,2,"https://map.kakao.com/link/map/%EA%B5%AD%EB%A6%BD%EC%B0%BD%EC%9B%90%EB%8C%80%20%EB%8F%99%EB%AC%B8,35.2395922,128.6958414",https://map.naver.com/p?lng=128.6958414&lat=35.2395922&zoom=18,108924,CWB379005519,35.239592,128.695841
국립창원대입구,창원시의창구,봉림동,2,"https://map.kakao.com/link/map/%EA%B5%AD%EB%A6%BD%EC%B0%BD%EC%9B%90%EB%8C%80%EC%9E%85%EA%B5%AC,35.2421311,128.6902232",https://map.naver.com/p?lng=128.6902232&lat=35.2421311&zoom=18,120504,CWB379000612,35.242131,128.690223
국립창원대입구,창원시의창구,봉림동,2,"https://map.kakao.com/link/map/%EA%B5%AD%EB%A6%BD%EC%B0%BD%EC%9B%90%EB%8C%80%EC%9E%85%EA%B5%AC,35.2422011,128.6900516",https://map.naver.com/p?lng=128.6900516&lat=35.2422011&zoom=18,120503,CWB379000610,35.242201,128.690052
국립창원대학교정문,창원시의창구,봉림동,2,"https://map.kakao.com/link/map/%EA%B5%AD%EB%A6%BD%EC%B0%BD%EC%9B%90%EB%8C%80%ED%95%99%EA%B5%90%EC%A0%95%EB%AC%B8,35.2433012,128.6916206",https://map.naver.com/p?lng=128.6916206&lat=35.2433012&zoom=18,120505,CWB379000591,35.243301,128.691621
국립창원대학교정문,창원시의창구,봉림동,2,"https://map.kakao.com/link/map/%EA%B5%AD%EB%A6%BD%EC%B0%BD%EC%9B%90%EB%8C%80%ED%95%99%EA%B5%90%EC%A0%95%EB%AC%B8,35.2428134,128.6916984",https://map.naver.com/p?lng=128.6916984&lat=35.2428134&zoom=18,120508,CWB379003517,35.242813,128.691698
농협하나로클럽,창원시의창구,봉림동,2,"https://map.kakao.com/link/map/%EB%86%8D%ED%98%91%ED%95%98%EB%82%98%EB%A1%9C%ED%81%B4%EB%9F%BD,35.242558,128.6530763",https://map.naver.com/p?lng=128.6530763&lat=35.242558&zoom=18,119108,CWB379000614,35.242558,128.653076
농협하나로클럽,창원시의창구,봉림동,2,"https://map.kakao.com/link/map/%EB%86%8D%ED%98%91%ED%95%98%EB%82%98%EB%A1%9C%ED%81%B4%EB%9F%BD,35.2429202,128.6532093",https://map.naver.com/p?lng=128.6532093&lat=35.2429202&zoom=18,119107,CWB379000603,35.24292,128.653209
대동그린코아,창원시의창구,봉림동,1,"https://map.kakao.com/link/map/%EB%8C%80%EB%8F%99%EA%B7%B8%EB%A6%B0%EC%BD%94%EC%95%84,35.2454747,128.6711111",https://map.naver.com/p?lng=128.6711111&lat=35.2454747&zoom=18,119116,CWB379000562,35.245475,128.671111
도립미술관,창원시의창구,봉림동,2,"https://map.kakao.com/link/map/%EB%8F%84%EB%A6%BD%EB%AF%B8%EC%88%A0%EA%B4%80,35.2388548,128.6899685",https://map.naver.com/p?lng=128.6899685&lat=35.2388548&zoom=18,113308,CWB379000655,35.238855,128.689968
도립미술관,창원시의창구,봉림동,2,"https://map.kakao.com/link/map/%EB%8F%84%EB%A6%BD%EB%AF%B8%EC%88%A0%EA%B4%80,35.2383367,128.6892302",https://map.naver.com/p?lng=128.6892302&lat=35.2383367&zoom=18,113307,CWB379000656,35.238337,128.68923
도민의집삼거리,창원시의창구,봉림동,1,"https://map.kakao.com/link/map/%EB%8F%84%EB%AF%BC%EC%9D%98%EC%A7%91%EC%82%BC%EA%B1%B0%EB%A6%AC,35.2393724,128.6859259",https://map.naver.com/p?lng=128.6859259&lat=35.2393724&zoom=18,119125,CWB379000649,35.239372,128.685926
도청사거리,창원시의창구,봉림동,1,"https://map.kakao.com/link/map/%EB%8F%84%EC%B2%AD%EC%82%AC%EA%B1%B0%EB%A6%AC,35.2378986,128.687972",https://map.naver.com/p?lng=128.687972&lat=35.2378986&zoom=18,119127,CWB379000666,35.237899,128.687972
명서1민원센터,창원시의창구,봉림동,1,"https://map.kakao.com/link/map/%EB%AA%85%EC%84%9C1%EB%AF%BC%EC%9B%90%EC%84%BC%ED%84%B0,35.2433584,128.6487926",https://map.naver.com/p?lng=128.6487926&lat=35.2433584&zoom=18,114243,CWB379006080,35.243358,128.648793
봉곡상가,창원시의창구,봉림동,2,"https://map.kakao.com/link/map/%EB%B4%89%EA%B3%A1%EC%83%81%EA%B0%80,35.2475994,128.6704472",https://map.naver.com/p?lng=128.6704472&lat=35.2475994&zoom=18,106905,CWB379002097,35.247599,128.670447
봉곡상가,창원시의창구,봉림동,2,"https://map.kakao.com/link/map/%EB%B4%89%EA%B3%A1%EC%83%81%EA%B0%80,35.2471874,128.6702932",https://map.naver.com/p?lng=128.6702932&lat=35.2471874&zoom=18,106906,CWB379000521,35.247187,128.670293
봉곡상가입구,창원시의창구,봉림동,1,"https://map.kakao.com/link/map/%EB%B4%89%EA%B3%A1%EC%83%81%EA%B0%80%EC%9E%85%EA%B5%AC,35.2458484,128.67087",https://map.naver.com/p?lng=128.67087&lat=35.2458484&zoom=18,119115,CWB379000554,35.245848,128.67087
봉곡중학교,창원시의창구,봉림동,2,"https://map.kakao.com/link/map/%EB%B4%89%EA%B3%A1%EC%A4%91%ED%95%99%EA%B5%90,35.2462684,128.6628082",https://map.naver.com/p?lng=128.6628082&lat=35.2462684&zoom=18,106901,CWB379000546,35.246268,128.662808
봉곡중학교,창원시의창구,봉림동,2,"https://map.kakao.com/link/map/%EB%B4%89%EA%B3%A1%EC%A4%91%ED%95%99%EA%B5%90,35.2467064,128.6630152",https://map.naver.com/p?lng=128.6630152&lat=35.2467064&zoom=18,106902,CWB379000536,35.246706,128.663015
봉림휴먼시아,창원시의창구,봉림동,2,"https://map.kakao.com/link/map/%EB%B4%89%EB%A6%BC%ED%9C%B4%EB%A8%BC%EC%8B%9C%EC%95%84,35.2492342,128.667319",https://map.naver.com/p?lng=128.667319&lat=35.2492342&zoom=18,106903,CWB379000484,35.249234,128.667319
봉림휴먼시아,창원시의창구,봉림동,2,"https://map.kakao.com/link/map/%EB%B4%89%EB%A6%BC%ED%9C%B4%EB%A8%BC%EC%8B%9C%EC%95%84,35.2491863,128.6661479",https://map.naver.com/p?lng=128.6661479&lat=35.2491863&zoom=18,106904,CWB379000485,35.249186,128.666148
사림동,창원시의창구,봉림동,2,"https://map.kakao.com/link/map/%EC%82%AC%EB%A6%BC%EB%8F%99,35.2442395,128.6758172",https://map.naver.com/p?lng=128.6758172&lat=35.2442395&zoom=18,119119,CWB379000577,35.24424,128.675817
사림동,창원시의창구,봉림동,2,"https://map.kakao.com/link/map/%EC%82%AC%EB%A6%BC%EB%8F%99,35.2439176,128.6758781",https://map.naver.com/p?lng=128.6758781&lat=35.2439176&zoom=18,119120,CWB379000583,35.243918,128.675878
사림민원센터,창원시의창구,봉림동,1,"https://map.kakao.com/link/map/%EC%82%AC%EB%A6%BC%EB%AF%BC%EC%9B%90%EC%84%BC%ED%84%B0,35.2415159,128.6814845",https://map.naver.com/p?lng=128.6814845&lat=35.2415159&zoom=18,630018,CWB379000623,35.241516,128.681485
용동근린공원,창원시의창구,봉림동,2,"https://map.kakao.com/link/map/%EC%9A%A9%EB%8F%99%EA%B7%BC%EB%A6%B0%EA%B3%B5%EC%9B%90,35.2411697,128.6914814",https://map.naver.com/p?lng=128.6914814&lat=35.2411697&zoom=18,120507,CWB379003478,35.24117,128.691481
용동근린공원,창원시의창구,봉림동,2,"https://map.kakao.com/link/map/%EC%9A%A9%EB%8F%99%EA%B7%BC%EB%A6%B0%EA%B3%B5%EC%9B%90,35.2413098,128.6914459",https://map.naver.com/p?lng=128.6914459&lat=35.2413098&zoom=18,120506,CWB379003477,35.24131,128.691446
우영프라자,창원시의창구,봉림동,2,"https://map.kakao.com/link/map/%EC%9A%B0%EC%98%81%ED%94%84%EB%9D%BC%EC%9E%90,35.2414813,128.6878827",https://map.naver.com/p?lng=128.6878827&lat=35.2414813&zoom=18,120502,CWB379000621,35.241481,128.687883
우영프라자,창원시의창구,봉림동,2,"https://map.kakao.com/link/map/%EC%9A%B0%EC%98%81%ED%94%84%EB%9D%BC%EC%9E%90,35.2416821,128.6878946",https://map.naver.com/p?lng=128.6878946&lat=35.2416821&zoom=18,120501,CWB379002287,35.241682,128.687895
유목교,창원시의창구,봉림동,2,"https://map.kakao.com/link/map/%EC%9C%A0%EB%AA%A9%EA%B5%90,35.2438889,128.6560128",https://map.naver.com/p?lng=128.6560128&lat=35.2438889&zoom=18,119109,CWB379000586,35.243889,128.656013
유목교,창원시의창구,봉림동,2,"https://map.kakao.com/link/map/%EC%9C%A0%EB%AA%A9%EA%B5%90,35.2436844,128.6563632",https://map.naver.com/p?lng=128.6563632&lat=35.2436844&zoom=18,119110,CWB379001994,35.243684,128.656363
장애인복지회관입구,창원시의창구,봉림동,2,"https://map.kakao.com/link/map/%EC%9E%A5%EC%95%A0%EC%9D%B8%EB%B3%B5%EC%A7%80%ED%9A%8C%EA%B4%80%EC%9E%85%EA%B5%AC,35.2449602,128.6735972",https://map.naver.com/p?lng=128.6735972&lat=35.2449602&zoom=18,119117,CWB379000568,35.24496,128.673597
장애인복지회관입구,창원시의창구,봉림동,2,"https://map.kakao.com/link/map/%EC%9E%A5%EC%95%A0%EC%9D%B8%EB%B3%B5%EC%A7%80%ED%9A%8C%EA%B4%80%EC%9E%85%EA%B5%AC,35.2447727,128.6732432",https://map.naver.com/p?lng=128.6732432&lat=35.2447727&zoom=18,119118,CWB379000570,35.244773,128.673243
지귀상가,창원시의창구,봉림동,2,"https://map.kakao.com/link/map/%EC%A7%80%EA%B7%80%EC%83%81%EA%B0%80,35.2445479,128.6596975",https://map.naver.com/p?lng=128.6596975&lat=35.2445479&zoom=18,119112,CWB379000575,35.244548,128.659698
지귀상가,창원시의창구,봉림동,2,"https://map.kakao.com/link/map/%EC%A7%80%EA%B7%80%EC%83%81%EA%B0%80,35.2447775,128.6594371",https://map.naver.com/p?lng=128.6594371&lat=35.2447775&zoom=18,119111,CWB379000573,35.244778,128.659437
창원대삼거리,창원시의창구,봉림동,2,"https://map.kakao.com/link/map/%EC%B0%BD%EC%9B%90%EB%8C%80%EC%82%BC%EA%B1%B0%EB%A6%AC,35.2417786,128.6851291",https://map.naver.com/p?lng=128.6851291&lat=35.2417786&zoom=18,107511,CWB379000620,35.241779,128.685129
창원대삼거리,창원시의창구,봉림동,2,"https://map.kakao.com/link/map/%EC%B0%BD%EC%9B%90%EB%8C%80%EC%82%BC%EA%B1%B0%EB%A6%AC,35.2417568,128.6847949",https://map.naver.com/p?lng=128.6847949&lat=35.2417568&zoom=18,107512,CWB379000619,35.241757,128.684795
창원의집입구,창원시의창구,봉림동,2,"https://map.kakao.com/link/map/%EC%B0%BD%EC%9B%90%EC%9D%98%EC%A7%91%EC%9E%85%EA%B5%AC,35.2422153,128.6811025",https://map.naver.com/p?lng=128.6811025&lat=35.2422153&zoom=18,119122,CWB379000611,35.242215,128.681103
창원의집입구,창원시의창구,봉림동,2,"https://map.kakao.com/link/map/%EC%B0%BD%EC%9B%90%EC%9D%98%EC%A7%91%EC%9E%85%EA%B5%AC,35.2426528,128.6807386",https://map.naver.com/p?lng=128.6807386&lat=35.2426528&zoom=18,119121,CWB379000602,35.242653,128.680739
창원중앙역A,창원시의창구,봉림동,1,"https://map.kakao.com/link/map/%EC%B0%BD%EC%9B%90%EC%A4%91%EC%95%99%EC%97%ADA,35.2420251,128.7008409",https://map.naver.com/p?lng=128.7008409&lat=35.2420251&zoom=18,108913,CWB379003357,35.242025,128.700841
한마음병원,창원시의창구,봉림동,1,"https://map.kakao.com/link/map/%ED%95%9C%EB%A7%88%EC%9D%8C%EB%B3%91%EC%9B%90,35.2379688,128.6973757",https://map.naver.com/p?lng=128.6973757&lat=35.2379688&zoom=18,108923,CWB379005478,35.237969,128.697376
한마음병원후문,창원시의창구,봉림동,1,"https://map.kakao.com/link/map/%ED%95%9C%EB%A7%88%EC%9D%8C%EB%B3%91%EC%9B%90%ED%9B%84%EB%AC%B8,35.2378619,128.7004931",https://map.naver.com/p?lng=128.7004931&lat=35.2378619&zoom=18,108921,CWB379003492,35.237862,128.700493
STX칸1차아파트후문,창원시의창구,북면,2,"https://map.kakao.com/link/map/STX%EC%B9%B81%EC%B0%A8%EC%95%84%ED%8C%8C%ED%8A%B8%ED%9B%84%EB%AC%B8,35.3226436,128.583139",https://map.naver.com/p?lng=128.583139&lat=35.3226436&zoom=18,104719,CWB379003349,35.322644,128.583139
STX칸1차아파트후문,창원시의창구,북면,2,"https://map.kakao.com/link/map/STX%EC%B9%B81%EC%B0%A8%EC%95%84%ED%8C%8C%ED%8A%B8%ED%9B%84%EB%AC%B8,35.3230845,128.583407",https://map.naver.com/p?lng=128.583407&lat=35.3230845&zoom=18,104720,CWB379003350,35.323084,128.583407
STX칸2차아파트,창원시의창구,북면,2,"https://map.kakao.com/link/map/STX%EC%B9%B82%EC%B0%A8%EC%95%84%ED%8C%8C%ED%8A%B8,35.3161749,128.5805745",https://map.naver.com/p?lng=128.5805745&lat=35.3161749&zoom=18,104716,CWB379003345,35.316175,128.580575
STX칸2차아파트,창원시의창구,북면,2,"https://map.kakao.com/link/map/STX%EC%B9%B82%EC%B0%A8%EC%95%84%ED%8C%8C%ED%8A%B8,35.3163585,128.58043",https://map.naver.com/p?lng=128.58043&lat=35.3163585&zoom=18,104715,CWB379003344,35.316358,128.58043
감계아내2차아파트,창원시의창구,북면,1,"https://map.kakao.com/link/map/%EA%B0%90%EA%B3%84%EC%95%84%EB%82%B42%EC%B0%A8%EC%95%84%ED%8C%8C%ED%8A%B8,35.3022289,128.5965079",https://map.naver.com/p?lng=128.5965079&lat=35.3022289&zoom=18,103114,CWB379003333,35.302229,128.596508
감계입구,창원시의창구,북면,2,"https://map.kakao.com/link/map/%EA%B0%90%EA%B3%84%EC%9E%85%EA%B5%AC,35.3033396,128.6007906",https://map.naver.com/p?lng=128.6007906&lat=35.3033396&zoom=18,119323,CWB379000231,35.30334,128.600791
감계입구,창원시의창구,북면,2,"https://map.kakao.com/link/map/%EA%B0%90%EA%B3%84%EC%9E%85%EA%B5%AC,35.3031721,128.6010192",https://map.naver.com/p?lng=128.6010192&lat=35.3031721&zoom=18,119324,CWB379000230,35.303172,128.601019
감계중학교,창원시의창구,북면,1,"https://map.kakao.com/link/map/%EA%B0%90%EA%B3%84%EC%A4%91%ED%95%99%EA%B5%90,35.3005013,128.5865042",https://map.naver.com/p?lng=128.5865042&lat=35.3005013&zoom=18,103108,CWB379003325,35.300501,128.586504
감계휴먼빌,창원시의창구,북면,2,"https://map.kakao.com/link/map/%EA%B0%90%EA%B3%84%ED%9C%B4%EB%A8%BC%EB%B9%8C,35.3023419,128.592914",https://map.naver.com/p?lng=128.592914&lat=35.3023419&zoom=18,103105,CWB379003330,35.302342,128.592914
감계휴먼빌,창원시의창구,북면,2,"https://map.kakao.com/link/map/%EA%B0%90%EA%B3%84%ED%9C%B4%EB%A8%BC%EB%B9%8C,35.3022169,128.5938615",https://map.naver.com/p?lng=128.5938615&lat=35.3022169&zoom=18,103104,CWB379003287,35.302217,128.593862
감나무골,창원시의창구,북면,2,"https://map.kakao.com/link/map/%EA%B0%90%EB%82%98%EB%AC%B4%EA%B3%A8,35.3075718,128.6007584",https://map.naver.com/p?lng=128.6007584&lat=35.3075718&zoom=18,119326,CWB379000213,35.307572,128.600758
감나무골,창원시의창구,북면,2,"https://map.kakao.com/link/map/%EA%B0%90%EB%82%98%EB%AC%B4%EA%B3%A8,35.3069732,128.6006924",https://map.naver.com/p?lng=128.6006924&lat=35.3069732&zoom=18,119325,CWB379000214,35.306973,128.600692
거풍힐링빌,창원시의창구,북면,2,"https://map.kakao.com/link/map/%EA%B1%B0%ED%92%8D%ED%9E%90%EB%A7%81%EB%B9%8C,35.3561361,128.6132265",https://map.naver.com/p?lng=128.6132265&lat=35.3561361&zoom=18,119372,CWB379003352,35.356136,128.613226
거풍힐링빌,창원시의창구,북면,2,"https://map.kakao.com/link/map/%EA%B1%B0%ED%92%8D%ED%9E%90%EB%A7%81%EB%B9%8C,35.356205,128.6131493",https://map.naver.com/p?lng=128.6131493&lat=35.356205&zoom=18,119371,CWB379003351,35.356205,128.613149
굴현고개,창원시의창구,북면,1,"https://map.kakao.com/link/map/%EA%B5%B4%ED%98%84%EA%B3%A0%EA%B0%9C,35.2773065,128.6160901",https://map.naver.com/p?lng=128.6160901&lat=35.2773065&zoom=18,119310,CWB379000297,35.277306,128.61609
까치골,창원시의창구,북면,2,"https://map.kakao.com/link/map/%EA%B9%8C%EC%B9%98%EA%B3%A8,35.3121177,128.6056242",https://map.naver.com/p?lng=128.6056242&lat=35.3121177&zoom=18,119330,CWB379000205,35.312118,128.605624
까치골,창원시의창구,북면,2,"https://map.kakao.com/link/map/%EA%B9%8C%EC%B9%98%EA%B3%A8,35.3119017,128.6051317",https://map.naver.com/p?lng=128.6051317&lat=35.3119017&zoom=18,119329,CWB379000202,35.311902,128.605132
내산,창원시의창구,북면,2,"https://map.kakao.com/link/map/%EB%82%B4%EC%82%B0,35.3754496,128.590784",https://map.naver.com/p?lng=128.590784&lat=35.3754496&zoom=18,112607,CWB379000009,35.37545,128.590784
내산,창원시의창구,북면,2,"https://map.kakao.com/link/map/%EB%82%B4%EC%82%B0,35.3757075,128.5908744",https://map.naver.com/p?lng=128.5908744&lat=35.3757075&zoom=18,112501,CWB379003140,35.375708,128.590874
달천산림욕장,창원시의창구,북면,2,"https://map.kakao.com/link/map/%EB%8B%AC%EC%B2%9C%EC%82%B0%EB%A6%BC%EC%9A%95%EC%9E%A5,35.2834216,128.6128209",https://map.naver.com/p?lng=128.6128209&lat=35.2834216&zoom=18,119201,CWB379003072,35.283422,128.612821
달천산림욕장,창원시의창구,북면,2,"https://map.kakao.com/link/map/%EB%8B%AC%EC%B2%9C%EC%82%B0%EB%A6%BC%EC%9A%95%EC%9E%A5,35.2837931,128.6122859",https://map.naver.com/p?lng=128.6122859&lat=35.2837931&zoom=18,119313,CWB379000280,35.283793,128.612286
대천,창원시의창구,북면,2,"https://map.kakao.com/link/map/%EB%8C%80%EC%B2%9C,35.3096071,128.6022593",https://map.naver.com/p?lng=128.6022593&lat=35.3096071&zoom=18,119328,CWB379000210,35.309607,128.602259
대천,창원시의창구,북면,2,"https://map.kakao.com/link/map/%EB%8C%80%EC%B2%9C,35.309648,128.6020565",https://map.naver.com/p?lng=128.6020565&lat=35.309648&zoom=18,119327,CWB379000209,35.309648,128.602056
대촌(하천초교),창원시의창구,북면,2,"https://map.kakao.com/link/map/%EB%8C%80%EC%B4%8C%28%ED%95%98%EC%B2%9C%EC%B4%88%EA%B5%90%29,35.36784,128.603222",https://map.naver.com/p?lng=128.603222&lat=35.36784&zoom=18,121506,CWB379000037,35.36784,128.603222
대촌(하천초교),창원시의창구,북면,2,"https://map.kakao.com/link/map/%EB%8C%80%EC%B4%8C%28%ED%95%98%EC%B2%9C%EC%B4%88%EA%B5%90%29,35.367793,128.6034148",https://map.naver.com/p?lng=128.6034148&lat=35.367793&zoom=18,121505,CWB379000035,35.367793,128.603415
대호아파트,창원시의창구,북면,2,"https://map.kakao.com/link/map/%EB%8C%80%ED%98%B8%EC%95%84%ED%8C%8C%ED%8A%B8,35.3448638,128.605945",https://map.naver.com/p?lng=128.605945&lat=35.3448638&zoom=18,119346,CWB379000129,35.344864,128.605945
대호아파트,창원시의창구,북면,2,"https://map.kakao.com/link/map/%EB%8C%80%ED%98%B8%EC%95%84%ED%8C%8C%ED%8A%B8,35.3447171,128.6053135",https://map.naver.com/p?lng=128.6053135&lat=35.3447171&zoom=18,119345,CWB379000130,35.344717,128.605314
덕산아내,창원시의창구,북면,2,"https://map.kakao.com/link/map/%EB%8D%95%EC%82%B0%EC%95%84%EB%82%B4,35.3023395,128.5905689",https://map.naver.com/p?lng=128.5905689&lat=35.3023395&zoom=18,103107,CWB379003331,35.30234,128.590569
덕산아내,창원시의창구,북면,2,"https://map.kakao.com/link/map/%EB%8D%95%EC%82%B0%EC%95%84%EB%82%B4,35.3022056,128.5920454",https://map.naver.com/p?lng=128.5920454&lat=35.3022056&zoom=18,103116,CWB379003424,35.302206,128.592045
도래,창원시의창구,북면,2,"https://map.kakao.com/link/map/%EB%8F%84%EB%9E%98,35.3722417,128.5982019",https://map.naver.com/p?lng=128.5982019&lat=35.3722417&zoom=18,112603,CWB379000015,35.372242,128.598202
도래,창원시의창구,북면,2,"https://map.kakao.com/link/map/%EB%8F%84%EB%9E%98,35.3721847,128.5981019",https://map.naver.com/p?lng=128.5981019&lat=35.3721847&zoom=18,112604,CWB379000016,35.372185,128.598102
동전,창원시의창구,북면,2,"https://map.kakao.com/link/map/%EB%8F%99%EC%A0%84,35.3178894,128.6033727",https://map.naver.com/p?lng=128.6033727&lat=35.3178894&zoom=18,119331,CWB379000191,35.317889,128.603373
동전,창원시의창구,북면,2,"https://map.kakao.com/link/map/%EB%8F%99%EC%A0%84,35.3177037,128.6037841",https://map.naver.com/p?lng=128.6037841&lat=35.3177037&zoom=18,119204,CWB379003141,35.317704,128.603784
동전산단,창원시의창구,북면,2,"https://map.kakao.com/link/map/%EB%8F%99%EC%A0%84%EC%82%B0%EB%8B%A8,35.3156805,128.6051378",https://map.naver.com/p?lng=128.6051378&lat=35.3156805&zoom=18,119206,CWB379005949,35.31568,128.605138
동전산단,창원시의창구,북면,2,"https://map.kakao.com/link/map/%EB%8F%99%EC%A0%84%EC%82%B0%EB%8B%A8,35.3156275,128.6048894",https://map.naver.com/p?lng=128.6048894&lat=35.3156275&zoom=18,119207,CWB379005950,35.315628,128.604889
명호마을,창원시의창구,북면,2,"https://map.kakao.com/link/map/%EB%AA%85%ED%98%B8%EB%A7%88%EC%9D%84,35.3207854,128.6022759",https://map.naver.com/p?lng=128.6022759&lat=35.3207854&zoom=18,119334,CWB379000179,35.320785,128.602276
명호마을,창원시의창구,북면,2,"https://map.kakao.com/link/map/%EB%AA%85%ED%98%B8%EB%A7%88%EC%9D%84,35.3210009,128.6021103",https://map.naver.com/p?lng=128.6021103&lat=35.3210009&zoom=18,119333,CWB379000178,35.321001,128.60211
무곡리.갈곡마을,창원시의창구,북면,2,"https://map.kakao.com/link/map/%EB%AC%B4%EA%B3%A1%EB%A6%AC.%EA%B0%88%EA%B3%A1%EB%A7%88%EC%9D%84,35.3337349,128.5993785",https://map.naver.com/p?lng=128.5993785&lat=35.3337349&zoom=18,119374,CWB379003408,35.333735,128.599378
무곡리.갈곡마을,창원시의창구,북면,2,"https://map.kakao.com/link/map/%EB%AC%B4%EA%B3%A1%EB%A6%AC.%EA%B0%88%EA%B3%A1%EB%A7%88%EC%9D%84,35.3333909,128.5991755",https://map.naver.com/p?lng=128.5991755&lat=35.3333909&zoom=18,119373,CWB379003407,35.333391,128.599176
무동센텀파라디아아파트,창원시의창구,북면,2,"https://map.kakao.com/link/map/%EB%AC%B4%EB%8F%99%EC%84%BC%ED%85%80%ED%8C%8C%EB%9D%BC%EB%94%94%EC%95%84%EC%95%84%ED%8C%8C%ED%8A%B8,35.3182497,128.5797637",https://map.naver.com/p?lng=128.5797637&lat=35.3182497&zoom=18,104703,CWB379000194,35.31825,128.579764
무동센텀파라디아아파트,창원시의창구,북면,2,"https://map.kakao.com/link/map/%EB%AC%B4%EB%8F%99%EC%84%BC%ED%85%80%ED%8C%8C%EB%9D%BC%EB%94%94%EC%95%84%EC%95%84%ED%8C%8C%ED%8A%B8,35.3188744,128.5799316",https://map.naver.com/p?lng=128.5799316&lat=35.3188744&zoom=18,104704,CWB379000193,35.318874,128.579932
무동입구,창원시의창구,북면,2,"https://map.kakao.com/link/map/%EB%AC%B4%EB%8F%99%EC%9E%85%EA%B5%AC,35.3161812,128.5862493",https://map.naver.com/p?lng=128.5862493&lat=35.3161812&zoom=18,104705,CWB379000196,35.316181,128.586249
무동입구,창원시의창구,북면,2,"https://map.kakao.com/link/map/%EB%AC%B4%EB%8F%99%EC%9E%85%EA%B5%AC,35.3163696,128.5849012",https://map.naver.com/p?lng=128.5849012&lat=35.3163696&zoom=18,104706,CWB379000195,35.31637,128.584901
바깥신천,창원시의창구,북면,2,"https://map.kakao.com/link/map/%EB%B0%94%EA%B9%A5%EC%8B%A0%EC%B2%9C,35.3685716,128.6260472",https://map.naver.com/p?lng=128.6260472&lat=35.3685716&zoom=18,119362,CWB379000028,35.368572,128.626047
바깥신천,창원시의창구,북면,2,"https://map.kakao.com/link/map/%EB%B0%94%EA%B9%A5%EC%8B%A0%EC%B2%9C,35.3685096,128.6259299",https://map.naver.com/p?lng=128.6259299&lat=35.3685096&zoom=18,119361,CWB379000025,35.36851,128.62593
봉촌,창원시의창구,북면,2,"https://map.kakao.com/link/map/%EB%B4%89%EC%B4%8C,35.3601998,128.5903038",https://map.naver.com/p?lng=128.5903038&lat=35.3601998&zoom=18,112003,CWB379000064,35.3602,128.590304
봉촌,창원시의창구,북면,2,"https://map.kakao.com/link/map/%EB%B4%89%EC%B4%8C,35.3600405,128.5900744",https://map.naver.com/p?lng=128.5900744&lat=35.3600405&zoom=18,112004,CWB379000065,35.36004,128.590074
북면농협,창원시의창구,북면,2,"https://map.kakao.com/link/map/%EB%B6%81%EB%A9%B4%EB%86%8D%ED%98%91,35.3533452,128.6091275",https://map.naver.com/p?lng=128.6091275&lat=35.3533452&zoom=18,119354,CWB379000083,35.353345,128.609128
북면농협,창원시의창구,북면,2,"https://map.kakao.com/link/map/%EB%B6%81%EB%A9%B4%EB%86%8D%ED%98%91,35.3530135,128.6088169",https://map.naver.com/p?lng=128.6088169&lat=35.3530135&zoom=18,119353,CWB379000088,35.353014,128.608817
북면온천,창원시의창구,북면,2,"https://map.kakao.com/link/map/%EB%B6%81%EB%A9%B4%EC%98%A8%EC%B2%9C,35.3546158,128.6102577",https://map.naver.com/p?lng=128.6102577&lat=35.3546158&zoom=18,119356,CWB379000081,35.354616,128.610258
북면온천,창원시의창구,북면,2,"https://map.kakao.com/link/map/%EB%B6%81%EB%A9%B4%EC%98%A8%EC%B2%9C,35.3546309,128.6099733",https://map.naver.com/p?lng=128.6099733&lat=35.3546309&zoom=18,119355,CWB379000082,35.354631,128.609973
북면온천마을회관,창원시의창구,북면,2,"https://map.kakao.com/link/map/%EB%B6%81%EB%A9%B4%EC%98%A8%EC%B2%9C%EB%A7%88%EC%9D%84%ED%9A%8C%EA%B4%80,35.3510654,128.6082853",https://map.naver.com/p?lng=128.6082853&lat=35.3510654&zoom=18,119352,CWB379000100,35.351065,128.608285
북면온천마을회관,창원시의창구,북면,2,"https://map.kakao.com/link/map/%EB%B6%81%EB%A9%B4%EC%98%A8%EC%B2%9C%EB%A7%88%EC%9D%84%ED%9A%8C%EA%B4%80,35.3508321,128.6080414",https://map.naver.com/p?lng=128.6080414&lat=35.3508321&zoom=18,119351,CWB379000101,35.350832,128.608041
북면행정복지센터,창원시의창구,북면,2,"https://map.kakao.com/link/map/%EB%B6%81%EB%A9%B4%ED%96%89%EC%A0%95%EB%B3%B5%EC%A7%80%EC%84%BC%ED%84%B0,35.347814,128.6077811",https://map.naver.com/p?lng=128.6077811&lat=35.347814&zoom=18,119348,CWB379000112,35.347814,128.607781
북면행정복지센터,창원시의창구,북면,2,"https://map.kakao.com/link/map/%EB%B6%81%EB%A9%B4%ED%96%89%EC%A0%95%EB%B3%B5%EC%A7%80%EC%84%BC%ED%84%B0,35.3478064,128.6076596",https://map.naver.com/p?lng=128.6076596&lat=35.3478064&zoom=18,119347,CWB379000113,35.347806,128.60766
산수정,창원시의창구,북면,2,"https://map.kakao.com/link/map/%EC%82%B0%EC%88%98%EC%A0%95,35.2816274,128.6137152",https://map.naver.com/p?lng=128.6137152&lat=35.2816274&zoom=18,119312,CWB379000284,35.281627,128.613715
산수정,창원시의창구,북면,2,"https://map.kakao.com/link/map/%EC%82%B0%EC%88%98%EC%A0%95,35.2814231,128.6136455",https://map.naver.com/p?lng=128.6136455&lat=35.2814231&zoom=18,119311,CWB379000285,35.281423,128.613645
소라,창원시의창구,북면,1,"https://map.kakao.com/link/map/%EC%86%8C%EB%9D%BC,35.3588738,128.5849747",https://map.naver.com/p?lng=128.5849747&lat=35.3588738&zoom=18,112001,CWB379000069,35.358874,128.584975
신기,창원시의창구,북면,2,"https://map.kakao.com/link/map/%EC%8B%A0%EA%B8%B0,35.3640577,128.6236141",https://map.naver.com/p?lng=128.6236141&lat=35.3640577&zoom=18,119360,CWB379000048,35.364058,128.623614
신기,창원시의창구,북면,2,"https://map.kakao.com/link/map/%EC%8B%A0%EA%B8%B0,35.3638701,128.6232711",https://map.naver.com/p?lng=128.6232711&lat=35.3638701&zoom=18,119359,CWB379000049,35.36387,128.623271
신동,창원시의창구,북면,2,"https://map.kakao.com/link/map/%EC%8B%A0%EB%8F%99,35.3301257,128.6007987",https://map.naver.com/p?lng=128.6007987&lat=35.3301257&zoom=18,119340,CWB379000164,35.330126,128.600799
신동,창원시의창구,북면,2,"https://map.kakao.com/link/map/%EC%8B%A0%EB%8F%99,35.3300509,128.6006794",https://map.naver.com/p?lng=128.6006794&lat=35.3300509&zoom=18,119375,CWB379005533,35.330051,128.600679
신동이주단지,창원시의창구,북면,2,"https://map.kakao.com/link/map/%EC%8B%A0%EB%8F%99%EC%9D%B4%EC%A3%BC%EB%8B%A8%EC%A7%80,35.3273994,128.6019839",https://map.naver.com/p?lng=128.6019839&lat=35.3273994&zoom=18,119338,CWB379000171,35.327399,128.601984
신동이주단지,창원시의창구,북면,2,"https://map.kakao.com/link/map/%EC%8B%A0%EB%8F%99%EC%9D%B4%EC%A3%BC%EB%8B%A8%EC%A7%80,35.3275338,128.6017207",https://map.naver.com/p?lng=128.6017207&lat=35.3275338&zoom=18,119337,CWB379000170,35.327534,128.601721
신목,창원시의창구,북면,2,"https://map.kakao.com/link/map/%EC%8B%A0%EB%AA%A9,35.3588669,128.6180841",https://map.naver.com/p?lng=128.6180841&lat=35.3588669&zoom=18,630008,CWB379000067,35.358867,128.618084
신목,창원시의창구,북면,2,"https://map.kakao.com/link/map/%EC%8B%A0%EB%AA%A9,35.3589233,128.6179722",https://map.naver.com/p?lng=128.6179722&lat=35.3589233&zoom=18,119357,CWB379000066,35.358923,128.617972
신촌주유소,창원시의창구,북면,2,"https://map.kakao.com/link/map/%EC%8B%A0%EC%B4%8C%EC%A3%BC%EC%9C%A0%EC%86%8C,35.3397704,128.6011532",https://map.naver.com/p?lng=128.6011532&lat=35.3397704&zoom=18,119344,CWB379000144,35.33977,128.601153
신촌주유소,창원시의창구,북면,2,"https://map.kakao.com/link/map/%EC%8B%A0%EC%B4%8C%EC%A3%BC%EC%9C%A0%EC%86%8C,35.3397342,128.6010096",https://map.naver.com/p?lng=128.6010096&lat=35.3397342&zoom=18,119343,CWB379000145,35.339734,128.60101
신한아파트,창원시의창구,북면,2,"https://map.kakao.com/link/map/%EC%8B%A0%ED%95%9C%EC%95%84%ED%8C%8C%ED%8A%B8,35.349309,128.6072349",https://map.naver.com/p?lng=128.6072349&lat=35.349309&zoom=18,119350,CWB379000102,35.349309,128.607235
신한아파트,창원시의창구,북면,2,"https://map.kakao.com/link/map/%EC%8B%A0%ED%95%9C%EC%95%84%ED%8C%8C%ED%8A%B8,35.349138,128.6072299",https://map.naver.com/p?lng=128.6072299&lat=35.349138&zoom=18,119349,CWB379000103,35.349138,128.60723
안신천,창원시의창구,북면,2,"https://map.kakao.com/link/map/%EC%95%88%EC%8B%A0%EC%B2%9C,35.3731356,128.6137346",https://map.naver.com/p?lng=128.6137346&lat=35.3731356&zoom=18,119364,CWB379000010,35.373136,128.613735
안신천,창원시의창구,북면,2,"https://map.kakao.com/link/map/%EC%95%88%EC%8B%A0%EC%B2%9C,35.3730351,128.6137921",https://map.naver.com/p?lng=128.6137921&lat=35.3730351&zoom=18,119363,CWB379000012,35.373035,128.613792
앞실마을,창원시의창구,북면,2,"https://map.kakao.com/link/map/%EC%95%9E%EC%8B%A4%EB%A7%88%EC%9D%84,35.3679642,128.6002312",https://map.naver.com/p?lng=128.6002312&lat=35.3679642&zoom=18,112601,CWB379000034,35.367964,128.600231
앞실마을,창원시의창구,북면,2,"https://map.kakao.com/link/map/%EC%95%9E%EC%8B%A4%EB%A7%88%EC%9D%84,35.3678683,128.6002258",https://map.naver.com/p?lng=128.6002258&lat=35.3678683&zoom=18,112602,CWB379000036,35.367868,128.600226
앞실마을입구,창원시의창구,북면,2,"https://map.kakao.com/link/map/%EC%95%9E%EC%8B%A4%EB%A7%88%EC%9D%84%EC%9E%85%EA%B5%AC,35.3642075,128.5997733",https://map.naver.com/p?lng=128.5997733&lat=35.3642075&zoom=18,121501,CWB379000050,35.364208,128.599773
앞실마을입구,창원시의창구,북면,2,"https://map.kakao.com/link/map/%EC%95%9E%EC%8B%A4%EB%A7%88%EC%9D%84%EC%9E%85%EA%B5%AC,35.3641316,128.5998637",https://map.naver.com/p?lng=128.5998637&lat=35.3641316&zoom=18,121502,CWB379000052,35.364132,128.599864
어유골,창원시의창구,북면,2,"https://map.kakao.com/link/map/%EC%96%B4%EC%9C%A0%EA%B3%A8,35.3584497,128.5878745",https://map.naver.com/p?lng=128.5878745&lat=35.3584497&zoom=18,111901,CWB379003121,35.35845,128.587874
어유골,창원시의창구,북면,2,"https://map.kakao.com/link/map/%EC%96%B4%EC%9C%A0%EA%B3%A8,35.3583599,128.5876874",https://map.naver.com/p?lng=128.5876874&lat=35.3583599&zoom=18,111902,CWB379003122,35.35836,128.587687
영신아파트,창원시의창구,북면,2,"https://map.kakao.com/link/map/%EC%98%81%EC%8B%A0%EC%95%84%ED%8C%8C%ED%8A%B8,35.3364351,128.6002381",https://map.naver.com/p?lng=128.6002381&lat=35.3364351&zoom=18,119342,CWB379000154,35.336435,128.600238
영신아파트,창원시의창구,북면,2,"https://map.kakao.com/link/map/%EC%98%81%EC%8B%A0%EC%95%84%ED%8C%8C%ED%8A%B8,35.3364263,128.6000774",https://map.naver.com/p?lng=128.6000774&lat=35.3364263&zoom=18,119341,CWB379000155,35.336426,128.600077
외감입구,창원시의창구,북면,2,"https://map.kakao.com/link/map/%EC%99%B8%EA%B0%90%EC%9E%85%EA%B5%AC,35.2893883,128.606389",https://map.naver.com/p?lng=128.606389&lat=35.2893883&zoom=18,119318,CWB379000260,35.289388,128.606389
외감입구,창원시의창구,북면,2,"https://map.kakao.com/link/map/%EC%99%B8%EA%B0%90%EC%9E%85%EA%B5%AC,35.2891685,128.6064916",https://map.naver.com/p?lng=128.6064916&lat=35.2891685&zoom=18,119317,CWB379000262,35.289168,128.606492
중방마을회관,창원시의창구,북면,2,"https://map.kakao.com/link/map/%EC%A4%91%EB%B0%A9%EB%A7%88%EC%9D%84%ED%9A%8C%EA%B4%80,35.2964593,128.5932433",https://map.naver.com/p?lng=128.5932433&lat=35.2964593&zoom=18,103113,CWB379003328,35.296459,128.593243
중방마을회관,창원시의창구,북면,2,"https://map.kakao.com/link/map/%EC%A4%91%EB%B0%A9%EB%A7%88%EC%9D%84%ED%9A%8C%EA%B4%80,35.2965704,128.5932506",https://map.naver.com/p?lng=128.5932506&lat=35.2965704&zoom=18,103112,CWB379003329,35.29657,128.593251
중재골입구,창원시의창구,북면,2,"https://map.kakao.com/link/map/%EC%A4%91%EC%9E%AC%EA%B3%A8%EC%9E%85%EA%B5%AC,35.2931516,128.6053578",https://map.naver.com/p?lng=128.6053578&lat=35.2931516&zoom=18,119320,CWB379000254,35.293152,128.605358
중재골입구,창원시의창구,북면,2,"https://map.kakao.com/link/map/%EC%A4%91%EC%9E%AC%EA%B3%A8%EC%9E%85%EA%B5%AC,35.2931892,128.6052432",https://map.naver.com/p?lng=128.6052432&lat=35.2931892&zoom=18,119319,CWB379000253,35.293189,128.605243
중촌,창원시의창구,북면,2,"https://map.kakao.com/link/map/%EC%A4%91%EC%B4%8C,35.36565,128.6013072",https://map.naver.com/p?lng=128.6013072&lat=35.36565&zoom=18,121503,CWB379000047,35.36565,128.601307
중촌,창원시의창구,북면,2,"https://map.kakao.com/link/map/%EC%A4%91%EC%B4%8C,35.3656514,128.6014522",https://map.naver.com/p?lng=128.6014522&lat=35.3656514&zoom=18,121504,CWB379000046,35.365651,128.601452
지개리입구,창원시의창구,북면,2,"https://map.kakao.com/link/map/%EC%A7%80%EA%B0%9C%EB%A6%AC%EC%9E%85%EA%B5%AC,35.2859929,128.6103302",https://map.naver.com/p?lng=128.6103302&lat=35.2859929&zoom=18,119314,CWB379000274,35.285993,128.61033
지개리입구,창원시의창구,북면,2,"https://map.kakao.com/link/map/%EC%A7%80%EA%B0%9C%EB%A6%AC%EC%9E%85%EA%B5%AC,35.285865,128.6102892",https://map.naver.com/p?lng=128.6102892&lat=35.285865&zoom=18,119315,CWB379000276,35.285865,128.610289
천수림아파트정문,창원시의창구,북면,1,"https://map.kakao.com/link/map/%EC%B2%9C%EC%88%98%EB%A6%BC%EC%95%84%ED%8C%8C%ED%8A%B8%EC%A0%95%EB%AC%B8,35.3016865,128.5864604",https://map.naver.com/p?lng=128.5864604&lat=35.3016865&zoom=18,103117,CWB379003426,35.301686,128.58646
초소,창원시의창구,북면,2,"https://map.kakao.com/link/map/%EC%B4%88%EC%86%8C,35.378131,128.5948613",https://map.naver.com/p?lng=128.5948613&lat=35.378131&zoom=18,112609,CWB379000007,35.378131,128.594861
초소,창원시의창구,북면,2,"https://map.kakao.com/link/map/%EC%B4%88%EC%86%8C,35.3777822,128.5944913",https://map.naver.com/p?lng=128.5944913&lat=35.3777822&zoom=18,112608,CWB379000008,35.377782,128.594491
푸르지오아파트,창원시의창구,북면,1,"https://map.kakao.com/link/map/%ED%91%B8%EB%A5%B4%EC%A7%80%EC%98%A4%EC%95%84%ED%8C%8C%ED%8A%B8,35.3003405,128.58631",https://map.naver.com/p?lng=128.58631&lat=35.3003405&zoom=18,103109,CWB379003324,35.30034,128.58631
하천리,창원시의창구,북면,2,"https://map.kakao.com/link/map/%ED%95%98%EC%B2%9C%EB%A6%AC,35.3704324,128.6059216",https://map.naver.com/p?lng=128.6059216&lat=35.3704324&zoom=18,121508,CWB379006169,35.370432,128.605922
하천리,창원시의창구,북면,2,"https://map.kakao.com/link/map/%ED%95%98%EC%B2%9C%EB%A6%AC,35.370338,128.6060682",https://map.naver.com/p?lng=128.6060682&lat=35.370338&zoom=18,121507,CWB379006168,35.370338,128.606068
행복가득한집,창원시의창구,북면,2,"https://map.kakao.com/link/map/%ED%96%89%EB%B3%B5%EA%B0%80%EB%93%9D%ED%95%9C%EC%A7%91,35.356849,128.6151584",https://map.naver.com/p?lng=128.6151584&lat=35.356849&zoom=18,119368,CWB379003291,35.356849,128.615158
행복가득한집,창원시의창구,북면,2,"https://map.kakao.com/link/map/%ED%96%89%EB%B3%B5%EA%B0%80%EB%93%9D%ED%95%9C%EC%A7%91,35.3569338,128.6151133",https://map.naver.com/p?lng=128.6151133&lat=35.3569338&zoom=18,119367,CWB379003290,35.356934,128.615113
행복한병원,창원시의창구,북면,2,"https://map.kakao.com/link/map/%ED%96%89%EB%B3%B5%ED%95%9C%EB%B3%91%EC%9B%90,35.323593,128.6026596",https://map.naver.com/p?lng=128.6026596&lat=35.323593&zoom=18,119336,CWB379002912,35.323593,128.60266
행복한병원,창원시의창구,북면,2,"https://map.kakao.com/link/map/%ED%96%89%EB%B3%B5%ED%95%9C%EB%B3%91%EC%9B%90,35.3232712,128.6026229",https://map.naver.com/p?lng=128.6026229&lat=35.3232712&zoom=18,119335,CWB379002913,35.323271,128.602623
현도,창원시의창구,북면,2,"https://map.kakao.com/link/map/%ED%98%84%EB%8F%84,35.3737905,128.5913621",https://map.naver.com/p?lng=128.5913621&lat=35.3737905&zoom=18,112605,CWB379000014,35.37379,128.591362
현도,창원시의창구,북면,2,"https://map.kakao.com/link/map/%ED%98%84%EB%8F%84,35.3737089,128.5912312",https://map.naver.com/p?lng=128.5912312&lat=35.3737089&zoom=18,112606,CWB379000013,35.373709,128.591231
화천리,창원시의창구,북면,2,"https://map.kakao.com/link/map/%ED%99%94%EC%B2%9C%EB%A6%AC,35.3000271,128.6033567",https://map.naver.com/p?lng=128.6033567&lat=35.3000271&zoom=18,119322,CWB379000237,35.300027,128.603357
화천리,창원시의창구,북면,2,"https://map.kakao.com/link/map/%ED%99%94%EC%B2%9C%EB%A6%AC,35.2997835,128.6033253",https://map.naver.com/p?lng=128.6033253&lat=35.2997835&zoom=18,119321,CWB379000238,35.299784,128.603325
휴먼빌1단지,창원시의창구,북면,1,"https://map.kakao.com/link/map/%ED%9C%B4%EB%A8%BC%EB%B9%8C1%EB%8B%A8%EC%A7%80,35.3194762,128.5838751",https://map.naver.com/p?lng=128.5838751&lat=35.3194762&zoom=18,104714,CWB379003251,35.319476,128.583875
휴먼빌2단지,창원시의창구,북면,1,"https://map.kakao.com/link/map/%ED%9C%B4%EB%A8%BC%EB%B9%8C2%EB%8B%A8%EC%A7%80,35.3195585,128.5839562",https://map.naver.com/p?lng=128.5839562&lat=35.3195585&zoom=18,104713,CWB379003250,35.319558,128.583956
휴먼빌3차아파트,창원시의창구,북면,1,"https://map.kakao.com/link/map/%ED%9C%B4%EB%A8%BC%EB%B9%8C3%EC%B0%A8%EC%95%84%ED%8C%8C%ED%8A%B8,35.3161866,128.5822967",https://map.naver.com/p?lng=128.5822967&lat=35.3161866&zoom=18,104721,CWB379003380,35.316187,128.582297
힐스테이트1차,창원시의창구,북면,1,"https://map.kakao.com/link/map/%ED%9E%90%EC%8A%A4%ED%85%8C%EC%9D%B4%ED%8A%B81%EC%B0%A8,35.3023536,128.5974387",https://map.naver.com/p?lng=128.5974387&lat=35.3023536&zoom=18,103103,CWB379003286,35.302354,128.597439
힐스테이트3차,창원시의창구,북면,1,"https://map.kakao.com/link/map/%ED%9E%90%EC%8A%A4%ED%85%8C%EC%9D%B4%ED%8A%B83%EC%B0%A8,35.3023362,128.5878081",https://map.naver.com/p?lng=128.5878081&lat=35.3023362&zoom=18,103115,CWB379003423,35.302336,128.587808
힐스테이트3차.천수림아파트,창원시의창구,북면,1,"https://map.kakao.com/link/map/%ED%9E%90%EC%8A%A4%ED%85%8C%EC%9D%B4%ED%8A%B83%EC%B0%A8.%EC%B2%9C%EC%88%98%EB%A6%BC%EC%95%84%ED%8C%8C%ED%8A%B8,35.3022088,128.5884201",https://map.naver.com/p?lng=128.5884201&lat=35.3022088&zoom=18,103106,CWB379003332,35.302209,128.58842
힐스테이트4차,창원시의창구,북면,1,"https://map.kakao.com/link/map/%ED%9E%90%EC%8A%A4%ED%85%8C%EC%9D%B4%ED%8A%B84%EC%B0%A8,35.3016932,128.5862985",https://map.naver.com/p?lng=128.5862985&lat=35.3016932&zoom=18,103118,CWB379003427,35.301693,128.586298
굴현고개,창원시의창구,의창동,1,"https://map.kakao.com/link/map/%EA%B5%B4%ED%98%84%EA%B3%A0%EA%B0%9C,35.2767508,128.6161063",https://map.naver.com/p?lng=128.6161063&lat=35.2767508&zoom=18,119309,CWB379000300,35.276751,128.616106
동정동,창원시의창구,의창동,1,"https://map.kakao.com/link/map/%EB%8F%99%EC%A0%95%EB%8F%99,35.2633623,128.6183266",https://map.naver.com/p?lng=128.6183266&lat=35.2633623&zoom=18,119302,CWB379000346,35.263362,128.618327
동정동갓골,창원시의창구,의창동,2,"https://map.kakao.com/link/map/%EB%8F%99%EC%A0%95%EB%8F%99%EA%B0%93%EA%B3%A8,35.2663047,128.6165887",https://map.naver.com/p?lng=128.6165887&lat=35.2663047&zoom=18,119306,CWB379000322,35.266305,128.616589
동정동갓골,창원시의창구,의창동,2,"https://map.kakao.com/link/map/%EB%8F%99%EC%A0%95%EB%8F%99%EA%B0%93%EA%B3%A8,35.2661846,128.6163663",https://map.naver.com/p?lng=128.6163663&lat=35.2661846&zoom=18,119305,CWB379000323,35.266185,128.616366
소계시장,창원시의창구,의창동,1,"https://map.kakao.com/link/map/%EC%86%8C%EA%B3%84%EC%8B%9C%EC%9E%A5,35.2568216,128.599647",https://map.naver.com/p?lng=128.599647&lat=35.2568216&zoom=18,630017,CWB379000419,35.256822,128.599647
소계입구,창원시의창구,의창동,1,"https://map.kakao.com/link/map/%EC%86%8C%EA%B3%84%EC%9E%85%EA%B5%AC,35.2566722,128.6012452",https://map.naver.com/p?lng=128.6012452&lat=35.2566722&zoom=18,102501,CWB379000418,35.256672,128.601245
소계종점,창원시의창구,의창동,2,"https://map.kakao.com/link/map/%EC%86%8C%EA%B3%84%EC%A2%85%EC%A0%90,35.258876,128.6031322",https://map.naver.com/p?lng=128.6031322&lat=35.258876&zoom=18,630227,CWB379002799,35.258876,128.603132
소계종점,창원시의창구,의창동,2,"https://map.kakao.com/link/map/%EC%86%8C%EA%B3%84%EC%A2%85%EC%A0%90,35.2588655,128.6027392",https://map.naver.com/p?lng=128.6027392&lat=35.2588655&zoom=18,102504,CWB379005804,35.258866,128.602739
소계종점입구,창원시의창구,의창동,1,"https://map.kakao.com/link/map/%EC%86%8C%EA%B3%84%EC%A2%85%EC%A0%90%EC%9E%85%EA%B5%AC,35.2582234,128.6020942",https://map.naver.com/p?lng=128.6020942&lat=35.2582234&zoom=18,102503,CWB379000403,35.258223,128.602094
소답동,창원시의창구,의창동,2,"https://map.kakao.com/link/map/%EC%86%8C%EB%8B%B5%EB%8F%99,35.2611449,128.6285109",https://map.naver.com/p?lng=128.6285109&lat=35.2611449&zoom=18,115314,CWB379000370,35.261145,128.628511
소답동,창원시의창구,의창동,2,"https://map.kakao.com/link/map/%EC%86%8C%EB%8B%B5%EB%8F%99,35.2614665,128.6257342",https://map.naver.com/p?lng=128.6257342&lat=35.2614665&zoom=18,115311,CWB379000366,35.261466,128.625734
윤병원,창원시의창구,의창동,2,"https://map.kakao.com/link/map/%EC%9C%A4%EB%B3%91%EC%9B%90,35.2613931,128.6209841",https://map.naver.com/p?lng=128.6209841&lat=35.2613931&zoom=18,115310,CWB379000367,35.261393,128.620984
윤병원,창원시의창구,의창동,2,"https://map.kakao.com/link/map/%EC%9C%A4%EB%B3%91%EC%9B%90,35.2617925,128.6200302",https://map.naver.com/p?lng=128.6200302&lat=35.2617925&zoom=18,115307,CWB379000358,35.261792,128.62003
의창동환승센터,창원시의창구,의창동,2,"https://map.kakao.com/link/map/%EC%9D%98%EC%B0%BD%EB%8F%99%ED%99%98%EC%8A%B9%EC%84%BC%ED%84%B0,35.2612419,128.6244038",https://map.naver.com/p?lng=128.6244038&lat=35.2612419&zoom=18,115312,CWB379000369,35.261242,128.624404
의창동환승센터,창원시의창구,의창동,2,"https://map.kakao.com/link/map/%EC%9D%98%EC%B0%BD%EB%8F%99%ED%99%98%EC%8A%B9%EC%84%BC%ED%84%B0,35.2616634,128.6228942",https://map.naver.com/p?lng=128.6228942&lat=35.2616634&zoom=18,115309,CWB379000361,35.261663,128.622894
창원여중,창원시의창구,의창동,1,"https://map.kakao.com/link/map/%EC%B0%BD%EC%9B%90%EC%97%AC%EC%A4%91,35.2589124,128.6165122",https://map.naver.com/p?lng=128.6165122&lat=35.2589124&zoom=18,120608,CWB379000396,35.258912,128.616512
창원역,창원시의창구,의창동,1,"https://map.kakao.com/link/map/%EC%B0%BD%EC%9B%90%EC%97%AD,35.2572834,128.6073585",https://map.naver.com/p?lng=128.6073585&lat=35.2572834&zoom=18,115301,CWB379000408,35.257283,128.607358
천주암,창원시의창구,의창동,2,"https://map.kakao.com/link/map/%EC%B2%9C%EC%A3%BC%EC%95%94,35.2715596,128.614358",https://map.naver.com/p?lng=128.614358&lat=35.2715596&zoom=18,119308,CWB379000314,35.27156,128.614358
천주암,창원시의창구,의창동,2,"https://map.kakao.com/link/map/%EC%B2%9C%EC%A3%BC%EC%95%94,35.2714404,128.6142108",https://map.naver.com/p?lng=128.6142108&lat=35.2714404&zoom=18,119307,CWB379000316,35.27144,128.614211
흥한웰가아파트,창원시의창구,의창동,2,"https://map.kakao.com/link/map/%ED%9D%A5%ED%95%9C%EC%9B%B0%EA%B0%80%EC%95%84%ED%8C%8C%ED%8A%B8,35.2644647,128.6181899",https://map.naver.com/p?lng=128.6181899&lat=35.2644647&zoom=18,119304,CWB379000336,35.264465,128.61819
흥한웰가아파트,창원시의창구,의창동,2,"https://map.kakao.com/link/map/%ED%9D%A5%ED%95%9C%EC%9B%B0%EA%B0%80%EC%95%84%ED%8C%8C%ED%8A%B8,35.264309,128.617951",https://map.naver.com/p?lng=128.617951&lat=35.264309&zoom=18,119303,CWB379000342,35.264309,128.617951
경남테크노파크,창원시의창구,팔룡동,2,"https://map.kakao.com/link/map/%EA%B2%BD%EB%82%A8%ED%85%8C%ED%81%AC%EB%85%B8%ED%8C%8C%ED%81%AC,35.254398,128.6067947",https://map.naver.com/p?lng=128.6067947&lat=35.254398&zoom=18,118801,CWB379002297,35.254398,128.606795
경남테크노파크,창원시의창구,팔룡동,2,"https://map.kakao.com/link/map/%EA%B2%BD%EB%82%A8%ED%85%8C%ED%81%AC%EB%85%B8%ED%8C%8C%ED%81%AC,35.2532703,128.6078276",https://map.naver.com/p?lng=128.6078276&lat=35.2532703&zoom=18,118802,CWB379000443,35.25327,128.607828
대원파크빌아파트,창원시의창구,팔룡동,1,"https://map.kakao.com/link/map/%EB%8C%80%EC%9B%90%ED%8C%8C%ED%81%AC%EB%B9%8C%EC%95%84%ED%8C%8C%ED%8A%B8,35.2248728,128.6556672",https://map.naver.com/p?lng=128.6556672&lat=35.2248728&zoom=18,207901,CWB379000857,35.224873,128.655667
동서식품,창원시의창구,팔룡동,2,"https://map.kakao.com/link/map/%EB%8F%99%EC%84%9C%EC%8B%9D%ED%92%88,35.2498699,128.6137411",https://map.naver.com/p?lng=128.6137411&lat=35.2498699&zoom=18,118806,CWB379000487,35.24987,128.613741
동서식품,창원시의창구,팔룡동,2,"https://map.kakao.com/link/map/%EB%8F%99%EC%84%9C%EC%8B%9D%ED%92%88,35.2507458,128.6129642",https://map.naver.com/p?lng=128.6129642&lat=35.2507458&zoom=18,118805,CWB379000476,35.250746,128.612964
마창자동차운전전문학원,창원시의창구,팔룡동,1,"https://map.kakao.com/link/map/%EB%A7%88%EC%B0%BD%EC%9E%90%EB%8F%99%EC%B0%A8%EC%9A%B4%EC%A0%84%EC%A0%84%EB%AC%B8%ED%95%99%EC%9B%90,35.2481047,128.6046175",https://map.naver.com/p?lng=128.6046175&lat=35.2481047&zoom=18,120622,CWB379005414,35.248105,128.604617
문성고등학교,창원시의창구,팔룡동,1,"https://map.kakao.com/link/map/%EB%AC%B8%EC%84%B1%EA%B3%A0%EB%93%B1%ED%95%99%EA%B5%90,35.2376408,128.6612652",https://map.naver.com/p?lng=128.6612652&lat=35.2376408&zoom=18,114248,CWB379006085,35.237641,128.661265
셰플러코리아,창원시의창구,팔룡동,1,"https://map.kakao.com/link/map/%EC%85%B0%ED%94%8C%EB%9F%AC%EC%BD%94%EB%A6%AC%EC%95%84,35.220422,128.6518362",https://map.naver.com/p?lng=128.6518362&lat=35.220422&zoom=18,207903,CWB379000920,35.220422,128.651836
시티7,창원시의창구,팔룡동,1,"https://map.kakao.com/link/map/%EC%8B%9C%ED%8B%B07,35.2409993,128.6532624",https://map.naver.com/p?lng=128.6532624&lat=35.2409993&zoom=18,114244,CWB379006081,35.240999,128.653262
운암서원삼거리,창원시의창구,팔룡동,2,"https://map.kakao.com/link/map/%EC%9A%B4%EC%95%94%EC%84%9C%EC%9B%90%EC%82%BC%EA%B1%B0%EB%A6%AC,35.2409404,128.6353775",https://map.naver.com/p?lng=128.6353775&lat=35.2409404&zoom=18,118823,CWB379006238,35.24094,128.635378
운암서원삼거리,창원시의창구,팔룡동,2,"https://map.kakao.com/link/map/%EC%9A%B4%EC%95%94%EC%84%9C%EC%9B%90%EC%82%BC%EA%B1%B0%EB%A6%AC,35.240874,128.635291",https://map.naver.com/p?lng=128.635291&lat=35.240874&zoom=18,118822,CWB379006237,35.240874,128.635291
차룡단지,창원시의창구,팔룡동,2,"https://map.kakao.com/link/map/%EC%B0%A8%EB%A3%A1%EB%8B%A8%EC%A7%80,35.2495177,128.6081181",https://map.naver.com/p?lng=128.6081181&lat=35.2495177&zoom=18,120602,CWB379000499,35.249518,128.608118
차룡단지,창원시의창구,팔룡동,2,"https://map.kakao.com/link/map/%EC%B0%A8%EB%A3%A1%EB%8B%A8%EC%A7%80,35.2494294,128.6077662",https://map.naver.com/p?lng=128.6077662&lat=35.2494294&zoom=18,120601,CWB379000498,35.249429,128.607766
차룡사거리,창원시의창구,팔룡동,2,"https://map.kakao.com/link/map/%EC%B0%A8%EB%A3%A1%EC%82%AC%EA%B1%B0%EB%A6%AC,35.2431794,128.6263182",https://map.naver.com/p?lng=128.6263182&lat=35.2431794&zoom=18,118811,CWB379000606,35.243179,128.626318
차룡사거리,창원시의창구,팔룡동,2,"https://map.kakao.com/link/map/%EC%B0%A8%EB%A3%A1%EC%82%AC%EA%B1%B0%EB%A6%AC,35.242835,128.6260183",https://map.naver.com/p?lng=128.6260183&lat=35.242835&zoom=18,118812,CWB379000615,35.242835,128.626018
창원공고.파티마병원,창원시의창구,팔룡동,2,"https://map.kakao.com/link/map/%EC%B0%BD%EC%9B%90%EA%B3%B5%EA%B3%A0.%ED%8C%8C%ED%8B%B0%EB%A7%88%EB%B3%91%EC%9B%90,35.2351479,128.6457309",https://map.naver.com/p?lng=128.6457309&lat=35.2351479&zoom=18,119103,CWB379000717,35.235148,128.645731
창원공고.파티마병원,창원시의창구,팔룡동,2,"https://map.kakao.com/link/map/%EC%B0%BD%EC%9B%90%EA%B3%B5%EA%B3%A0.%ED%8C%8C%ED%8B%B0%EB%A7%88%EB%B3%91%EC%9B%90,35.2367674,128.6445201",https://map.naver.com/p?lng=128.6445201&lat=35.2367674&zoom=18,107608,CWB379000689,35.236767,128.64452
창원문성대학교,창원시의창구,팔룡동,2,"https://map.kakao.com/link/map/%EC%B0%BD%EC%9B%90%EB%AC%B8%EC%84%B1%EB%8C%80%ED%95%99%EA%B5%90,35.2334668,128.6619248",https://map.naver.com/p?lng=128.6619248&lat=35.2334668&zoom=18,119903,CWB379000741,35.233467,128.661925
창원문성대학교,창원시의창구,팔룡동,2,"https://map.kakao.com/link/map/%EC%B0%BD%EC%9B%90%EB%AC%B8%EC%84%B1%EB%8C%80%ED%95%99%EA%B5%90,35.2339001,128.6625055",https://map.naver.com/p?lng=128.6625055&lat=35.2339001&zoom=18,219904,CWB379000737,35.2339,128.662506
창원스마트업파크,창원시의창구,팔룡동,2,"https://map.kakao.com/link/map/%EC%B0%BD%EC%9B%90%EC%8A%A4%EB%A7%88%ED%8A%B8%EC%97%85%ED%8C%8C%ED%81%AC,35.2393799,128.6328193",https://map.naver.com/p?lng=128.6328193&lat=35.2393799&zoom=18,118813,CWB379000660,35.23938,128.632819
창원스마트업파크,창원시의창구,팔룡동,2,"https://map.kakao.com/link/map/%EC%B0%BD%EC%9B%90%EC%8A%A4%EB%A7%88%ED%8A%B8%EC%97%85%ED%8C%8C%ED%81%AC,35.2400544,128.6340827",https://map.naver.com/p?lng=128.6340827&lat=35.2400544&zoom=18,118820,CWB379006236,35.240054,128.634083
창원여중,창원시의창구,팔룡동,1,"https://map.kakao.com/link/map/%EC%B0%BD%EC%9B%90%EC%97%AC%EC%A4%91,35.2594623,128.6166879",https://map.naver.com/p?lng=128.6166879&lat=35.2594623&zoom=18,120607,CWB379000387,35.259462,128.616688
창원역,창원시의창구,팔룡동,1,"https://map.kakao.com/link/map/%EC%B0%BD%EC%9B%90%EC%97%AD,35.2571654,128.6077952",https://map.naver.com/p?lng=128.6077952&lat=35.2571654&zoom=18,115304,CWB379000409,35.257165,128.607795
창원웨딩의전당,창원시의창구,팔룡동,2,"https://map.kakao.com/link/map/%EC%B0%BD%EC%9B%90%EC%9B%A8%EB%94%A9%EC%9D%98%EC%A0%84%EB%8B%B9,35.2564154,128.6103552",https://map.naver.com/p?lng=128.6103552&lat=35.2564154&zoom=18,107602,CWB379000421,35.256415,128.610355
창원웨딩의전당,창원시의창구,팔룡동,2,"https://map.kakao.com/link/map/%EC%B0%BD%EC%9B%90%EC%9B%A8%EB%94%A9%EC%9D%98%EC%A0%84%EB%8B%B9,35.2565624,128.610464",https://map.naver.com/p?lng=128.610464&lat=35.2565624&zoom=18,107601,CWB379000417,35.256562,128.610464
창원종합운동장,창원시의창구,팔룡동,1,"https://map.kakao.com/link/map/%EC%B0%BD%EC%9B%90%EC%A2%85%ED%95%A9%EC%9A%B4%EB%8F%99%EC%9E%A5,35.2350633,128.6663423",https://map.naver.com/p?lng=128.6663423&lat=35.2350633&zoom=18,114250,CWB379006087,35.235063,128.666342
창원종합터미널,창원시의창구,팔룡동,2,"https://map.kakao.com/link/map/%EC%B0%BD%EC%9B%90%EC%A2%85%ED%95%A9%ED%84%B0%EB%AF%B8%EB%84%90,35.2357302,128.6385049",https://map.naver.com/p?lng=128.6385049&lat=35.2357302&zoom=18,118816,CWB379000728,35.23573,128.638505
창원종합터미널,창원시의창구,팔룡동,2,"https://map.kakao.com/link/map/%EC%B0%BD%EC%9B%90%EC%A2%85%ED%95%A9%ED%84%B0%EB%AF%B8%EB%84%90,35.2357672,128.6392231",https://map.naver.com/p?lng=128.6392231&lat=35.2357672&zoom=18,118815,CWB379000715,35.235767,128.639223
창원컨벤션센터,창원시의창구,팔룡동,1,"https://map.kakao.com/link/map/%EC%B0%BD%EC%9B%90%EC%BB%A8%EB%B2%A4%EC%85%98%EC%84%BC%ED%84%B0,35.2392602,128.6575222",https://map.naver.com/p?lng=128.6575222&lat=35.2392602&zoom=18,114246,CWB379006083,35.23926,128.657522
충혼탑,창원시의창구,팔룡동,1,"https://map.kakao.com/link/map/%EC%B6%A9%ED%98%BC%ED%83%91,35.2271594,128.6574312",https://map.naver.com/p?lng=128.6574312&lat=35.2271594&zoom=18,119901,CWB379000836,35.227159,128.657431
터미널삼거리,창원시의창구,팔룡동,2,"https://map.kakao.com/link/map/%ED%84%B0%EB%AF%B8%EB%84%90%EC%82%BC%EA%B1%B0%EB%A6%AC,35.2383605,128.6392226",https://map.naver.com/p?lng=128.6392226&lat=35.2383605&zoom=18,118825,CWB379006240,35.23836,128.639223
터미널삼거리,창원시의창구,팔룡동,2,"https://map.kakao.com/link/map/%ED%84%B0%EB%AF%B8%EB%84%90%EC%82%BC%EA%B1%B0%EB%A6%AC,35.2382731,128.6391878",https://map.naver.com/p?lng=128.6391878&lat=35.2382731&zoom=18,118824,CWB379006239,35.238273,128.639188
트리비앙아파트(한국폴리텍대학),창원시의창구,팔룡동,1,"https://map.kakao.com/link/map/%ED%8A%B8%EB%A6%AC%EB%B9%84%EC%95%99%EC%95%84%ED%8C%8C%ED%8A%B8%28%ED%95%9C%EA%B5%AD%ED%8F%B4%EB%A6%AC%ED%85%8D%EB%8C%80%ED%95%99%29,35.2323201,128.6718276",https://map.naver.com/p?lng=128.6718276&lat=35.2323201&zoom=18,114252,CWB379006089,35.23232,128.671828
팔룡119안전센터,창원시의창구,팔룡동,2,"https://map.kakao.com/link/map/%ED%8C%94%EB%A3%A1119%EC%95%88%EC%A0%84%EC%84%BC%ED%84%B0,35.2448088,128.6233388",https://map.naver.com/p?lng=128.6233388&lat=35.2448088&zoom=18,118809,CWB379000579,35.244809,128.623339
팔룡119안전센터,창원시의창구,팔룡동,2,"https://map.kakao.com/link/map/%ED%8C%94%EB%A3%A1119%EC%95%88%EC%A0%84%EC%84%BC%ED%84%B0,35.2440491,128.6239615",https://map.naver.com/p?lng=128.6239615&lat=35.2440491&zoom=18,118810,CWB379000594,35.244049,128.623962
팔룡동,창원시의창구,팔룡동,2,"https://map.kakao.com/link/map/%ED%8C%94%EB%A3%A1%EB%8F%99,35.2527404,128.6109002",https://map.naver.com/p?lng=128.6109002&lat=35.2527404&zoom=18,120604,CWB379000448,35.25274,128.6109
팔룡동,창원시의창구,팔룡동,2,"https://map.kakao.com/link/map/%ED%8C%94%EB%A3%A1%EB%8F%99,35.253248,128.6110368",https://map.naver.com/p?lng=128.6110368&lat=35.253248&zoom=18,120603,CWB379000444,35.253248,128.611037
팔룡동입구,창원시의창구,팔룡동,2,"https://map.kakao.com/link/map/%ED%8C%94%EB%A3%A1%EB%8F%99%EC%9E%85%EA%B5%AC,35.2524663,128.6100229",https://map.naver.com/p?lng=128.6100229&lat=35.2524663&zoom=18,118803,CWB379000453,35.252466,128.610023
팔룡동입구,창원시의창구,팔룡동,2,"https://map.kakao.com/link/map/%ED%8C%94%EB%A3%A1%EB%8F%99%EC%9E%85%EA%B5%AC,35.2516036,128.6107104",https://map.naver.com/p?lng=128.6107104&lat=35.2516036&zoom=18,118804,CWB379000464,35.251604,128.61071
팔룡동행정복지센터,창원시의창구,팔룡동,2,"https://map.kakao.com/link/map/%ED%8C%94%EB%A3%A1%EB%8F%99%ED%96%89%EC%A0%95%EB%B3%B5%EC%A7%80%EC%84%BC%ED%84%B0,35.255383,128.613313",https://map.naver.com/p?lng=128.613313&lat=35.255383&zoom=18,120606,CWB379000429,35.255383,128.613313
팔룡동행정복지센터,창원시의창구,팔룡동,2,"https://map.kakao.com/link/map/%ED%8C%94%EB%A3%A1%EB%8F%99%ED%96%89%EC%A0%95%EB%B3%B5%EC%A7%80%EC%84%BC%ED%84%B0,35.2554457,128.6130352",https://map.naver.com/p?lng=128.6130352&lat=35.2554457&zoom=18,120605,CWB379000428,35.255446,128.613035
평산사거리,창원시의창구,팔룡동,1,"https://map.kakao.com/link/map/%ED%8F%89%EC%82%B0%EC%82%AC%EA%B1%B0%EB%A6%AC,35.2484379,128.6169916",https://map.naver.com/p?lng=128.6169916&lat=35.2484379&zoom=18,118807,CWB379000512,35.248438,128.616992
평산사거리/신화더플렉스,창원시의창구,팔룡동,1,"https://map.kakao.com/link/map/%ED%8F%89%EC%82%B0%EC%82%AC%EA%B1%B0%EB%A6%AC%2F%EC%8B%A0%ED%99%94%EB%8D%94%ED%94%8C%EB%A0%89%EC%8A%A4,35.2477961,128.6176409",https://map.naver.com/p?lng=128.6176409&lat=35.2477961&zoom=18,118808,CWB379000525,35.247796,128.617641
홈플러스,창원시의창구,팔룡동,1,"https://map.kakao.com/link/map/%ED%99%88%ED%94%8C%EB%9F%AC%EC%8A%A4,35.2339729,128.6444291",https://map.naver.com/p?lng=128.6444291&lat=35.2339729&zoom=18,119101,CWB379000739,35.233973,128.644429
경화성당,창원시진해구,경화동,1,"https://map.kakao.com/link/map/%EA%B2%BD%ED%99%94%EC%84%B1%EB%8B%B9,35.1534018,128.6869288",https://map.naver.com/p?lng=128.6869288&lat=35.1534018&zoom=18,519820,CWB379001526,35.153402,128.686929
경화우체국,창원시진해구,경화동,1,"https://map.kakao.com/link/map/%EA%B2%BD%ED%99%94%EC%9A%B0%EC%B2%B4%EA%B5%AD,35.1535654,128.6858222",https://map.naver.com/p?lng=128.6858222&lat=35.1535654&zoom=18,519819,CWB379001525,35.153565,128.685822
중부시장,창원시진해구,경화동,1,"https://map.kakao.com/link/map/%EC%A4%91%EB%B6%80%EC%8B%9C%EC%9E%A5,35.1533519,128.6820012",https://map.naver.com/p?lng=128.6820012&lat=35.1533519&zoom=18,519817,CWB379001527,35.153352,128.682001
중부시장입구,창원시진해구,경화동,1,"https://map.kakao.com/link/map/%EC%A4%91%EB%B6%80%EC%8B%9C%EC%9E%A5%EC%9E%85%EA%B5%AC,35.1530952,128.6820354",https://map.naver.com/p?lng=128.6820354&lat=35.1530952&zoom=18,519818,CWB379001531,35.153095,128.682035
덕산동,창원시진해구,덕산동,2,"https://map.kakao.com/link/map/%EB%8D%95%EC%82%B0%EB%8F%99,35.1442083,128.7010386",https://map.naver.com/p?lng=128.7010386&lat=35.1442083&zoom=18,519832,CWB379001597,35.144208,128.701039
덕산동,창원시진해구,덕산동,2,"https://map.kakao.com/link/map/%EB%8D%95%EC%82%B0%EB%8F%99,35.1441714,128.7012012",https://map.naver.com/p?lng=128.7012012&lat=35.1441714&zoom=18,519833,CWB379001598,35.144171,128.701201
덕산해군아파트,창원시진해구,덕산동,1,"https://map.kakao.com/link/map/%EB%8D%95%EC%82%B0%ED%95%B4%EA%B5%B0%EC%95%84%ED%8C%8C%ED%8A%B8,35.1448392,128.707034",https://map.naver.com/p?lng=128.707034&lat=35.1448392&zoom=18,518134,CWB379001593,35.144839,128.707034
우성아파트,창원시진해구,덕산동,1,"https://map.kakao.com/link/map/%EC%9A%B0%EC%84%B1%EC%95%84%ED%8C%8C%ED%8A%B8,35.1402174,128.7012582",https://map.naver.com/p?lng=128.7012582&lat=35.1402174&zoom=18,519834,CWB379001613,35.140217,128.701258
자은본동,창원시진해구,덕산동,1,"https://map.kakao.com/link/map/%EC%9E%90%EC%9D%80%EB%B3%B8%EB%8F%99,35.1405106,128.7075129",https://map.naver.com/p?lng=128.7075129&lat=35.1405106&zoom=18,518139,CWB379001612,35.140511,128.707513
자은포스코,창원시진해구,덕산동,1,"https://map.kakao.com/link/map/%EC%9E%90%EC%9D%80%ED%8F%AC%EC%8A%A4%EC%BD%94,35.1427624,128.7074702",https://map.naver.com/p?lng=128.7074702&lat=35.1427624&zoom=18,518137,CWB379001604,35.142762,128.70747
경화시장,창원시진해구,병암동,2,"https://map.kakao.com/link/map/%EA%B2%BD%ED%99%94%EC%8B%9C%EC%9E%A5,35.1535796,128.6912891",https://map.naver.com/p?lng=128.6912891&lat=35.1535796&zoom=18,519822,CWB379001524,35.15358,128.691289
경화시장,창원시진해구,병암동,2,"https://map.kakao.com/link/map/%EA%B2%BD%ED%99%94%EC%8B%9C%EC%9E%A5,35.1537502,128.6899291",https://map.naver.com/p?lng=128.6899291&lat=35.1537502&zoom=18,519821,CWB379001523,35.15375,128.689929
냉천사거리,창원시진해구,석동,1,"https://map.kakao.com/link/map/%EB%83%89%EC%B2%9C%EC%82%AC%EA%B1%B0%EB%A6%AC,35.1536093,128.705243",https://map.naver.com/p?lng=128.705243&lat=35.1536093&zoom=18,518129,CWB379001521,35.153609,128.705243
롯데마트,창원시진해구,석동,2,"https://map.kakao.com/link/map/%EB%A1%AF%EB%8D%B0%EB%A7%88%ED%8A%B8,35.1579253,128.7010845",https://map.naver.com/p?lng=128.7010845&lat=35.1579253&zoom=18,518125,CWB379001492,35.157925,128.701084
롯데마트,창원시진해구,석동,2,"https://map.kakao.com/link/map/%EB%A1%AF%EB%8D%B0%EB%A7%88%ED%8A%B8,35.15791,128.7005807",https://map.naver.com/p?lng=128.7005807&lat=35.15791&zoom=18,518122,CWB379001496,35.15791,128.700581
안민터널,창원시진해구,석동,1,"https://map.kakao.com/link/map/%EC%95%88%EB%AF%BC%ED%84%B0%EB%84%90,35.1596246,128.6980632",https://map.naver.com/p?lng=128.6980632&lat=35.1596246&zoom=18,518123,CWB379002384,35.159625,128.698063
무릉도원,창원시진해구,여좌동,1,"https://map.kakao.com/link/map/%EB%AC%B4%EB%A6%89%EB%8F%84%EC%9B%90,35.1640158,128.6620894",https://map.naver.com/p?lng=128.6620894&lat=35.1640158&zoom=18,511411,CWB379003292,35.164016,128.662089
양지마을,창원시진해구,여좌동,1,"https://map.kakao.com/link/map/%EC%96%91%EC%A7%80%EB%A7%88%EC%9D%84,35.1652571,128.6615612",https://map.naver.com/p?lng=128.6615612&lat=35.1652571&zoom=18,511408,CWB379006206,35.165257,128.661561
여좌농협,창원시진해구,여좌동,2,"https://map.kakao.com/link/map/%EC%97%AC%EC%A2%8C%EB%86%8D%ED%98%91,35.1551683,128.66473",https://map.naver.com/p?lng=128.66473&lat=35.1551683&zoom=18,511402,CWB379002862,35.155168,128.66473
여좌농협,창원시진해구,여좌동,2,"https://map.kakao.com/link/map/%EC%97%AC%EC%A2%8C%EB%86%8D%ED%98%91,35.1547706,128.6648337",https://map.naver.com/p?lng=128.6648337&lat=35.1547706&zoom=18,511401,CWB379002861,35.154771,128.664834
여좌신협,창원시진해구,여좌동,2,"https://map.kakao.com/link/map/%EC%97%AC%EC%A2%8C%EC%8B%A0%ED%98%91,35.1567515,128.6628085",https://map.naver.com/p?lng=128.6628085&lat=35.1567515&zoom=18,511404,CWB379001510,35.156752,128.662809
여좌신협,창원시진해구,여좌동,2,"https://map.kakao.com/link/map/%EC%97%AC%EC%A2%8C%EC%8B%A0%ED%98%91,35.1568246,128.6624651",https://map.naver.com/p?lng=128.6624651&lat=35.1568246&zoom=18,511403,CWB379001509,35.156825,128.662465
중앙시장,창원시진해구,여좌동,1,"https://map.kakao.com/link/map/%EC%A4%91%EC%95%99%EC%8B%9C%EC%9E%A5,35.1521643,128.6669363",https://map.naver.com/p?lng=128.6669363&lat=35.1521643&zoom=18,519809,CWB379001548,35.152164,128.666936
진해고등학교,창원시진해구,여좌동,2,"https://map.kakao.com/link/map/%EC%A7%84%ED%95%B4%EA%B3%A0%EB%93%B1%ED%95%99%EA%B5%90,35.1594907,128.662744",https://map.naver.com/p?lng=128.662744&lat=35.1594907&zoom=18,511406,CWB379001490,35.159491,128.662744
진해고등학교,창원시진해구,여좌동,2,"https://map.kakao.com/link/map/%EC%A7%84%ED%95%B4%EA%B3%A0%EB%93%B1%ED%95%99%EA%B5%90,35.1597314,128.6625812",https://map.naver.com/p?lng=128.6625812&lat=35.1597314&zoom=18,511407,CWB379001488,35.159731,128.662581
진해문화센터,창원시진해구,여좌동,2,"https://map.kakao.com/link/map/%EC%A7%84%ED%95%B4%EB%AC%B8%ED%99%94%EC%84%BC%ED%84%B0,35.1689686,128.6587374",https://map.naver.com/p?lng=128.6587374&lat=35.1689686&zoom=18,518109,CWB379001455,35.168969,128.658737
진해문화센터,창원시진해구,여좌동,2,"https://map.kakao.com/link/map/%EC%A7%84%ED%95%B4%EB%AC%B8%ED%99%94%EC%84%BC%ED%84%B0,35.1686883,128.6586183",https://map.naver.com/p?lng=128.6586183&lat=35.1686883&zoom=18,518106,CWB379001456,35.168688,128.658618
진해수협,창원시진해구,여좌동,1,"https://map.kakao.com/link/map/%EC%A7%84%ED%95%B4%EC%88%98%ED%98%91,35.152456,128.6638804",https://map.naver.com/p?lng=128.6638804&lat=35.152456&zoom=18,322608,CWB379001544,35.152456,128.66388
진해역,창원시진해구,여좌동,1,"https://map.kakao.com/link/map/%EC%A7%84%ED%95%B4%EC%97%AD,35.152683,128.6613976",https://map.naver.com/p?lng=128.6613976&lat=35.152683&zoom=18,519803,CWB379001538,35.152683,128.661398
창원편백치유의숲,창원시진해구,여좌동,1,"https://map.kakao.com/link/map/%EC%B0%BD%EC%9B%90%ED%8E%B8%EB%B0%B1%EC%B9%98%EC%9C%A0%EC%9D%98%EC%88%B2,35.1720244,128.6545302",https://map.naver.com/p?lng=128.6545302&lat=35.1720244&zoom=18,518105,CWB379001444,35.172024,128.65453
한전입구,창원시진해구,여좌동,1,"https://map.kakao.com/link/map/%ED%95%9C%EC%A0%84%EC%9E%85%EA%B5%AC,35.1612014,128.6627912",https://map.naver.com/p?lng=128.6627912&lat=35.1612014&zoom=18,511410,CWB379001481,35.161201,128.662791
해성아파트입구,창원시진해구,여좌동,1,"https://map.kakao.com/link/map/%ED%95%B4%EC%84%B1%EC%95%84%ED%8C%8C%ED%8A%B8%EC%9E%85%EA%B5%AC,35.161225,128.6629814",https://map.naver.com/p?lng=128.6629814&lat=35.161225&zoom=18,511409,CWB379001480,35.161225,128.662981
STX아파트,창원시진해구,웅동1동,2,"https://map.kakao.com/link/map/STX%EC%95%84%ED%8C%8C%ED%8A%B8,35.1206631,128.778701",https://map.naver.com/p?lng=128.778701&lat=35.1206631&zoom=18,514505,CWB379002602,35.120663,128.778701
STX아파트,창원시진해구,웅동1동,2,"https://map.kakao.com/link/map/STX%EC%95%84%ED%8C%8C%ED%8A%B8,35.120319,128.7784691",https://map.naver.com/p?lng=128.7784691&lat=35.120319&zoom=18,514506,CWB379002601,35.120319,128.778469
용원휴요양병원,창원시진해구,웅동1동,2,"https://map.kakao.com/link/map/%EC%9A%A9%EC%9B%90%ED%9C%B4%EC%9A%94%EC%96%91%EB%B3%91%EC%9B%90,35.1166036,128.79671",https://map.naver.com/p?lng=128.79671&lat=35.1166036&zoom=18,503003,CWB379002621,35.116604,128.79671
용원휴요양병원,창원시진해구,웅동1동,2,"https://map.kakao.com/link/map/%EC%9A%A9%EC%9B%90%ED%9C%B4%EC%9A%94%EC%96%91%EB%B3%91%EC%9B%90,35.1164783,128.7965877",https://map.naver.com/p?lng=128.7965877&lat=35.1164783&zoom=18,503004,CWB379002620,35.116478,128.796588
웅동농협앞,창원시진해구,웅동1동,2,"https://map.kakao.com/link/map/%EC%9B%85%EB%8F%99%EB%86%8D%ED%98%91%EC%95%9E,35.1243034,128.7852552",https://map.naver.com/p?lng=128.7852552&lat=35.1243034&zoom=18,513803,CWB379002610,35.124303,128.785255
웅동농협앞,창원시진해구,웅동1동,2,"https://map.kakao.com/link/map/%EC%9B%85%EB%8F%99%EB%86%8D%ED%98%91%EC%95%9E,35.1241664,128.7851559",https://map.naver.com/p?lng=128.7851559&lat=35.1241664&zoom=18,513804,CWB379002609,35.124166,128.785156
청안해오름,창원시진해구,웅동1동,2,"https://map.kakao.com/link/map/%EC%B2%AD%EC%95%88%ED%95%B4%EC%98%A4%EB%A6%84,35.1203499,128.7913856",https://map.naver.com/p?lng=128.7913856&lat=35.1203499&zoom=18,513807,CWB379002613,35.12035,128.791386
청안해오름,창원시진해구,웅동1동,2,"https://map.kakao.com/link/map/%EC%B2%AD%EC%95%88%ED%95%B4%EC%98%A4%EB%A6%84,35.1198293,128.7918345",https://map.naver.com/p?lng=128.7918345&lat=35.1198293&zoom=18,513808,CWB379002614,35.119829,128.791834
부영2단지,창원시진해구,웅동2동,2,"https://map.kakao.com/link/map/%EB%B6%80%EC%98%812%EB%8B%A8%EC%A7%80,35.088738,128.8030151",https://map.naver.com/p?lng=128.8030151&lat=35.088738&zoom=18,630347,CWB379003453,35.088738,128.803015
부영2단지,창원시진해구,웅동2동,2,"https://map.kakao.com/link/map/%EB%B6%80%EC%98%812%EB%8B%A8%EC%A7%80,35.0889372,128.8047926",https://map.naver.com/p?lng=128.8047926&lat=35.0889372&zoom=18,630341,CWB379003447,35.088937,128.804793
부영4단지,창원시진해구,웅동2동,2,"https://map.kakao.com/link/map/%EB%B6%80%EC%98%814%EB%8B%A8%EC%A7%80,35.0865722,128.8010022",https://map.naver.com/p?lng=128.8010022&lat=35.0865722&zoom=18,630348,CWB379003454,35.086572,128.801002
부영4단지,창원시진해구,웅동2동,2,"https://map.kakao.com/link/map/%EB%B6%80%EC%98%814%EB%8B%A8%EC%A7%80,35.0865467,128.8007752",https://map.naver.com/p?lng=128.8007752&lat=35.0865467&zoom=18,630342,CWB379003448,35.086547,128.800775
부영5단지,창원시진해구,웅동2동,1,"https://map.kakao.com/link/map/%EB%B6%80%EC%98%815%EB%8B%A8%EC%A7%80,35.0887788,128.8067347",https://map.naver.com/p?lng=128.8067347&lat=35.0887788&zoom=18,523340,CWB379005790,35.088779,128.806735
부영8단지,창원시진해구,웅동2동,1,"https://map.kakao.com/link/map/%EB%B6%80%EC%98%818%EB%8B%A8%EC%A7%80,35.0889969,128.813474",https://map.naver.com/p?lng=128.813474&lat=35.0889969&zoom=18,630339,CWB379003445,35.088997,128.813474
신항파출소,창원시진해구,웅동2동,2,"https://map.kakao.com/link/map/%EC%8B%A0%ED%95%AD%ED%8C%8C%EC%B6%9C%EC%86%8C,35.09235,128.789647",https://map.naver.com/p?lng=128.789647&lat=35.09235&zoom=18,523338,CWB379005774,35.09235,128.789647
신항파출소,창원시진해구,웅동2동,2,"https://map.kakao.com/link/map/%EC%8B%A0%ED%95%AD%ED%8C%8C%EC%B6%9C%EC%86%8C,35.092223,128.789802",https://map.naver.com/p?lng=128.789802&lat=35.092223&zoom=18,523339,CWB379005775,35.092223,128.789802
안골포초등학교,창원시진해구,웅동2동,2,"https://map.kakao.com/link/map/%EC%95%88%EA%B3%A8%ED%8F%AC%EC%B4%88%EB%93%B1%ED%95%99%EA%B5%90,35.103736,128.8065832",https://map.naver.com/p?lng=128.8065832&lat=35.103736&zoom=18,511006,CWB379002634,35.103736,128.806583
안골포초등학교,창원시진해구,웅동2동,2,"https://map.kakao.com/link/map/%EC%95%88%EA%B3%A8%ED%8F%AC%EC%B4%88%EB%93%B1%ED%95%99%EA%B5%90,35.1037994,128.8063782",https://map.naver.com/p?lng=128.8063782&lat=35.1037994&zoom=18,511005,CWB379002633,35.103799,128.806378
용원종점,창원시진해구,웅동2동,2,"https://map.kakao.com/link/map/%EC%9A%A9%EC%9B%90%EC%A2%85%EC%A0%90,35.0965756,128.820353",https://map.naver.com/p?lng=128.820353&lat=35.0965756&zoom=18,512902,CWB379002662,35.096576,128.820353
용원종점,창원시진해구,웅동2동,2,"https://map.kakao.com/link/map/%EC%9A%A9%EC%9B%90%EC%A2%85%EC%A0%90,35.0961997,128.8200321",https://map.naver.com/p?lng=128.8200321&lat=35.0961997&zoom=18,512909,CWB379005499,35.0962,128.820032
웅동2동행정복지센터,창원시진해구,웅동2동,2,"https://map.kakao.com/link/map/%EC%9B%85%EB%8F%992%EB%8F%99%ED%96%89%EC%A0%95%EB%B3%B5%EC%A7%80%EC%84%BC%ED%84%B0,35.0995284,128.8151162",https://map.naver.com/p?lng=128.8151162&lat=35.0995284&zoom=18,513005,CWB379002655,35.099528,128.815116
웅동2동행정복지센터,창원시진해구,웅동2동,2,"https://map.kakao.com/link/map/%EC%9B%85%EB%8F%992%EB%8F%99%ED%96%89%EC%A0%95%EB%B3%B5%EC%A7%80%EC%84%BC%ED%84%B0,35.0991944,128.8156102",https://map.naver.com/p?lng=128.8156102&lat=35.0991944&zoom=18,513006,CWB379002656,35.099194,128.81561
웅동농협하나로마트,창원시진해구,웅동2동,2,"https://map.kakao.com/link/map/%EC%9B%85%EB%8F%99%EB%86%8D%ED%98%91%ED%95%98%EB%82%98%EB%A1%9C%EB%A7%88%ED%8A%B8,35.1005445,128.8099436",https://map.naver.com/p?lng=128.8099436&lat=35.1005445&zoom=18,513001,CWB379002650,35.100544,128.809944
웅동농협하나로마트,창원시진해구,웅동2동,2,"https://map.kakao.com/link/map/%EC%9B%85%EB%8F%99%EB%86%8D%ED%98%91%ED%95%98%EB%82%98%EB%A1%9C%EB%A7%88%ED%8A%B8,35.1003401,128.8099264",https://map.naver.com/p?lng=128.8099264&lat=35.1003401&zoom=18,513002,CWB379002651,35.10034,128.809926
이지더원아파트/애플타운,창원시진해구,웅동2동,1,"https://map.kakao.com/link/map/%EC%9D%B4%EC%A7%80%EB%8D%94%EC%9B%90%EC%95%84%ED%8C%8C%ED%8A%B8%2F%EC%95%A0%ED%94%8C%ED%83%80%EC%9A%B4,35.0887384,128.8135104",https://map.naver.com/p?lng=128.8135104&lat=35.0887384&zoom=18,630345,CWB379003451,35.088738,128.81351
코아루아파트,창원시진해구,웅동2동,2,"https://map.kakao.com/link/map/%EC%BD%94%EC%95%84%EB%A3%A8%EC%95%84%ED%8C%8C%ED%8A%B8,35.1015132,128.8064851",https://map.naver.com/p?lng=128.8064851&lat=35.1015132&zoom=18,511004,CWB379002636,35.101513,128.806485
코아루아파트,창원시진해구,웅동2동,2,"https://map.kakao.com/link/map/%EC%BD%94%EC%95%84%EB%A3%A8%EC%95%84%ED%8C%8C%ED%8A%B8,35.1015776,128.8062652",https://map.naver.com/p?lng=128.8062652&lat=35.1015776&zoom=18,511003,CWB379002635,35.101578,128.806265
해인로즈빌아파트,창원시진해구,웅동2동,2,"https://map.kakao.com/link/map/%ED%95%B4%EC%9D%B8%EB%A1%9C%EC%A6%88%EB%B9%8C%EC%95%84%ED%8C%8C%ED%8A%B8,35.1070386,128.8049955",https://map.naver.com/p?lng=128.8049955&lat=35.1070386&zoom=18,630213,CWB379002628,35.107039,128.804995
해인로즈빌아파트,창원시진해구,웅동2동,2,"https://map.kakao.com/link/map/%ED%95%B4%EC%9D%B8%EB%A1%9C%EC%A6%88%EB%B9%8C%EC%95%84%ED%8C%8C%ED%8A%B8,35.1072868,128.8050101",https://map.naver.com/p?lng=128.8050101&lat=35.1072868&zoom=18,630212,CWB379002627,35.107287,128.80501
농업기술센터,창원시진해구,웅천동,2,"https://map.kakao.com/link/map/%EB%86%8D%EC%97%85%EA%B8%B0%EC%88%A0%EC%84%BC%ED%84%B0,35.1148629,128.7546561",https://map.naver.com/p?lng=128.7546561&lat=35.1148629&zoom=18,514009,CWB379002590,35.114863,128.754656
농업기술센터,창원시진해구,웅천동,2,"https://map.kakao.com/link/map/%EB%86%8D%EC%97%85%EA%B8%B0%EC%88%A0%EC%84%BC%ED%84%B0,35.1147915,128.7548252",https://map.naver.com/p?lng=128.7548252&lat=35.1147915&zoom=18,514008,CWB379002591,35.114792,128.754825
사도마을,창원시진해구,웅천동,2,"https://map.kakao.com/link/map/%EC%82%AC%EB%8F%84%EB%A7%88%EC%9D%84,35.105774,128.7590704",https://map.naver.com/p?lng=128.7590704&lat=35.105774&zoom=18,502902,CWB379002758,35.105774,128.75907
사도마을,창원시진해구,웅천동,2,"https://map.kakao.com/link/map/%EC%82%AC%EB%8F%84%EB%A7%88%EC%9D%84,35.1058546,128.759105",https://map.naver.com/p?lng=128.759105&lat=35.1058546&zoom=18,502901,CWB379002794,35.105855,128.759105
세스페데스공원,창원시진해구,웅천동,2,"https://map.kakao.com/link/map/%EC%84%B8%EC%8A%A4%ED%8E%98%EB%8D%B0%EC%8A%A4%EA%B3%B5%EC%9B%90,35.1059353,128.7515123",https://map.naver.com/p?lng=128.7515123&lat=35.1059353&zoom=18,502908,CWB379003435,35.105935,128.751512
세스페데스공원,창원시진해구,웅천동,2,"https://map.kakao.com/link/map/%EC%84%B8%EC%8A%A4%ED%8E%98%EB%8D%B0%EC%8A%A4%EA%B3%B5%EC%9B%90,35.1058131,128.751548",https://map.naver.com/p?lng=128.751548&lat=35.1058131&zoom=18,502907,CWB379003434,35.105813,128.751548
시티프라디움1차.리젠시빌란트,창원시진해구,웅천동,2,"https://map.kakao.com/link/map/%EC%8B%9C%ED%8B%B0%ED%94%84%EB%9D%BC%EB%94%94%EC%9B%801%EC%B0%A8.%EB%A6%AC%EC%A0%A0%EC%8B%9C%EB%B9%8C%EB%9E%80%ED%8A%B8,35.1073891,128.755606",https://map.naver.com/p?lng=128.755606&lat=35.1073891&zoom=18,502903,CWB379003420,35.107389,128.755606
시티프라디움1차.리젠시빌란트,창원시진해구,웅천동,2,"https://map.kakao.com/link/map/%EC%8B%9C%ED%8B%B0%ED%94%84%EB%9D%BC%EB%94%94%EC%9B%801%EC%B0%A8.%EB%A6%AC%EC%A0%A0%EC%8B%9C%EB%B9%8C%EB%9E%80%ED%8A%B8,35.107525,128.7555783",https://map.naver.com/p?lng=128.7555783&lat=35.107525&zoom=18,502909,CWB379003436,35.107525,128.755578
어은동,창원시진해구,웅천동,2,"https://map.kakao.com/link/map/%EC%96%B4%EC%9D%80%EB%8F%99,35.1146967,128.7288154",https://map.naver.com/p?lng=128.7288154&lat=35.1146967&zoom=18,630224,CWB379002766,35.114697,128.728815
어은동,창원시진해구,웅천동,2,"https://map.kakao.com/link/map/%EC%96%B4%EC%9D%80%EB%8F%99,35.1145008,128.728962",https://map.naver.com/p?lng=128.728962&lat=35.1145008&zoom=18,630252,CWB379003019,35.114501,128.728962
웅천성내,창원시진해구,웅천동,2,"https://map.kakao.com/link/map/%EC%9B%85%EC%B2%9C%EC%84%B1%EB%82%B4,35.1136765,128.7490438",https://map.naver.com/p?lng=128.7490438&lat=35.1136765&zoom=18,514007,CWB379002527,35.113676,128.749044
웅천성내,창원시진해구,웅천동,2,"https://map.kakao.com/link/map/%EC%9B%85%EC%B2%9C%EC%84%B1%EB%82%B4,35.1136741,128.7502066",https://map.naver.com/p?lng=128.7502066&lat=35.1136741&zoom=18,514006,CWB379002525,35.113674,128.750207
케이조선입구,창원시진해구,웅천동,2,"https://map.kakao.com/link/map/%EC%BC%80%EC%9D%B4%EC%A1%B0%EC%84%A0%EC%9E%85%EA%B5%AC,35.1134439,128.7235705",https://map.naver.com/p?lng=128.7235705&lat=35.1134439&zoom=18,518149,CWB379002537,35.113444,128.72357
케이조선입구,창원시진해구,웅천동,2,"https://map.kakao.com/link/map/%EC%BC%80%EC%9D%B4%EC%A1%B0%EC%84%A0%EC%9E%85%EA%B5%AC,35.1127763,128.7247747",https://map.naver.com/p?lng=128.7247747&lat=35.1127763&zoom=18,518150,CWB379002538,35.112776,128.724775
호반베르디움.리젠시빌란트,창원시진해구,웅천동,2,"https://map.kakao.com/link/map/%ED%98%B8%EB%B0%98%EB%B2%A0%EB%A5%B4%EB%94%94%EC%9B%80.%EB%A6%AC%EC%A0%A0%EC%8B%9C%EB%B9%8C%EB%9E%80%ED%8A%B8,35.1050384,128.7561923",https://map.naver.com/p?lng=128.7561923&lat=35.1050384&zoom=18,502916,CWB379003524,35.105038,128.756192
호반베르디움.리젠시빌란트,창원시진해구,웅천동,2,"https://map.kakao.com/link/map/%ED%98%B8%EB%B0%98%EB%B2%A0%EB%A5%B4%EB%94%94%EC%9B%80.%EB%A6%AC%EC%A0%A0%EC%8B%9C%EB%B9%8C%EB%9E%80%ED%8A%B8,35.1049475,128.7560944",https://map.naver.com/p?lng=128.7560944&lat=35.1049475&zoom=18,502917,CWB379003525,35.104948,128.756094
호산나노인복지센터,창원시진해구,웅천동,2,"https://map.kakao.com/link/map/%ED%98%B8%EC%82%B0%EB%82%98%EB%85%B8%EC%9D%B8%EB%B3%B5%EC%A7%80%EC%84%BC%ED%84%B0,35.1153251,128.7603947",https://map.naver.com/p?lng=128.7603947&lat=35.1153251&zoom=18,514011,CWB379002593,35.115325,128.760395
호산나노인복지센터,창원시진해구,웅천동,2,"https://map.kakao.com/link/map/%ED%98%B8%EC%82%B0%EB%82%98%EB%85%B8%EC%9D%B8%EB%B3%B5%EC%A7%80%EC%84%BC%ED%84%B0,35.1152053,128.7604443",https://map.naver.com/p?lng=128.7604443&lat=35.1152053&zoom=18,514010,CWB379002592,35.115205,128.760444
대동아파트앞,창원시진해구,이동,1,"https://map.kakao.com/link/map/%EB%8C%80%EB%8F%99%EC%95%84%ED%8C%8C%ED%8A%B8%EC%95%9E,35.1517244,128.7060667",https://map.naver.com/p?lng=128.7060667&lat=35.1517244&zoom=18,518128,CWB379001551,35.151724,128.706067
염전사거리,창원시진해구,이동,2,"https://map.kakao.com/link/map/%EC%97%BC%EC%A0%84%EC%82%AC%EA%B1%B0%EB%A6%AC,35.1520869,128.6954568",https://map.naver.com/p?lng=128.6954568&lat=35.1520869&zoom=18,519824,CWB379001542,35.152087,128.695457
염전사거리,창원시진해구,이동,2,"https://map.kakao.com/link/map/%EC%97%BC%EC%A0%84%EC%82%AC%EA%B1%B0%EB%A6%AC,35.1526014,128.6952412",https://map.naver.com/p?lng=128.6952412&lat=35.1526014&zoom=18,519825,CWB379001534,35.152601,128.695241
이동119안전센터,창원시진해구,이동,2,"https://map.kakao.com/link/map/%EC%9D%B4%EB%8F%99119%EC%95%88%EC%A0%84%EC%84%BC%ED%84%B0,35.1492328,128.6981797",https://map.naver.com/p?lng=128.6981797&lat=35.1492328&zoom=18,519826,CWB379001568,35.149233,128.69818
이동119안전센터,창원시진해구,이동,2,"https://map.kakao.com/link/map/%EC%9D%B4%EB%8F%99119%EC%95%88%EC%A0%84%EC%84%BC%ED%84%B0,35.1499084,128.6978717",https://map.naver.com/p?lng=128.6978717&lat=35.1499084&zoom=18,519827,CWB379001565,35.149908,128.697872
이동교,창원시진해구,이동,1,"https://map.kakao.com/link/map/%EC%9D%B4%EB%8F%99%EA%B5%90,35.1480904,128.6993762",https://map.naver.com/p?lng=128.6993762&lat=35.1480904&zoom=18,519831,CWB379001572,35.14809,128.699376
진해골프장입구,창원시진해구,이동,1,"https://map.kakao.com/link/map/%EC%A7%84%ED%95%B4%EA%B3%A8%ED%94%84%EC%9E%A5%EC%9E%85%EA%B5%AC,35.147751,128.6993342",https://map.naver.com/p?lng=128.6993342&lat=35.147751&zoom=18,519830,CWB379001574,35.147751,128.699334
덕산해군아파트,창원시진해구,자은동,1,"https://map.kakao.com/link/map/%EB%8D%95%EC%82%B0%ED%95%B4%EA%B5%B0%EC%95%84%ED%8C%8C%ED%8A%B8,35.1457272,128.7072731",https://map.naver.com/p?lng=128.7072731&lat=35.1457272&zoom=18,518135,CWB379001588,35.145727,128.707273
벚꽃마을삼성아파트입구,창원시진해구,자은동,1,"https://map.kakao.com/link/map/%EB%B2%9A%EA%BD%83%EB%A7%88%EC%9D%84%EC%82%BC%EC%84%B1%EC%95%84%ED%8C%8C%ED%8A%B8%EC%9E%85%EA%B5%AC,35.1477242,128.7071851",https://map.naver.com/p?lng=128.7071851&lat=35.1477242&zoom=18,518133,CWB379001578,35.147724,128.707185
자은동행정복지센터,창원시진해구,자은동,1,"https://map.kakao.com/link/map/%EC%9E%90%EC%9D%80%EB%8F%99%ED%96%89%EC%A0%95%EB%B3%B5%EC%A7%80%EC%84%BC%ED%84%B0,35.1465293,128.7069486",https://map.naver.com/p?lng=128.7069486&lat=35.1465293&zoom=18,518132,CWB379001583,35.146529,128.706949
남원로터리,창원시진해구,충무동,2,"https://map.kakao.com/link/map/%EB%82%A8%EC%9B%90%EB%A1%9C%ED%84%B0%EB%A6%AC,35.146306,128.6597162",https://map.naver.com/p?lng=128.6597162&lat=35.146306&zoom=18,520301,CWB379001589,35.146306,128.659716
남원로터리,창원시진해구,충무동,2,"https://map.kakao.com/link/map/%EB%82%A8%EC%9B%90%EB%A1%9C%ED%84%B0%EB%A6%AC,35.1460174,128.6602542",https://map.naver.com/p?lng=128.6602542&lat=35.1460174&zoom=18,520302,CWB379001592,35.146017,128.660254
벚꽃상가,창원시진해구,충무동,1,"https://map.kakao.com/link/map/%EB%B2%9A%EA%BD%83%EC%83%81%EA%B0%80,35.1519974,128.6702042",https://map.naver.com/p?lng=128.6702042&lat=35.1519974&zoom=18,519812,CWB379001552,35.151997,128.670204
인의동터미널,창원시진해구,충무동,2,"https://map.kakao.com/link/map/%EC%9D%B8%EC%9D%98%EB%8F%99%ED%84%B0%EB%AF%B8%EB%84%90,35.1449044,128.6609472",https://map.naver.com/p?lng=128.6609472&lat=35.1449044&zoom=18,630064,CWB379001596,35.144904,128.660947
인의동터미널,창원시진해구,충무동,2,"https://map.kakao.com/link/map/%EC%9D%B8%EC%9D%98%EB%8F%99%ED%84%B0%EB%AF%B8%EB%84%90,35.1446564,128.6606162",https://map.naver.com/p?lng=128.6606162&lat=35.1446564&zoom=18,630065,CWB379001599,35.144656,128.660616
중앙시장,창원시진해구,충무동,1,"https://map.kakao.com/link/map/%EC%A4%91%EC%95%99%EC%8B%9C%EC%9E%A5,35.1519625,128.6666996",https://map.naver.com/p?lng=128.6666996&lat=35.1519625&zoom=18,519810,CWB379002781,35.151962,128.6667
진해수협,창원시진해구,충무동,1,"https://map.kakao.com/link/map/%EC%A7%84%ED%95%B4%EC%88%98%ED%98%91,35.1522209,128.6637921",https://map.naver.com/p?lng=128.6637921&lat=35.1522209&zoom=18,519807,CWB379001549,35.152221,128.663792
진해역,창원시진해구,충무동,1,"https://map.kakao.com/link/map/%EC%A7%84%ED%95%B4%EC%97%AD,35.1525017,128.6608017",https://map.naver.com/p?lng=128.6608017&lat=35.1525017&zoom=18,519804,CWB379001546,35.152502,128.660802
진해청소년전당,창원시진해구,충무동,2,"https://map.kakao.com/link/map/%EC%A7%84%ED%95%B4%EC%B2%AD%EC%86%8C%EB%85%84%EC%A0%84%EB%8B%B9,35.1478277,128.6595416",https://map.naver.com/p?lng=128.6595416&lat=35.1478277&zoom=18,517502,CWB379001579,35.147828,128.659542
진해청소년전당,창원시진해구,충무동,2,"https://map.kakao.com/link/map/%EC%A7%84%ED%95%B4%EC%B2%AD%EC%86%8C%EB%85%84%EC%A0%84%EB%8B%B9,35.1476544,128.6592145",https://map.naver.com/p?lng=128.6592145&lat=35.1476544&zoom=18,517501,CWB379001580,35.147654,128.659214
충무동행정복지센터,창원시진해구,충무동,2,"https://map.kakao.com/link/map/%EC%B6%A9%EB%AC%B4%EB%8F%99%ED%96%89%EC%A0%95%EB%B3%B5%EC%A7%80%EC%84%BC%ED%84%B0,35.1507994,128.6599797",https://map.naver.com/p?lng=128.6599797&lat=35.1507994&zoom=18,517504,CWB379001558,35.150799,128.65998
충무동행정복지센터,창원시진해구,충무동,2,"https://map.kakao.com/link/map/%EC%B6%A9%EB%AC%B4%EB%8F%99%ED%96%89%EC%A0%95%EB%B3%B5%EC%A7%80%EC%84%BC%ED%84%B0,35.1504128,128.6596573",https://map.naver.com/p?lng=128.6596573&lat=35.1504128&zoom=18,517503,CWB379001564,35.150413,128.659657
벚꽃상가,창원시진해구,태백동,1,"https://map.kakao.com/link/map/%EB%B2%9A%EA%BD%83%EC%83%81%EA%B0%80,35.1522603,128.6702442",https://map.naver.com/p?lng=128.6702442&lat=35.1522603&zoom=18,519811,CWB379001547,35.15226,128.670244
중앙초등학교,창원시진해구,태백동,1,"https://map.kakao.com/link/map/%EC%A4%91%EC%95%99%EC%B4%88%EB%93%B1%ED%95%99%EA%B5%90,35.1526223,128.6744713",https://map.naver.com/p?lng=128.6744713&lat=35.1526223&zoom=18,519813,CWB379001537,35.152622,128.674471
중초삼거리,창원시진해구,태백동,2,"https://map.kakao.com/link/map/%EC%A4%91%EC%B4%88%EC%82%BC%EA%B1%B0%EB%A6%AC,35.1527437,128.6781314",https://map.naver.com/p?lng=128.6781314&lat=35.1527437&zoom=18,519816,CWB379001535,35.152744,128.678131
중초삼거리,창원시진해구,태백동,2,"https://map.kakao.com/link/map/%EC%A4%91%EC%B4%88%EC%82%BC%EA%B1%B0%EB%A6%AC,35.1529546,128.678098",https://map.naver.com/p?lng=128.678098&lat=35.1529546&zoom=18,519815,CWB379001533,35.152955,128.678098
태백사거리,창원시진해구,태백동,1,"https://map.kakao.com/link/map/%ED%83%9C%EB%B0%B1%EC%82%AC%EA%B1%B0%EB%A6%AC,35.152529,128.6758043",https://map.naver.com/p?lng=128.6758043&lat=35.152529&zoom=18,519814,CWB379001539,35.152529,128.675804
노인주간보호센터,창원시진해구,풍호동,1,"https://map.kakao.com/link/map/%EB%85%B8%EC%9D%B8%EC%A3%BC%EA%B0%84%EB%B3%B4%ED%98%B8%EC%84%BC%ED%84%B0,35.12972,128.7094471",https://map.naver.com/p?lng=128.7094471&lat=35.12972&zoom=18,519847,CWB379002546,35.12972,128.709447
녹수아파트,창원시진해구,풍호동,1,"https://map.kakao.com/link/map/%EB%85%B9%EC%88%98%EC%95%84%ED%8C%8C%ED%8A%B8,35.1362869,128.7083512",https://map.naver.com/p?lng=128.7083512&lat=35.1362869&zoom=18,518141,CWB379001632,35.136287,128.708351
대동다숲.마린푸르지오2단지,창원시진해구,풍호동,2,"https://map.kakao.com/link/map/%EB%8C%80%EB%8F%99%EB%8B%A4%EC%88%B2.%EB%A7%88%EB%A6%B0%ED%91%B8%EB%A5%B4%EC%A7%80%EC%98%A42%EB%8B%A8%EC%A7%80,35.1298807,128.7057152",https://map.naver.com/p?lng=128.7057152&lat=35.1298807&zoom=18,522320,CWB379002839,35.129881,128.705715
대동다숲.마린푸르지오2단지,창원시진해구,풍호동,2,"https://map.kakao.com/link/map/%EB%8C%80%EB%8F%99%EB%8B%A4%EC%88%B2.%EB%A7%88%EB%A6%B0%ED%91%B8%EB%A5%B4%EC%A7%80%EC%98%A42%EB%8B%A8%EC%A7%80,35.1301357,128.7063966",https://map.naver.com/p?lng=128.7063966&lat=35.1301357&zoom=18,522319,CWB379002677,35.130136,128.706397
마린푸르지오1단지.신광아파트,창원시진해구,풍호동,2,"https://map.kakao.com/link/map/%EB%A7%88%EB%A6%B0%ED%91%B8%EB%A5%B4%EC%A7%80%EC%98%A41%EB%8B%A8%EC%A7%80.%EC%8B%A0%EA%B4%91%EC%95%84%ED%8C%8C%ED%8A%B8,35.1350389,128.7064141",https://map.naver.com/p?lng=128.7064141&lat=35.1350389&zoom=18,519203,CWB379001639,35.135039,128.706414
마린푸르지오1단지.신광아파트,창원시진해구,풍호동,2,"https://map.kakao.com/link/map/%EB%A7%88%EB%A6%B0%ED%91%B8%EB%A5%B4%EC%A7%80%EC%98%A41%EB%8B%A8%EC%A7%80.%EC%8B%A0%EA%B4%91%EC%95%84%ED%8C%8C%ED%8A%B8,35.1348577,128.7064338",https://map.naver.com/p?lng=128.7064338&lat=35.1348577&zoom=18,519204,CWB379001641,35.134858,128.706434
벽산솔렌스힐아파트,창원시진해구,풍호동,1,"https://map.kakao.com/link/map/%EB%B2%BD%EC%82%B0%EC%86%94%EB%A0%8C%EC%8A%A4%ED%9E%90%EC%95%84%ED%8C%8C%ED%8A%B8,35.1306693,128.7098701",https://map.naver.com/p?lng=128.7098701&lat=35.1306693&zoom=18,518201,CWB379002840,35.130669,128.70987
상리마을,창원시진해구,풍호동,2,"https://map.kakao.com/link/map/%EC%83%81%EB%A6%AC%EB%A7%88%EC%9D%84,35.1255664,128.7117681",https://map.naver.com/p?lng=128.7117681&lat=35.1255664&zoom=18,518146,CWB379002544,35.125566,128.711768
상리마을,창원시진해구,풍호동,2,"https://map.kakao.com/link/map/%EC%83%81%EB%A6%AC%EB%A7%88%EC%9D%84,35.1253008,128.7120529",https://map.naver.com/p?lng=128.7120529&lat=35.1253008&zoom=18,518145,CWB379002543,35.125301,128.712053
우성아파트,창원시진해구,풍호동,1,"https://map.kakao.com/link/map/%EC%9A%B0%EC%84%B1%EC%95%84%ED%8C%8C%ED%8A%B8,35.1391054,128.7016712",https://map.naver.com/p?lng=128.7016712&lat=35.1391054&zoom=18,519835,CWB379001621,35.139105,128.701671
우성아파트.아이존빌입구,창원시진해구,풍호동,1,"https://map.kakao.com/link/map/%EC%9A%B0%EC%84%B1%EC%95%84%ED%8C%8C%ED%8A%B8.%EC%95%84%EC%9D%B4%EC%A1%B4%EB%B9%8C%EC%9E%85%EA%B5%AC,35.1395134,128.7073377",https://map.naver.com/p?lng=128.7073377&lat=35.1395134&zoom=18,518138,CWB379001620,35.139513,128.707338
장천동.이순신리더쉽국제센터,창원시진해구,풍호동,2,"https://map.kakao.com/link/map/%EC%9E%A5%EC%B2%9C%EB%8F%99.%EC%9D%B4%EC%88%9C%EC%8B%A0%EB%A6%AC%EB%8D%94%EC%89%BD%EA%B5%AD%EC%A0%9C%EC%84%BC%ED%84%B0,35.1304901,128.7037177",https://map.naver.com/p?lng=128.7037177&lat=35.1304901&zoom=18,519838,CWB379001661,35.13049,128.703718
장천동.이순신리더쉽국제센터,창원시진해구,풍호동,2,"https://map.kakao.com/link/map/%EC%9E%A5%EC%B2%9C%EB%8F%99.%EC%9D%B4%EC%88%9C%EC%8B%A0%EB%A6%AC%EB%8D%94%EC%89%BD%EA%B5%AD%EC%A0%9C%EC%84%BC%ED%84%B0,35.1315048,128.7036647",https://map.naver.com/p?lng=128.7036647&lat=35.1315048&zoom=18,519839,CWB379001659,35.131505,128.703665
진해구청,창원시진해구,풍호동,1,"https://map.kakao.com/link/map/%EC%A7%84%ED%95%B4%EA%B5%AC%EC%B2%AD,35.1300429,128.7095976",https://map.naver.com/p?lng=128.7095976&lat=35.1300429&zoom=18,518143,CWB379002545,35.130043,128.709598
진해구청.장전주유소,창원시진해구,풍호동,1,"https://map.kakao.com/link/map/%EC%A7%84%ED%95%B4%EA%B5%AC%EC%B2%AD.%EC%9E%A5%EC%A0%84%EC%A3%BC%EC%9C%A0%EC%86%8C,35.1306309,128.7090786",https://map.naver.com/p?lng=128.7090786&lat=35.1306309&zoom=18,518144,CWB379002547,35.130631,128.709079
풍호동사거리,창원시진해구,풍호동,1,"https://map.kakao.com/link/map/%ED%92%8D%ED%98%B8%EB%8F%99%EC%82%AC%EA%B1%B0%EB%A6%AC,35.1354831,128.7083817",https://map.naver.com/p?lng=128.7083817&lat=35.1354831&zoom=18,518142,CWB379002466,35.135483,128.708382
풍호동평화마을,창원시진해구,풍호동,2,"https://map.kakao.com/link/map/%ED%92%8D%ED%98%B8%EB%8F%99%ED%8F%89%ED%99%94%EB%A7%88%EC%9D%84,35.1363836,128.7020861",https://map.naver.com/p?lng=128.7020861&lat=35.1363836&zoom=18,519836,CWB379001633,35.136384,128.702086
풍호동평화마을,창원시진해구,풍호동,2,"https://map.kakao.com/link/map/%ED%92%8D%ED%98%B8%EB%8F%99%ED%8F%89%ED%99%94%EB%A7%88%EC%9D%84,35.1366133,128.7022408",https://map.naver.com/p?lng=128.7022408&lat=35.1366133&zoom=18,519837,CWB379001631,35.136613,128.702241
