정류장명,시군구,읍면동,동내동명N,카카오맵,네이버맵,ARS,stop_id,lat,lon
(주)태광,(미상),(미상),2,"https://map.kakao.com/link/map/%28%EC%A3%BC%29%ED%83%9C%EA%B4%91,35.0906379,128.831487",https://map.naver.com/p?lng=128.831487&lat=35.0906379&zoom=18,630300,CWB379003243,35.090638,128.831487
(주)태광,(미상),(미상),2,"https://map.kakao.com/link/map/%28%EC%A3%BC%29%ED%83%9C%EA%B4%91,35.0903152,128.8312982",https://map.naver.com/p?lng=128.8312982&lat=35.0903152&zoom=18,630301,CWB379003244,35.090315,128.831298
갑오마을,(미상),(미상),2,"https://map.kakao.com/link/map/%EA%B0%91%EC%98%A4%EB%A7%88%EC%9D%84,35.1872216,128.7978299",https://map.naver.com/p?lng=128.7978299&lat=35.1872216&zoom=18,630054,CWB379001342,35.187222,128.79783
갑오마을,(미상),(미상),2,"https://map.kakao.com/link/map/%EA%B0%91%EC%98%A4%EB%A7%88%EC%9D%84,35.1873129,128.7973206",https://map.naver.com/p?lng=128.7973206&lat=35.1873129&zoom=18,630055,CWB379001345,35.187313,128.797321
거성아파트,(미상),(미상),2,"https://map.kakao.com/link/map/%EA%B1%B0%EC%84%B1%EC%95%84%ED%8C%8C%ED%8A%B8,35.3048591,128.7144713",https://map.naver.com/p?lng=128.7144713&lat=35.3048591&zoom=18,630123,CWB379002092,35.304859,128.714471
거성아파트,(미상),(미상),2,"https://map.kakao.com/link/map/%EA%B1%B0%EC%84%B1%EC%95%84%ED%8C%8C%ED%8A%B8,35.3047155,128.7152525",https://map.naver.com/p?lng=128.7152525&lat=35.3047155&zoom=18,630363,CWB379003508,35.304716,128.715252
경제자유구역청,(미상),(미상),2,"https://map.kakao.com/link/map/%EA%B2%BD%EC%A0%9C%EC%9E%90%EC%9C%A0%EA%B5%AC%EC%97%AD%EC%B2%AD,35.0855779,128.8403889",https://map.naver.com/p?lng=128.8403889&lat=35.0855779&zoom=18,523331,CWB379005423,35.085578,128.840389
경제자유구역청,(미상),(미상),2,"https://map.kakao.com/link/map/%EA%B2%BD%EC%A0%9C%EC%9E%90%EC%9C%A0%EA%B5%AC%EC%97%AD%EC%B2%AD,35.0857826,128.8399686",https://map.naver.com/p?lng=128.8399686&lat=35.0857826&zoom=18,523332,CWB379005424,35.085783,128.839969
경제자유구역청사거리,(미상),(미상),2,"https://map.kakao.com/link/map/%EA%B2%BD%EC%A0%9C%EC%9E%90%EC%9C%A0%EA%B5%AC%EC%97%AD%EC%B2%AD%EC%82%AC%EA%B1%B0%EB%A6%AC,35.0887836,128.8386299",https://map.naver.com/p?lng=128.8386299&lat=35.0887836&zoom=18,523329,CWB379005421,35.088784,128.83863
경제자유구역청사거리,(미상),(미상),2,"https://map.kakao.com/link/map/%EA%B2%BD%EC%A0%9C%EC%9E%90%EC%9C%A0%EA%B5%AC%EC%97%AD%EC%B2%AD%EC%82%AC%EA%B1%B0%EB%A6%AC,35.0891122,128.8386564",https://map.naver.com/p?lng=128.8386564&lat=35.0891122&zoom=18,523330,CWB379005422,35.089112,128.838656
구)검문소,(미상),(미상),1,"https://map.kakao.com/link/map/%EA%B5%AC%29%EA%B2%80%EB%AC%B8%EC%86%8C,35.1015804,128.8396473",https://map.naver.com/p?lng=128.8396473&lat=35.1015804&zoom=18,630219,CWB379002707,35.10158,128.839647
금병초등학교,(미상),(미상),2,"https://map.kakao.com/link/map/%EA%B8%88%EB%B3%91%EC%B4%88%EB%93%B1%ED%95%99%EA%B5%90,35.310215,128.7352532",https://map.naver.com/p?lng=128.7352532&lat=35.310215&zoom=18,630380,CWB379005353,35.310215,128.735253
금병초등학교,(미상),(미상),2,"https://map.kakao.com/link/map/%EA%B8%88%EB%B3%91%EC%B4%88%EB%93%B1%ED%95%99%EA%B5%90,35.3101264,128.7354602",https://map.naver.com/p?lng=128.7354602&lat=35.3101264&zoom=18,630381,CWB379005354,35.310126,128.73546
기영아파트,(미상),(미상),2,"https://map.kakao.com/link/map/%EA%B8%B0%EC%98%81%EC%95%84%ED%8C%8C%ED%8A%B8,35.3017011,128.7463525",https://map.naver.com/p?lng=128.7463525&lat=35.3017011&zoom=18,630111,CWB379002079,35.301701,128.746352
기영아파트,(미상),(미상),2,"https://map.kakao.com/link/map/%EA%B8%B0%EC%98%81%EC%95%84%ED%8C%8C%ED%8A%B8,35.3018286,128.7463255",https://map.naver.com/p?lng=128.7463255&lat=35.3018286&zoom=18,630116,CWB379002085,35.301829,128.746326
내봉촌,(미상),(미상),2,"https://map.kakao.com/link/map/%EB%82%B4%EB%B4%89%EC%B4%8C,35.3683583,128.565528",https://map.naver.com/p?lng=128.565528&lat=35.3683583&zoom=18,630003,CWB379000038,35.368358,128.565528
내봉촌,(미상),(미상),2,"https://map.kakao.com/link/map/%EB%82%B4%EB%B4%89%EC%B4%8C,35.3682029,128.5655012",https://map.naver.com/p?lng=128.5655012&lat=35.3682029&zoom=18,630004,CWB379000039,35.368203,128.565501
내봉촌(음달마을),(미상),(미상),2,"https://map.kakao.com/link/map/%EB%82%B4%EB%B4%89%EC%B4%8C%28%EC%9D%8C%EB%8B%AC%EB%A7%88%EC%9D%84%29,35.3634762,128.5673985",https://map.naver.com/p?lng=128.5673985&lat=35.3634762&zoom=18,630402,CWB379005498,35.363476,128.567398
내봉촌(음달마을),(미상),(미상),2,"https://map.kakao.com/link/map/%EB%82%B4%EB%B4%89%EC%B4%8C%28%EC%9D%8C%EB%8B%AC%EB%A7%88%EC%9D%84%29,35.3634709,128.5672856",https://map.naver.com/p?lng=128.5672856&lat=35.3634709&zoom=18,630007,CWB379000056,35.363471,128.567286
능동삼거리,(미상),(미상),2,"https://map.kakao.com/link/map/%EB%8A%A5%EB%8F%99%EC%82%BC%EA%B1%B0%EB%A6%AC,35.1938553,128.794598",https://map.naver.com/p?lng=128.794598&lat=35.1938553&zoom=18,630045,CWB379001292,35.193855,128.794598
능동삼거리,(미상),(미상),2,"https://map.kakao.com/link/map/%EB%8A%A5%EB%8F%99%EC%82%BC%EA%B1%B0%EB%A6%AC,35.1936812,128.7942435",https://map.naver.com/p?lng=128.7942435&lat=35.1936812&zoom=18,630047,CWB379001295,35.193681,128.794244
대근아파트,(미상),(미상),2,"https://map.kakao.com/link/map/%EB%8C%80%EA%B7%BC%EC%95%84%ED%8C%8C%ED%8A%B8,35.3027761,128.7107444",https://map.naver.com/p?lng=128.7107444&lat=35.3027761&zoom=18,630104,CWB379002070,35.302776,128.710744
대근아파트,(미상),(미상),2,"https://map.kakao.com/link/map/%EB%8C%80%EA%B7%BC%EC%95%84%ED%8C%8C%ED%8A%B8,35.3033972,128.711108",https://map.naver.com/p?lng=128.711108&lat=35.3033972&zoom=18,630365,CWB379003510,35.303397,128.711108
대동1단지,(미상),(미상),2,"https://map.kakao.com/link/map/%EB%8C%80%EB%8F%991%EB%8B%A8%EC%A7%80,35.2036881,128.8142942",https://map.naver.com/p?lng=128.8142942&lat=35.2036881&zoom=18,630027,CWB379001156,35.203688,128.814294
대동1단지,(미상),(미상),2,"https://map.kakao.com/link/map/%EB%8C%80%EB%8F%991%EB%8B%A8%EC%A7%80,35.2034702,128.8142103",https://map.naver.com/p?lng=128.8142103&lat=35.2034702&zoom=18,630028,CWB379001159,35.20347,128.81421
대동2단지,(미상),(미상),1,"https://map.kakao.com/link/map/%EB%8C%80%EB%8F%992%EB%8B%A8%EC%A7%80,35.204623,128.8064105",https://map.naver.com/p?lng=128.8064105&lat=35.204623&zoom=18,630199,CWB379002285,35.204623,128.80641
대청고등학교,(미상),(미상),2,"https://map.kakao.com/link/map/%EB%8C%80%EC%B2%AD%EA%B3%A0%EB%93%B1%ED%95%99%EA%B5%90,35.1870997,128.7998351",https://map.naver.com/p?lng=128.7998351&lat=35.1870997&zoom=18,630056,CWB379001346,35.1871,128.799835
대청고등학교,(미상),(미상),2,"https://map.kakao.com/link/map/%EB%8C%80%EC%B2%AD%EA%B3%A0%EB%93%B1%ED%95%99%EA%B5%90,35.1867028,128.7996853",https://map.naver.com/p?lng=128.7996853&lat=35.1867028&zoom=18,630057,CWB379001350,35.186703,128.799685
대청초등학교,(미상),(미상),2,"https://map.kakao.com/link/map/%EB%8C%80%EC%B2%AD%EC%B4%88%EB%93%B1%ED%95%99%EA%B5%90,35.1889433,128.8054628",https://map.naver.com/p?lng=128.8054628&lat=35.1889433&zoom=18,630052,CWB379001334,35.188943,128.805463
대청초등학교,(미상),(미상),2,"https://map.kakao.com/link/map/%EB%8C%80%EC%B2%AD%EC%B4%88%EB%93%B1%ED%95%99%EA%B5%90,35.1885871,128.8054386",https://map.naver.com/p?lng=128.8054386&lat=35.1885871&zoom=18,630053,CWB379001335,35.188587,128.805439
덕산아내에코캐슬,(미상),(미상),2,"https://map.kakao.com/link/map/%EB%8D%95%EC%82%B0%EC%95%84%EB%82%B4%EC%97%90%EC%BD%94%EC%BA%90%EC%8A%AC,35.1966561,128.7930808",https://map.naver.com/p?lng=128.7930808&lat=35.1966561&zoom=18,630041,CWB379001262,35.196656,128.793081
덕산아내에코캐슬,(미상),(미상),2,"https://map.kakao.com/link/map/%EB%8D%95%EC%82%B0%EC%95%84%EB%82%B4%EC%97%90%EC%BD%94%EC%BA%90%EC%8A%AC,35.1970893,128.7927335",https://map.naver.com/p?lng=128.7927335&lat=35.1970893&zoom=18,630042,CWB379001265,35.197089,128.792734
무계교,(미상),(미상),2,"https://map.kakao.com/link/map/%EB%AC%B4%EA%B3%84%EA%B5%90,35.1972674,128.8164572",https://map.naver.com/p?lng=128.8164572&lat=35.1972674&zoom=18,630198,CWB379002284,35.197267,128.816457
무계교,(미상),(미상),2,"https://map.kakao.com/link/map/%EB%AC%B4%EA%B3%84%EA%B5%90,35.1971203,128.8163525",https://map.naver.com/p?lng=128.8163525&lat=35.1971203&zoom=18,630040,CWB379001257,35.19712,128.816352
벽산블루밍,(미상),(미상),2,"https://map.kakao.com/link/map/%EB%B2%BD%EC%82%B0%EB%B8%94%EB%A3%A8%EB%B0%8D,35.2769931,128.5209452",https://map.naver.com/p?lng=128.5209452&lat=35.2769931&zoom=18,411802,CWB379002370,35.276993,128.520945
벽산블루밍,(미상),(미상),2,"https://map.kakao.com/link/map/%EB%B2%BD%EC%82%B0%EB%B8%94%EB%A3%A8%EB%B0%8D,35.2769219,128.5200239",https://map.naver.com/p?lng=128.5200239&lat=35.2769219&zoom=18,411801,CWB379002386,35.276922,128.520024
벽산블루밍종점,(미상),(미상),2,"https://map.kakao.com/link/map/%EB%B2%BD%EC%82%B0%EB%B8%94%EB%A3%A8%EB%B0%8D%EC%A2%85%EC%A0%90,35.2773973,128.5183646",https://map.naver.com/p?lng=128.5183646&lat=35.2773973&zoom=18,411803,CWB379002371,35.277397,128.518365
벽산블루밍종점,(미상),(미상),2,"https://map.kakao.com/link/map/%EB%B2%BD%EC%82%B0%EB%B8%94%EB%A3%A8%EB%B0%8D%EC%A2%85%EC%A0%90,35.2772671,128.5183264",https://map.naver.com/p?lng=128.5183264&lat=35.2772671&zoom=18,411806,CWB379002377,35.277267,128.518326
부곡,(미상),(미상),2,"https://map.kakao.com/link/map/%EB%B6%80%EA%B3%A1,35.3046243,128.7187845",https://map.naver.com/p?lng=128.7187845&lat=35.3046243&zoom=18,630122,CWB379002091,35.304624,128.718784
부곡,(미상),(미상),2,"https://map.kakao.com/link/map/%EB%B6%80%EA%B3%A1,35.3044097,128.7195954",https://map.naver.com/p?lng=128.7195954&lat=35.3044097&zoom=18,630304,CWB379003150,35.30441,128.719595
부광산업,(미상),(미상),2,"https://map.kakao.com/link/map/%EB%B6%80%EA%B4%91%EC%82%B0%EC%97%85,35.0960146,128.824238",https://map.naver.com/p?lng=128.824238&lat=35.0960146&zoom=18,630296,CWB379003239,35.096015,128.824238
부광산업,(미상),(미상),2,"https://map.kakao.com/link/map/%EB%B6%80%EA%B4%91%EC%82%B0%EC%97%85,35.0961982,128.8245804",https://map.naver.com/p?lng=128.8245804&lat=35.0961982&zoom=18,630297,CWB379003240,35.096198,128.82458
부산카프링,(미상),(미상),2,"https://map.kakao.com/link/map/%EB%B6%80%EC%82%B0%EC%B9%B4%ED%94%84%EB%A7%81,35.0939444,128.8273472",https://map.naver.com/p?lng=128.8273472&lat=35.0939444&zoom=18,630298,CWB379003241,35.093944,128.827347
부산카프링,(미상),(미상),2,"https://map.kakao.com/link/map/%EB%B6%80%EC%82%B0%EC%B9%B4%ED%94%84%EB%A7%81,35.0933823,128.827504",https://map.naver.com/p?lng=128.827504&lat=35.0933823&zoom=18,630299,CWB379003242,35.093382,128.827504
부산항홍보관,(미상),(미상),2,"https://map.kakao.com/link/map/%EB%B6%80%EC%82%B0%ED%95%AD%ED%99%8D%EB%B3%B4%EA%B4%80,35.0868706,128.8310546",https://map.naver.com/p?lng=128.8310546&lat=35.0868706&zoom=18,630302,CWB379003245,35.086871,128.831055
부산항홍보관,(미상),(미상),2,"https://map.kakao.com/link/map/%EB%B6%80%EC%82%B0%ED%95%AD%ED%99%8D%EB%B3%B4%EA%B4%80,35.0870534,128.8308921",https://map.naver.com/p?lng=128.8308921&lat=35.0870534&zoom=18,630303,CWB379003246,35.087053,128.830892
삼문마을,(미상),(미상),2,"https://map.kakao.com/link/map/%EC%82%BC%EB%AC%B8%EB%A7%88%EC%9D%84,35.1923424,128.8103422",https://map.naver.com/p?lng=128.8103422&lat=35.1923424&zoom=18,630185,CWB379002249,35.192342,128.810342
삼문마을,(미상),(미상),2,"https://map.kakao.com/link/map/%EC%82%BC%EB%AC%B8%EB%A7%88%EC%9D%84,35.1924311,128.8102605",https://map.naver.com/p?lng=128.8102605&lat=35.1924311&zoom=18,630186,CWB379002250,35.192431,128.81026
삼성아파트,(미상),(미상),2,"https://map.kakao.com/link/map/%EC%82%BC%EC%84%B1%EC%95%84%ED%8C%8C%ED%8A%B8,35.3037632,128.7235322",https://map.naver.com/p?lng=128.7235322&lat=35.3037632&zoom=18,630105,CWB379002072,35.303763,128.723532
삼성아파트,(미상),(미상),2,"https://map.kakao.com/link/map/%EC%82%BC%EC%84%B1%EC%95%84%ED%8C%8C%ED%8A%B8,35.3039003,128.7234197",https://map.naver.com/p?lng=128.7234197&lat=35.3039003&zoom=18,630121,CWB379002090,35.3039,128.72342
세방물류,(미상),(미상),1,"https://map.kakao.com/link/map/%EC%84%B8%EB%B0%A9%EB%AC%BC%EB%A5%98,35.0859358,128.8255134",https://map.naver.com/p?lng=128.8255134&lat=35.0859358&zoom=18,523327,CWB379005419,35.085936,128.825513
신용삼거리,(미상),(미상),2,"https://map.kakao.com/link/map/%EC%8B%A0%EC%9A%A9%EC%82%BC%EA%B1%B0%EB%A6%AC,35.296679,128.7607373",https://map.naver.com/p?lng=128.7607373&lat=35.296679&zoom=18,630126,CWB379002096,35.296679,128.760737
신용삼거리,(미상),(미상),2,"https://map.kakao.com/link/map/%EC%8B%A0%EC%9A%A9%EC%82%BC%EA%B1%B0%EB%A6%AC,35.2964984,128.7608444",https://map.naver.com/p?lng=128.7608444&lat=35.2964984&zoom=18,630307,CWB379003153,35.296498,128.760844
신항 서문입구,(미상),(미상),1,"https://map.kakao.com/link/map/%EC%8B%A0%ED%95%AD%20%EC%84%9C%EB%AC%B8%EC%9E%85%EA%B5%AC,35.0830006,128.8018353",https://map.naver.com/p?lng=128.8018353&lat=35.0830006&zoom=18,523323,CWB379005415,35.083001,128.801835
쌍용예가,(미상),(미상),2,"https://map.kakao.com/link/map/%EC%8C%8D%EC%9A%A9%EC%98%88%EA%B0%80,35.1953419,128.8144022",https://map.naver.com/p?lng=128.8144022&lat=35.1953419&zoom=18,630197,CWB379002283,35.195342,128.814402
쌍용예가,(미상),(미상),2,"https://map.kakao.com/link/map/%EC%8C%8D%EC%9A%A9%EC%98%88%EA%B0%80,35.1952299,128.8144638",https://map.naver.com/p?lng=128.8144638&lat=35.1952299&zoom=18,630044,CWB379001274,35.19523,128.814464
아산마을,(미상),(미상),1,"https://map.kakao.com/link/map/%EC%95%84%EC%82%B0%EB%A7%88%EC%9D%84,35.349066,128.5618126",https://map.naver.com/p?lng=128.5618126&lat=35.349066&zoom=18,103402,CWB379005500,35.349066,128.561813
외단계,(미상),(미상),1,"https://map.kakao.com/link/map/%EC%99%B8%EB%8B%A8%EA%B3%84,35.2706693,128.7110476",https://map.naver.com/p?lng=128.7110476&lat=35.2706693&zoom=18,115808,CWB379000310,35.270669,128.711048
용전마을,(미상),(미상),2,"https://map.kakao.com/link/map/%EC%9A%A9%EC%A0%84%EB%A7%88%EC%9D%84,35.3010932,128.7501323",https://map.naver.com/p?lng=128.7501323&lat=35.3010932&zoom=18,630112,CWB379002080,35.301093,128.750132
용전마을,(미상),(미상),2,"https://map.kakao.com/link/map/%EC%9A%A9%EC%A0%84%EB%A7%88%EC%9D%84,35.3011471,128.750424",https://map.naver.com/p?lng=128.750424&lat=35.3011471&zoom=18,630305,CWB379003151,35.301147,128.750424
음달마을,(미상),(미상),2,"https://map.kakao.com/link/map/%EC%9D%8C%EB%8B%AC%EB%A7%88%EC%9D%84,35.3644434,128.564917",https://map.naver.com/p?lng=128.564917&lat=35.3644434&zoom=18,630401,CWB379005497,35.364443,128.564917
음달마을,(미상),(미상),2,"https://map.kakao.com/link/map/%EC%9D%8C%EB%8B%AC%EB%A7%88%EC%9D%84,35.3645278,128.5650094",https://map.naver.com/p?lng=128.5650094&lat=35.3645278&zoom=18,630006,CWB379000051,35.364528,128.565009
자이아파트,(미상),(미상),2,"https://map.kakao.com/link/map/%EC%9E%90%EC%9D%B4%EC%95%84%ED%8C%8C%ED%8A%B8,35.2760599,128.5228293",https://map.naver.com/p?lng=128.5228293&lat=35.2760599&zoom=18,408501,CWB379002387,35.27606,128.522829
자이아파트,(미상),(미상),2,"https://map.kakao.com/link/map/%EC%9E%90%EC%9D%B4%EC%95%84%ED%8C%8C%ED%8A%B8,35.2763168,128.5228434",https://map.naver.com/p?lng=128.5228434&lat=35.2763168&zoom=18,630310,CWB379003188,35.276317,128.522843
자이아파트입구,(미상),(미상),1,"https://map.kakao.com/link/map/%EC%9E%90%EC%9D%B4%EC%95%84%ED%8C%8C%ED%8A%B8%EC%9E%85%EA%B5%AC,35.2712696,128.5259075",https://map.naver.com/p?lng=128.5259075&lat=35.2712696&zoom=18,408503,CWB379002389,35.27127,128.525907
자이아파트정문,(미상),(미상),2,"https://map.kakao.com/link/map/%EC%9E%90%EC%9D%B4%EC%95%84%ED%8C%8C%ED%8A%B8%EC%A0%95%EB%AC%B8,35.2736144,128.5262992",https://map.naver.com/p?lng=128.5262992&lat=35.2736144&zoom=18,408502,CWB379002388,35.273614,128.526299
자이아파트정문,(미상),(미상),2,"https://map.kakao.com/link/map/%EC%9E%90%EC%9D%B4%EC%95%84%ED%8C%8C%ED%8A%B8%EC%A0%95%EB%AC%B8,35.2731444,128.5263434",https://map.naver.com/p?lng=128.5263434&lat=35.2731444&zoom=18,630309,CWB379003187,35.273144,128.526343
장유고등학교,(미상),(미상),1,"https://map.kakao.com/link/map/%EC%9E%A5%EC%9C%A0%EA%B3%A0%EB%93%B1%ED%95%99%EA%B5%90,35.2022258,128.8052277",https://map.naver.com/p?lng=128.8052277&lat=35.2022258&zoom=18,630034,CWB379001188,35.202226,128.805228
장유농협,(미상),(미상),2,"https://map.kakao.com/link/map/%EC%9E%A5%EC%9C%A0%EB%86%8D%ED%98%91,35.2003208,128.8153563",https://map.naver.com/p?lng=128.8153563&lat=35.2003208&zoom=18,630037,CWB379001216,35.200321,128.815356
장유농협,(미상),(미상),2,"https://map.kakao.com/link/map/%EC%9E%A5%EC%9C%A0%EB%86%8D%ED%98%91,35.2001707,128.8151382",https://map.naver.com/p?lng=128.8151382&lat=35.2001707&zoom=18,630038,CWB379001222,35.200171,128.815138
장유도서관,(미상),(미상),2,"https://map.kakao.com/link/map/%EC%9E%A5%EC%9C%A0%EB%8F%84%EC%84%9C%EA%B4%80,35.1895581,128.7966878",https://map.naver.com/p?lng=128.7966878&lat=35.1895581&zoom=18,630050,CWB379001330,35.189558,128.796688
장유도서관,(미상),(미상),2,"https://map.kakao.com/link/map/%EC%9E%A5%EC%9C%A0%EB%8F%84%EC%84%9C%EA%B4%80,35.1892981,128.796366",https://map.naver.com/p?lng=128.796366&lat=35.1892981&zoom=18,630051,CWB379001333,35.189298,128.796366
장유석봉마을,(미상),(미상),1,"https://map.kakao.com/link/map/%EC%9E%A5%EC%9C%A0%EC%84%9D%EB%B4%89%EB%A7%88%EC%9D%84,35.2025853,128.8088565",https://map.naver.com/p?lng=128.8088565&lat=35.2025853&zoom=18,630031,CWB379001179,35.202585,128.808856
장유초등학교,(미상),(미상),2,"https://map.kakao.com/link/map/%EC%9E%A5%EC%9C%A0%EC%B4%88%EB%93%B1%ED%95%99%EA%B5%90,35.2041842,128.8107943",https://map.naver.com/p?lng=128.8107943&lat=35.2041842&zoom=18,630023,CWB379001143,35.204184,128.810794
장유초등학교,(미상),(미상),2,"https://map.kakao.com/link/map/%EC%9E%A5%EC%9C%A0%EC%B4%88%EB%93%B1%ED%95%99%EA%B5%90,35.2039724,128.8103532",https://map.naver.com/p?lng=128.8103532&lat=35.2039724&zoom=18,630024,CWB379001151,35.203972,128.810353
제일고등학교,(미상),(미상),2,"https://map.kakao.com/link/map/%EC%A0%9C%EC%9D%BC%EA%B3%A0%EB%93%B1%ED%95%99%EA%B5%90,35.3021007,128.7410635",https://map.naver.com/p?lng=128.7410635&lat=35.3021007&zoom=18,630110,CWB379002078,35.302101,128.741064
제일고등학교,(미상),(미상),2,"https://map.kakao.com/link/map/%EC%A0%9C%EC%9D%BC%EA%B3%A0%EB%93%B1%ED%95%99%EA%B5%90,35.3022112,128.7412481",https://map.naver.com/p?lng=128.7412481&lat=35.3022112&zoom=18,630117,CWB379002086,35.302211,128.741248
좌곤,(미상),(미상),2,"https://map.kakao.com/link/map/%EC%A2%8C%EA%B3%A4,35.2967751,128.707516",https://map.naver.com/p?lng=128.707516&lat=35.2967751&zoom=18,630103,CWB379002069,35.296775,128.707516
좌곤,(미상),(미상),2,"https://map.kakao.com/link/map/%EC%A2%8C%EA%B3%A4,35.2968051,128.7072973",https://map.naver.com/p?lng=128.7072973&lat=35.2968051&zoom=18,630124,CWB379002093,35.296805,128.707297
좌곤육교,(미상),(미상),2,"https://map.kakao.com/link/map/%EC%A2%8C%EA%B3%A4%EC%9C%A1%EA%B5%90,35.2928575,128.7078452",https://map.naver.com/p?lng=128.7078452&lat=35.2928575&zoom=18,630102,CWB379002068,35.292858,128.707845
좌곤육교,(미상),(미상),2,"https://map.kakao.com/link/map/%EC%A2%8C%EA%B3%A4%EC%9C%A1%EA%B5%90,35.2926014,128.7076711",https://map.naver.com/p?lng=128.7076711&lat=35.2926014&zoom=18,630125,CWB379002094,35.292601,128.707671
주호,(미상),(미상),2,"https://map.kakao.com/link/map/%EC%A3%BC%ED%98%B8,35.3142028,128.7413608",https://map.naver.com/p?lng=128.7413608&lat=35.3142028&zoom=18,630376,CWB379005349,35.314203,128.741361
주호,(미상),(미상),2,"https://map.kakao.com/link/map/%EC%A3%BC%ED%98%B8,35.3140402,128.7412336",https://map.naver.com/p?lng=128.7412336&lat=35.3140402&zoom=18,630377,CWB379005350,35.31404,128.741234
주호마을회관,(미상),(미상),2,"https://map.kakao.com/link/map/%EC%A3%BC%ED%98%B8%EB%A7%88%EC%9D%84%ED%9A%8C%EA%B4%80,35.3149911,128.7413777",https://map.naver.com/p?lng=128.7413777&lat=35.3149911&zoom=18,630374,CWB379005347,35.314991,128.741378
주호마을회관,(미상),(미상),2,"https://map.kakao.com/link/map/%EC%A3%BC%ED%98%B8%EB%A7%88%EC%9D%84%ED%9A%8C%EA%B4%80,35.3150032,128.7414769",https://map.naver.com/p?lng=128.7414769&lat=35.3150032&zoom=18,630375,CWB379005348,35.315003,128.741477
중구,(미상),(미상),2,"https://map.kakao.com/link/map/%EC%A4%91%EA%B5%AC,35.3034796,128.7287304",https://map.naver.com/p?lng=128.7287304&lat=35.3034796&zoom=18,630107,CWB379002075,35.30348,128.72873
중구,(미상),(미상),2,"https://map.kakao.com/link/map/%EC%A4%91%EA%B5%AC,35.3033606,128.7288571",https://map.naver.com/p?lng=128.7288571&lat=35.3033606&zoom=18,630120,CWB379002089,35.303361,128.728857
진영농협(진영전통시장),(미상),(미상),2,"https://map.kakao.com/link/map/%EC%A7%84%EC%98%81%EB%86%8D%ED%98%91%28%EC%A7%84%EC%98%81%EC%A0%84%ED%86%B5%EC%8B%9C%EC%9E%A5%29,35.3029262,128.7329181",https://map.naver.com/p?lng=128.7329181&lat=35.3029262&zoom=18,630108,CWB379002076,35.302926,128.732918
진영농협(진영전통시장),(미상),(미상),2,"https://map.kakao.com/link/map/%EC%A7%84%EC%98%81%EB%86%8D%ED%98%91%28%EC%A7%84%EC%98%81%EC%A0%84%ED%86%B5%EC%8B%9C%EC%9E%A5%29,35.3029989,128.7333456",https://map.naver.com/p?lng=128.7333456&lat=35.3029989&zoom=18,630119,CWB379002088,35.302999,128.733346
진영단감농협,(미상),(미상),2,"https://map.kakao.com/link/map/%EC%A7%84%EC%98%81%EB%8B%A8%EA%B0%90%EB%86%8D%ED%98%91,35.303692,128.7345065",https://map.naver.com/p?lng=128.7345065&lat=35.303692&zoom=18,630384,CWB379005357,35.303692,128.734507
진영단감농협,(미상),(미상),2,"https://map.kakao.com/link/map/%EC%A7%84%EC%98%81%EB%8B%A8%EA%B0%90%EB%86%8D%ED%98%91,35.3040579,128.7347534",https://map.naver.com/p?lng=128.7347534&lat=35.3040579&zoom=18,630385,CWB379005358,35.304058,128.734753
진영시외주차장,(미상),(미상),2,"https://map.kakao.com/link/map/%EC%A7%84%EC%98%81%EC%8B%9C%EC%99%B8%EC%A3%BC%EC%B0%A8%EC%9E%A5,35.3025971,128.7360716",https://map.naver.com/p?lng=128.7360716&lat=35.3025971&zoom=18,630109,CWB379002077,35.302597,128.736072
진영시외주차장,(미상),(미상),2,"https://map.kakao.com/link/map/%EC%A7%84%EC%98%81%EC%8B%9C%EC%99%B8%EC%A3%BC%EC%B0%A8%EC%9E%A5,35.3027762,128.735677",https://map.naver.com/p?lng=128.735677&lat=35.3027762&zoom=18,630118,CWB379002087,35.302776,128.735677
진영중학교,(미상),(미상),2,"https://map.kakao.com/link/map/%EC%A7%84%EC%98%81%EC%A4%91%ED%95%99%EA%B5%90,35.3078151,128.7349711",https://map.naver.com/p?lng=128.7349711&lat=35.3078151&zoom=18,630382,CWB379005355,35.307815,128.734971
진영중학교,(미상),(미상),2,"https://map.kakao.com/link/map/%EC%A7%84%EC%98%81%EC%A4%91%ED%95%99%EA%B5%90,35.3077062,128.7351804",https://map.naver.com/p?lng=128.7351804&lat=35.3077062&zoom=18,630383,CWB379005356,35.307706,128.73518
진영한방병원,(미상),(미상),2,"https://map.kakao.com/link/map/%EC%A7%84%EC%98%81%ED%95%9C%EB%B0%A9%EB%B3%91%EC%9B%90,35.3000526,128.7540295",https://map.naver.com/p?lng=128.7540295&lat=35.3000526&zoom=18,630115,CWB379002084,35.300053,128.75403
진영한방병원,(미상),(미상),2,"https://map.kakao.com/link/map/%EC%A7%84%EC%98%81%ED%95%9C%EB%B0%A9%EB%B3%91%EC%9B%90,35.3000811,128.7536725",https://map.naver.com/p?lng=128.7536725&lat=35.3000811&zoom=18,630306,CWB379003152,35.300081,128.753672
진영협성휴포레,(미상),(미상),2,"https://map.kakao.com/link/map/%EC%A7%84%EC%98%81%ED%98%91%EC%84%B1%ED%9C%B4%ED%8F%AC%EB%A0%88,35.3019056,128.7440327",https://map.naver.com/p?lng=128.7440327&lat=35.3019056&zoom=18,630364,CWB379003509,35.301906,128.744033
진영협성휴포레,(미상),(미상),2,"https://map.kakao.com/link/map/%EC%A7%84%EC%98%81%ED%98%91%EC%84%B1%ED%9C%B4%ED%8F%AC%EB%A0%88,35.3020822,128.7435977",https://map.naver.com/p?lng=128.7435977&lat=35.3020822&zoom=18,630366,CWB379003511,35.302082,128.743598
진영휴먼빌,(미상),(미상),2,"https://map.kakao.com/link/map/%EC%A7%84%EC%98%81%ED%9C%B4%EB%A8%BC%EB%B9%8C,35.3139859,128.7376454",https://map.naver.com/p?lng=128.7376454&lat=35.3139859&zoom=18,630378,CWB379005351,35.313986,128.737645
진영휴먼빌,(미상),(미상),2,"https://map.kakao.com/link/map/%EC%A7%84%EC%98%81%ED%9C%B4%EB%A8%BC%EB%B9%8C,35.3138195,128.7377793",https://map.naver.com/p?lng=128.7377793&lat=35.3138195&zoom=18,630379,CWB379005352,35.31382,128.737779
창포,(미상),(미상),2,"https://map.kakao.com/link/map/%EC%B0%BD%ED%8F%AC,35.0871957,128.4637094",https://map.naver.com/p?lng=128.4637094&lat=35.0871957&zoom=18,323119,CWB379001885,35.087196,128.463709
창포,(미상),(미상),2,"https://map.kakao.com/link/map/%EC%B0%BD%ED%8F%AC,35.0870437,128.4638131",https://map.naver.com/p?lng=128.4638131&lat=35.0870437&zoom=18,323120,CWB379001886,35.087044,128.463813
창포마을,(미상),(미상),1,"https://map.kakao.com/link/map/%EC%B0%BD%ED%8F%AC%EB%A7%88%EC%9D%84,35.0900404,128.46036",https://map.naver.com/p?lng=128.46036&lat=35.0900404&zoom=18,323122,CWB379001878,35.09004,128.46036
코아상가,(미상),(미상),1,"https://map.kakao.com/link/map/%EC%BD%94%EC%95%84%EC%83%81%EA%B0%80,35.2041276,128.809388",https://map.naver.com/p?lng=128.809388&lat=35.2041276&zoom=18,630025,CWB379001152,35.204128,128.809388
풍전가든,(미상),(미상),2,"https://map.kakao.com/link/map/%ED%92%8D%EC%A0%84%EA%B0%80%EB%93%A0,35.0614947,128.4338667",https://map.naver.com/p?lng=128.4338667&lat=35.0614947&zoom=18,323127,CWB379005797,35.061495,128.433867
풍전가든,(미상),(미상),2,"https://map.kakao.com/link/map/%ED%92%8D%EC%A0%84%EA%B0%80%EB%93%A0,35.0613426,128.4339627",https://map.naver.com/p?lng=128.4339627&lat=35.0613426&zoom=18,323128,CWB379005798,35.061343,128.433963
하은교회,(미상),(미상),1,"https://map.kakao.com/link/map/%ED%95%98%EC%9D%80%EA%B5%90%ED%9A%8C,35.2687975,128.5300568",https://map.naver.com/p?lng=128.5300568&lat=35.2687975&zoom=18,408505,CWB379002390,35.268798,128.530057
호곡,(미상),(미상),2,"https://map.kakao.com/link/map/%ED%98%B8%EA%B3%A1,35.2779601,128.5155313",https://map.naver.com/p?lng=128.5155313&lat=35.2779601&zoom=18,411804,CWB379002374,35.27796,128.515531
호곡,(미상),(미상),2,"https://map.kakao.com/link/map/%ED%98%B8%EA%B3%A1,35.2778334,128.5155702",https://map.naver.com/p?lng=128.5155702&lat=35.2778334&zoom=18,411805,CWB379002376,35.277833,128.51557
가포LH1단지,창원시마산합포구,가포동,2,"https://map.kakao.com/link/map/%EA%B0%80%ED%8F%ACLH1%EB%8B%A8%EC%A7%80,35.1578009,128.5835714",https://map.naver.com/p?lng=128.5835714&lat=35.1578009&zoom=18,300642,CWB379005556,35.157801,128.583571
가포LH1단지,창원시마산합포구,가포동,2,"https://map.kakao.com/link/map/%EA%B0%80%ED%8F%ACLH1%EB%8B%A8%EC%A7%80,35.157722,128.5835754",https://map.naver.com/p?lng=128.5835754&lat=35.157722&zoom=18,300643,CWB379005807,35.157722,128.583575
가포고등학교,창원시마산합포구,가포동,2,"https://map.kakao.com/link/map/%EA%B0%80%ED%8F%AC%EA%B3%A0%EB%93%B1%ED%95%99%EA%B5%90,35.1682212,128.5707923",https://map.naver.com/p?lng=128.5707923&lat=35.1682212&zoom=18,300624,CWB379001461,35.168221,128.570792
가포고등학교,창원시마산합포구,가포동,2,"https://map.kakao.com/link/map/%EA%B0%80%ED%8F%AC%EA%B3%A0%EB%93%B1%ED%95%99%EA%B5%90,35.1680405,128.5710001",https://map.naver.com/p?lng=128.5710001&lat=35.1680405&zoom=18,300623,CWB379001462,35.16804,128.571
가포동,창원시마산합포구,가포동,2,"https://map.kakao.com/link/map/%EA%B0%80%ED%8F%AC%EB%8F%99,35.1624204,128.5759211",https://map.naver.com/p?lng=128.5759211&lat=35.1624204&zoom=18,300619,CWB379001482,35.16242,128.575921
가포동,창원시마산합포구,가포동,2,"https://map.kakao.com/link/map/%EA%B0%80%ED%8F%AC%EB%8F%99,35.1621261,128.5758578",https://map.naver.com/p?lng=128.5758578&lat=35.1621261&zoom=18,300620,CWB379001483,35.162126,128.575858
가포본동,창원시마산합포구,가포동,2,"https://map.kakao.com/link/map/%EA%B0%80%ED%8F%AC%EB%B3%B8%EB%8F%99,35.1548418,128.5819064",https://map.naver.com/p?lng=128.5819064&lat=35.1548418&zoom=18,300615,CWB379001514,35.154842,128.581906
가포본동,창원시마산합포구,가포동,2,"https://map.kakao.com/link/map/%EA%B0%80%ED%8F%AC%EB%B3%B8%EB%8F%99,35.155948,128.5803613",https://map.naver.com/p?lng=128.5803613&lat=35.155948&zoom=18,300616,CWB379001516,35.155948,128.580361
가포송신소,창원시마산합포구,가포동,2,"https://map.kakao.com/link/map/%EA%B0%80%ED%8F%AC%EC%86%A1%EC%8B%A0%EC%86%8C,35.1518038,128.5867603",https://map.naver.com/p?lng=128.5867603&lat=35.1518038&zoom=18,300614,CWB379001559,35.151804,128.58676
가포송신소,창원시마산합포구,가포동,2,"https://map.kakao.com/link/map/%EA%B0%80%ED%8F%AC%EC%86%A1%EC%8B%A0%EC%86%8C,35.1514896,128.5867968",https://map.naver.com/p?lng=128.5867968&lat=35.1514896&zoom=18,300613,CWB379001563,35.15149,128.586797
가포신항,창원시마산합포구,가포동,2,"https://map.kakao.com/link/map/%EA%B0%80%ED%8F%AC%EC%8B%A0%ED%95%AD,35.1698119,128.5761707",https://map.naver.com/p?lng=128.5761707&lat=35.1698119&zoom=18,322022,CWB379001975,35.169812,128.576171
가포신항,창원시마산합포구,가포동,2,"https://map.kakao.com/link/map/%EA%B0%80%ED%8F%AC%EC%8B%A0%ED%95%AD,35.1686097,128.5778268",https://map.naver.com/p?lng=128.5778268&lat=35.1686097&zoom=18,322023,CWB379001976,35.16861,128.577827
가포초등학교,창원시마산합포구,가포동,2,"https://map.kakao.com/link/map/%EA%B0%80%ED%8F%AC%EC%B4%88%EB%93%B1%ED%95%99%EA%B5%90,35.1587448,128.5768516",https://map.naver.com/p?lng=128.5768516&lat=35.1587448&zoom=18,300618,CWB379001497,35.158745,128.576852
가포초등학교,창원시마산합포구,가포동,2,"https://map.kakao.com/link/map/%EA%B0%80%ED%8F%AC%EC%B4%88%EB%93%B1%ED%95%99%EA%B5%90,35.1585492,128.5768204",https://map.naver.com/p?lng=128.5768204&lat=35.1585492&zoom=18,300617,CWB379001498,35.158549,128.57682
국립마산병원,창원시마산합포구,가포동,2,"https://map.kakao.com/link/map/%EA%B5%AD%EB%A6%BD%EB%A7%88%EC%82%B0%EB%B3%91%EC%9B%90,35.1680827,128.5662868",https://map.naver.com/p?lng=128.5662868&lat=35.1680827&zoom=18,300626,CWB379001463,35.168083,128.566287
국립마산병원,창원시마산합포구,가포동,2,"https://map.kakao.com/link/map/%EA%B5%AD%EB%A6%BD%EB%A7%88%EC%82%B0%EB%B3%91%EC%9B%90,35.1679564,128.5662876",https://map.naver.com/p?lng=128.5662876&lat=35.1679564&zoom=18,300625,CWB379001465,35.167956,128.566288
금호어울림아파트,창원시마산합포구,가포동,1,"https://map.kakao.com/link/map/%EA%B8%88%ED%98%B8%EC%96%B4%EC%9A%B8%EB%A6%BC%EC%95%84%ED%8C%8C%ED%8A%B8,35.1565599,128.5790508",https://map.naver.com/p?lng=128.5790508&lat=35.1565599&zoom=18,300641,CWB379005548,35.15656,128.579051
마산골프랜드,창원시마산합포구,가포동,2,"https://map.kakao.com/link/map/%EB%A7%88%EC%82%B0%EA%B3%A8%ED%94%84%EB%9E%9C%EB%93%9C,35.1670159,128.5739108",https://map.naver.com/p?lng=128.5739108&lat=35.1670159&zoom=18,300622,CWB379001469,35.167016,128.573911
마산골프랜드,창원시마산합포구,가포동,2,"https://map.kakao.com/link/map/%EB%A7%88%EC%82%B0%EA%B3%A8%ED%94%84%EB%9E%9C%EB%93%9C,35.1669163,128.5736015",https://map.naver.com/p?lng=128.5736015&lat=35.1669163&zoom=18,300621,CWB379001470,35.166916,128.573602
청량산터널앞,창원시마산합포구,가포동,2,"https://map.kakao.com/link/map/%EC%B2%AD%EB%9F%89%EC%82%B0%ED%84%B0%EB%84%90%EC%95%9E,35.1685633,128.560888",https://map.naver.com/p?lng=128.560888&lat=35.1685633&zoom=18,300637,CWB379006153,35.168563,128.560888
청량산터널앞,창원시마산합포구,가포동,2,"https://map.kakao.com/link/map/%EC%B2%AD%EB%9F%89%EC%82%B0%ED%84%B0%EB%84%90%EC%95%9E,35.1684454,128.561119",https://map.naver.com/p?lng=128.561119&lat=35.1684454&zoom=18,300638,CWB379006154,35.168445,128.561119
경남은행연수원,창원시마산합포구,교방동,1,"https://map.kakao.com/link/map/%EA%B2%BD%EB%82%A8%EC%9D%80%ED%96%89%EC%97%B0%EC%88%98%EC%9B%90,35.2164955,128.5606437",https://map.naver.com/p?lng=128.5606437&lat=35.2164955&zoom=18,406101,CWB379001018,35.216496,128.560644
교방동,창원시마산합포구,교방동,1,"https://map.kakao.com/link/map/%EA%B5%90%EB%B0%A9%EB%8F%99,35.2106736,128.5670669",https://map.naver.com/p?lng=128.5670669&lat=35.2106736&zoom=18,319502,CWB379001096,35.210674,128.567067
노비산입구,창원시마산합포구,교방동,1,"https://map.kakao.com/link/map/%EB%85%B8%EB%B9%84%EC%82%B0%EC%9E%85%EA%B5%AC,35.2134164,128.5713262",https://map.naver.com/p?lng=128.5713262&lat=35.2134164&zoom=18,307202,CWB379001053,35.213416,128.571326
롯데캐슬프리미어아파트,창원시마산합포구,교방동,1,"https://map.kakao.com/link/map/%EB%A1%AF%EB%8D%B0%EC%BA%90%EC%8A%AC%ED%94%84%EB%A6%AC%EB%AF%B8%EC%96%B4%EC%95%84%ED%8C%8C%ED%8A%B8,35.216089,128.564477",https://map.naver.com/p?lng=128.564477&lat=35.216089&zoom=18,422901,CWB379001008,35.216089,128.564477
마산성로원,창원시마산합포구,교방동,2,"https://map.kakao.com/link/map/%EB%A7%88%EC%82%B0%EC%84%B1%EB%A1%9C%EC%9B%90,35.2137391,128.5622032",https://map.naver.com/p?lng=128.5622032&lat=35.2137391&zoom=18,306118,CWB379001047,35.213739,128.562203
마산성로원,창원시마산합포구,교방동,2,"https://map.kakao.com/link/map/%EB%A7%88%EC%82%B0%EC%84%B1%EB%A1%9C%EC%9B%90,35.213492,128.5620032",https://map.naver.com/p?lng=128.5620032&lat=35.213492&zoom=18,306117,CWB379001054,35.213492,128.562003
삼학사.경남은행연수원,창원시마산합포구,교방동,1,"https://map.kakao.com/link/map/%EC%82%BC%ED%95%99%EC%82%AC.%EA%B2%BD%EB%82%A8%EC%9D%80%ED%96%89%EC%97%B0%EC%88%98%EC%9B%90,35.216563,128.5609225",https://map.naver.com/p?lng=128.5609225&lat=35.216563&zoom=18,406102,CWB379001003,35.216563,128.560922
서원곡입구,창원시마산합포구,교방동,2,"https://map.kakao.com/link/map/%EC%84%9C%EC%9B%90%EA%B3%A1%EC%9E%85%EA%B5%AC,35.2114821,128.5632043",https://map.naver.com/p?lng=128.5632043&lat=35.2114821&zoom=18,306116,CWB379001088,35.211482,128.563204
서원곡입구,창원시마산합포구,교방동,2,"https://map.kakao.com/link/map/%EC%84%9C%EC%9B%90%EA%B3%A1%EC%9E%85%EA%B5%AC,35.2113336,128.5629685",https://map.naver.com/p?lng=128.5629685&lat=35.2113336&zoom=18,306115,CWB379001108,35.211334,128.562969
원불교교구청,창원시마산합포구,교방동,2,"https://map.kakao.com/link/map/%EC%9B%90%EB%B6%88%EA%B5%90%EA%B5%90%EA%B5%AC%EC%B2%AD,35.2115248,128.5741943",https://map.naver.com/p?lng=128.5741943&lat=35.2115248&zoom=18,319507,CWB379001083,35.211525,128.574194
원불교교구청,창원시마산합포구,교방동,2,"https://map.kakao.com/link/map/%EC%9B%90%EB%B6%88%EA%B5%90%EA%B5%90%EA%B5%AC%EC%B2%AD,35.2113454,128.5741183",https://map.naver.com/p?lng=128.5741183&lat=35.2113454&zoom=18,319506,CWB379001085,35.211345,128.574118
육호광장,창원시마산합포구,교방동,1,"https://map.kakao.com/link/map/%EC%9C%A1%ED%98%B8%EA%B4%91%EC%9E%A5,35.2135274,128.5760412",https://map.naver.com/p?lng=128.5760412&lat=35.2135274&zoom=18,300125,CWB379001048,35.213527,128.576041
의신중,창원시마산합포구,교방동,2,"https://map.kakao.com/link/map/%EC%9D%98%EC%8B%A0%EC%A4%91,35.210893,128.566601",https://map.naver.com/p?lng=128.566601&lat=35.210893&zoom=18,319503,CWB379001092,35.210893,128.566601
의신중,창원시마산합포구,교방동,2,"https://map.kakao.com/link/map/%EC%9D%98%EC%8B%A0%EC%A4%91,35.2108052,128.5653722",https://map.naver.com/p?lng=128.5653722&lat=35.2108052&zoom=18,319501,CWB379001093,35.210805,128.565372
합포고등학교,창원시마산합포구,교방동,1,"https://map.kakao.com/link/map/%ED%95%A9%ED%8F%AC%EA%B3%A0%EB%93%B1%ED%95%99%EA%B5%90,35.2086579,128.5636701",https://map.naver.com/p?lng=128.5636701&lat=35.2086579&zoom=18,306120,CWB379003379,35.208658,128.56367
합포주유소,창원시마산합포구,교방동,1,"https://map.kakao.com/link/map/%ED%95%A9%ED%8F%AC%EC%A3%BC%EC%9C%A0%EC%86%8C,35.2123434,128.5715602",https://map.naver.com/p?lng=128.5715602&lat=35.2123434&zoom=18,307201,CWB379001072,35.212343,128.57156
회산교,창원시마산합포구,교방동,1,"https://map.kakao.com/link/map/%ED%9A%8C%EC%82%B0%EA%B5%90,35.2159584,128.5705372",https://map.naver.com/p?lng=128.5705372&lat=35.2159584&zoom=18,407223,CWB379001021,35.215958,128.570537
갈밭굼,창원시마산합포구,구산면,2,"https://map.kakao.com/link/map/%EA%B0%88%EB%B0%AD%EA%B5%BC,35.104974,128.5483702",https://map.naver.com/p?lng=128.5483702&lat=35.104974&zoom=18,322164,CWB379005563,35.104974,128.54837
갈밭굼,창원시마산합포구,구산면,2,"https://map.kakao.com/link/map/%EA%B0%88%EB%B0%AD%EA%B5%BC,35.1048735,128.5484753",https://map.naver.com/p?lng=128.5484753&lat=35.1048735&zoom=18,322163,CWB379005564,35.104874,128.548475
골매마을입구,창원시마산합포구,구산면,2,"https://map.kakao.com/link/map/%EA%B3%A8%EB%A7%A4%EB%A7%88%EC%9D%84%EC%9E%85%EA%B5%AC,35.1254442,128.5770311",https://map.naver.com/p?lng=128.5770311&lat=35.1254442&zoom=18,630066,CWB379001688,35.125444,128.577031
골매마을입구,창원시마산합포구,구산면,2,"https://map.kakao.com/link/map/%EA%B3%A8%EB%A7%A4%EB%A7%88%EC%9D%84%EC%9E%85%EA%B5%AC,35.1253837,128.5772458",https://map.naver.com/p?lng=128.5772458&lat=35.1253837&zoom=18,630067,CWB379001689,35.125384,128.577246
구복,창원시마산합포구,구산면,2,"https://map.kakao.com/link/map/%EA%B5%AC%EB%B3%B5,35.0714331,128.5666532",https://map.naver.com/p?lng=128.5666532&lat=35.0714331&zoom=18,322147,CWB379001914,35.071433,128.566653
구복,창원시마산합포구,구산면,2,"https://map.kakao.com/link/map/%EA%B5%AC%EB%B3%B5,35.0712375,128.5666564",https://map.naver.com/p?lng=128.5666564&lat=35.0712375&zoom=18,322148,CWB379001915,35.071238,128.566656
구산농협,창원시마산합포구,구산면,2,"https://map.kakao.com/link/map/%EA%B5%AC%EC%82%B0%EB%86%8D%ED%98%91,35.0866604,128.5848931",https://map.naver.com/p?lng=128.5848931&lat=35.0866604&zoom=18,322137,CWB379001883,35.08666,128.584893
구산농협,창원시마산합포구,구산면,2,"https://map.kakao.com/link/map/%EA%B5%AC%EC%82%B0%EB%86%8D%ED%98%91,35.0865673,128.5847775",https://map.naver.com/p?lng=128.5847775&lat=35.0865673&zoom=18,322138,CWB379001884,35.086567,128.584778
구산면행정복지센터,창원시마산합포구,구산면,2,"https://map.kakao.com/link/map/%EA%B5%AC%EC%82%B0%EB%A9%B4%ED%96%89%EC%A0%95%EB%B3%B5%EC%A7%80%EC%84%BC%ED%84%B0,35.1195666,128.5803154",https://map.naver.com/p?lng=128.5803154&lat=35.1195666&zoom=18,301820,CWB379001710,35.119567,128.580315
구산면행정복지센터,창원시마산합포구,구산면,2,"https://map.kakao.com/link/map/%EA%B5%AC%EC%82%B0%EB%A9%B4%ED%96%89%EC%A0%95%EB%B3%B5%EC%A7%80%EC%84%BC%ED%84%B0,35.1196016,128.5801857",https://map.naver.com/p?lng=128.5801857&lat=35.1196016&zoom=18,301817,CWB379001711,35.119602,128.580186
군령,창원시마산합포구,구산면,2,"https://map.kakao.com/link/map/%EA%B5%B0%EB%A0%B9,35.1179814,128.5453282",https://map.naver.com/p?lng=128.5453282&lat=35.1179814&zoom=18,309201,CWB379001725,35.117981,128.545328
군령,창원시마산합포구,구산면,2,"https://map.kakao.com/link/map/%EA%B5%B0%EB%A0%B9,35.1178073,128.5453375",https://map.naver.com/p?lng=128.5453375&lat=35.1178073&zoom=18,309202,CWB379001726,35.117807,128.545337
군령삼거리,창원시마산합포구,구산면,2,"https://map.kakao.com/link/map/%EA%B5%B0%EB%A0%B9%EC%82%BC%EA%B1%B0%EB%A6%AC,35.1183822,128.5403527",https://map.naver.com/p?lng=128.5403527&lat=35.1183822&zoom=18,322118,CWB379001720,35.118382,128.540353
군령삼거리,창원시마산합포구,구산면,2,"https://map.kakao.com/link/map/%EA%B5%B0%EB%A0%B9%EC%82%BC%EA%B1%B0%EB%A6%AC,35.1183615,128.5407961",https://map.naver.com/p?lng=128.5407961&lat=35.1183615&zoom=18,322117,CWB379001722,35.118362,128.540796
궁개,창원시마산합포구,구산면,2,"https://map.kakao.com/link/map/%EA%B6%81%EA%B0%9C,35.0760909,128.6021612",https://map.naver.com/p?lng=128.6021612&lat=35.0760909&zoom=18,315301,CWB379003171,35.076091,128.602161
궁개,창원시마산합포구,구산면,2,"https://map.kakao.com/link/map/%EA%B6%81%EA%B0%9C,35.0761954,128.6024015",https://map.naver.com/p?lng=128.6024015&lat=35.0761954&zoom=18,315302,CWB379003172,35.076195,128.602402
난포 소골,창원시마산합포구,구산면,2,"https://map.kakao.com/link/map/%EB%82%9C%ED%8F%AC%20%EC%86%8C%EA%B3%A8,35.0830912,128.5953128",https://map.naver.com/p?lng=128.5953128&lat=35.0830912&zoom=18,310506,CWB379005438,35.083091,128.595313
난포 소골,창원시마산합포구,구산면,2,"https://map.kakao.com/link/map/%EB%82%9C%ED%8F%AC%20%EC%86%8C%EA%B3%A8,35.083152,128.5954894",https://map.naver.com/p?lng=128.5954894&lat=35.083152&zoom=18,310505,CWB379005439,35.083152,128.595489
난포리,창원시마산합포구,구산면,2,"https://map.kakao.com/link/map/%EB%82%9C%ED%8F%AC%EB%A6%AC,35.0815518,128.6027838",https://map.naver.com/p?lng=128.6027838&lat=35.0815518&zoom=18,315403,CWB379001893,35.081552,128.602784
난포리,창원시마산합포구,구산면,2,"https://map.kakao.com/link/map/%EB%82%9C%ED%8F%AC%EB%A6%AC,35.0813937,128.6028852",https://map.naver.com/p?lng=128.6028852&lat=35.0813937&zoom=18,315404,CWB379001894,35.081394,128.602885
내포리,창원시마산합포구,구산면,2,"https://map.kakao.com/link/map/%EB%82%B4%ED%8F%AC%EB%A6%AC,35.1005895,128.5854907",https://map.naver.com/p?lng=128.5854907&lat=35.1005895&zoom=18,322159,CWB379005431,35.10059,128.585491
내포리,창원시마산합포구,구산면,2,"https://map.kakao.com/link/map/%EB%82%B4%ED%8F%AC%EB%A6%AC,35.1006919,128.5854132",https://map.naver.com/p?lng=128.5854132&lat=35.1006919&zoom=18,322160,CWB379005432,35.100692,128.585413
내포마을,창원시마산합포구,구산면,2,"https://map.kakao.com/link/map/%EB%82%B4%ED%8F%AC%EB%A7%88%EC%9D%84,35.0968438,128.5830009",https://map.naver.com/p?lng=128.5830009&lat=35.0968438&zoom=18,301803,CWB379001843,35.096844,128.583001
내포마을,창원시마산합포구,구산면,2,"https://map.kakao.com/link/map/%EB%82%B4%ED%8F%AC%EB%A7%88%EC%9D%84,35.0967374,128.5830707",https://map.naver.com/p?lng=128.5830707&lat=35.0967374&zoom=18,301806,CWB379001844,35.096737,128.583071
내포마을회관,창원시마산합포구,구산면,1,"https://map.kakao.com/link/map/%EB%82%B4%ED%8F%AC%EB%A7%88%EC%9D%84%ED%9A%8C%EA%B4%80,35.0983301,128.5794074",https://map.naver.com/p?lng=128.5794074&lat=35.0983301&zoom=18,630251,CWB379003018,35.09833,128.579407
드라마세트장,창원시마산합포구,구산면,2,"https://map.kakao.com/link/map/%EB%93%9C%EB%9D%BC%EB%A7%88%EC%84%B8%ED%8A%B8%EC%9E%A5,35.1109024,128.5442753",https://map.naver.com/p?lng=128.5442753&lat=35.1109024&zoom=18,321926,CWB379003088,35.110902,128.544275
드라마세트장,창원시마산합포구,구산면,2,"https://map.kakao.com/link/map/%EB%93%9C%EB%9D%BC%EB%A7%88%EC%84%B8%ED%8A%B8%EC%9E%A5,35.1108295,128.5441754",https://map.naver.com/p?lng=128.5441754&lat=35.1108295&zoom=18,321927,CWB379003089,35.11083,128.544175
로봇랜드(입구),창원시마산합포구,구산면,1,"https://map.kakao.com/link/map/%EB%A1%9C%EB%B4%87%EB%9E%9C%EB%93%9C%28%EC%9E%85%EA%B5%AC%29,35.0777257,128.5849002",https://map.naver.com/p?lng=128.5849002&lat=35.0777257&zoom=18,315703,CWB379005399,35.077726,128.5849
로봇랜드(출구),창원시마산합포구,구산면,1,"https://map.kakao.com/link/map/%EB%A1%9C%EB%B4%87%EB%9E%9C%EB%93%9C%28%EC%B6%9C%EA%B5%AC%29,35.0756543,128.5882312",https://map.naver.com/p?lng=128.5882312&lat=35.0756543&zoom=18,315704,CWB379005400,35.075654,128.588231
마전,창원시마산합포구,구산면,2,"https://map.kakao.com/link/map/%EB%A7%88%EC%A0%84,35.1230756,128.536777",https://map.naver.com/p?lng=128.536777&lat=35.1230756&zoom=18,321930,CWB379003173,35.123076,128.536777
마전,창원시마산합포구,구산면,2,"https://map.kakao.com/link/map/%EB%A7%88%EC%A0%84,35.123131,128.536877",https://map.naver.com/p?lng=128.536877&lat=35.123131&zoom=18,321931,CWB379003174,35.123131,128.536877
마전입구,창원시마산합포구,구산면,2,"https://map.kakao.com/link/map/%EB%A7%88%EC%A0%84%EC%9E%85%EA%B5%AC,35.1212974,128.5362017",https://map.naver.com/p?lng=128.5362017&lat=35.1212974&zoom=18,322116,CWB379001704,35.121297,128.536202
마전입구,창원시마산합포구,구산면,2,"https://map.kakao.com/link/map/%EB%A7%88%EC%A0%84%EC%9E%85%EA%B5%AC,35.1212039,128.5365957",https://map.naver.com/p?lng=128.5365957&lat=35.1212039&zoom=18,322115,CWB379001705,35.121204,128.536596
망향정입구,창원시마산합포구,구산면,2,"https://map.kakao.com/link/map/%EB%A7%9D%ED%96%A5%EC%A0%95%EC%9E%85%EA%B5%AC,35.0890733,128.5836995",https://map.naver.com/p?lng=128.5836995&lat=35.0890733&zoom=18,322134,CWB379001876,35.089073,128.5837
망향정입구,창원시마산합포구,구산면,2,"https://map.kakao.com/link/map/%EB%A7%9D%ED%96%A5%EC%A0%95%EC%9E%85%EA%B5%AC,35.0890349,128.5835417",https://map.naver.com/p?lng=128.5835417&lat=35.0890349&zoom=18,322133,CWB379001877,35.089035,128.583542
명주,창원시마산합포구,구산면,2,"https://map.kakao.com/link/map/%EB%AA%85%EC%A3%BC,35.1081464,128.5481999",https://map.naver.com/p?lng=128.5481999&lat=35.1081464&zoom=18,322121,CWB379001788,35.108146,128.5482
명주,창원시마산합포구,구산면,2,"https://map.kakao.com/link/map/%EB%AA%85%EC%A3%BC,35.1084044,128.5481089",https://map.naver.com/p?lng=128.5481089&lat=35.1084044&zoom=18,322120,CWB379001789,35.108404,128.548109
명주윗마을,창원시마산합포구,구산면,2,"https://map.kakao.com/link/map/%EB%AA%85%EC%A3%BC%EC%9C%97%EB%A7%88%EC%9D%84,35.1094356,128.5465792",https://map.naver.com/p?lng=128.5465792&lat=35.1094356&zoom=18,322166,CWB379005561,35.109436,128.546579
명주윗마을,창원시마산합포구,구산면,2,"https://map.kakao.com/link/map/%EB%AA%85%EC%A3%BC%EC%9C%97%EB%A7%88%EC%9D%84,35.1096469,128.5464379",https://map.naver.com/p?lng=128.5464379&lat=35.1096469&zoom=18,322165,CWB379005562,35.109647,128.546438
미리마을,창원시마산합포구,구산면,2,"https://map.kakao.com/link/map/%EB%AF%B8%EB%A6%AC%EB%A7%88%EC%9D%84,35.0970258,128.5508001",https://map.naver.com/p?lng=128.5508001&lat=35.0970258&zoom=18,322124,CWB379001845,35.097026,128.5508
미리마을,창원시마산합포구,구산면,2,"https://map.kakao.com/link/map/%EB%AF%B8%EB%A6%AC%EB%A7%88%EC%9D%84,35.0966488,128.5509552",https://map.naver.com/p?lng=128.5509552&lat=35.0966488&zoom=18,322123,CWB379001846,35.096649,128.550955
반동방파제,창원시마산합포구,구산면,2,"https://map.kakao.com/link/map/%EB%B0%98%EB%8F%99%EB%B0%A9%ED%8C%8C%EC%A0%9C,35.0872678,128.5812664",https://map.naver.com/p?lng=128.5812664&lat=35.0872678&zoom=18,321936,CWB379006209,35.087268,128.581266
반동방파제,창원시마산합포구,구산면,2,"https://map.kakao.com/link/map/%EB%B0%98%EB%8F%99%EB%B0%A9%ED%8C%8C%EC%A0%9C,35.087109,128.5813483",https://map.naver.com/p?lng=128.5813483&lat=35.087109&zoom=18,321937,CWB379006210,35.087109,128.581348
반동삼거리,창원시마산합포구,구산면,2,"https://map.kakao.com/link/map/%EB%B0%98%EB%8F%99%EC%82%BC%EA%B1%B0%EB%A6%AC,35.0875395,128.5852798",https://map.naver.com/p?lng=128.5852798&lat=35.0875395&zoom=18,322136,CWB379001880,35.08754,128.58528
반동삼거리,창원시마산합포구,구산면,2,"https://map.kakao.com/link/map/%EB%B0%98%EB%8F%99%EC%82%BC%EA%B1%B0%EB%A6%AC,35.0872756,128.5853381",https://map.naver.com/p?lng=128.5853381&lat=35.0872756&zoom=18,322135,CWB379001881,35.087276,128.585338
백령고개,창원시마산합포구,구산면,2,"https://map.kakao.com/link/map/%EB%B0%B1%EB%A0%B9%EA%B3%A0%EA%B0%9C,35.106072,128.5864742",https://map.naver.com/p?lng=128.5864742&lat=35.106072&zoom=18,322161,CWB379005433,35.106072,128.586474
백령고개,창원시마산합포구,구산면,2,"https://map.kakao.com/link/map/%EB%B0%B1%EB%A0%B9%EA%B3%A0%EA%B0%9C,35.1059475,128.5872011",https://map.naver.com/p?lng=128.5872011&lat=35.1059475&zoom=18,322162,CWB379005434,35.105948,128.587201
범바위,창원시마산합포구,구산면,2,"https://map.kakao.com/link/map/%EB%B2%94%EB%B0%94%EC%9C%84,35.072652,128.6208332",https://map.naver.com/p?lng=128.6208332&lat=35.072652&zoom=18,315411,CWB379001903,35.072652,128.620833
범바위,창원시마산합포구,구산면,2,"https://map.kakao.com/link/map/%EB%B2%94%EB%B0%94%EC%9C%84,35.0726235,128.620945",https://map.naver.com/p?lng=128.620945&lat=35.0726235&zoom=18,315412,CWB379001904,35.072624,128.620945
별장입구,창원시마산합포구,구산면,2,"https://map.kakao.com/link/map/%EB%B3%84%EC%9E%A5%EC%9E%85%EA%B5%AC,35.0695894,128.6109882",https://map.naver.com/p?lng=128.6109882&lat=35.0695894&zoom=18,315407,CWB379001929,35.069589,128.610988
별장입구,창원시마산합포구,구산면,2,"https://map.kakao.com/link/map/%EB%B3%84%EC%9E%A5%EC%9E%85%EA%B5%AC,35.0694821,128.6109714",https://map.naver.com/p?lng=128.6109714&lat=35.0694821&zoom=18,315408,CWB379001930,35.069482,128.610971
붉은등대,창원시마산합포구,구산면,2,"https://map.kakao.com/link/map/%EB%B6%89%EC%9D%80%EB%93%B1%EB%8C%80,35.0824784,128.5699702",https://map.naver.com/p?lng=128.5699702&lat=35.0824784&zoom=18,322141,CWB379001891,35.082478,128.56997
붉은등대,창원시마산합포구,구산면,2,"https://map.kakao.com/link/map/%EB%B6%89%EC%9D%80%EB%93%B1%EB%8C%80,35.082368,128.5700245",https://map.naver.com/p?lng=128.5700245&lat=35.082368&zoom=18,322142,CWB379001892,35.082368,128.570024
상마전종점,창원시마산합포구,구산면,2,"https://map.kakao.com/link/map/%EC%83%81%EB%A7%88%EC%A0%84%EC%A2%85%EC%A0%90,35.1298278,128.5320083",https://map.naver.com/p?lng=128.5320083&lat=35.1298278&zoom=18,321934,CWB379003177,35.129828,128.532008
상마전종점,창원시마산합포구,구산면,2,"https://map.kakao.com/link/map/%EC%83%81%EB%A7%88%EC%A0%84%EC%A2%85%EC%A0%90,35.1298556,128.5318642",https://map.naver.com/p?lng=128.5318642&lat=35.1298556&zoom=18,321935,CWB379003178,35.129856,128.531864
상심리,창원시마산합포구,구산면,2,"https://map.kakao.com/link/map/%EC%83%81%EC%8B%AC%EB%A6%AC,35.0694221,128.6051847",https://map.naver.com/p?lng=128.6051847&lat=35.0694221&zoom=18,313406,CWB379001931,35.069422,128.605185
상심리,창원시마산합포구,구산면,2,"https://map.kakao.com/link/map/%EC%83%81%EC%8B%AC%EB%A6%AC,35.0695065,128.6050825",https://map.naver.com/p?lng=128.6050825&lat=35.0695065&zoom=18,313405,CWB379001932,35.069506,128.605083
석곡마을,창원시마산합포구,구산면,2,"https://map.kakao.com/link/map/%EC%84%9D%EA%B3%A1%EB%A7%88%EC%9D%84,35.11432,128.5632214",https://map.naver.com/p?lng=128.5632214&lat=35.11432&zoom=18,309203,CWB379001753,35.11432,128.563221
석곡마을,창원시마산합포구,구산면,2,"https://map.kakao.com/link/map/%EC%84%9D%EA%B3%A1%EB%A7%88%EC%9D%84,35.1142579,128.5633505",https://map.naver.com/p?lng=128.5633505&lat=35.1142579&zoom=18,309204,CWB379001754,35.114258,128.563351
선착장,창원시마산합포구,구산면,2,"https://map.kakao.com/link/map/%EC%84%A0%EC%B0%A9%EC%9E%A5,35.0698651,128.6351254",https://map.naver.com/p?lng=128.6351254&lat=35.0698651&zoom=18,315418,CWB379001919,35.069865,128.635125
선착장,창원시마산합포구,구산면,2,"https://map.kakao.com/link/map/%EC%84%A0%EC%B0%A9%EC%9E%A5,35.0699089,128.6352695",https://map.naver.com/p?lng=128.6352695&lat=35.0699089&zoom=18,315417,CWB379001920,35.069909,128.63527
설진,창원시마산합포구,구산면,2,"https://map.kakao.com/link/map/%EC%84%A4%EC%A7%84,35.0686307,128.6341406",https://map.naver.com/p?lng=128.6341406&lat=35.0686307&zoom=18,315419,CWB379001933,35.068631,128.634141
설진,창원시마산합포구,구산면,2,"https://map.kakao.com/link/map/%EC%84%A4%EC%A7%84,35.0684805,128.6339989",https://map.naver.com/p?lng=128.6339989&lat=35.0684805&zoom=18,315420,CWB379001934,35.06848,128.633999
수밭골,창원시마산합포구,구산면,2,"https://map.kakao.com/link/map/%EC%88%98%EB%B0%AD%EA%B3%A8,35.0866889,128.5756175",https://map.naver.com/p?lng=128.5756175&lat=35.0866889&zoom=18,321928,CWB379003167,35.086689,128.575618
수밭골,창원시마산합포구,구산면,2,"https://map.kakao.com/link/map/%EC%88%98%EB%B0%AD%EA%B3%A8,35.0865691,128.5760049",https://map.naver.com/p?lng=128.5760049&lat=35.0865691&zoom=18,321929,CWB379003168,35.086569,128.576005
수정,창원시마산합포구,구산면,2,"https://map.kakao.com/link/map/%EC%88%98%EC%A0%95,35.1214096,128.5797677",https://map.naver.com/p?lng=128.5797677&lat=35.1214096&zoom=18,301822,CWB379001702,35.12141,128.579768
수정,창원시마산합포구,구산면,2,"https://map.kakao.com/link/map/%EC%88%98%EC%A0%95,35.1212179,128.5797048",https://map.naver.com/p?lng=128.5797048&lat=35.1212179&zoom=18,301819,CWB379001703,35.121218,128.579705
수정관광농원,창원시마산합포구,구산면,2,"https://map.kakao.com/link/map/%EC%88%98%EC%A0%95%EA%B4%80%EA%B4%91%EB%86%8D%EC%9B%90,35.1126727,128.5714495",https://map.naver.com/p?lng=128.5714495&lat=35.1126727&zoom=18,309205,CWB379001768,35.112673,128.57145
수정관광농원,창원시마산합포구,구산면,2,"https://map.kakao.com/link/map/%EC%88%98%EC%A0%95%EA%B4%80%EA%B4%91%EB%86%8D%EC%9B%90,35.1125618,128.5715356",https://map.naver.com/p?lng=128.5715356&lat=35.1125618&zoom=18,309206,CWB379001771,35.112562,128.571536
수정삼거리,창원시마산합포구,구산면,2,"https://map.kakao.com/link/map/%EC%88%98%EC%A0%95%EC%82%BC%EA%B1%B0%EB%A6%AC,35.1165509,128.5803466",https://map.naver.com/p?lng=128.5803466&lat=35.1165509&zoom=18,301818,CWB379001733,35.116551,128.580347
수정삼거리,창원시마산합포구,구산면,2,"https://map.kakao.com/link/map/%EC%88%98%EC%A0%95%EC%82%BC%EA%B1%B0%EB%A6%AC,35.1162891,128.5803515",https://map.naver.com/p?lng=128.5803515&lat=35.1162891&zoom=18,301815,CWB379001737,35.116289,128.580352
수정시내버스환승센터,창원시마산합포구,구산면,2,"https://map.kakao.com/link/map/%EC%88%98%EC%A0%95%EC%8B%9C%EB%82%B4%EB%B2%84%EC%8A%A4%ED%99%98%EC%8A%B9%EC%84%BC%ED%84%B0,35.1155424,128.5781003",https://map.naver.com/p?lng=128.5781003&lat=35.1155424&zoom=18,309207,CWB379001740,35.115542,128.5781
수정시내버스환승센터,창원시마산합포구,구산면,2,"https://map.kakao.com/link/map/%EC%88%98%EC%A0%95%EC%8B%9C%EB%82%B4%EB%B2%84%EC%8A%A4%ED%99%98%EC%8A%B9%EC%84%BC%ED%84%B0,35.1154837,128.5778135",https://map.naver.com/p?lng=128.5778135&lat=35.1154837&zoom=18,309212,CWB379005905,35.115484,128.577813
수정종점,창원시마산합포구,구산면,2,"https://map.kakao.com/link/map/%EC%88%98%EC%A0%95%EC%A2%85%EC%A0%90,35.1165086,128.579388",https://map.naver.com/p?lng=128.579388&lat=35.1165086&zoom=18,309208,CWB379001732,35.116509,128.579388
수정종점,창원시마산합포구,구산면,2,"https://map.kakao.com/link/map/%EC%88%98%EC%A0%95%EC%A2%85%EC%A0%90,35.1170312,128.5799164",https://map.naver.com/p?lng=128.5799164&lat=35.1170312&zoom=18,309211,CWB379005509,35.117031,128.579916
신촌마을,창원시마산합포구,구산면,2,"https://map.kakao.com/link/map/%EC%8B%A0%EC%B4%8C%EB%A7%88%EC%9D%84,35.0955855,128.5832223",https://map.naver.com/p?lng=128.5832223&lat=35.0955855&zoom=18,301804,CWB379001854,35.095586,128.583222
신촌마을,창원시마산합포구,구산면,2,"https://map.kakao.com/link/map/%EC%8B%A0%EC%B4%8C%EB%A7%88%EC%9D%84,35.0955012,128.5831201",https://map.naver.com/p?lng=128.5831201&lat=35.0955012&zoom=18,104656,CWB379003164,35.095501,128.58312
심리,창원시마산합포구,구산면,4,"https://map.kakao.com/link/map/%EC%8B%AC%EB%A6%AC,35.0707134,128.6055408",https://map.naver.com/p?lng=128.6055408&lat=35.0707134&zoom=18,315405,CWB379001916,35.070713,128.605541
심리,창원시마산합포구,구산면,4,"https://map.kakao.com/link/map/%EC%8B%AC%EB%A6%AC,35.0707461,128.6056797",https://map.naver.com/p?lng=128.6056797&lat=35.0707461&zoom=18,315406,CWB379001917,35.070746,128.60568
심리,창원시마산합포구,구산면,4,"https://map.kakao.com/link/map/%EC%8B%AC%EB%A6%AC,35.0701823,128.6085039",https://map.naver.com/p?lng=128.6085039&lat=35.0701823&zoom=18,315426,CWB379005453,35.070182,128.608504
심리,창원시마산합포구,구산면,4,"https://map.kakao.com/link/map/%EC%8B%AC%EB%A6%AC,35.0700926,128.6084693",https://map.naver.com/p?lng=128.6084693&lat=35.0700926&zoom=18,315425,CWB379005454,35.070093,128.608469
아랫용호,창원시마산합포구,구산면,2,"https://map.kakao.com/link/map/%EC%95%84%EB%9E%AB%EC%9A%A9%ED%98%B8,35.062716,128.5951574",https://map.naver.com/p?lng=128.5951574&lat=35.062716&zoom=18,313403,CWB379001939,35.062716,128.595157
아랫용호,창원시마산합포구,구산면,2,"https://map.kakao.com/link/map/%EC%95%84%EB%9E%AB%EC%9A%A9%ED%98%B8,35.062636,128.5950024",https://map.naver.com/p?lng=128.5950024&lat=35.062636&zoom=18,313404,CWB379001940,35.062636,128.595002
안골,창원시마산합포구,구산면,2,"https://map.kakao.com/link/map/%EC%95%88%EA%B3%A8,35.0829402,128.5985926",https://map.naver.com/p?lng=128.5985926&lat=35.0829402&zoom=18,315423,CWB379003169,35.08294,128.598593
안골,창원시마산합포구,구산면,2,"https://map.kakao.com/link/map/%EC%95%88%EA%B3%A8,35.0828511,128.5985232",https://map.naver.com/p?lng=128.5985232&lat=35.0828511&zoom=18,315424,CWB379003170,35.082851,128.598523
양평,창원시마산합포구,구산면,2,"https://map.kakao.com/link/map/%EC%96%91%ED%8F%89,35.0845873,128.5916917",https://map.naver.com/p?lng=128.5916917&lat=35.0845873&zoom=18,315401,CWB379001887,35.084587,128.591692
양평,창원시마산합포구,구산면,2,"https://map.kakao.com/link/map/%EC%96%91%ED%8F%89,35.0845274,128.5915552",https://map.naver.com/p?lng=128.5915552&lat=35.0845274&zoom=18,315402,CWB379001888,35.084527,128.591555
연까치,창원시마산합포구,구산면,2,"https://map.kakao.com/link/map/%EC%97%B0%EA%B9%8C%EC%B9%98,35.0753435,128.5645901",https://map.naver.com/p?lng=128.5645901&lat=35.0753435&zoom=18,322145,CWB379001899,35.075344,128.56459
연까치,창원시마산합포구,구산면,2,"https://map.kakao.com/link/map/%EC%97%B0%EA%B9%8C%EC%B9%98,35.075151,128.5648854",https://map.naver.com/p?lng=128.5648854&lat=35.075151&zoom=18,322146,CWB379001900,35.075151,128.564885
옥계리,창원시마산합포구,구산면,2,"https://map.kakao.com/link/map/%EC%98%A5%EA%B3%84%EB%A6%AC,35.0973677,128.607908",https://map.naver.com/p?lng=128.607908&lat=35.0973677&zoom=18,312001,CWB379003220,35.097368,128.607908
옥계리,창원시마산합포구,구산면,2,"https://map.kakao.com/link/map/%EC%98%A5%EA%B3%84%EB%A6%AC,35.0975769,128.6074677",https://map.naver.com/p?lng=128.6074677&lat=35.0975769&zoom=18,312002,CWB379003221,35.097577,128.607468
옥계입구,창원시마산합포구,구산면,2,"https://map.kakao.com/link/map/%EC%98%A5%EA%B3%84%EC%9E%85%EA%B5%AC,35.1012726,128.5907562",https://map.naver.com/p?lng=128.5907562&lat=35.1012726&zoom=18,301810,CWB379001819,35.101273,128.590756
옥계입구,창원시마산합포구,구산면,2,"https://map.kakao.com/link/map/%EC%98%A5%EA%B3%84%EC%9E%85%EA%B5%AC,35.1013398,128.5906485",https://map.naver.com/p?lng=128.5906485&lat=35.1013398&zoom=18,301807,CWB379001822,35.10134,128.590648
옥계종점,창원시마산합포구,구산면,2,"https://map.kakao.com/link/map/%EC%98%A5%EA%B3%84%EC%A2%85%EC%A0%90,35.0932177,128.6115721",https://map.naver.com/p?lng=128.6115721&lat=35.0932177&zoom=18,312101,CWB379001863,35.093218,128.611572
옥계종점,창원시마산합포구,구산면,2,"https://map.kakao.com/link/map/%EC%98%A5%EA%B3%84%EC%A2%85%EC%A0%90,35.0929941,128.6116323",https://map.naver.com/p?lng=128.6116323&lat=35.0929941&zoom=18,312102,CWB379001864,35.092994,128.611632
옥계폐기물처리장입구,창원시마산합포구,구산면,2,"https://map.kakao.com/link/map/%EC%98%A5%EA%B3%84%ED%8F%90%EA%B8%B0%EB%AC%BC%EC%B2%98%EB%A6%AC%EC%9E%A5%EC%9E%85%EA%B5%AC,35.1005885,128.6026941",https://map.naver.com/p?lng=128.6026941&lat=35.1005885&zoom=18,312003,CWB379005795,35.100588,128.602694
옥계폐기물처리장입구,창원시마산합포구,구산면,2,"https://map.kakao.com/link/map/%EC%98%A5%EA%B3%84%ED%8F%90%EA%B8%B0%EB%AC%BC%EC%B2%98%EB%A6%AC%EC%9E%A5%EC%9E%85%EA%B5%AC,35.1005008,128.6026814",https://map.naver.com/p?lng=128.6026814&lat=35.1005008&zoom=18,312004,CWB379005796,35.100501,128.602681
옥녀봉입구,창원시마산합포구,구산면,2,"https://map.kakao.com/link/map/%EC%98%A5%EB%85%80%EB%B4%89%EC%9E%85%EA%B5%AC,35.0777129,128.5662897",https://map.naver.com/p?lng=128.5662897&lat=35.0777129&zoom=18,322713,CWB379006155,35.077713,128.56629
옥녀봉입구,창원시마산합포구,구산면,2,"https://map.kakao.com/link/map/%EC%98%A5%EB%85%80%EB%B4%89%EC%9E%85%EA%B5%AC,35.0777082,128.566476",https://map.naver.com/p?lng=128.566476&lat=35.0777082&zoom=18,322174,CWB379006156,35.077708,128.566476
욱곡,창원시마산합포구,구산면,4,"https://map.kakao.com/link/map/%EC%9A%B1%EA%B3%A1,35.0913033,128.5756654",https://map.naver.com/p?lng=128.5756654&lat=35.0913033&zoom=18,322132,CWB379001874,35.091303,128.575665
욱곡,창원시마산합포구,구산면,4,"https://map.kakao.com/link/map/%EC%9A%B1%EA%B3%A1,35.0911829,128.5756303",https://map.naver.com/p?lng=128.5756303&lat=35.0911829&zoom=18,322131,CWB379001875,35.091183,128.57563
욱곡,창원시마산합포구,구산면,4,"https://map.kakao.com/link/map/%EC%9A%B1%EA%B3%A1,35.0935915,128.5688495",https://map.naver.com/p?lng=128.5688495&lat=35.0935915&zoom=18,322157,CWB379005429,35.093592,128.56885
욱곡,창원시마산합포구,구산면,4,"https://map.kakao.com/link/map/%EC%9A%B1%EA%B3%A1,35.0934976,128.5687874",https://map.naver.com/p?lng=128.5687874&lat=35.0934976&zoom=18,322158,CWB379005430,35.093498,128.568787
욱곡마을,창원시마산합포구,구산면,2,"https://map.kakao.com/link/map/%EC%9A%B1%EA%B3%A1%EB%A7%88%EC%9D%84,35.0927301,128.5712586",https://map.naver.com/p?lng=128.5712586&lat=35.0927301&zoom=18,322130,CWB379001867,35.09273,128.571259
욱곡마을,창원시마산합포구,구산면,2,"https://map.kakao.com/link/map/%EC%9A%B1%EA%B3%A1%EB%A7%88%EC%9D%84,35.0926287,128.5711612",https://map.naver.com/p?lng=128.5711612&lat=35.0926287&zoom=18,322129,CWB379001869,35.092629,128.571161
욱곡마을회관앞,창원시마산합포구,구산면,2,"https://map.kakao.com/link/map/%EC%9A%B1%EA%B3%A1%EB%A7%88%EC%9D%84%ED%9A%8C%EA%B4%80%EC%95%9E,35.0957572,128.5569975",https://map.naver.com/p?lng=128.5569975&lat=35.0957572&zoom=18,322126,CWB379001856,35.095757,128.556998
욱곡마을회관앞,창원시마산합포구,구산면,2,"https://map.kakao.com/link/map/%EC%9A%B1%EA%B3%A1%EB%A7%88%EC%9D%84%ED%9A%8C%EA%B4%80%EC%95%9E,35.0956543,128.5569553",https://map.naver.com/p?lng=128.5569553&lat=35.0956543&zoom=18,322151,CWB379003285,35.095654,128.556955
욱곡아랫마을,창원시마산합포구,구산면,2,"https://map.kakao.com/link/map/%EC%9A%B1%EA%B3%A1%EC%95%84%EB%9E%AB%EB%A7%88%EC%9D%84,35.0958546,128.55461",https://map.naver.com/p?lng=128.55461&lat=35.0958546&zoom=18,322170,CWB379005565,35.095855,128.55461
욱곡아랫마을,창원시마산합포구,구산면,2,"https://map.kakao.com/link/map/%EC%9A%B1%EA%B3%A1%EC%95%84%EB%9E%AB%EB%A7%88%EC%9D%84,35.0959774,128.5545191",https://map.naver.com/p?lng=128.5545191&lat=35.0959774&zoom=18,322169,CWB379005566,35.095977,128.554519
욱곡용궁횟집,창원시마산합포구,구산면,2,"https://map.kakao.com/link/map/%EC%9A%B1%EA%B3%A1%EC%9A%A9%EA%B6%81%ED%9A%9F%EC%A7%91,35.0937069,128.5666733",https://map.naver.com/p?lng=128.5666733&lat=35.0937069&zoom=18,322128,CWB379001861,35.093707,128.566673
욱곡용궁횟집,창원시마산합포구,구산면,2,"https://map.kakao.com/link/map/%EC%9A%B1%EA%B3%A1%EC%9A%A9%EA%B6%81%ED%9A%9F%EC%A7%91,35.0935851,128.5666603",https://map.naver.com/p?lng=128.5666603&lat=35.0935851&zoom=18,322127,CWB379001862,35.093585,128.56666
욱곡입구,창원시마산합포구,구산면,2,"https://map.kakao.com/link/map/%EC%9A%B1%EA%B3%A1%EC%9E%85%EA%B5%AC,35.0914386,128.583426",https://map.naver.com/p?lng=128.583426&lat=35.0914386&zoom=18,301801,CWB379001871,35.091439,128.583426
욱곡입구,창원시마산합포구,구산면,2,"https://map.kakao.com/link/map/%EC%9A%B1%EA%B3%A1%EC%9E%85%EA%B5%AC,35.0914528,128.5835896",https://map.naver.com/p?lng=128.5835896&lat=35.0914528&zoom=18,301802,CWB379001872,35.091453,128.58359
원전종점,창원시마산합포구,구산면,2,"https://map.kakao.com/link/map/%EC%9B%90%EC%A0%84%EC%A2%85%EC%A0%90,35.0683385,128.6300678",https://map.naver.com/p?lng=128.6300678&lat=35.0683385&zoom=18,315421,CWB379001935,35.068338,128.630068
원전종점,창원시마산합포구,구산면,2,"https://map.kakao.com/link/map/%EC%9B%90%EC%A0%84%EC%A2%85%EC%A0%90,35.0682427,128.630239",https://map.naver.com/p?lng=128.630239&lat=35.0682427&zoom=18,315422,CWB379001936,35.068243,128.630239
윗석곡,창원시마산합포구,구산면,2,"https://map.kakao.com/link/map/%EC%9C%97%EC%84%9D%EA%B3%A1,35.113207,128.5573361",https://map.naver.com/p?lng=128.5573361&lat=35.113207&zoom=18,309209,CWB379005489,35.113207,128.557336
윗석곡,창원시마산합포구,구산면,2,"https://map.kakao.com/link/map/%EC%9C%97%EC%84%9D%EA%B3%A1,35.1131217,128.5574908",https://map.naver.com/p?lng=128.5574908&lat=35.1131217&zoom=18,309210,CWB379005490,35.113122,128.557491
윗용호,창원시마산합포구,구산면,2,"https://map.kakao.com/link/map/%EC%9C%97%EC%9A%A9%ED%98%B8,35.0716076,128.5980543",https://map.naver.com/p?lng=128.5980543&lat=35.0716076&zoom=18,313401,CWB379001910,35.071608,128.598054
윗용호,창원시마산합포구,구산면,2,"https://map.kakao.com/link/map/%EC%9C%97%EC%9A%A9%ED%98%B8,35.0715868,128.598191",https://map.naver.com/p?lng=128.598191&lat=35.0715868&zoom=18,313402,CWB379001911,35.071587,128.598191
유산,창원시마산합포구,구산면,2,"https://map.kakao.com/link/map/%EC%9C%A0%EC%82%B0,35.1299061,128.5727766",https://map.naver.com/p?lng=128.5727766&lat=35.1299061&zoom=18,314807,CWB379005440,35.129906,128.572777
유산,창원시마산합포구,구산면,2,"https://map.kakao.com/link/map/%EC%9C%A0%EC%82%B0,35.1303471,128.5728235",https://map.naver.com/p?lng=128.5728235&lat=35.1303471&zoom=18,314808,CWB379005441,35.130347,128.572824
유산마을,창원시마산합포구,구산면,2,"https://map.kakao.com/link/map/%EC%9C%A0%EC%82%B0%EB%A7%88%EC%9D%84,35.1301144,128.5572882",https://map.naver.com/p?lng=128.5572882&lat=35.1301144&zoom=18,314801,CWB379001672,35.130114,128.557288
유산마을,창원시마산합포구,구산면,2,"https://map.kakao.com/link/map/%EC%9C%A0%EC%82%B0%EB%A7%88%EC%9D%84,35.1300638,128.5575995",https://map.naver.com/p?lng=128.5575995&lat=35.1300638&zoom=18,314802,CWB379001673,35.130064,128.5576
유산삼거리,창원시마산합포구,구산면,2,"https://map.kakao.com/link/map/%EC%9C%A0%EC%82%B0%EC%82%BC%EA%B1%B0%EB%A6%AC,35.1327064,128.5661952",https://map.naver.com/p?lng=128.5661952&lat=35.1327064&zoom=18,314805,CWB379001665,35.132706,128.566195
유산삼거리,창원시마산합포구,구산면,2,"https://map.kakao.com/link/map/%EC%9C%A0%EC%82%B0%EC%82%BC%EA%B1%B0%EB%A6%AC,35.1326428,128.5664004",https://map.naver.com/p?lng=128.5664004&lat=35.1326428&zoom=18,314806,CWB379001667,35.132643,128.5664
유천마을,창원시마산합포구,구산면,2,"https://map.kakao.com/link/map/%EC%9C%A0%EC%B2%9C%EB%A7%88%EC%9D%84,35.1318077,128.563583",https://map.naver.com/p?lng=128.563583&lat=35.1318077&zoom=18,314803,CWB379001668,35.131808,128.563583
유천마을,창원시마산합포구,구산면,2,"https://map.kakao.com/link/map/%EC%9C%A0%EC%B2%9C%EB%A7%88%EC%9D%84,35.1316624,128.563937",https://map.naver.com/p?lng=128.563937&lat=35.1316624&zoom=18,314804,CWB379001669,35.131662,128.563937
작은골,창원시마산합포구,구산면,2,"https://map.kakao.com/link/map/%EC%9E%91%EC%9D%80%EA%B3%A8,35.1151053,128.5433355",https://map.naver.com/p?lng=128.5433355&lat=35.1151053&zoom=18,322168,CWB379005559,35.115105,128.543336
작은골,창원시마산합포구,구산면,2,"https://map.kakao.com/link/map/%EC%9E%91%EC%9D%80%EA%B3%A8,35.1151668,128.5434546",https://map.naver.com/p?lng=128.5434546&lat=35.1151668&zoom=18,322167,CWB379005560,35.115167,128.543455
장구리,창원시마산합포구,구산면,2,"https://map.kakao.com/link/map/%EC%9E%A5%EA%B5%AC%EB%A6%AC,35.0806229,128.5661464",https://map.naver.com/p?lng=128.5661464&lat=35.0806229&zoom=18,322143,CWB379001895,35.080623,128.566146
장구리,창원시마산합포구,구산면,2,"https://map.kakao.com/link/map/%EC%9E%A5%EA%B5%AC%EB%A6%AC,35.0805583,128.5662643",https://map.naver.com/p?lng=128.5662643&lat=35.0805583&zoom=18,322144,CWB379001896,35.080558,128.566264
장문안마을,창원시마산합포구,구산면,2,"https://map.kakao.com/link/map/%EC%9E%A5%EB%AC%B8%EC%95%88%EB%A7%88%EC%9D%84,35.1148487,128.5849748",https://map.naver.com/p?lng=128.5849748&lat=35.1148487&zoom=18,301814,CWB379001745,35.114849,128.584975
장문안마을,창원시마산합포구,구산면,2,"https://map.kakao.com/link/map/%EC%9E%A5%EB%AC%B8%EC%95%88%EB%A7%88%EC%9D%84,35.1147299,128.5849301",https://map.naver.com/p?lng=128.5849301&lat=35.1147299&zoom=18,301811,CWB379001746,35.11473,128.58493
장문안마을뒤,창원시마산합포구,구산면,2,"https://map.kakao.com/link/map/%EC%9E%A5%EB%AC%B8%EC%95%88%EB%A7%88%EC%9D%84%EB%92%A4,35.112112,128.5885855",https://map.naver.com/p?lng=128.5885855&lat=35.112112&zoom=18,301812,CWB379001772,35.112112,128.588586
장문안마을뒤,창원시마산합포구,구산면,2,"https://map.kakao.com/link/map/%EC%9E%A5%EB%AC%B8%EC%95%88%EB%A7%88%EC%9D%84%EB%92%A4,35.1122734,128.5883055",https://map.naver.com/p?lng=128.5883055&lat=35.1122734&zoom=18,301809,CWB379001774,35.112273,128.588305
장수암입구,창원시마산합포구,구산면,2,"https://map.kakao.com/link/map/%EC%9E%A5%EC%88%98%EC%95%94%EC%9E%85%EA%B5%AC,35.073755,128.6262943",https://map.naver.com/p?lng=128.6262943&lat=35.073755&zoom=18,315413,CWB379001901,35.073755,128.626294
장수암입구,창원시마산합포구,구산면,2,"https://map.kakao.com/link/map/%EC%9E%A5%EC%88%98%EC%95%94%EC%9E%85%EA%B5%AC,35.073662,128.626204",https://map.naver.com/p?lng=128.626204&lat=35.073662&zoom=18,315414,CWB379001902,35.073662,128.626204
저도비치로드,창원시마산합포구,구산면,2,"https://map.kakao.com/link/map/%EC%A0%80%EB%8F%84%EB%B9%84%EC%B9%98%EB%A1%9C%EB%93%9C,35.0590019,128.5619946",https://map.naver.com/p?lng=128.5619946&lat=35.0590019&zoom=18,322156,CWB379005397,35.059002,128.561995
저도비치로드,창원시마산합포구,구산면,2,"https://map.kakao.com/link/map/%EC%A0%80%EB%8F%84%EB%B9%84%EC%B9%98%EB%A1%9C%EB%93%9C,35.0590375,128.5620254",https://map.naver.com/p?lng=128.5620254&lat=35.0590375&zoom=18,322171,CWB379005803,35.059038,128.562025
저도연육교.스카이워크,창원시마산합포구,구산면,2,"https://map.kakao.com/link/map/%EC%A0%80%EB%8F%84%EC%97%B0%EC%9C%A1%EA%B5%90.%EC%8A%A4%EC%B9%B4%EC%9D%B4%EC%9B%8C%ED%81%AC,35.0656644,128.5615196",https://map.naver.com/p?lng=128.5615196&lat=35.0656644&zoom=18,322149,CWB379001937,35.065664,128.56152
저도연육교.스카이워크,창원시마산합포구,구산면,2,"https://map.kakao.com/link/map/%EC%A0%80%EB%8F%84%EC%97%B0%EC%9C%A1%EA%B5%90.%EC%8A%A4%EC%B9%B4%EC%9D%B4%EC%9B%8C%ED%81%AC,35.0656393,128.5616394",https://map.naver.com/p?lng=128.5616394&lat=35.0656393&zoom=18,322150,CWB379001938,35.065639,128.561639
제비골,창원시마산합포구,구산면,2,"https://map.kakao.com/link/map/%EC%A0%9C%EB%B9%84%EA%B3%A8,35.1131526,128.5678507",https://map.naver.com/p?lng=128.5678507&lat=35.1131526&zoom=18,309213,CWB379006211,35.113153,128.567851
제비골,창원시마산합포구,구산면,2,"https://map.kakao.com/link/map/%EC%A0%9C%EB%B9%84%EA%B3%A8,35.1130632,128.5677887",https://map.naver.com/p?lng=128.5677887&lat=35.1130632&zoom=18,309214,CWB379006212,35.113063,128.567789
조밭골,창원시마산합포구,구산면,2,"https://map.kakao.com/link/map/%EC%A1%B0%EB%B0%AD%EA%B3%A8,35.061975,128.5617196",https://map.naver.com/p?lng=128.5617196&lat=35.061975&zoom=18,322154,CWB379005395,35.061975,128.56172
조밭골,창원시마산합포구,구산면,2,"https://map.kakao.com/link/map/%EC%A1%B0%EB%B0%AD%EA%B3%A8,35.0620696,128.5617269",https://map.naver.com/p?lng=128.5617269&lat=35.0620696&zoom=18,322155,CWB379005396,35.06207,128.561727
청등골,창원시마산합포구,구산면,4,"https://map.kakao.com/link/map/%EC%B2%AD%EB%93%B1%EA%B3%A8,35.0716339,128.6298229",https://map.naver.com/p?lng=128.6298229&lat=35.0716339&zoom=18,315415,CWB379001908,35.071634,128.629823
청등골,창원시마산합포구,구산면,4,"https://map.kakao.com/link/map/%EC%B2%AD%EB%93%B1%EA%B3%A8,35.0715357,128.6297633",https://map.naver.com/p?lng=128.6297633&lat=35.0715357&zoom=18,315416,CWB379001909,35.071536,128.629763
청등골,창원시마산합포구,구산면,4,"https://map.kakao.com/link/map/%EC%B2%AD%EB%93%B1%EA%B3%A8,35.0697555,128.6154867",https://map.naver.com/p?lng=128.6154867&lat=35.0697555&zoom=18,315409,CWB379001927,35.069756,128.615487
청등골,창원시마산합포구,구산면,4,"https://map.kakao.com/link/map/%EC%B2%AD%EB%93%B1%EA%B3%A8,35.0696698,128.6155672",https://map.naver.com/p?lng=128.6155672&lat=35.0696698&zoom=18,315410,CWB379001928,35.06967,128.615567
춘추원,창원시마산합포구,구산면,2,"https://map.kakao.com/link/map/%EC%B6%98%EC%B6%94%EC%9B%90,35.0838597,128.571111",https://map.naver.com/p?lng=128.571111&lat=35.0838597&zoom=18,322139,CWB379001889,35.08386,128.571111
춘추원,창원시마산합포구,구산면,2,"https://map.kakao.com/link/map/%EC%B6%98%EC%B6%94%EC%9B%90,35.0837501,128.5715288",https://map.naver.com/p?lng=128.5715288&lat=35.0837501&zoom=18,322140,CWB379001890,35.08375,128.571529
하마전마을,창원시마산합포구,구산면,2,"https://map.kakao.com/link/map/%ED%95%98%EB%A7%88%EC%A0%84%EB%A7%88%EC%9D%84,35.1243369,128.5354259",https://map.naver.com/p?lng=128.5354259&lat=35.1243369&zoom=18,321932,CWB379003175,35.124337,128.535426
하마전마을,창원시마산합포구,구산면,2,"https://map.kakao.com/link/map/%ED%95%98%EB%A7%88%EC%A0%84%EB%A7%88%EC%9D%84,35.1239831,128.535547",https://map.naver.com/p?lng=128.535547&lat=35.1239831&zoom=18,321933,CWB379003176,35.123983,128.535547
경남대,창원시마산합포구,문화동,1,"https://map.kakao.com/link/map/%EA%B2%BD%EB%82%A8%EB%8C%80,35.1812621,128.5578952",https://map.naver.com/p?lng=128.5578952&lat=35.1812621&zoom=18,301122,CWB379005952,35.181262,128.557895
경남대학교,창원시마산합포구,문화동,2,"https://map.kakao.com/link/map/%EA%B2%BD%EB%82%A8%EB%8C%80%ED%95%99%EA%B5%90,35.1824239,128.5593582",https://map.naver.com/p?lng=128.5593582&lat=35.1824239&zoom=18,300104,CWB379001397,35.182424,128.559358
경남대학교,창원시마산합포구,문화동,2,"https://map.kakao.com/link/map/%EA%B2%BD%EB%82%A8%EB%8C%80%ED%95%99%EA%B5%90,35.1808576,128.5586889",https://map.naver.com/p?lng=128.5586889&lat=35.1808576&zoom=18,300102,CWB379001402,35.180858,128.558689
대내주공아파트,창원시마산합포구,문화동,1,"https://map.kakao.com/link/map/%EB%8C%80%EB%82%B4%EC%A3%BC%EA%B3%B5%EC%95%84%ED%8C%8C%ED%8A%B8,35.1812538,128.55854",https://map.naver.com/p?lng=128.55854&lat=35.1812538&zoom=18,300103,CWB379001396,35.181254,128.55854
동성월영마을아파트,창원시마산합포구,문화동,2,"https://map.kakao.com/link/map/%EB%8F%99%EC%84%B1%EC%9B%94%EC%98%81%EB%A7%88%EC%9D%84%EC%95%84%ED%8C%8C%ED%8A%B8,35.1902624,128.5561202",https://map.naver.com/p?lng=128.5561202&lat=35.1902624&zoom=18,306119,CWB379001348,35.190262,128.55612
동성월영마을아파트,창원시마산합포구,문화동,2,"https://map.kakao.com/link/map/%EB%8F%99%EC%84%B1%EC%9B%94%EC%98%81%EB%A7%88%EC%9D%84%EC%95%84%ED%8C%8C%ED%8A%B8,35.1900404,128.5555732",https://map.naver.com/p?lng=128.5555732&lat=35.1900404&zoom=18,306107,CWB379001352,35.19004,128.555573
만날고개입구,창원시마산합포구,문화동,2,"https://map.kakao.com/link/map/%EB%A7%8C%EB%82%A0%EA%B3%A0%EA%B0%9C%EC%9E%85%EA%B5%AC,35.1858333,128.5519399",https://map.naver.com/p?lng=128.5519399&lat=35.1858333&zoom=18,306103,CWB379001386,35.185833,128.55194
만날고개입구,창원시마산합포구,문화동,2,"https://map.kakao.com/link/map/%EB%A7%8C%EB%82%A0%EA%B3%A0%EA%B0%9C%EC%9E%85%EA%B5%AC,35.1853944,128.5521312",https://map.naver.com/p?lng=128.5521312&lat=35.1853944&zoom=18,306104,CWB379001390,35.185394,128.552131
문화동,창원시마산합포구,문화동,2,"https://map.kakao.com/link/map/%EB%AC%B8%ED%99%94%EB%8F%99,35.1845804,128.5602312",https://map.naver.com/p?lng=128.5602312&lat=35.1845804&zoom=18,300105,CWB379001392,35.18458,128.560231
문화동,창원시마산합포구,문화동,2,"https://map.kakao.com/link/map/%EB%AC%B8%ED%99%94%EB%8F%99,35.1842462,128.5602673",https://map.naver.com/p?lng=128.5602673&lat=35.1842462&zoom=18,300106,CWB379001394,35.184246,128.560267
연세병원,창원시마산합포구,문화동,2,"https://map.kakao.com/link/map/%EC%97%B0%EC%84%B8%EB%B3%91%EC%9B%90,35.1871762,128.5615655",https://map.naver.com/p?lng=128.5615655&lat=35.1871762&zoom=18,300107,CWB379001376,35.187176,128.561566
연세병원,창원시마산합포구,문화동,2,"https://map.kakao.com/link/map/%EC%97%B0%EC%84%B8%EB%B3%91%EC%9B%90,35.1864975,128.561421",https://map.naver.com/p?lng=128.561421&lat=35.1864975&zoom=18,300108,CWB379001382,35.186498,128.561421
월영한백아파트,창원시마산합포구,문화동,2,"https://map.kakao.com/link/map/%EC%9B%94%EC%98%81%ED%95%9C%EB%B0%B1%EC%95%84%ED%8C%8C%ED%8A%B8,35.1873044,128.5526716",https://map.naver.com/p?lng=128.5526716&lat=35.1873044&zoom=18,306105,CWB379001373,35.187304,128.552672
월영한백아파트,창원시마산합포구,문화동,2,"https://map.kakao.com/link/map/%EC%9B%94%EC%98%81%ED%95%9C%EB%B0%B1%EC%95%84%ED%8C%8C%ED%8A%B8,35.1873887,128.5530773",https://map.naver.com/p?lng=128.5530773&lat=35.1873887&zoom=18,306106,CWB379001375,35.187389,128.553077
제일여고,창원시마산합포구,문화동,2,"https://map.kakao.com/link/map/%EC%A0%9C%EC%9D%BC%EC%97%AC%EA%B3%A0,35.1880724,128.5574612",https://map.naver.com/p?lng=128.5574612&lat=35.1880724&zoom=18,301103,CWB379001369,35.188072,128.557461
제일여고,창원시마산합포구,문화동,2,"https://map.kakao.com/link/map/%EC%A0%9C%EC%9D%BC%EC%97%AC%EA%B3%A0,35.1879694,128.5575532",https://map.naver.com/p?lng=128.5575532&lat=35.1879694&zoom=18,301104,CWB379001370,35.187969,128.557553
제일여고입구,창원시마산합포구,문화동,1,"https://map.kakao.com/link/map/%EC%A0%9C%EC%9D%BC%EC%97%AC%EA%B3%A0%EC%9E%85%EA%B5%AC,35.1876024,128.5620272",https://map.naver.com/p?lng=128.5620272&lat=35.1876024&zoom=18,300110,CWB379001371,35.187602,128.562027
평화아파트,창원시마산합포구,문화동,2,"https://map.kakao.com/link/map/%ED%8F%89%ED%99%94%EC%95%84%ED%8C%8C%ED%8A%B8,35.1860076,128.5579773",https://map.naver.com/p?lng=128.5579773&lat=35.1860076&zoom=18,301102,CWB379001385,35.186008,128.557977
평화아파트,창원시마산합포구,문화동,2,"https://map.kakao.com/link/map/%ED%8F%89%ED%99%94%EC%95%84%ED%8C%8C%ED%8A%B8,35.1858864,128.5581341",https://map.naver.com/p?lng=128.5581341&lat=35.1858864&zoom=18,301101,CWB379001387,35.185886,128.558134
경남데파트,창원시마산합포구,반월중앙동,1,"https://map.kakao.com/link/map/%EA%B2%BD%EB%82%A8%EB%8D%B0%ED%8C%8C%ED%8A%B8,35.2010176,128.5675358",https://map.naver.com/p?lng=128.5675358&lat=35.2010176&zoom=18,300122,CWB379001254,35.201018,128.567536
경동메르빌APT,창원시마산합포구,반월중앙동,2,"https://map.kakao.com/link/map/%EA%B2%BD%EB%8F%99%EB%A9%94%EB%A5%B4%EB%B9%8CAPT,35.1947319,128.5667974",https://map.naver.com/p?lng=128.5667974&lat=35.1947319&zoom=18,300116,CWB379001312,35.194732,128.566797
경동메르빌APT,창원시마산합포구,반월중앙동,2,"https://map.kakao.com/link/map/%EA%B2%BD%EB%8F%99%EB%A9%94%EB%A5%B4%EB%B9%8CAPT,35.1947444,128.5665542",https://map.naver.com/p?lng=128.5665542&lat=35.1947444&zoom=18,300113,CWB379001313,35.194744,128.566554
대한민국민주주의전당,창원시마산합포구,반월중앙동,2,"https://map.kakao.com/link/map/%EB%8C%80%ED%95%9C%EB%AF%BC%EA%B5%AD%EB%AF%BC%EC%A3%BC%EC%A3%BC%EC%9D%98%EC%A0%84%EB%8B%B9,35.1923695,128.5680485",https://map.naver.com/p?lng=128.5680485&lat=35.1923695&zoom=18,322015,CWB379003261,35.19237,128.568048
대한민국민주주의전당,창원시마산합포구,반월중앙동,2,"https://map.kakao.com/link/map/%EB%8C%80%ED%95%9C%EB%AF%BC%EA%B5%AD%EB%AF%BC%EC%A3%BC%EC%A3%BC%EC%9D%98%EC%A0%84%EB%8B%B9,35.1927329,128.5679309",https://map.naver.com/p?lng=128.5679309&lat=35.1927329&zoom=18,322016,CWB379003262,35.192733,128.567931
마산중앙고등학교,창원시마산합포구,반월중앙동,2,"https://map.kakao.com/link/map/%EB%A7%88%EC%82%B0%EC%A4%91%EC%95%99%EA%B3%A0%EB%93%B1%ED%95%99%EA%B5%90,35.1909764,128.5590602",https://map.naver.com/p?lng=128.5590602&lat=35.1909764&zoom=18,301105,CWB379001341,35.190976,128.55906
마산중앙고등학교,창원시마산합포구,반월중앙동,2,"https://map.kakao.com/link/map/%EB%A7%88%EC%82%B0%EC%A4%91%EC%95%99%EA%B3%A0%EB%93%B1%ED%95%99%EA%B5%90,35.1906504,128.5589862",https://map.naver.com/p?lng=128.5589862&lat=35.1906504&zoom=18,301106,CWB379001343,35.19065,128.558986
마산합포구청.의료원,창원시마산합포구,반월중앙동,2,"https://map.kakao.com/link/map/%EB%A7%88%EC%82%B0%ED%95%A9%ED%8F%AC%EA%B5%AC%EC%B2%AD.%EC%9D%98%EB%A3%8C%EC%9B%90,35.1983948,128.5673296",https://map.naver.com/p?lng=128.5673296&lat=35.1983948&zoom=18,300118,CWB379001280,35.198395,128.56733
마산합포구청.의료원,창원시마산합포구,반월중앙동,2,"https://map.kakao.com/link/map/%EB%A7%88%EC%82%B0%ED%95%A9%ED%8F%AC%EA%B5%AC%EC%B2%AD.%EC%9D%98%EB%A3%8C%EC%9B%90,35.1980472,128.5673091",https://map.naver.com/p?lng=128.5673091&lat=35.1980472&zoom=18,300120,CWB379001281,35.198047,128.567309
반월민원센터,창원시마산합포구,반월중앙동,2,"https://map.kakao.com/link/map/%EB%B0%98%EC%9B%94%EB%AF%BC%EC%9B%90%EC%84%BC%ED%84%B0,35.1904196,128.5630911",https://map.naver.com/p?lng=128.5630911&lat=35.1904196&zoom=18,300109,CWB379001344,35.19042,128.563091
반월민원센터,창원시마산합포구,반월중앙동,2,"https://map.kakao.com/link/map/%EB%B0%98%EC%9B%94%EB%AF%BC%EC%9B%90%EC%84%BC%ED%84%B0,35.1903211,128.5627258",https://map.naver.com/p?lng=128.5627258&lat=35.1903211&zoom=18,300112,CWB379001347,35.190321,128.562726
신월경남아파트,창원시마산합포구,반월중앙동,2,"https://map.kakao.com/link/map/%EC%8B%A0%EC%9B%94%EA%B2%BD%EB%82%A8%EC%95%84%ED%8C%8C%ED%8A%B8,35.1931114,128.5609742",https://map.naver.com/p?lng=128.5609742&lat=35.1931114&zoom=18,301107,CWB379001324,35.193111,128.560974
신월경남아파트,창원시마산합포구,반월중앙동,2,"https://map.kakao.com/link/map/%EC%8B%A0%EC%9B%94%EA%B2%BD%EB%82%A8%EC%95%84%ED%8C%8C%ED%8A%B8,35.1930122,128.561077",https://map.naver.com/p?lng=128.561077&lat=35.1930122&zoom=18,301108,CWB379001327,35.193012,128.561077
이마트,창원시마산합포구,반월중앙동,1,"https://map.kakao.com/link/map/%EC%9D%B4%EB%A7%88%ED%8A%B8,35.1978796,128.5702438",https://map.naver.com/p?lng=128.5702438&lat=35.1978796&zoom=18,321901,CWB379001285,35.19788,128.570244
정부합동청사,창원시마산합포구,반월중앙동,1,"https://map.kakao.com/link/map/%EC%A0%95%EB%B6%80%ED%95%A9%EB%8F%99%EC%B2%AD%EC%82%AC,35.1955674,128.5697302",https://map.naver.com/p?lng=128.5697302&lat=35.1955674&zoom=18,322007,CWB379001304,35.195567,128.56973
중부경찰서,창원시마산합포구,반월중앙동,2,"https://map.kakao.com/link/map/%EC%A4%91%EB%B6%80%EA%B2%BD%EC%B0%B0%EC%84%9C,35.1929213,128.5650943",https://map.naver.com/p?lng=128.5650943&lat=35.1929213&zoom=18,300111,CWB379001328,35.192921,128.565094
중부경찰서,창원시마산합포구,반월중앙동,2,"https://map.kakao.com/link/map/%EC%A4%91%EB%B6%80%EA%B2%BD%EC%B0%B0%EC%84%9C,35.192561,128.5650385",https://map.naver.com/p?lng=128.5650385&lat=35.192561&zoom=18,300114,CWB379001331,35.192561,128.565039
한국해양교통안전공단 창원지사,창원시마산합포구,반월중앙동,1,"https://map.kakao.com/link/map/%ED%95%9C%EA%B5%AD%ED%95%B4%EC%96%91%EA%B5%90%ED%86%B5%EC%95%88%EC%A0%84%EA%B3%B5%EB%8B%A8%20%EC%B0%BD%EC%9B%90%EC%A7%80%EC%82%AC,35.1893162,128.5652059",https://map.naver.com/p?lng=128.5652059&lat=35.1893162&zoom=18,322006,CWB379001359,35.189316,128.565206
한국해양교통안전공단 창원지사 맞은편,창원시마산합포구,반월중앙동,1,"https://map.kakao.com/link/map/%ED%95%9C%EA%B5%AD%ED%95%B4%EC%96%91%EA%B5%90%ED%86%B5%EC%95%88%EC%A0%84%EA%B3%B5%EB%8B%A8%20%EC%B0%BD%EC%9B%90%EC%A7%80%EC%82%AC%20%EB%A7%9E%EC%9D%80%ED%8E%B8,35.189696,128.5651922",https://map.naver.com/p?lng=128.5651922&lat=35.189696&zoom=18,322005,CWB379001353,35.189696,128.565192
산호동,창원시마산합포구,산호동,2,"https://map.kakao.com/link/map/%EC%82%B0%ED%98%B8%EB%8F%99,35.2146337,128.5865546",https://map.naver.com/p?lng=128.5865546&lat=35.2146337&zoom=18,321921,CWB379001031,35.214634,128.586555
산호동,창원시마산합포구,산호동,2,"https://map.kakao.com/link/map/%EC%82%B0%ED%98%B8%EB%8F%99,35.214486,128.5866928",https://map.naver.com/p?lng=128.5866928&lat=35.214486&zoom=18,321920,CWB379001038,35.214486,128.586693
산호시장입구,창원시마산합포구,산호동,2,"https://map.kakao.com/link/map/%EC%82%B0%ED%98%B8%EC%8B%9C%EC%9E%A5%EC%9E%85%EA%B5%AC,35.2196929,128.5817199",https://map.naver.com/p?lng=128.5817199&lat=35.2196929&zoom=18,312803,CWB379000952,35.219693,128.58172
산호시장입구,창원시마산합포구,산호동,2,"https://map.kakao.com/link/map/%EC%82%B0%ED%98%B8%EC%8B%9C%EC%9E%A5%EC%9E%85%EA%B5%AC,35.2192345,128.5814584",https://map.naver.com/p?lng=128.5814584&lat=35.2192345&zoom=18,312804,CWB379000960,35.219234,128.581458
신세계백화점,창원시마산합포구,산호동,2,"https://map.kakao.com/link/map/%EC%8B%A0%EC%84%B8%EA%B3%84%EB%B0%B1%ED%99%94%EC%A0%90,35.2188747,128.5870619",https://map.naver.com/p?lng=128.5870619&lat=35.2188747&zoom=18,321923,CWB379000951,35.218875,128.587062
신세계백화점,창원시마산합포구,산호동,2,"https://map.kakao.com/link/map/%EC%8B%A0%EC%84%B8%EA%B3%84%EB%B0%B1%ED%99%94%EC%A0%90,35.2195955,128.5871657",https://map.naver.com/p?lng=128.5871657&lat=35.2195955&zoom=18,321922,CWB379000955,35.219596,128.587166
야구장앞홈플러스,창원시마산합포구,산호동,1,"https://map.kakao.com/link/map/%EC%95%BC%EA%B5%AC%EC%9E%A5%EC%95%9E%ED%99%88%ED%94%8C%EB%9F%AC%EC%8A%A4,35.2222148,128.5849428",https://map.naver.com/p?lng=128.5849428&lat=35.2222148&zoom=18,308601,CWB379000903,35.222215,128.584943
여성회관,창원시마산합포구,산호동,2,"https://map.kakao.com/link/map/%EC%97%AC%EC%84%B1%ED%9A%8C%EA%B4%80,35.217306,128.5795445",https://map.naver.com/p?lng=128.5795445&lat=35.217306&zoom=18,312802,CWB379000997,35.217306,128.579544
여성회관,창원시마산합포구,산호동,2,"https://map.kakao.com/link/map/%EC%97%AC%EC%84%B1%ED%9A%8C%EA%B4%80,35.2171064,128.5790712",https://map.naver.com/p?lng=128.5790712&lat=35.2171064&zoom=18,312801,CWB379001000,35.217106,128.579071
창원NC파크.마산회원구청,창원시마산합포구,산호동,1,"https://map.kakao.com/link/map/%EC%B0%BD%EC%9B%90NC%ED%8C%8C%ED%81%AC.%EB%A7%88%EC%82%B0%ED%9A%8C%EC%9B%90%EA%B5%AC%EC%B2%AD,35.2211556,128.5834955",https://map.naver.com/p?lng=128.5834955&lat=35.2211556&zoom=18,312806,CWB379000924,35.221156,128.583496
KT마산점,창원시마산합포구,오동동,3,"https://map.kakao.com/link/map/KT%EB%A7%88%EC%82%B0%EC%A0%90,35.2035894,128.5722024",https://map.naver.com/p?lng=128.5722024&lat=35.2035894&zoom=18,300128,CWB379001218,35.203589,128.572202
KT마산점,창원시마산합포구,오동동,3,"https://map.kakao.com/link/map/KT%EB%A7%88%EC%82%B0%EC%A0%90,35.202993,128.5708221",https://map.naver.com/p?lng=128.5708221&lat=35.202993&zoom=18,300119,CWB379001224,35.202993,128.570822
KT마산점,창원시마산합포구,오동동,3,"https://map.kakao.com/link/map/KT%EB%A7%88%EC%82%B0%EC%A0%90,35.2028382,128.5703212",https://map.naver.com/p?lng=128.5703212&lat=35.2028382&zoom=18,300126,CWB379001228,35.202838,128.570321
경남데파트,창원시마산합포구,오동동,1,"https://map.kakao.com/link/map/%EA%B2%BD%EB%82%A8%EB%8D%B0%ED%8C%8C%ED%8A%B8,35.2014125,128.5675512",https://map.naver.com/p?lng=128.5675512&lat=35.2014125&zoom=18,300124,CWB379001245,35.201412,128.567551
부림시장,창원시마산합포구,오동동,2,"https://map.kakao.com/link/map/%EB%B6%80%EB%A6%BC%EC%8B%9C%EC%9E%A5,35.2061467,128.5731025",https://map.naver.com/p?lng=128.5731025&lat=35.2061467&zoom=18,300121,CWB379001168,35.206147,128.573102
부림시장,창원시마산합포구,오동동,2,"https://map.kakao.com/link/map/%EB%B6%80%EB%A6%BC%EC%8B%9C%EC%9E%A5,35.2061438,128.5733221",https://map.naver.com/p?lng=128.5733221&lat=35.2061438&zoom=18,300130,CWB379001171,35.206144,128.573322
북마산가구거리,창원시마산합포구,오동동,2,"https://map.kakao.com/link/map/%EB%B6%81%EB%A7%88%EC%82%B0%EA%B0%80%EA%B5%AC%EA%B1%B0%EB%A6%AC,35.2107062,128.5724139",https://map.naver.com/p?lng=128.5724139&lat=35.2107062&zoom=18,307204,CWB379001095,35.210706,128.572414
북마산가구거리,창원시마산합포구,오동동,2,"https://map.kakao.com/link/map/%EB%B6%81%EB%A7%88%EC%82%B0%EA%B0%80%EA%B5%AC%EA%B1%B0%EB%A6%AC,35.2088615,128.5729481",https://map.naver.com/p?lng=128.5729481&lat=35.2088615&zoom=18,307203,CWB379001120,35.208862,128.572948
삼성생명,창원시마산합포구,오동동,2,"https://map.kakao.com/link/map/%EC%82%BC%EC%84%B1%EC%83%9D%EB%AA%85,35.2088739,128.5761165",https://map.naver.com/p?lng=128.5761165&lat=35.2088739&zoom=18,307401,CWB379001121,35.208874,128.576117
삼성생명,창원시마산합포구,오동동,2,"https://map.kakao.com/link/map/%EC%82%BC%EC%84%B1%EC%83%9D%EB%AA%85,35.2085043,128.5763874",https://map.naver.com/p?lng=128.5763874&lat=35.2085043&zoom=18,307402,CWB379001134,35.208504,128.576387
삼익맨션,창원시마산합포구,오동동,2,"https://map.kakao.com/link/map/%EC%82%BC%EC%9D%B5%EB%A7%A8%EC%85%98,35.2017671,128.5717549",https://map.naver.com/p?lng=128.5717549&lat=35.2017671&zoom=18,321904,CWB379001240,35.201767,128.571755
삼익맨션,창원시마산합포구,오동동,2,"https://map.kakao.com/link/map/%EC%82%BC%EC%9D%B5%EB%A7%A8%EC%85%98,35.2017829,128.5715146",https://map.naver.com/p?lng=128.5715146&lat=35.2017829&zoom=18,321903,CWB379001241,35.201783,128.571515
성호동,창원시마산합포구,오동동,2,"https://map.kakao.com/link/map/%EC%84%B1%ED%98%B8%EB%8F%99,35.2104405,128.5699958",https://map.naver.com/p?lng=128.5699958&lat=35.2104405&zoom=18,319505,CWB379001100,35.21044,128.569996
성호동,창원시마산합포구,오동동,2,"https://map.kakao.com/link/map/%EC%84%B1%ED%98%B8%EB%8F%99,35.2103196,128.5701967",https://map.naver.com/p?lng=128.5701967&lat=35.2103196&zoom=18,319504,CWB379001104,35.21032,128.570197
어시장,창원시마산합포구,오동동,6,"https://map.kakao.com/link/map/%EC%96%B4%EC%8B%9C%EC%9E%A5,35.2048042,128.5777052",https://map.naver.com/p?lng=128.5777052&lat=35.2048042&zoom=18,321910,CWB379001199,35.204804,128.577705
어시장,창원시마산합포구,오동동,6,"https://map.kakao.com/link/map/%EC%96%B4%EC%8B%9C%EC%9E%A5,35.2037645,128.576147",https://map.naver.com/p?lng=128.576147&lat=35.2037645&zoom=18,321909,CWB379001215,35.203764,128.576147
어시장,창원시마산합포구,오동동,6,"https://map.kakao.com/link/map/%EC%96%B4%EC%8B%9C%EC%9E%A5,35.2036171,128.5755969",https://map.naver.com/p?lng=128.5755969&lat=35.2036171&zoom=18,321908,CWB379001217,35.203617,128.575597
어시장,창원시마산합포구,오동동,6,"https://map.kakao.com/link/map/%EC%96%B4%EC%8B%9C%EC%9E%A5,35.2034399,128.5753465",https://map.naver.com/p?lng=128.5753465&lat=35.2034399&zoom=18,321907,CWB379001219,35.20344,128.575346
어시장,창원시마산합포구,오동동,6,"https://map.kakao.com/link/map/%EC%96%B4%EC%8B%9C%EC%9E%A5,35.203349,128.5755502",https://map.naver.com/p?lng=128.5755502&lat=35.203349&zoom=18,321906,CWB379001221,35.203349,128.57555
어시장,창원시마산합포구,오동동,6,"https://map.kakao.com/link/map/%EC%96%B4%EC%8B%9C%EC%9E%A5,35.2030056,128.5747038",https://map.naver.com/p?lng=128.5747038&lat=35.2030056&zoom=18,321905,CWB379001223,35.203006,128.574704
오동교,창원시마산합포구,오동동,1,"https://map.kakao.com/link/map/%EC%98%A4%EB%8F%99%EA%B5%90,35.2079377,128.5812524",https://map.naver.com/p?lng=128.5812524&lat=35.2079377&zoom=18,321915,CWB379001139,35.207938,128.581252
오동동,창원시마산합포구,오동동,1,"https://map.kakao.com/link/map/%EC%98%A4%EB%8F%99%EB%8F%99,35.2064862,128.580014",https://map.naver.com/p?lng=128.580014&lat=35.2064862&zoom=18,321914,CWB379001161,35.206486,128.580014
오동동문화광장,창원시마산합포구,오동동,2,"https://map.kakao.com/link/map/%EC%98%A4%EB%8F%99%EB%8F%99%EB%AC%B8%ED%99%94%EA%B4%91%EC%9E%A5,35.2064552,128.5765016",https://map.naver.com/p?lng=128.5765016&lat=35.2064552&zoom=18,307403,CWB379001166,35.206455,128.576502
오동동문화광장,창원시마산합포구,오동동,2,"https://map.kakao.com/link/map/%EC%98%A4%EB%8F%99%EB%8F%99%EB%AC%B8%ED%99%94%EA%B4%91%EC%9E%A5,35.2061769,128.5766894",https://map.naver.com/p?lng=128.5766894&lat=35.2061769&zoom=18,307404,CWB379001175,35.206177,128.576689
오동동아구찜거리,창원시마산합포구,오동동,2,"https://map.kakao.com/link/map/%EC%98%A4%EB%8F%99%EB%8F%99%EC%95%84%EA%B5%AC%EC%B0%9C%EA%B1%B0%EB%A6%AC,35.2060562,128.5795282",https://map.naver.com/p?lng=128.5795282&lat=35.2060562&zoom=18,321913,CWB379002004,35.206056,128.579528
오동동아구찜거리,창원시마산합포구,오동동,2,"https://map.kakao.com/link/map/%EC%98%A4%EB%8F%99%EB%8F%99%EC%95%84%EA%B5%AC%EC%B0%9C%EA%B1%B0%EB%A6%AC,35.2058483,128.5789415",https://map.naver.com/p?lng=128.5789415&lat=35.2058483&zoom=18,321911,CWB379001173,35.205848,128.578942
이마트,창원시마산합포구,오동동,1,"https://map.kakao.com/link/map/%EC%9D%B4%EB%A7%88%ED%8A%B8,35.1984742,128.570631",https://map.naver.com/p?lng=128.570631&lat=35.1984742&zoom=18,321902,CWB379001278,35.198474,128.570631
정부합동청사,창원시마산합포구,오동동,1,"https://map.kakao.com/link/map/%EC%A0%95%EB%B6%80%ED%95%A9%EB%8F%99%EC%B2%AD%EC%82%AC,35.1948866,128.5699153",https://map.naver.com/p?lng=128.5699153&lat=35.1948866&zoom=18,322008,CWB379001310,35.194887,128.569915
중성동,창원시마산합포구,오동동,2,"https://map.kakao.com/link/map/%EC%A4%91%EC%84%B1%EB%8F%99,35.2091664,128.5744659",https://map.naver.com/p?lng=128.5744659&lat=35.2091664&zoom=18,300123,CWB379001118,35.209166,128.574466
중성동,창원시마산합포구,오동동,2,"https://map.kakao.com/link/map/%EC%A4%91%EC%84%B1%EB%8F%99,35.2082367,128.5742311",https://map.naver.com/p?lng=128.5742311&lat=35.2082367&zoom=18,300132,CWB379001138,35.208237,128.574231
경남데파트,창원시마산합포구,완월동,1,"https://map.kakao.com/link/map/%EA%B2%BD%EB%82%A8%EB%8D%B0%ED%8C%8C%ED%8A%B8,35.2011938,128.5673133",https://map.naver.com/p?lng=128.5673133&lat=35.2011938&zoom=18,300117,CWB379001246,35.201194,128.567313
마산여고,창원시마산합포구,완월동,2,"https://map.kakao.com/link/map/%EB%A7%88%EC%82%B0%EC%97%AC%EA%B3%A0,35.1968514,128.5620922",https://map.naver.com/p?lng=128.5620922&lat=35.1968514&zoom=18,301110,CWB379001294,35.196851,128.562092
마산여고,창원시마산합포구,완월동,2,"https://map.kakao.com/link/map/%EB%A7%88%EC%82%B0%EC%97%AC%EA%B3%A0,35.1968395,128.5619169",https://map.naver.com/p?lng=128.5619169&lat=35.1968395&zoom=18,301109,CWB379001298,35.19684,128.561917
마산합포구청.의료원,창원시마산합포구,완월동,1,"https://map.kakao.com/link/map/%EB%A7%88%EC%82%B0%ED%95%A9%ED%8F%AC%EA%B5%AC%EC%B2%AD.%EC%9D%98%EB%A3%8C%EC%9B%90,35.1978546,128.5670795",https://map.naver.com/p?lng=128.5670795&lat=35.1978546&zoom=18,300115,CWB379001284,35.197855,128.56708
성지여고,창원시마산합포구,완월동,2,"https://map.kakao.com/link/map/%EC%84%B1%EC%A7%80%EC%97%AC%EA%B3%A0,35.1968673,128.5617258",https://map.naver.com/p?lng=128.5617258&lat=35.1968673&zoom=18,301117,CWB379005386,35.196867,128.561726
성지여고,창원시마산합포구,완월동,2,"https://map.kakao.com/link/map/%EC%84%B1%EC%A7%80%EC%97%AC%EA%B3%A0,35.196717,128.5616763",https://map.naver.com/p?lng=128.5616763&lat=35.196717&zoom=18,301118,CWB379005387,35.196717,128.561676
완월동,창원시마산합포구,완월동,2,"https://map.kakao.com/link/map/%EC%99%84%EC%9B%94%EB%8F%99,35.1981014,128.5622722",https://map.naver.com/p?lng=128.5622722&lat=35.1981014&zoom=18,301112,CWB379001282,35.198101,128.562272
완월동,창원시마산합포구,완월동,2,"https://map.kakao.com/link/map/%EC%99%84%EC%9B%94%EB%8F%99,35.1980824,128.5621302",https://map.naver.com/p?lng=128.5621302&lat=35.1980824&zoom=18,301111,CWB379001283,35.198082,128.56213
완월초등학교,창원시마산합포구,완월동,2,"https://map.kakao.com/link/map/%EC%99%84%EC%9B%94%EC%B4%88%EB%93%B1%ED%95%99%EA%B5%90,35.1997584,128.5641592",https://map.naver.com/p?lng=128.5641592&lat=35.1997584&zoom=18,301113,CWB379001267,35.199758,128.564159
완월초등학교,창원시마산합포구,완월동,2,"https://map.kakao.com/link/map/%EC%99%84%EC%9B%94%EC%B4%88%EB%93%B1%ED%95%99%EA%B5%90,35.1996887,128.5642911",https://map.naver.com/p?lng=128.5642911&lat=35.1996887&zoom=18,301114,CWB379001268,35.199689,128.564291
완월화인아파트,창원시마산합포구,완월동,2,"https://map.kakao.com/link/map/%EC%99%84%EC%9B%94%ED%99%94%EC%9D%B8%EC%95%84%ED%8C%8C%ED%8A%B8,35.195483,128.5576823",https://map.naver.com/p?lng=128.5576823&lat=35.195483&zoom=18,306110,CWB379001306,35.195483,128.557682
완월화인아파트,창원시마산합포구,완월동,2,"https://map.kakao.com/link/map/%EC%99%84%EC%9B%94%ED%99%94%EC%9D%B8%EC%95%84%ED%8C%8C%ED%8A%B8,35.1961617,128.5568827",https://map.naver.com/p?lng=128.5568827&lat=35.1961617&zoom=18,306109,CWB379001307,35.196162,128.556883
전원아파트,창원시마산합포구,완월동,2,"https://map.kakao.com/link/map/%EC%A0%84%EC%9B%90%EC%95%84%ED%8C%8C%ED%8A%B8,35.1991235,128.5563857",https://map.naver.com/p?lng=128.5563857&lat=35.1991235&zoom=18,306111,CWB379001271,35.199124,128.556386
전원아파트,창원시마산합포구,완월동,2,"https://map.kakao.com/link/map/%EC%A0%84%EC%9B%90%EC%95%84%ED%8C%8C%ED%8A%B8,35.1992294,128.556693",https://map.naver.com/p?lng=128.556693&lat=35.1992294&zoom=18,306112,CWB379001272,35.199229,128.556693
청구제네스A,창원시마산합포구,완월동,2,"https://map.kakao.com/link/map/%EC%B2%AD%EA%B5%AC%EC%A0%9C%EB%84%A4%EC%8A%A4A,35.1978543,128.5582203",https://map.naver.com/p?lng=128.5582203&lat=35.1978543&zoom=18,301116,CWB379005385,35.197854,128.55822
청구제네스A,창원시마산합포구,완월동,2,"https://map.kakao.com/link/map/%EC%B2%AD%EA%B5%AC%EC%A0%9C%EB%84%A4%EC%8A%A4A,35.1978637,128.5578362",https://map.naver.com/p?lng=128.5578362&lat=35.1978637&zoom=18,301115,CWB379005388,35.197864,128.557836
GS마트,창원시마산합포구,월영동,2,"https://map.kakao.com/link/map/GS%EB%A7%88%ED%8A%B8,35.1803394,128.5607562",https://map.naver.com/p?lng=128.5607562&lat=35.1803394&zoom=18,630060,CWB379001408,35.180339,128.560756
GS마트,창원시마산합포구,월영동,2,"https://map.kakao.com/link/map/GS%EB%A7%88%ED%8A%B8,35.180104,128.5608527",https://map.naver.com/p?lng=128.5608527&lat=35.180104&zoom=18,630061,CWB379001411,35.180104,128.560853
경남대,창원시마산합포구,월영동,1,"https://map.kakao.com/link/map/%EA%B2%BD%EB%82%A8%EB%8C%80,35.1823551,128.5561213",https://map.naver.com/p?lng=128.5561213&lat=35.1823551&zoom=18,301121,CWB379005953,35.182355,128.556121
"경남대,서중학교",창원시마산합포구,월영동,2,"https://map.kakao.com/link/map/%EA%B2%BD%EB%82%A8%EB%8C%80%2C%EC%84%9C%EC%A4%91%ED%95%99%EA%B5%90,35.1793434,128.5582462",https://map.naver.com/p?lng=128.5582462&lat=35.1793434&zoom=18,300635,CWB379001418,35.179343,128.558246
"경남대,서중학교",창원시마산합포구,월영동,2,"https://map.kakao.com/link/map/%EA%B2%BD%EB%82%A8%EB%8C%80%2C%EC%84%9C%EC%A4%91%ED%95%99%EA%B5%90,35.1791669,128.5584661",https://map.naver.com/p?lng=128.5584661&lat=35.1791669&zoom=18,300636,CWB379001419,35.179167,128.558466
경남대학교,창원시마산합포구,월영동,1,"https://map.kakao.com/link/map/%EA%B2%BD%EB%82%A8%EB%8C%80%ED%95%99%EA%B5%90,35.1804654,128.5578252",https://map.naver.com/p?lng=128.5578252&lat=35.1804654&zoom=18,300101,CWB379001401,35.180465,128.557825
고운초등학교,창원시마산합포구,월영동,2,"https://map.kakao.com/link/map/%EA%B3%A0%EC%9A%B4%EC%B4%88%EB%93%B1%ED%95%99%EA%B5%90,35.1713438,128.5622757",https://map.naver.com/p?lng=128.5622757&lat=35.1713438&zoom=18,300627,CWB379001451,35.171344,128.562276
고운초등학교,창원시마산합포구,월영동,2,"https://map.kakao.com/link/map/%EA%B3%A0%EC%9A%B4%EC%B4%88%EB%93%B1%ED%95%99%EA%B5%90,35.1717894,128.5619677",https://map.naver.com/p?lng=128.5619677&lat=35.1717894&zoom=18,300628,CWB379001452,35.171789,128.561968
남부터미널,창원시마산합포구,월영동,1,"https://map.kakao.com/link/map/%EB%82%A8%EB%B6%80%ED%84%B0%EB%AF%B8%EB%84%90,35.1796525,128.5602734",https://map.naver.com/p?lng=128.5602734&lat=35.1796525&zoom=18,630062,CWB379001416,35.179652,128.560273
마산보건소,창원시마산합포구,월영동,2,"https://map.kakao.com/link/map/%EB%A7%88%EC%82%B0%EB%B3%B4%EA%B1%B4%EC%86%8C,35.1830994,128.5640972",https://map.naver.com/p?lng=128.5640972&lat=35.1830994&zoom=18,322003,CWB379001393,35.183099,128.564097
마산보건소,창원시마산합포구,월영동,2,"https://map.kakao.com/link/map/%EB%A7%88%EC%82%B0%EB%B3%B4%EA%B1%B4%EC%86%8C,35.1833749,128.5643325",https://map.naver.com/p?lng=128.5643325&lat=35.1833749&zoom=18,322004,CWB379001395,35.183375,128.564332
마산우리요양병원,창원시마산합포구,월영동,2,"https://map.kakao.com/link/map/%EB%A7%88%EC%82%B0%EC%9A%B0%EB%A6%AC%EC%9A%94%EC%96%91%EB%B3%91%EC%9B%90,35.1807544,128.5624987",https://map.naver.com/p?lng=128.5624987&lat=35.1807544&zoom=18,630058,CWB379001403,35.180754,128.562499
마산우리요양병원,창원시마산합포구,월영동,2,"https://map.kakao.com/link/map/%EB%A7%88%EC%82%B0%EC%9A%B0%EB%A6%AC%EC%9A%94%EC%96%91%EB%B3%91%EC%9B%90,35.1806762,128.5629221",https://map.naver.com/p?lng=128.5629221&lat=35.1806762&zoom=18,630059,CWB379001404,35.180676,128.562922
마산종합사회복지관,창원시마산합포구,월영동,2,"https://map.kakao.com/link/map/%EB%A7%88%EC%82%B0%EC%A2%85%ED%95%A9%EC%82%AC%ED%9A%8C%EB%B3%B5%EC%A7%80%EA%B4%80,35.1843004,128.5562046",https://map.naver.com/p?lng=128.5562046&lat=35.1843004&zoom=18,301120,CWB379005778,35.1843,128.556205
마산종합사회복지관,창원시마산합포구,월영동,2,"https://map.kakao.com/link/map/%EB%A7%88%EC%82%B0%EC%A2%85%ED%95%A9%EC%82%AC%ED%9A%8C%EB%B3%B5%EC%A7%80%EA%B4%80,35.1843004,128.5560246",https://map.naver.com/p?lng=128.5560246&lat=35.1843004&zoom=18,301119,CWB379005779,35.1843,128.556025
마산합포스포츠센터,창원시마산합포구,월영동,2,"https://map.kakao.com/link/map/%EB%A7%88%EC%82%B0%ED%95%A9%ED%8F%AC%EC%8A%A4%ED%8F%AC%EC%B8%A0%EC%84%BC%ED%84%B0,35.1759021,128.5685334",https://map.naver.com/p?lng=128.5685334&lat=35.1759021&zoom=18,322020,CWB379001973,35.175902,128.568533
마산합포스포츠센터,창원시마산합포구,월영동,2,"https://map.kakao.com/link/map/%EB%A7%88%EC%82%B0%ED%95%A9%ED%8F%AC%EC%8A%A4%ED%8F%AC%EC%B8%A0%EC%84%BC%ED%84%B0,35.1763016,128.5686509",https://map.naver.com/p?lng=128.5686509&lat=35.1763016&zoom=18,322021,CWB379001974,35.176302,128.568651
방송통신대,창원시마산합포구,월영동,1,"https://map.kakao.com/link/map/%EB%B0%A9%EC%86%A1%ED%86%B5%EC%8B%A0%EB%8C%80,35.1792924,128.5667862",https://map.naver.com/p?lng=128.5667862&lat=35.1792924&zoom=18,322002,CWB379001971,35.179292,128.566786
월영1차아파트,창원시마산합포구,월영동,1,"https://map.kakao.com/link/map/%EC%9B%94%EC%98%811%EC%B0%A8%EC%95%84%ED%8C%8C%ED%8A%B8,35.1743086,128.5591801",https://map.naver.com/p?lng=128.5591801&lat=35.1743086&zoom=18,314702,CWB379001441,35.174309,128.55918
월영동,창원시마산합포구,월영동,2,"https://map.kakao.com/link/map/%EC%9B%94%EC%98%81%EB%8F%99,35.1778664,128.5562772",https://map.naver.com/p?lng=128.5562772&lat=35.1778664&zoom=18,306621,CWB379001426,35.177866,128.556277
월영동,창원시마산합포구,월영동,2,"https://map.kakao.com/link/map/%EC%9B%94%EC%98%81%EB%8F%99,35.1775258,128.5564846",https://map.naver.com/p?lng=128.5564846&lat=35.1775258&zoom=18,306620,CWB379001428,35.177526,128.556485
월영동공원,창원시마산합포구,월영동,1,"https://map.kakao.com/link/map/%EC%9B%94%EC%98%81%EB%8F%99%EA%B3%B5%EC%9B%90,35.1736804,128.5592752",https://map.naver.com/p?lng=128.5592752&lat=35.1736804&zoom=18,314701,CWB379001443,35.17368,128.559275
월영라이프아파트,창원시마산합포구,월영동,2,"https://map.kakao.com/link/map/%EC%9B%94%EC%98%81%EB%9D%BC%EC%9D%B4%ED%94%84%EC%95%84%ED%8C%8C%ED%8A%B8,35.1780244,128.5534912",https://map.naver.com/p?lng=128.5534912&lat=35.1780244&zoom=18,306102,CWB379001430,35.178024,128.553491
월영라이프아파트,창원시마산합포구,월영동,2,"https://map.kakao.com/link/map/%EC%9B%94%EC%98%81%EB%9D%BC%EC%9D%B4%ED%94%84%EC%95%84%ED%8C%8C%ED%8A%B8,35.1772064,128.5537682",https://map.naver.com/p?lng=128.5537682&lat=35.1772064&zoom=18,306101,CWB379001431,35.177206,128.553768
월영마린애시앙아파트,창원시마산합포구,월영동,2,"https://map.kakao.com/link/map/%EC%9B%94%EC%98%81%EB%A7%88%EB%A6%B0%EC%95%A0%EC%8B%9C%EC%95%99%EC%95%84%ED%8C%8C%ED%8A%B8,35.1753354,128.5626012",https://map.naver.com/p?lng=128.5626012&lat=35.1753354&zoom=18,300630,CWB379001438,35.175335,128.562601
월영마린애시앙아파트,창원시마산합포구,월영동,2,"https://map.kakao.com/link/map/%EC%9B%94%EC%98%81%EB%A7%88%EB%A6%B0%EC%95%A0%EC%8B%9C%EC%95%99%EC%95%84%ED%8C%8C%ED%8A%B8,35.1753294,128.5622092",https://map.naver.com/p?lng=128.5622092&lat=35.1753294&zoom=18,300629,CWB379001439,35.175329,128.562209
해운동,창원시마산합포구,월영동,2,"https://map.kakao.com/link/map/%ED%95%B4%EC%9A%B4%EB%8F%99,35.1779948,128.5607143",https://map.naver.com/p?lng=128.5607143&lat=35.1779948&zoom=18,300634,CWB379001422,35.177995,128.560714
해운동,창원시마산합포구,월영동,2,"https://map.kakao.com/link/map/%ED%95%B4%EC%9A%B4%EB%8F%99,35.1778372,128.5606263",https://map.naver.com/p?lng=128.5606263&lat=35.1778372&zoom=18,300633,CWB379001424,35.177837,128.560626
해운동삼거리,창원시마산합포구,월영동,2,"https://map.kakao.com/link/map/%ED%95%B4%EC%9A%B4%EB%8F%99%EC%82%BC%EA%B1%B0%EB%A6%AC,35.1813718,128.5642449",https://map.naver.com/p?lng=128.5642449&lat=35.1813718&zoom=18,322017,CWB379003341,35.181372,128.564245
해운동삼거리,창원시마산합포구,월영동,2,"https://map.kakao.com/link/map/%ED%95%B4%EC%9A%B4%EB%8F%99%EC%82%BC%EA%B1%B0%EB%A6%AC,35.181224,128.5641735",https://map.naver.com/p?lng=128.5641735&lat=35.181224&zoom=18,322018,CWB379003342,35.181224,128.564174
해운중학교,창원시마산합포구,월영동,2,"https://map.kakao.com/link/map/%ED%95%B4%EC%9A%B4%EC%A4%91%ED%95%99%EA%B5%90,35.1778874,128.5656022",https://map.naver.com/p?lng=128.5656022&lat=35.1778874&zoom=18,630077,CWB379001968,35.177887,128.565602
해운중학교,창원시마산합포구,월영동,2,"https://map.kakao.com/link/map/%ED%95%B4%EC%9A%B4%EC%A4%91%ED%95%99%EA%B5%90,35.1779604,128.5651602",https://map.naver.com/p?lng=128.5651602&lat=35.1779604&zoom=18,630078,CWB379001969,35.17796,128.56516
해운중학교종점,창원시마산합포구,월영동,2,"https://map.kakao.com/link/map/%ED%95%B4%EC%9A%B4%EC%A4%91%ED%95%99%EA%B5%90%EC%A2%85%EC%A0%90,35.1779151,128.5632292",https://map.naver.com/p?lng=128.5632292&lat=35.1779151&zoom=18,300632,CWB379001423,35.177915,128.563229
해운중학교종점,창원시마산합포구,월영동,2,"https://map.kakao.com/link/map/%ED%95%B4%EC%9A%B4%EC%A4%91%ED%95%99%EA%B5%90%EC%A2%85%EC%A0%90,35.1778005,128.5623297",https://map.naver.com/p?lng=128.5623297&lat=35.1778005&zoom=18,300631,CWB379001425,35.1778,128.56233
해운초등학교,창원시마산합포구,월영동,2,"https://map.kakao.com/link/map/%ED%95%B4%EC%9A%B4%EC%B4%88%EB%93%B1%ED%95%99%EA%B5%90,35.1757349,128.5584416",https://map.naver.com/p?lng=128.5584416&lat=35.1757349&zoom=18,314703,CWB379001435,35.175735,128.558442
해운초등학교,창원시마산합포구,월영동,2,"https://map.kakao.com/link/map/%ED%95%B4%EC%9A%B4%EC%B4%88%EB%93%B1%ED%95%99%EA%B5%90,35.1757661,128.558648",https://map.naver.com/p?lng=128.558648&lat=35.1757661&zoom=18,314704,CWB379001437,35.175766,128.558648
화인아파트,창원시마산합포구,월영동,2,"https://map.kakao.com/link/map/%ED%99%94%EC%9D%B8%EC%95%84%ED%8C%8C%ED%8A%B8,35.1751874,128.5561658",https://map.naver.com/p?lng=128.5561658&lat=35.1751874&zoom=18,306618,CWB379001436,35.175187,128.556166
화인아파트,창원시마산합포구,월영동,2,"https://map.kakao.com/link/map/%ED%99%94%EC%9D%B8%EC%95%84%ED%8C%8C%ED%8A%B8,35.1745075,128.5558244",https://map.naver.com/p?lng=128.5558244&lat=35.1745075&zoom=18,306619,CWB379001440,35.174508,128.555824
대림공작2차아파트,창원시마산합포구,자산동,1,"https://map.kakao.com/link/map/%EB%8C%80%EB%A6%BC%EA%B3%B5%EC%9E%912%EC%B0%A8%EC%95%84%ED%8C%8C%ED%8A%B8,35.2068485,128.5659194",https://map.naver.com/p?lng=128.5659194&lat=35.2068485&zoom=18,315707,CWB379005474,35.206848,128.565919
마산중학교,창원시마산합포구,자산동,1,"https://map.kakao.com/link/map/%EB%A7%88%EC%82%B0%EC%A4%91%ED%95%99%EA%B5%90,35.2013996,128.5626745",https://map.naver.com/p?lng=128.5626745&lat=35.2013996&zoom=18,315712,CWB379005511,35.2014,128.562675
만소노인재가복지센터,창원시마산합포구,자산동,2,"https://map.kakao.com/link/map/%EB%A7%8C%EC%86%8C%EB%85%B8%EC%9D%B8%EC%9E%AC%EA%B0%80%EB%B3%B5%EC%A7%80%EC%84%BC%ED%84%B0,35.203388,128.5648482",https://map.naver.com/p?lng=128.5648482&lat=35.203388&zoom=18,315708,CWB379005475,35.203388,128.564848
만소노인재가복지센터,창원시마산합포구,자산동,2,"https://map.kakao.com/link/map/%EB%A7%8C%EC%86%8C%EB%85%B8%EC%9D%B8%EC%9E%AC%EA%B0%80%EB%B3%B5%EC%A7%80%EC%84%BC%ED%84%B0,35.2035045,128.5648999",https://map.naver.com/p?lng=128.5648999&lat=35.2035045&zoom=18,315711,CWB379005510,35.203504,128.5649
시영1차아파트,창원시마산합포구,자산동,1,"https://map.kakao.com/link/map/%EC%8B%9C%EC%98%811%EC%B0%A8%EC%95%84%ED%8C%8C%ED%8A%B8,35.2070617,128.5642407",https://map.naver.com/p?lng=128.5642407&lat=35.2070617&zoom=18,315716,CWB379005948,35.207062,128.564241
약수터,창원시마산합포구,자산동,2,"https://map.kakao.com/link/map/%EC%95%BD%EC%88%98%ED%84%B0,35.2065926,128.5619841",https://map.naver.com/p?lng=128.5619841&lat=35.2065926&zoom=18,306113,CWB379001164,35.206593,128.561984
약수터,창원시마산합포구,자산동,2,"https://map.kakao.com/link/map/%EC%95%BD%EC%88%98%ED%84%B0,35.206005,128.5615467",https://map.naver.com/p?lng=128.5615467&lat=35.206005&zoom=18,306114,CWB379001176,35.206005,128.561547
자산동,창원시마산합포구,자산동,1,"https://map.kakao.com/link/map/%EC%9E%90%EC%82%B0%EB%8F%99,35.2055752,128.5650714",https://map.naver.com/p?lng=128.5650714&lat=35.2055752&zoom=18,315713,CWB379005788,35.205575,128.565071
창원시립마산박물관,창원시마산합포구,자산동,2,"https://map.kakao.com/link/map/%EC%B0%BD%EC%9B%90%EC%8B%9C%EB%A6%BD%EB%A7%88%EC%82%B0%EB%B0%95%EB%AC%BC%EA%B4%80,35.2058373,128.5679725",https://map.naver.com/p?lng=128.5679725&lat=35.2058373&zoom=18,315705,CWB379005472,35.205837,128.567972
창원시립마산박물관,창원시마산합포구,자산동,2,"https://map.kakao.com/link/map/%EC%B0%BD%EC%9B%90%EC%8B%9C%EB%A6%BD%EB%A7%88%EC%82%B0%EB%B0%95%EB%AC%BC%EA%B4%80,35.2055405,128.5680958",https://map.naver.com/p?lng=128.5680958&lat=35.2055405&zoom=18,315710,CWB379005477,35.20554,128.568096
한백푸른아파트,창원시마산합포구,자산동,1,"https://map.kakao.com/link/map/%ED%95%9C%EB%B0%B1%ED%91%B8%EB%A5%B8%EC%95%84%ED%8C%8C%ED%8A%B8,35.2065738,128.5664274",https://map.naver.com/p?lng=128.5664274&lat=35.2065738&zoom=18,315706,CWB379005473,35.206574,128.566427
한우아파트,창원시마산합포구,자산동,4,"https://map.kakao.com/link/map/%ED%95%9C%EC%9A%B0%EC%95%84%ED%8C%8C%ED%8A%B8,35.2013244,128.5592252",https://map.naver.com/p?lng=128.5592252&lat=35.2013244&zoom=18,315701,CWB379001248,35.201324,128.559225
한우아파트,창원시마산합포구,자산동,4,"https://map.kakao.com/link/map/%ED%95%9C%EC%9A%B0%EC%95%84%ED%8C%8C%ED%8A%B8,35.2010532,128.5595652",https://map.naver.com/p?lng=128.5595652&lat=35.2010532&zoom=18,315702,CWB379001256,35.201053,128.559565
한우아파트,창원시마산합포구,자산동,4,"https://map.kakao.com/link/map/%ED%95%9C%EC%9A%B0%EC%95%84%ED%8C%8C%ED%8A%B8,35.2029538,128.5590397",https://map.naver.com/p?lng=128.5590397&lat=35.2029538&zoom=18,315714,CWB379005936,35.202954,128.55904
한우아파트,창원시마산합포구,자산동,4,"https://map.kakao.com/link/map/%ED%95%9C%EC%9A%B0%EC%95%84%ED%8C%8C%ED%8A%B8,35.2030161,128.5587471",https://map.naver.com/p?lng=128.5587471&lat=35.2030161&zoom=18,315715,CWB379005937,35.203016,128.558747
고현,창원시마산합포구,진동면,2,"https://map.kakao.com/link/map/%EA%B3%A0%ED%98%84,35.1025684,128.4795362",https://map.naver.com/p?lng=128.4795362&lat=35.1025684&zoom=18,306308,CWB379001820,35.102568,128.479536
고현,창원시마산합포구,진동면,2,"https://map.kakao.com/link/map/%EA%B3%A0%ED%98%84,35.1025596,128.4794468",https://map.naver.com/p?lng=128.4794468&lat=35.1025596&zoom=18,306307,CWB379001821,35.10256,128.479447
고현다리,창원시마산합포구,진동면,1,"https://map.kakao.com/link/map/%EA%B3%A0%ED%98%84%EB%8B%A4%EB%A6%AC,35.114178,128.4794744",https://map.naver.com/p?lng=128.4794744&lat=35.114178&zoom=18,640654,CWB379005888,35.114178,128.479474
고현수협조합,창원시마산합포구,진동면,2,"https://map.kakao.com/link/map/%EA%B3%A0%ED%98%84%EC%88%98%ED%98%91%EC%A1%B0%ED%95%A9,35.1006365,128.4792693",https://map.naver.com/p?lng=128.4792693&lat=35.1006365&zoom=18,306305,CWB379001836,35.100636,128.479269
고현수협조합,창원시마산합포구,진동면,2,"https://map.kakao.com/link/map/%EA%B3%A0%ED%98%84%EC%88%98%ED%98%91%EC%A1%B0%ED%95%A9,35.1007007,128.4791641",https://map.naver.com/p?lng=128.4791641&lat=35.1007007&zoom=18,306306,CWB379001838,35.100701,128.479164
광암마을,창원시마산합포구,진동면,2,"https://map.kakao.com/link/map/%EA%B4%91%EC%95%94%EB%A7%88%EC%9D%84,35.1066354,128.4961289",https://map.naver.com/p?lng=128.4961289&lat=35.1066354&zoom=18,321924,CWB379003085,35.106635,128.496129
광암마을,창원시마산합포구,진동면,2,"https://map.kakao.com/link/map/%EA%B4%91%EC%95%94%EB%A7%88%EC%9D%84,35.1063765,128.4962032",https://map.naver.com/p?lng=128.4962032&lat=35.1063765&zoom=18,321925,CWB379003086,35.106376,128.496203
광암선창,창원시마산합포구,진동면,2,"https://map.kakao.com/link/map/%EA%B4%91%EC%95%94%EC%84%A0%EC%B0%BD,35.1047424,128.4982582",https://map.naver.com/p?lng=128.4982582&lat=35.1047424&zoom=18,322104,CWB379001813,35.104742,128.498258
광암선창,창원시마산합포구,진동면,2,"https://map.kakao.com/link/map/%EA%B4%91%EC%95%94%EC%84%A0%EC%B0%BD,35.104638,128.4982195",https://map.naver.com/p?lng=128.4982195&lat=35.104638&zoom=18,322103,CWB379001814,35.104638,128.49822
교동마을입구,창원시마산합포구,진동면,2,"https://map.kakao.com/link/map/%EA%B5%90%EB%8F%99%EB%A7%88%EC%9D%84%EC%9E%85%EA%B5%AC,35.1186078,128.4971136",https://map.naver.com/p?lng=128.4971136&lat=35.1186078&zoom=18,301602,CWB379002866,35.118608,128.497114
교동마을입구,창원시마산합포구,진동면,2,"https://map.kakao.com/link/map/%EA%B5%90%EB%8F%99%EB%A7%88%EC%9D%84%EC%9E%85%EA%B5%AC,35.1186124,128.4974822",https://map.naver.com/p?lng=128.4974822&lat=35.1186124&zoom=18,301601,CWB379002867,35.118612,128.497482
교동마을회관,창원시마산합포구,진동면,1,"https://map.kakao.com/link/map/%EA%B5%90%EB%8F%99%EB%A7%88%EC%9D%84%ED%9A%8C%EA%B4%80,35.1176527,128.501035",https://map.naver.com/p?lng=128.501035&lat=35.1176527&zoom=18,301603,CWB379002868,35.117653,128.501035
다구배나무골,창원시마산합포구,진동면,2,"https://map.kakao.com/link/map/%EB%8B%A4%EA%B5%AC%EB%B0%B0%EB%82%98%EB%AC%B4%EA%B3%A8,35.111206,128.5226431",https://map.naver.com/p?lng=128.5226431&lat=35.111206&zoom=18,322112,CWB379001778,35.111206,128.522643
다구배나무골,창원시마산합포구,진동면,2,"https://map.kakao.com/link/map/%EB%8B%A4%EA%B5%AC%EB%B0%B0%EB%82%98%EB%AC%B4%EA%B3%A8,35.1110978,128.5226751",https://map.naver.com/p?lng=128.5226751&lat=35.1110978&zoom=18,322111,CWB379001779,35.111098,128.522675
다구본동,창원시마산합포구,진동면,2,"https://map.kakao.com/link/map/%EB%8B%A4%EA%B5%AC%EB%B3%B8%EB%8F%99,35.1096501,128.5184601",https://map.naver.com/p?lng=128.5184601&lat=35.1096501&zoom=18,322110,CWB379001786,35.10965,128.51846
다구본동,창원시마산합포구,진동면,2,"https://map.kakao.com/link/map/%EB%8B%A4%EA%B5%AC%EB%B3%B8%EB%8F%99,35.1095844,128.5185866",https://map.naver.com/p?lng=128.5185866&lat=35.1095844&zoom=18,322109,CWB379001787,35.109584,128.518587
덕기마을,창원시마산합포구,진동면,2,"https://map.kakao.com/link/map/%EB%8D%95%EA%B8%B0%EB%A7%88%EC%9D%84,35.1257633,128.4866097",https://map.naver.com/p?lng=128.4866097&lat=35.1257633&zoom=18,317704,CWB379001686,35.125763,128.48661
덕기마을,창원시마산합포구,진동면,2,"https://map.kakao.com/link/map/%EB%8D%95%EA%B8%B0%EB%A7%88%EC%9D%84,35.126012,128.4863281",https://map.naver.com/p?lng=128.4863281&lat=35.126012&zoom=18,317703,CWB379001687,35.126012,128.486328
도만,창원시마산합포구,진동면,2,"https://map.kakao.com/link/map/%EB%8F%84%EB%A7%8C,35.1169182,128.5321721",https://map.naver.com/p?lng=128.5321721&lat=35.1169182&zoom=18,322114,CWB379001734,35.116918,128.532172
도만,창원시마산합포구,진동면,2,"https://map.kakao.com/link/map/%EB%8F%84%EB%A7%8C,35.116917,128.5323079",https://map.naver.com/p?lng=128.5323079&lat=35.116917&zoom=18,322113,CWB379001735,35.116917,128.532308
동전마을,창원시마산합포구,진동면,2,"https://map.kakao.com/link/map/%EB%8F%99%EC%A0%84%EB%A7%88%EC%9D%84,35.1525913,128.5172446",https://map.naver.com/p?lng=128.5172446&lat=35.1525913&zoom=18,306606,CWB379001560,35.152591,128.517245
동전마을,창원시마산합포구,진동면,2,"https://map.kakao.com/link/map/%EB%8F%99%EC%A0%84%EB%A7%88%EC%9D%84,35.1523739,128.5169495",https://map.naver.com/p?lng=128.5169495&lat=35.1523739&zoom=18,306605,CWB379001562,35.152374,128.51695
묵지마을,창원시마산합포구,진동면,2,"https://map.kakao.com/link/map/%EB%AC%B5%EC%A7%80%EB%A7%88%EC%9D%84,35.1540148,128.5277519",https://map.naver.com/p?lng=128.5277519&lat=35.1540148&zoom=18,306607,CWB379001554,35.154015,128.527752
묵지마을,창원시마산합포구,진동면,2,"https://map.kakao.com/link/map/%EB%AC%B5%EC%A7%80%EB%A7%88%EC%9D%84,35.1535413,128.5245591",https://map.naver.com/p?lng=128.5245591&lat=35.1535413&zoom=18,306608,CWB379001555,35.153541,128.524559
삼진고등학교,창원시마산합포구,진동면,1,"https://map.kakao.com/link/map/%EC%82%BC%EC%A7%84%EA%B3%A0%EB%93%B1%ED%95%99%EA%B5%90,35.1166836,128.4889768",https://map.naver.com/p?lng=128.4889768&lat=35.1166836&zoom=18,308121,CWB379001739,35.116684,128.488977
선두종점,창원시마산합포구,진동면,2,"https://map.kakao.com/link/map/%EC%84%A0%EB%91%90%EC%A2%85%EC%A0%90,35.100115,128.4680241",https://map.naver.com/p?lng=128.4680241&lat=35.100115&zoom=18,306302,CWB379001839,35.100115,128.468024
선두종점,창원시마산합포구,진동면,2,"https://map.kakao.com/link/map/%EC%84%A0%EB%91%90%EC%A2%85%EC%A0%90,35.1001233,128.4682859",https://map.naver.com/p?lng=128.4682859&lat=35.1001233&zoom=18,306301,CWB379001840,35.100123,128.468286
성원맨션,창원시마산합포구,진동면,1,"https://map.kakao.com/link/map/%EC%84%B1%EC%9B%90%EB%A7%A8%EC%85%98,35.1174361,128.4879381",https://map.naver.com/p?lng=128.4879381&lat=35.1174361&zoom=18,317700,CWB379005464,35.117436,128.487938
신기마을입구,창원시마산합포구,진동면,2,"https://map.kakao.com/link/map/%EC%8B%A0%EA%B8%B0%EB%A7%88%EC%9D%84%EC%9E%85%EA%B5%AC,35.1108354,128.4787287",https://map.naver.com/p?lng=128.4787287&lat=35.1108354&zoom=18,306311,CWB379001782,35.110835,128.478729
신기마을입구,창원시마산합포구,진동면,2,"https://map.kakao.com/link/map/%EC%8B%A0%EA%B8%B0%EB%A7%88%EC%9D%84%EC%9E%85%EA%B5%AC,35.1105407,128.47879",https://map.naver.com/p?lng=128.47879&lat=35.1105407&zoom=18,306312,CWB379001783,35.110541,128.47879
신서천로,창원시마산합포구,진동면,1,"https://map.kakao.com/link/map/%EC%8B%A0%EC%84%9C%EC%B2%9C%EB%A1%9C,35.119885,128.4861207",https://map.naver.com/p?lng=128.4861207&lat=35.119885&zoom=18,308138,CWB379006164,35.119885,128.486121
아래주도,창원시마산합포구,진동면,2,"https://map.kakao.com/link/map/%EC%95%84%EB%9E%98%EC%A3%BC%EB%8F%84,35.1060517,128.5119297",https://map.naver.com/p?lng=128.5119297&lat=35.1060517&zoom=18,322108,CWB379001806,35.106052,128.51193
아래주도,창원시마산합포구,진동면,2,"https://map.kakao.com/link/map/%EC%95%84%EB%9E%98%EC%A3%BC%EB%8F%84,35.1059641,128.5119741",https://map.naver.com/p?lng=128.5119741&lat=35.1059641&zoom=18,322107,CWB379001807,35.105964,128.511974
야촌,창원시마산합포구,진동면,2,"https://map.kakao.com/link/map/%EC%95%BC%EC%B4%8C,35.1202692,128.4946137",https://map.naver.com/p?lng=128.4946137&lat=35.1202692&zoom=18,308124,CWB379001712,35.120269,128.494614
야촌,창원시마산합포구,진동면,2,"https://map.kakao.com/link/map/%EC%95%BC%EC%B4%8C,35.1193764,128.4935771",https://map.naver.com/p?lng=128.4935771&lat=35.1193764&zoom=18,308123,CWB379001718,35.119376,128.493577
야촌마을회관,창원시마산합포구,진동면,2,"https://map.kakao.com/link/map/%EC%95%BC%EC%B4%8C%EB%A7%88%EC%9D%84%ED%9A%8C%EA%B4%80,35.1192349,128.4949625",https://map.naver.com/p?lng=128.4949625&lat=35.1192349&zoom=18,301604,CWB379003288,35.119235,128.494963
야촌마을회관,창원시마산합포구,진동면,2,"https://map.kakao.com/link/map/%EC%95%BC%EC%B4%8C%EB%A7%88%EC%9D%84%ED%9A%8C%EA%B4%80,35.1192713,128.4951077",https://map.naver.com/p?lng=128.4951077&lat=35.1192713&zoom=18,301605,CWB379003289,35.119271,128.495108
오산마을,창원시마산합포구,진동면,2,"https://map.kakao.com/link/map/%EC%98%A4%EC%82%B0%EB%A7%88%EC%9D%84,35.1427063,128.5073517",https://map.naver.com/p?lng=128.5073517&lat=35.1427063&zoom=18,306601,CWB379001614,35.142706,128.507352
오산마을,창원시마산합포구,진동면,2,"https://map.kakao.com/link/map/%EC%98%A4%EC%82%B0%EB%A7%88%EC%9D%84,35.1429858,128.507745",https://map.naver.com/p?lng=128.507745&lat=35.1429858&zoom=18,306622,CWB379003216,35.142986,128.507745
요장리,창원시마산합포구,진동면,2,"https://map.kakao.com/link/map/%EC%9A%94%EC%9E%A5%EB%A6%AC,35.1092892,128.4924432",https://map.naver.com/p?lng=128.4924432&lat=35.1092892&zoom=18,322152,CWB379003307,35.109289,128.492443
요장리,창원시마산합포구,진동면,2,"https://map.kakao.com/link/map/%EC%9A%94%EC%9E%A5%EB%A6%AC,35.1091416,128.492531",https://map.naver.com/p?lng=128.492531&lat=35.1091416&zoom=18,322153,CWB379003308,35.109142,128.492531
우산초등학교,창원시마산합포구,진동면,2,"https://map.kakao.com/link/map/%EC%9A%B0%EC%82%B0%EC%B4%88%EB%93%B1%ED%95%99%EA%B5%90,35.1044632,128.4785482",https://map.naver.com/p?lng=128.4785482&lat=35.1044632&zoom=18,630280,CWB379003055,35.104463,128.478548
우산초등학교,창원시마산합포구,진동면,2,"https://map.kakao.com/link/map/%EC%9A%B0%EC%82%B0%EC%B4%88%EB%93%B1%ED%95%99%EA%B5%90,35.1045614,128.4786182",https://map.naver.com/p?lng=128.4786182&lat=35.1045614&zoom=18,630281,CWB379003056,35.104561,128.478618
입곡마을입구,창원시마산합포구,진동면,1,"https://map.kakao.com/link/map/%EC%9E%85%EA%B3%A1%EB%A7%88%EC%9D%84%EC%9E%85%EA%B5%AC,35.1416251,128.5076239",https://map.naver.com/p?lng=128.5076239&lat=35.1416251&zoom=18,306602,CWB379001617,35.141625,128.507624
장기,창원시마산합포구,진동면,2,"https://map.kakao.com/link/map/%EC%9E%A5%EA%B8%B0,35.0991181,128.4752122",https://map.naver.com/p?lng=128.4752122&lat=35.0991181&zoom=18,306304,CWB379001841,35.099118,128.475212
장기,창원시마산합포구,진동면,2,"https://map.kakao.com/link/map/%EC%9E%A5%EA%B8%B0,35.0991484,128.4755002",https://map.naver.com/p?lng=128.4755002&lat=35.0991484&zoom=18,306303,CWB379001842,35.099148,128.4755
주도입구,창원시마산합포구,진동면,2,"https://map.kakao.com/link/map/%EC%A3%BC%EB%8F%84%EC%9E%85%EA%B5%AC,35.1034917,128.5070549",https://map.naver.com/p?lng=128.5070549&lat=35.1034917&zoom=18,322106,CWB379001816,35.103492,128.507055
주도입구,창원시마산합포구,진동면,2,"https://map.kakao.com/link/map/%EC%A3%BC%EB%8F%84%EC%9E%85%EA%B5%AC,35.1033826,128.5070512",https://map.naver.com/p?lng=128.5070512&lat=35.1033826&zoom=18,322105,CWB379001817,35.103383,128.507051
죽전,창원시마산합포구,진동면,2,"https://map.kakao.com/link/map/%EC%A3%BD%EC%A0%84,35.106937,128.478477",https://map.naver.com/p?lng=128.478477&lat=35.106937&zoom=18,306309,CWB379001801,35.106937,128.478477
죽전,창원시마산합포구,진동면,2,"https://map.kakao.com/link/map/%EC%A3%BD%EC%A0%84,35.107146,128.4785654",https://map.naver.com/p?lng=128.4785654&lat=35.107146&zoom=18,306310,CWB379001802,35.107146,128.478565
진동,창원시마산합포구,진동면,2,"https://map.kakao.com/link/map/%EC%A7%84%EB%8F%99,35.1156779,128.4875238",https://map.naver.com/p?lng=128.4875238&lat=35.1156779&zoom=18,308122,CWB379001758,35.115678,128.487524
진동,창원시마산합포구,진동면,2,"https://map.kakao.com/link/map/%EC%A7%84%EB%8F%99,35.1155228,128.487237",https://map.naver.com/p?lng=128.487237&lat=35.1155228&zoom=18,308141,CWB379006207,35.115523,128.487237
진동면허시험장,창원시마산합포구,진동면,2,"https://map.kakao.com/link/map/%EC%A7%84%EB%8F%99%EB%A9%B4%ED%97%88%EC%8B%9C%ED%97%98%EC%9E%A5,35.1235729,128.4876384",https://map.naver.com/p?lng=128.4876384&lat=35.1235729&zoom=18,317702,CWB379001695,35.123573,128.487638
진동면허시험장,창원시마산합포구,진동면,2,"https://map.kakao.com/link/map/%EC%A7%84%EB%8F%99%EB%A9%B4%ED%97%88%EC%8B%9C%ED%97%98%EC%9E%A5,35.1237001,128.4873184",https://map.naver.com/p?lng=128.4873184&lat=35.1237001&zoom=18,317701,CWB379001697,35.1237,128.487318
진동시장,창원시마산합포구,진동면,2,"https://map.kakao.com/link/map/%EC%A7%84%EB%8F%99%EC%8B%9C%EC%9E%A5,35.1134843,128.4866351",https://map.naver.com/p?lng=128.4866351&lat=35.1134843&zoom=18,308132,CWB379003520,35.113484,128.486635
진동시장,창원시마산합포구,진동면,2,"https://map.kakao.com/link/map/%EC%A7%84%EB%8F%99%EC%8B%9C%EC%9E%A5,35.1134158,128.4865269",https://map.naver.com/p?lng=128.4865269&lat=35.1134158&zoom=18,308133,CWB379005321,35.113416,128.486527
진동우체국,창원시마산합포구,진동면,1,"https://map.kakao.com/link/map/%EC%A7%84%EB%8F%99%EC%9A%B0%EC%B2%B4%EA%B5%AD,35.116632,128.4881018",https://map.naver.com/p?lng=128.4881018&lat=35.116632&zoom=18,308135,CWB379005442,35.116632,128.488102
진동유엔아이APT,창원시마산합포구,진동면,2,"https://map.kakao.com/link/map/%EC%A7%84%EB%8F%99%EC%9C%A0%EC%97%94%EC%95%84%EC%9D%B4APT,35.1217152,128.4880489",https://map.naver.com/p?lng=128.4880489&lat=35.1217152&zoom=18,317601,CWB379003068,35.121715,128.488049
진동유엔아이APT,창원시마산합포구,진동면,2,"https://map.kakao.com/link/map/%EC%A7%84%EB%8F%99%EC%9C%A0%EC%97%94%EC%95%84%EC%9D%B4APT,35.1216744,128.4878464",https://map.naver.com/p?lng=128.4878464&lat=35.1216744&zoom=18,317602,CWB379003069,35.121674,128.487846
진동유엔아이APT정문,창원시마산합포구,진동면,1,"https://map.kakao.com/link/map/%EC%A7%84%EB%8F%99%EC%9C%A0%EC%97%94%EC%95%84%EC%9D%B4APT%EC%A0%95%EB%AC%B8,35.1206601,128.4881421",https://map.naver.com/p?lng=128.4881421&lat=35.1206601&zoom=18,308140,CWB379006163,35.12066,128.488142
진동초등학교,창원시마산합포구,진동면,1,"https://map.kakao.com/link/map/%EC%A7%84%EB%8F%99%EC%B4%88%EB%93%B1%ED%95%99%EA%B5%90,35.1177973,128.4913615",https://map.naver.com/p?lng=128.4913615&lat=35.1177973&zoom=18,308125,CWB379001751,35.117797,128.491362
진동협성엠파이어APT,창원시마산합포구,진동면,1,"https://map.kakao.com/link/map/%EC%A7%84%EB%8F%99%ED%98%91%EC%84%B1%EC%97%A0%ED%8C%8C%EC%9D%B4%EC%96%B4APT,35.1206451,128.4879005",https://map.naver.com/p?lng=128.4879005&lat=35.1206451&zoom=18,308139,CWB379006162,35.120645,128.4879
진동환승센터,창원시마산합포구,진동면,2,"https://map.kakao.com/link/map/%EC%A7%84%EB%8F%99%ED%99%98%EC%8A%B9%EC%84%BC%ED%84%B0,35.1151329,128.485039",https://map.naver.com/p?lng=128.485039&lat=35.1151329&zoom=18,308127,CWB379002356,35.115133,128.485039
진동환승센터,창원시마산합포구,진동면,2,"https://map.kakao.com/link/map/%EC%A7%84%EB%8F%99%ED%99%98%EC%8A%B9%EC%84%BC%ED%84%B0,35.1153467,128.4846864",https://map.naver.com/p?lng=128.4846864&lat=35.1153467&zoom=18,308134,CWB379005359,35.115347,128.484686
창의탑,창원시마산합포구,진동면,2,"https://map.kakao.com/link/map/%EC%B0%BD%EC%9D%98%ED%83%91,35.1145695,128.4789616",https://map.naver.com/p?lng=128.4789616&lat=35.1145695&zoom=18,308120,CWB379001762,35.11457,128.478962
창의탑,창원시마산합포구,진동면,2,"https://map.kakao.com/link/map/%EC%B0%BD%EC%9D%98%ED%83%91,35.1144833,128.4787075",https://map.naver.com/p?lng=128.4787075&lat=35.1144833&zoom=18,308117,CWB379001764,35.114483,128.478708
태봉마을,창원시마산합포구,진동면,2,"https://map.kakao.com/link/map/%ED%83%9C%EB%B4%89%EB%A7%88%EC%9D%84,35.1465587,128.5108784",https://map.naver.com/p?lng=128.5108784&lat=35.1465587&zoom=18,306603,CWB379001603,35.146559,128.510878
태봉마을,창원시마산합포구,진동면,2,"https://map.kakao.com/link/map/%ED%83%9C%EB%B4%89%EB%A7%88%EC%9D%84,35.1464009,128.5105696",https://map.naver.com/p?lng=128.5105696&lat=35.1464009&zoom=18,306623,CWB379003217,35.146401,128.51057
태봉병원,창원시마산합포구,진동면,1,"https://map.kakao.com/link/map/%ED%83%9C%EB%B4%89%EB%B3%91%EC%9B%90,35.1458596,128.5111238",https://map.naver.com/p?lng=128.5111238&lat=35.1458596&zoom=18,306604,CWB379001602,35.14586,128.511124
한백자동차학원,창원시마산합포구,진동면,1,"https://map.kakao.com/link/map/%ED%95%9C%EB%B0%B1%EC%9E%90%EB%8F%99%EC%B0%A8%ED%95%99%EC%9B%90,35.1287533,128.5001124",https://map.naver.com/p?lng=128.5001124&lat=35.1287533&zoom=18,308126,CWB379001680,35.128753,128.500112
혜창아파트,창원시마산합포구,진동면,2,"https://map.kakao.com/link/map/%ED%98%9C%EC%B0%BD%EC%95%84%ED%8C%8C%ED%8A%B8,35.1111744,128.4893342",https://map.naver.com/p?lng=128.4893342&lat=35.1111744&zoom=18,322102,CWB379001780,35.111174,128.489334
혜창아파트,창원시마산합포구,진동면,2,"https://map.kakao.com/link/map/%ED%98%9C%EC%B0%BD%EC%95%84%ED%8C%8C%ED%8A%B8,35.1111159,128.4892249",https://map.naver.com/p?lng=128.4892249&lat=35.1111159&zoom=18,322101,CWB379001781,35.111116,128.489225
괴정마을,창원시마산합포구,진북면,2,"https://map.kakao.com/link/map/%EA%B4%B4%EC%A0%95%EB%A7%88%EC%9D%84,35.162499,128.4720704",https://map.naver.com/p?lng=128.4720704&lat=35.162499&zoom=18,317725,CWB379003409,35.162499,128.47207
괴정마을,창원시마산합포구,진북면,2,"https://map.kakao.com/link/map/%EA%B4%B4%EC%A0%95%EB%A7%88%EC%9D%84,35.1626285,128.4721946",https://map.naver.com/p?lng=128.4721946&lat=35.1626285&zoom=18,317726,CWB379003410,35.162628,128.472195
금산1반,창원시마산합포구,진북면,4,"https://map.kakao.com/link/map/%EA%B8%88%EC%82%B01%EB%B0%98,35.1487539,128.4456952",https://map.naver.com/p?lng=128.4456952&lat=35.1487539&zoom=18,321405,CWB379003070,35.148754,128.445695
금산1반,창원시마산합포구,진북면,4,"https://map.kakao.com/link/map/%EA%B8%88%EC%82%B01%EB%B0%98,35.1486444,128.4455914",https://map.naver.com/p?lng=128.4455914&lat=35.1486444&zoom=18,321406,CWB379003071,35.148644,128.445591
금산1반,창원시마산합포구,진북면,4,"https://map.kakao.com/link/map/%EA%B8%88%EC%82%B01%EB%B0%98,35.1513995,128.4461196",https://map.naver.com/p?lng=128.4461196&lat=35.1513995&zoom=18,321411,CWB379005362,35.1514,128.44612
금산1반,창원시마산합포구,진북면,4,"https://map.kakao.com/link/map/%EA%B8%88%EC%82%B01%EB%B0%98,35.1513937,128.4462292",https://map.naver.com/p?lng=128.4462292&lat=35.1513937&zoom=18,321412,CWB379005363,35.151394,128.446229
금산마을,창원시마산합포구,진북면,4,"https://map.kakao.com/link/map/%EA%B8%88%EC%82%B0%EB%A7%88%EC%9D%84,35.150047,128.447732",https://map.naver.com/p?lng=128.447732&lat=35.150047&zoom=18,321409,CWB379003528,35.150047,128.447732
금산마을,창원시마산합포구,진북면,4,"https://map.kakao.com/link/map/%EA%B8%88%EC%82%B0%EB%A7%88%EC%9D%84,35.150127,128.447689",https://map.naver.com/p?lng=128.447689&lat=35.150127&zoom=18,321410,CWB379003529,35.150127,128.447689
금산마을,창원시마산합포구,진북면,4,"https://map.kakao.com/link/map/%EA%B8%88%EC%82%B0%EB%A7%88%EC%9D%84,35.143556,128.452545",https://map.naver.com/p?lng=128.452545&lat=35.143556&zoom=18,321626,CWB379005912,35.143556,128.452545
금산마을,창원시마산합포구,진북면,4,"https://map.kakao.com/link/map/%EA%B8%88%EC%82%B0%EB%A7%88%EC%9D%84,35.1435924,128.4523317",https://map.naver.com/p?lng=128.4523317&lat=35.1435924&zoom=18,321627,CWB379005915,35.143592,128.452332
금산마을입구,창원시마산합포구,진북면,2,"https://map.kakao.com/link/map/%EA%B8%88%EC%82%B0%EB%A7%88%EC%9D%84%EC%9E%85%EA%B5%AC,35.1457098,128.4506878",https://map.naver.com/p?lng=128.4506878&lat=35.1457098&zoom=18,321612,CWB379001605,35.14571,128.450688
금산마을입구,창원시마산합포구,진북면,2,"https://map.kakao.com/link/map/%EA%B8%88%EC%82%B0%EB%A7%88%EC%9D%84%EC%9E%85%EA%B5%AC,35.1456293,128.4506342",https://map.naver.com/p?lng=128.4506342&lat=35.1456293&zoom=18,321611,CWB379001606,35.145629,128.450634
대밭골교,창원시마산합포구,진북면,2,"https://map.kakao.com/link/map/%EB%8C%80%EB%B0%AD%EA%B3%A8%EA%B5%90,35.150921,128.444308",https://map.naver.com/p?lng=128.444308&lat=35.150921&zoom=18,321407,CWB379003526,35.150921,128.444308
대밭골교,창원시마산합포구,진북면,2,"https://map.kakao.com/link/map/%EB%8C%80%EB%B0%AD%EA%B3%A8%EA%B5%90,35.150966,128.444193",https://map.naver.com/p?lng=128.444193&lat=35.150966&zoom=18,321408,CWB379003527,35.150966,128.444193
대티마을,창원시마산합포구,진북면,2,"https://map.kakao.com/link/map/%EB%8C%80%ED%8B%B0%EB%A7%88%EC%9D%84,35.1651911,128.4724912",https://map.naver.com/p?lng=128.4724912&lat=35.1651911&zoom=18,317715,CWB379001476,35.165191,128.472491
대티마을,창원시마산합포구,진북면,2,"https://map.kakao.com/link/map/%EB%8C%80%ED%8B%B0%EB%A7%88%EC%9D%84,35.165172,128.4726703",https://map.naver.com/p?lng=128.4726703&lat=35.165172&zoom=18,317716,CWB379001477,35.165172,128.47267
대티회관,창원시마산합포구,진북면,1,"https://map.kakao.com/link/map/%EB%8C%80%ED%8B%B0%ED%9A%8C%EA%B4%80,35.1667842,128.4680246",https://map.naver.com/p?lng=128.4680246&lat=35.1667842&zoom=18,317734,CWB379005508,35.166784,128.468025
대평마을,창원시마산합포구,진북면,2,"https://map.kakao.com/link/map/%EB%8C%80%ED%8F%89%EB%A7%88%EC%9D%84,35.1286784,128.4666163",https://map.naver.com/p?lng=128.4666163&lat=35.1286784&zoom=18,321603,CWB379001684,35.128678,128.466616
대평마을,창원시마산합포구,진북면,2,"https://map.kakao.com/link/map/%EB%8C%80%ED%8F%89%EB%A7%88%EC%9D%84,35.1286809,128.4667207",https://map.naver.com/p?lng=128.4667207&lat=35.1286809&zoom=18,321604,CWB379001685,35.128681,128.466721
대현마을입구,창원시마산합포구,진북면,2,"https://map.kakao.com/link/map/%EB%8C%80%ED%98%84%EB%A7%88%EC%9D%84%EC%9E%85%EA%B5%AC,35.1743294,128.4682617",https://map.naver.com/p?lng=128.4682617&lat=35.1743294&zoom=18,317720,CWB379001445,35.174329,128.468262
대현마을입구,창원시마산합포구,진북면,2,"https://map.kakao.com/link/map/%EB%8C%80%ED%98%84%EB%A7%88%EC%9D%84%EC%9E%85%EA%B5%AC,35.1742312,128.4681804",https://map.naver.com/p?lng=128.4681804&lat=35.1742312&zoom=18,317719,CWB379001448,35.174231,128.46818
대현종점,창원시마산합포구,진북면,1,"https://map.kakao.com/link/map/%EB%8C%80%ED%98%84%EC%A2%85%EC%A0%90,35.1807391,128.4655092",https://map.naver.com/p?lng=128.4655092&lat=35.1807391&zoom=18,317723,CWB379001414,35.180739,128.465509
대현종점.용광사,창원시마산합포구,진북면,1,"https://map.kakao.com/link/map/%EB%8C%80%ED%98%84%EC%A2%85%EC%A0%90.%EC%9A%A9%EA%B4%91%EC%82%AC,35.1808734,128.4655775",https://map.naver.com/p?lng=128.4655775&lat=35.1808734&zoom=18,317724,CWB379001413,35.180873,128.465578
덕곡,창원시마산합포구,진북면,2,"https://map.kakao.com/link/map/%EB%8D%95%EA%B3%A1,35.1272645,128.4736181",https://map.naver.com/p?lng=128.4736181&lat=35.1272645&zoom=18,321619,CWB379003372,35.127264,128.473618
덕곡,창원시마산합포구,진북면,2,"https://map.kakao.com/link/map/%EB%8D%95%EA%B3%A1,35.127366,128.4735148",https://map.naver.com/p?lng=128.4735148&lat=35.127366&zoom=18,321620,CWB379003373,35.127366,128.473515
덕곡2교,창원시마산합포구,진북면,2,"https://map.kakao.com/link/map/%EB%8D%95%EA%B3%A12%EA%B5%90,35.1303182,128.472375",https://map.naver.com/p?lng=128.472375&lat=35.1303182&zoom=18,321624,CWB379005526,35.130318,128.472375
덕곡2교,창원시마산합포구,진북면,2,"https://map.kakao.com/link/map/%EB%8D%95%EA%B3%A12%EA%B5%90,35.1304052,128.4722668",https://map.naver.com/p?lng=128.4722668&lat=35.1304052&zoom=18,321625,CWB379005527,35.130405,128.472267
덕곡입구,창원시마산합포구,진북면,2,"https://map.kakao.com/link/map/%EB%8D%95%EA%B3%A1%EC%9E%85%EA%B5%AC,35.1179871,128.4719009",https://map.naver.com/p?lng=128.4719009&lat=35.1179871&zoom=18,321602,CWB379001730,35.117987,128.471901
덕곡입구,창원시마산합포구,진북면,2,"https://map.kakao.com/link/map/%EB%8D%95%EA%B3%A1%EC%9E%85%EA%B5%AC,35.1179491,128.4718149",https://map.naver.com/p?lng=128.4718149&lat=35.1179491&zoom=18,321601,CWB379001731,35.117949,128.471815
동삼마을,창원시마산합포구,진북면,2,"https://map.kakao.com/link/map/%EB%8F%99%EC%82%BC%EB%A7%88%EC%9D%84,35.1248397,128.4472663",https://map.naver.com/p?lng=128.4472663&lat=35.1248397&zoom=18,315103,CWB379001698,35.12484,128.447266
동삼마을,창원시마산합포구,진북면,2,"https://map.kakao.com/link/map/%EB%8F%99%EC%82%BC%EB%A7%88%EC%9D%84,35.1219263,128.4520156",https://map.naver.com/p?lng=128.4520156&lat=35.1219263&zoom=18,315003,CWB379003079,35.121926,128.452016
동촌,창원시마산합포구,진북면,2,"https://map.kakao.com/link/map/%EB%8F%99%EC%B4%8C,35.1154176,128.473522",https://map.naver.com/p?lng=128.473522&lat=35.1154176&zoom=18,308115,CWB379001752,35.115418,128.473522
동촌,창원시마산합포구,진북면,2,"https://map.kakao.com/link/map/%EB%8F%99%EC%B4%8C,35.115215,128.4738996",https://map.naver.com/p?lng=128.4738996&lat=35.115215&zoom=18,308118,CWB379001756,35.115215,128.4739
들담,창원시마산합포구,진북면,2,"https://map.kakao.com/link/map/%EB%93%A4%EB%8B%B4,35.1244805,128.4433059",https://map.naver.com/p?lng=128.4433059&lat=35.1244805&zoom=18,315005,CWB379003081,35.12448,128.443306
들담,창원시마산합포구,진북면,2,"https://map.kakao.com/link/map/%EB%93%A4%EB%8B%B4,35.1244361,128.4432719",https://map.naver.com/p?lng=128.4432719&lat=35.1244361&zoom=18,315006,CWB379003082,35.124436,128.443272
마산정신요양원,창원시마산합포구,진북면,2,"https://map.kakao.com/link/map/%EB%A7%88%EC%82%B0%EC%A0%95%EC%8B%A0%EC%9A%94%EC%96%91%EC%9B%90,35.1688764,128.471648",https://map.naver.com/p?lng=128.471648&lat=35.1688764&zoom=18,317727,CWB379003482,35.168876,128.471648
마산정신요양원,창원시마산합포구,진북면,2,"https://map.kakao.com/link/map/%EB%A7%88%EC%82%B0%EC%A0%95%EC%8B%A0%EC%9A%94%EC%96%91%EC%9B%90,35.1688202,128.4715234",https://map.naver.com/p?lng=128.4715234&lat=35.1688202&zoom=18,317728,CWB379003483,35.16882,128.471523
망곡마을,창원시마산합포구,진북면,2,"https://map.kakao.com/link/map/%EB%A7%9D%EA%B3%A1%EB%A7%88%EC%9D%84,35.1429973,128.4827767",https://map.naver.com/p?lng=128.4827767&lat=35.1429973&zoom=18,317709,CWB379001615,35.142997,128.482777
망곡마을,창원시마산합포구,진북면,2,"https://map.kakao.com/link/map/%EB%A7%9D%EA%B3%A1%EB%A7%88%EC%9D%84,35.142587,128.4834386",https://map.naver.com/p?lng=128.4834386&lat=35.142587&zoom=18,317710,CWB379001616,35.142587,128.483439
부림자동차전문학원,창원시마산합포구,진북면,2,"https://map.kakao.com/link/map/%EB%B6%80%EB%A6%BC%EC%9E%90%EB%8F%99%EC%B0%A8%EC%A0%84%EB%AC%B8%ED%95%99%EC%9B%90,35.1286643,128.4864118",https://map.naver.com/p?lng=128.4864118&lat=35.1286643&zoom=18,317732,CWB379005465,35.128664,128.486412
부림자동차전문학원,창원시마산합포구,진북면,2,"https://map.kakao.com/link/map/%EB%B6%80%EB%A6%BC%EC%9E%90%EB%8F%99%EC%B0%A8%EC%A0%84%EB%AC%B8%ED%95%99%EC%9B%90,35.12873,128.4861964",https://map.naver.com/p?lng=128.4861964&lat=35.12873&zoom=18,317731,CWB379005466,35.12873,128.486196
부산마을입구,창원시마산합포구,진북면,2,"https://map.kakao.com/link/map/%EB%B6%80%EC%82%B0%EB%A7%88%EC%9D%84%EC%9E%85%EA%B5%AC,35.1371578,128.4601173",https://map.naver.com/p?lng=128.4601173&lat=35.1371578&zoom=18,321608,CWB379001646,35.137158,128.460117
부산마을입구,창원시마산합포구,진북면,2,"https://map.kakao.com/link/map/%EB%B6%80%EC%82%B0%EB%A7%88%EC%9D%84%EC%9E%85%EA%B5%AC,35.1369963,128.4601571",https://map.naver.com/p?lng=128.4601571&lat=35.1369963&zoom=18,321607,CWB379001647,35.136996,128.460157
부평마을,창원시마산합포구,진북면,2,"https://map.kakao.com/link/map/%EB%B6%80%ED%8F%89%EB%A7%88%EC%9D%84,35.1474595,128.4790644",https://map.naver.com/p?lng=128.4790644&lat=35.1474595&zoom=18,317712,CWB379001594,35.14746,128.479064
부평마을,창원시마산합포구,진북면,2,"https://map.kakao.com/link/map/%EB%B6%80%ED%8F%89%EB%A7%88%EC%9D%84,35.147207,128.479013",https://map.naver.com/p?lng=128.479013&lat=35.147207&zoom=18,317711,CWB379001595,35.147207,128.479013
서북동마을,창원시마산합포구,진북면,2,"https://map.kakao.com/link/map/%EC%84%9C%EB%B6%81%EB%8F%99%EB%A7%88%EC%9D%84,35.1592913,128.426829",https://map.naver.com/p?lng=128.426829&lat=35.1592913&zoom=18,321621,CWB379003381,35.159291,128.426829
서북동마을,창원시마산합포구,진북면,2,"https://map.kakao.com/link/map/%EC%84%9C%EB%B6%81%EB%8F%99%EB%A7%88%EC%9D%84,35.1595007,128.4266461",https://map.naver.com/p?lng=128.4266461&lat=35.1595007&zoom=18,321632,CWB379005947,35.159501,128.426646
서촌,창원시마산합포구,진북면,2,"https://map.kakao.com/link/map/%EC%84%9C%EC%B4%8C,35.1159836,128.4642952",https://map.naver.com/p?lng=128.4642952&lat=35.1159836&zoom=18,630068,CWB379001749,35.115984,128.464295
서촌,창원시마산합포구,진북면,2,"https://map.kakao.com/link/map/%EC%84%9C%EC%B4%8C,35.1158582,128.4643579",https://map.naver.com/p?lng=128.4643579&lat=35.1158582&zoom=18,630069,CWB379001750,35.115858,128.464358
숲안,창원시마산합포구,진북면,1,"https://map.kakao.com/link/map/%EC%88%B2%EC%95%88,35.1290032,128.4483618",https://map.naver.com/p?lng=128.4483618&lat=35.1290032&zoom=18,315002,CWB379003078,35.129003,128.448362
신촌공단,창원시마산합포구,진북면,2,"https://map.kakao.com/link/map/%EC%8B%A0%EC%B4%8C%EA%B3%B5%EB%8B%A8,35.1402055,128.4796035",https://map.naver.com/p?lng=128.4796035&lat=35.1402055&zoom=18,317803,CWB379001627,35.140206,128.479604
신촌공단,창원시마산합포구,진북면,2,"https://map.kakao.com/link/map/%EC%8B%A0%EC%B4%8C%EA%B3%B5%EB%8B%A8,35.1400939,128.4797129",https://map.naver.com/p?lng=128.4797129&lat=35.1400939&zoom=18,317804,CWB379001628,35.140094,128.479713
신촌회차장,창원시마산합포구,진북면,2,"https://map.kakao.com/link/map/%EC%8B%A0%EC%B4%8C%ED%9A%8C%EC%B0%A8%EC%9E%A5,35.1343642,128.4766936",https://map.naver.com/p?lng=128.4766936&lat=35.1343642&zoom=18,317801,CWB379001662,35.134364,128.476694
신촌회차장,창원시마산합포구,진북면,2,"https://map.kakao.com/link/map/%EC%8B%A0%EC%B4%8C%ED%9A%8C%EC%B0%A8%EC%9E%A5,35.1349546,128.4775102",https://map.naver.com/p?lng=128.4775102&lat=35.1349546&zoom=18,317802,CWB379001663,35.134955,128.47751
아랫담,창원시마산합포구,진북면,1,"https://map.kakao.com/link/map/%EC%95%84%EB%9E%AB%EB%8B%B4,35.127621,128.4460117",https://map.naver.com/p?lng=128.4460117&lat=35.127621&zoom=18,315114,CWB379005907,35.127621,128.446012
연동마을,창원시마산합포구,진북면,2,"https://map.kakao.com/link/map/%EC%97%B0%EB%8F%99%EB%A7%88%EC%9D%84,35.1373968,128.4845078",https://map.naver.com/p?lng=128.4845078&lat=35.1373968&zoom=18,317707,CWB379001642,35.137397,128.484508
연동마을,창원시마산합포구,진북면,2,"https://map.kakao.com/link/map/%EC%97%B0%EB%8F%99%EB%A7%88%EC%9D%84,35.1375093,128.4847541",https://map.naver.com/p?lng=128.4847541&lat=35.1375093&zoom=18,317708,CWB379001643,35.137509,128.484754
연동마을입구,창원시마산합포구,진북면,2,"https://map.kakao.com/link/map/%EC%97%B0%EB%8F%99%EB%A7%88%EC%9D%84%EC%9E%85%EA%B5%AC,35.1346481,128.4849421",https://map.naver.com/p?lng=128.4849421&lat=35.1346481&zoom=18,317706,CWB379001660,35.134648,128.484942
연동마을입구,창원시마산합포구,진북면,2,"https://map.kakao.com/link/map/%EC%97%B0%EB%8F%99%EB%A7%88%EC%9D%84%EC%9E%85%EA%B5%AC,35.1337597,128.4850727",https://map.naver.com/p?lng=128.4850727&lat=35.1337597&zoom=18,317705,CWB379001664,35.13376,128.485073
영동,창원시마산합포구,진북면,2,"https://map.kakao.com/link/map/%EC%98%81%EB%8F%99,35.1569346,128.4314052",https://map.naver.com/p?lng=128.4314052&lat=35.1569346&zoom=18,321633,CWB379006188,35.156935,128.431405
영동,창원시마산합포구,진북면,2,"https://map.kakao.com/link/map/%EC%98%81%EB%8F%99,35.156829,128.4313814",https://map.naver.com/p?lng=128.4313814&lat=35.156829&zoom=18,321634,CWB379006189,35.156829,128.431381
영동종점,창원시마산합포구,진북면,2,"https://map.kakao.com/link/map/%EC%98%81%EB%8F%99%EC%A2%85%EC%A0%90,35.1564046,128.4341727",https://map.naver.com/p?lng=128.4341727&lat=35.1564046&zoom=18,321616,CWB379001528,35.156405,128.434173
영동종점,창원시마산합포구,진북면,2,"https://map.kakao.com/link/map/%EC%98%81%EB%8F%99%EC%A2%85%EC%A0%90,35.1563061,128.4340282",https://map.naver.com/p?lng=128.4340282&lat=35.1563061&zoom=18,321615,CWB379001530,35.156306,128.434028
영학리,창원시마산합포구,진북면,2,"https://map.kakao.com/link/map/%EC%98%81%ED%95%99%EB%A6%AC,35.1581088,128.4291685",https://map.naver.com/p?lng=128.4291685&lat=35.1581088&zoom=18,321617,CWB379003273,35.158109,128.429168
영학리,창원시마산합포구,진북면,2,"https://map.kakao.com/link/map/%EC%98%81%ED%95%99%EB%A6%AC,35.1580084,128.4290962",https://map.naver.com/p?lng=128.4290962&lat=35.1580084&zoom=18,321618,CWB379003274,35.158008,128.429096
예곡,창원시마산합포구,진북면,4,"https://map.kakao.com/link/map/%EC%98%88%EA%B3%A1,35.1165619,128.4556739",https://map.naver.com/p?lng=128.4556739&lat=35.1165619&zoom=18,315108,CWB379001742,35.116562,128.455674
예곡,창원시마산합포구,진북면,4,"https://map.kakao.com/link/map/%EC%98%88%EA%B3%A1,35.1169389,128.4548728",https://map.naver.com/p?lng=128.4548728&lat=35.1169389&zoom=18,315107,CWB379001743,35.116939,128.454873
예곡,창원시마산합포구,진북면,4,"https://map.kakao.com/link/map/%EC%98%88%EA%B3%A1,35.1145241,128.4597709",https://map.naver.com/p?lng=128.4597709&lat=35.1145241&zoom=18,315110,CWB379001766,35.114524,128.459771
예곡,창원시마산합포구,진북면,4,"https://map.kakao.com/link/map/%EC%98%88%EA%B3%A1,35.1148559,128.4588621",https://map.naver.com/p?lng=128.4588621&lat=35.1148559&zoom=18,315109,CWB379001767,35.114856,128.458862
예곡마을,창원시마산합포구,진북면,2,"https://map.kakao.com/link/map/%EC%98%88%EA%B3%A1%EB%A7%88%EC%9D%84,35.1192427,128.4515106",https://map.naver.com/p?lng=128.4515106&lat=35.1192427&zoom=18,315106,CWB379001723,35.119243,128.451511
예곡마을,창원시마산합포구,진북면,2,"https://map.kakao.com/link/map/%EC%98%88%EA%B3%A1%EB%A7%88%EC%9D%84,35.1191767,128.4514583",https://map.naver.com/p?lng=128.4514583&lat=35.1191767&zoom=18,315105,CWB379001724,35.119177,128.451458
옥곡마을,창원시마산합포구,진북면,1,"https://map.kakao.com/link/map/%EC%98%A5%EA%B3%A1%EB%A7%88%EC%9D%84,35.1106256,128.4587781",https://map.naver.com/p?lng=128.4587781&lat=35.1106256&zoom=18,308107,CWB379001785,35.110626,128.458778
외추마을,창원시마산합포구,진북면,2,"https://map.kakao.com/link/map/%EC%99%B8%EC%B6%94%EB%A7%88%EC%9D%84,35.1533073,128.4763864",https://map.naver.com/p?lng=128.4763864&lat=35.1533073&zoom=18,317714,CWB379001556,35.153307,128.476386
외추마을,창원시마산합포구,진북면,2,"https://map.kakao.com/link/map/%EC%99%B8%EC%B6%94%EB%A7%88%EC%9D%84,35.1533514,128.4761862",https://map.naver.com/p?lng=128.4761862&lat=35.1533514&zoom=18,317713,CWB379001557,35.153351,128.476186
율티마을,창원시마산합포구,진북면,1,"https://map.kakao.com/link/map/%EC%9C%A8%ED%8B%B0%EB%A7%88%EC%9D%84,35.1110217,128.4601151",https://map.naver.com/p?lng=128.4601151&lat=35.1110217&zoom=18,308112,CWB379001784,35.111022,128.460115
이목,창원시마산합포구,진북면,2,"https://map.kakao.com/link/map/%EC%9D%B4%EB%AA%A9,35.1358592,128.4625181",https://map.naver.com/p?lng=128.4625181&lat=35.1358592&zoom=18,321605,CWB379001657,35.135859,128.462518
이목,창원시마산합포구,진북면,2,"https://map.kakao.com/link/map/%EC%9D%B4%EB%AA%A9,35.1356005,128.4629992",https://map.naver.com/p?lng=128.4629992&lat=35.1356005&zoom=18,321606,CWB379001658,35.1356,128.462999
이목마을,창원시마산합포구,진북면,4,"https://map.kakao.com/link/map/%EC%9D%B4%EB%AA%A9%EB%A7%88%EC%9D%84,35.1388182,128.458414",https://map.naver.com/p?lng=128.458414&lat=35.1388182&zoom=18,321609,CWB379001634,35.138818,128.458414
이목마을,창원시마산합포구,진북면,4,"https://map.kakao.com/link/map/%EC%9D%B4%EB%AA%A9%EB%A7%88%EC%9D%84,35.1393578,128.4579281",https://map.naver.com/p?lng=128.4579281&lat=35.1393578&zoom=18,321610,CWB379001635,35.139358,128.457928
이목마을,창원시마산합포구,진북면,4,"https://map.kakao.com/link/map/%EC%9D%B4%EB%AA%A9%EB%A7%88%EC%9D%84,35.1402492,128.4566062",https://map.naver.com/p?lng=128.4566062&lat=35.1402492&zoom=18,321628,CWB379005911,35.140249,128.456606
이목마을,창원시마산합포구,진북면,4,"https://map.kakao.com/link/map/%EC%9D%B4%EB%AA%A9%EB%A7%88%EC%9D%84,35.1403914,128.456211",https://map.naver.com/p?lng=128.456211&lat=35.1403914&zoom=18,321629,CWB379005916,35.140391,128.456211
이목마을회관,창원시마산합포구,진북면,2,"https://map.kakao.com/link/map/%EC%9D%B4%EB%AA%A9%EB%A7%88%EC%9D%84%ED%9A%8C%EA%B4%80,35.1346376,128.4638103",https://map.naver.com/p?lng=128.4638103&lat=35.1346376&zoom=18,321630,CWB379005910,35.134638,128.46381
이목마을회관,창원시마산합포구,진북면,2,"https://map.kakao.com/link/map/%EC%9D%B4%EB%AA%A9%EB%A7%88%EC%9D%84%ED%9A%8C%EA%B4%80,35.1345623,128.4637047",https://map.naver.com/p?lng=128.4637047&lat=35.1345623&zoom=18,321631,CWB379005917,35.134562,128.463705
인곡교,창원시마산합포구,진북면,1,"https://map.kakao.com/link/map/%EC%9D%B8%EA%B3%A1%EA%B5%90,35.1219399,128.4485302",https://map.naver.com/p?lng=128.4485302&lat=35.1219399&zoom=18,315113,CWB379005574,35.12194,128.44853
인곡마을종점,창원시마산합포구,진북면,1,"https://map.kakao.com/link/map/%EC%9D%B8%EA%B3%A1%EB%A7%88%EC%9D%84%EC%A2%85%EC%A0%90,35.1302684,128.4461776",https://map.naver.com/p?lng=128.4461776&lat=35.1302684&zoom=18,315101,CWB379001677,35.130268,128.446178
일성식물원,창원시마산합포구,진북면,2,"https://map.kakao.com/link/map/%EC%9D%BC%EC%84%B1%EC%8B%9D%EB%AC%BC%EC%9B%90,35.1548717,128.4368836",https://map.naver.com/p?lng=128.4368836&lat=35.1548717&zoom=18,321622,CWB379003495,35.154872,128.436884
일성식물원,창원시마산합포구,진북면,2,"https://map.kakao.com/link/map/%EC%9D%BC%EC%84%B1%EC%8B%9D%EB%AC%BC%EC%9B%90,35.154798,128.4367801",https://map.naver.com/p?lng=128.4367801&lat=35.154798&zoom=18,321623,CWB379003496,35.154798,128.43678
정곡종점,창원시마산합포구,진북면,1,"https://map.kakao.com/link/map/%EC%A0%95%EA%B3%A1%EC%A2%85%EC%A0%90,35.1262089,128.4385683",https://map.naver.com/p?lng=128.4385683&lat=35.1262089&zoom=18,317902,CWB379001693,35.126209,128.438568
정삼마을,창원시마산합포구,진북면,1,"https://map.kakao.com/link/map/%EC%A0%95%EC%82%BC%EB%A7%88%EC%9D%84,35.1719506,128.4622589",https://map.naver.com/p?lng=128.4622589&lat=35.1719506&zoom=18,317733,CWB379005479,35.171951,128.462259
정현리,창원시마산합포구,진북면,2,"https://map.kakao.com/link/map/%EC%A0%95%ED%98%84%EB%A6%AC,35.1781936,128.4664706",https://map.naver.com/p?lng=128.4664706&lat=35.1781936&zoom=18,317721,CWB379001427,35.178194,128.466471
정현리,창원시마산합포구,진북면,2,"https://map.kakao.com/link/map/%EC%A0%95%ED%98%84%EB%A6%AC,35.1781741,128.466619",https://map.naver.com/p?lng=128.466619&lat=35.1781741&zoom=18,317722,CWB379001432,35.178174,128.466619
중촌마을,창원시마산합포구,진북면,2,"https://map.kakao.com/link/map/%EC%A4%91%EC%B4%8C%EB%A7%88%EC%9D%84,35.1717258,128.4701606",https://map.naver.com/p?lng=128.4701606&lat=35.1717258&zoom=18,317718,CWB379001457,35.171726,128.470161
중촌마을,창원시마산합포구,진북면,2,"https://map.kakao.com/link/map/%EC%A4%91%EC%B4%8C%EB%A7%88%EC%9D%84,35.1717186,128.4700153",https://map.naver.com/p?lng=128.4700153&lat=35.1717186&zoom=18,317717,CWB379001458,35.171719,128.470015
지산마을,창원시마산합포구,진북면,2,"https://map.kakao.com/link/map/%EC%A7%80%EC%82%B0%EB%A7%88%EC%9D%84,35.1140677,128.4619778",https://map.naver.com/p?lng=128.4619778&lat=35.1140677&zoom=18,630070,CWB379001769,35.114068,128.461978
지산마을,창원시마산합포구,진북면,2,"https://map.kakao.com/link/map/%EC%A7%80%EC%82%B0%EB%A7%88%EC%9D%84,35.1139549,128.4617675",https://map.naver.com/p?lng=128.4617675&lat=35.1139549&zoom=18,630071,CWB379001770,35.113955,128.461768
진북면행정복지센터,창원시마산합포구,진북면,4,"https://map.kakao.com/link/map/%EC%A7%84%EB%B6%81%EB%A9%B4%ED%96%89%EC%A0%95%EB%B3%B5%EC%A7%80%EC%84%BC%ED%84%B0,35.1148707,128.4690057",https://map.naver.com/p?lng=128.4690057&lat=35.1148707&zoom=18,308113,CWB379001759,35.114871,128.469006
진북면행정복지센터,창원시마산합포구,진북면,4,"https://map.kakao.com/link/map/%EC%A7%84%EB%B6%81%EB%A9%B4%ED%96%89%EC%A0%95%EB%B3%B5%EC%A7%80%EC%84%BC%ED%84%B0,35.114771,128.4692769",https://map.naver.com/p?lng=128.4692769&lat=35.114771&zoom=18,308116,CWB379001761,35.114771,128.469277
진북면행정복지센터,창원시마산합포구,진북면,4,"https://map.kakao.com/link/map/%EC%A7%84%EB%B6%81%EB%A9%B4%ED%96%89%EC%A0%95%EB%B3%B5%EC%A7%80%EC%84%BC%ED%84%B0,35.1151294,128.467264",https://map.naver.com/p?lng=128.467264&lat=35.1151294&zoom=18,308130,CWB379003353,35.115129,128.467264
진북면행정복지센터,창원시마산합포구,진북면,4,"https://map.kakao.com/link/map/%EC%A7%84%EB%B6%81%EB%A9%B4%ED%96%89%EC%A0%95%EB%B3%B5%EC%A7%80%EC%84%BC%ED%84%B0,35.1150198,128.4672662",https://map.naver.com/p?lng=128.4672662&lat=35.1150198&zoom=18,308131,CWB379003354,35.11502,128.467266
추곡리,창원시마산합포구,진북면,2,"https://map.kakao.com/link/map/%EC%B6%94%EA%B3%A1%EB%A6%AC,35.1569354,128.475096",https://map.naver.com/p?lng=128.475096&lat=35.1569354&zoom=18,317730,CWB379005467,35.156935,128.475096
추곡리,창원시마산합포구,진북면,2,"https://map.kakao.com/link/map/%EC%B6%94%EA%B3%A1%EB%A6%AC,35.1572543,128.4748109",https://map.naver.com/p?lng=128.4748109&lat=35.1572543&zoom=18,317729,CWB379005468,35.157254,128.474811
학동마을회관,창원시마산합포구,진북면,2,"https://map.kakao.com/link/map/%ED%95%99%EB%8F%99%EB%A7%88%EC%9D%84%ED%9A%8C%EA%B4%80,35.1516431,128.4400529",https://map.naver.com/p?lng=128.4400529&lat=35.1516431&zoom=18,321614,CWB379001573,35.151643,128.440053
학동마을회관,창원시마산합포구,진북면,2,"https://map.kakao.com/link/map/%ED%95%99%EB%8F%99%EB%A7%88%EC%9D%84%ED%9A%8C%EA%B4%80,35.1512858,128.440175",https://map.naver.com/p?lng=128.440175&lat=35.1512858&zoom=18,321613,CWB379001576,35.151286,128.440175
함박골,창원시마산합포구,진북면,1,"https://map.kakao.com/link/map/%ED%95%A8%EB%B0%95%EA%B3%A8,35.1262088,128.4505434",https://map.naver.com/p?lng=128.4505434&lat=35.1262088&zoom=18,315004,CWB379003080,35.126209,128.450543
해병전첩비,창원시마산합포구,진북면,2,"https://map.kakao.com/link/map/%ED%95%B4%EB%B3%91%EC%A0%84%EC%B2%A9%EB%B9%84,35.1130056,128.4631827",https://map.naver.com/p?lng=128.4631827&lat=35.1130056&zoom=18,308111,CWB379001775,35.113006,128.463183
해병전첩비,창원시마산합포구,진북면,2,"https://map.kakao.com/link/map/%ED%95%B4%EB%B3%91%EC%A0%84%EC%B2%A9%EB%B9%84,35.1129596,128.4635369",https://map.naver.com/p?lng=128.4635369&lat=35.1129596&zoom=18,308114,CWB379001776,35.11296,128.463537
현대사랑병원,창원시마산합포구,진북면,1,"https://map.kakao.com/link/map/%ED%98%84%EB%8C%80%EC%82%AC%EB%9E%91%EB%B3%91%EC%9B%90,35.1317828,128.4469157",https://map.naver.com/p?lng=128.4469157&lat=35.1317828&zoom=18,315001,CWB379003077,35.131783,128.446916
개양마을,창원시마산합포구,진전면,2,"https://map.kakao.com/link/map/%EA%B0%9C%EC%96%91%EB%A7%88%EC%9D%84,35.1273993,128.3822365",https://map.naver.com/p?lng=128.3822365&lat=35.1273993&zoom=18,320704,CWB379001690,35.127399,128.382236
개양마을,창원시마산합포구,진전면,2,"https://map.kakao.com/link/map/%EA%B0%9C%EC%96%91%EB%A7%88%EC%9D%84,35.1271442,128.3826634",https://map.naver.com/p?lng=128.3826634&lat=35.1271442&zoom=18,320703,CWB379001691,35.127144,128.382663
거락마을,창원시마산합포구,진전면,2,"https://map.kakao.com/link/map/%EA%B1%B0%EB%9D%BD%EB%A7%88%EC%9D%84,35.1416329,128.3723671",https://map.naver.com/p?lng=128.3723671&lat=35.1416329&zoom=18,315207,CWB379001629,35.141633,128.372367
거락마을,창원시마산합포구,진전면,2,"https://map.kakao.com/link/map/%EA%B1%B0%EB%9D%BD%EB%A7%88%EC%9D%84,35.1416039,128.3725061",https://map.naver.com/p?lng=128.3725061&lat=35.1416039&zoom=18,315208,CWB379001630,35.141604,128.372506
곡안리,창원시마산합포구,진전면,1,"https://map.kakao.com/link/map/%EA%B3%A1%EC%95%88%EB%A6%AC,35.1094733,128.4145013",https://map.naver.com/p?lng=128.4145013&lat=35.1094733&zoom=18,320709,CWB379001795,35.109473,128.414501
근곡마을,창원시마산합포구,진전면,1,"https://map.kakao.com/link/map/%EA%B7%BC%EA%B3%A1%EB%A7%88%EC%9D%84,35.1142125,128.445919",https://map.naver.com/p?lng=128.445919&lat=35.1142125&zoom=18,302401,CWB379002877,35.114212,128.445919
금암(중촌)마을,창원시마산합포구,진전면,2,"https://map.kakao.com/link/map/%EA%B8%88%EC%95%94%28%EC%A4%91%EC%B4%8C%29%EB%A7%88%EC%9D%84,35.1382004,128.3824315",https://map.naver.com/p?lng=128.3824315&lat=35.1382004&zoom=18,302701,CWB379001644,35.1382,128.382432
금암(중촌)마을,창원시마산합포구,진전면,2,"https://map.kakao.com/link/map/%EA%B8%88%EC%95%94%28%EC%A4%91%EC%B4%8C%29%EB%A7%88%EC%9D%84,35.1381263,128.3824083",https://map.naver.com/p?lng=128.3824083&lat=35.1381263&zoom=18,302702,CWB379001645,35.138126,128.382408
금암마을,창원시마산합포구,진전면,2,"https://map.kakao.com/link/map/%EA%B8%88%EC%95%94%EB%A7%88%EC%9D%84,35.1368773,128.3743426",https://map.naver.com/p?lng=128.3743426&lat=35.1368773&zoom=18,315206,CWB379001653,35.136877,128.374343
금암마을,창원시마산합포구,진전면,2,"https://map.kakao.com/link/map/%EA%B8%88%EC%95%94%EB%A7%88%EC%9D%84,35.1367808,128.3742915",https://map.naver.com/p?lng=128.3742915&lat=35.1367808&zoom=18,315205,CWB379001654,35.136781,128.374292
내평마을,창원시마산합포구,진전면,1,"https://map.kakao.com/link/map/%EB%82%B4%ED%8F%89%EB%A7%88%EC%9D%84,35.122661,128.380378",https://map.naver.com/p?lng=128.380378&lat=35.122661&zoom=18,316004,CWB379005930,35.122661,128.380378
대량마을,창원시마산합포구,진전면,2,"https://map.kakao.com/link/map/%EB%8C%80%EB%9F%89%EB%A7%88%EC%9D%84,35.166743,128.3711953",https://map.naver.com/p?lng=128.3711953&lat=35.166743&zoom=18,315226,CWB379005483,35.166743,128.371195
대량마을,창원시마산합포구,진전면,2,"https://map.kakao.com/link/map/%EB%8C%80%EB%9F%89%EB%A7%88%EC%9D%84,35.1666582,128.371117",https://map.naver.com/p?lng=128.371117&lat=35.1666582&zoom=18,315227,CWB379005484,35.166658,128.371117
대정,창원시마산합포구,진전면,2,"https://map.kakao.com/link/map/%EB%8C%80%EC%A0%95,35.1328379,128.376152",https://map.naver.com/p?lng=128.376152&lat=35.1328379&zoom=18,315204,CWB379001670,35.132838,128.376152
대정,창원시마산합포구,진전면,2,"https://map.kakao.com/link/map/%EB%8C%80%EC%A0%95,35.1326739,128.3760455",https://map.naver.com/p?lng=128.3760455&lat=35.1326739&zoom=18,315203,CWB379001671,35.132674,128.376046
대정입구,창원시마산합포구,진전면,4,"https://map.kakao.com/link/map/%EB%8C%80%EC%A0%95%EC%9E%85%EA%B5%AC,35.1306345,128.3768551",https://map.naver.com/p?lng=128.3768551&lat=35.1306345&zoom=18,315202,CWB379001674,35.130634,128.376855
대정입구,창원시마산합포구,진전면,4,"https://map.kakao.com/link/map/%EB%8C%80%EC%A0%95%EC%9E%85%EA%B5%AC,35.130567,128.3767488",https://map.naver.com/p?lng=128.3767488&lat=35.130567&zoom=18,315201,CWB379001675,35.130567,128.376749
대정입구,창원시마산합포구,진전면,4,"https://map.kakao.com/link/map/%EB%8C%80%EC%A0%95%EC%9E%85%EA%B5%AC,35.1302702,128.3757348",https://map.naver.com/p?lng=128.3757348&lat=35.1302702&zoom=18,320701,CWB379001679,35.13027,128.375735
대정입구,창원시마산합포구,진전면,4,"https://map.kakao.com/link/map/%EB%8C%80%EC%A0%95%EC%9E%85%EA%B5%AC,35.1302682,128.3750577",https://map.naver.com/p?lng=128.3750577&lat=35.1302682&zoom=18,320702,CWB379001682,35.130268,128.375058
도산마을,창원시마산합포구,진전면,2,"https://map.kakao.com/link/map/%EB%8F%84%EC%82%B0%EB%A7%88%EC%9D%84,35.1078008,128.426484",https://map.naver.com/p?lng=128.426484&lat=35.1078008&zoom=18,320716,CWB379001799,35.107801,128.426484
도산마을,창원시마산합포구,진전면,2,"https://map.kakao.com/link/map/%EB%8F%84%EC%82%B0%EB%A7%88%EC%9D%84,35.1076017,128.4271774",https://map.naver.com/p?lng=128.4271774&lat=35.1076017&zoom=18,320715,CWB379001800,35.107602,128.427177
동산마을,창원시마산합포구,진전면,2,"https://map.kakao.com/link/map/%EB%8F%99%EC%82%B0%EB%A7%88%EC%9D%84,35.1186974,128.3910998",https://map.naver.com/p?lng=128.3910998&lat=35.1186974&zoom=18,320707,CWB379001736,35.118697,128.3911
동산마을,창원시마산합포구,진전면,2,"https://map.kakao.com/link/map/%EB%8F%99%EC%82%B0%EB%A7%88%EC%9D%84,35.1183879,128.3911934",https://map.naver.com/p?lng=128.3911934&lat=35.1183879&zoom=18,320708,CWB379001738,35.118388,128.391193
동진대교,창원시마산합포구,진전면,4,"https://map.kakao.com/link/map/%EB%8F%99%EC%A7%84%EB%8C%80%EA%B5%90,35.0770772,128.4640974",https://map.naver.com/p?lng=128.4640974&lat=35.0770772&zoom=18,323118,CWB379001897,35.077077,128.464097
동진대교,창원시마산합포구,진전면,4,"https://map.kakao.com/link/map/%EB%8F%99%EC%A7%84%EB%8C%80%EA%B5%90,35.0771728,128.4639756",https://map.naver.com/p?lng=128.4639756&lat=35.0771728&zoom=18,323117,CWB379001898,35.077173,128.463976
동진대교,창원시마산합포구,진전면,4,"https://map.kakao.com/link/map/%EB%8F%99%EC%A7%84%EB%8C%80%EA%B5%90,35.0729334,128.4622828",https://map.naver.com/p?lng=128.4622828&lat=35.0729334&zoom=18,323115,CWB379001912,35.072933,128.462283
동진대교,창원시마산합포구,진전면,4,"https://map.kakao.com/link/map/%EB%8F%99%EC%A7%84%EB%8C%80%EA%B5%90,35.0729721,128.4624858",https://map.naver.com/p?lng=128.4624858&lat=35.0729721&zoom=18,323116,CWB379001913,35.072972,128.462486
둔덕,창원시마산합포구,진전면,2,"https://map.kakao.com/link/map/%EB%91%94%EB%8D%95,35.1909906,128.385532",https://map.naver.com/p?lng=128.385532&lat=35.1909906&zoom=18,315223,CWB379005469,35.190991,128.385532
둔덕,창원시마산합포구,진전면,2,"https://map.kakao.com/link/map/%EB%91%94%EB%8D%95,35.1908846,128.3855439",https://map.naver.com/p?lng=128.3855439&lat=35.1908846&zoom=18,315222,CWB379005470,35.190885,128.385544
둔덕종점,창원시마산합포구,진전면,2,"https://map.kakao.com/link/map/%EB%91%94%EB%8D%95%EC%A2%85%EC%A0%90,35.1919412,128.3894512",https://map.naver.com/p?lng=128.3894512&lat=35.1919412&zoom=18,315219,CWB379001354,35.191941,128.389451
둔덕종점,창원시마산합포구,진전면,2,"https://map.kakao.com/link/map/%EB%91%94%EB%8D%95%EC%A2%85%EC%A0%90,35.1918027,128.3893802",https://map.naver.com/p?lng=128.3893802&lat=35.1918027&zoom=18,315220,CWB379001355,35.191803,128.38938
들담마을,창원시마산합포구,진전면,2,"https://map.kakao.com/link/map/%EB%93%A4%EB%8B%B4%EB%A7%88%EC%9D%84,35.1788827,128.3792273",https://map.naver.com/p?lng=128.3792273&lat=35.1788827&zoom=18,315217,CWB379001433,35.178883,128.379227
들담마을,창원시마산합포구,진전면,2,"https://map.kakao.com/link/map/%EB%93%A4%EB%8B%B4%EB%A7%88%EC%9D%84,35.1790037,128.3793986",https://map.naver.com/p?lng=128.3793986&lat=35.1790037&zoom=18,315218,CWB379001434,35.179004,128.379399
막개,창원시마산합포구,진전면,2,"https://map.kakao.com/link/map/%EB%A7%89%EA%B0%9C,35.0671119,128.4359574",https://map.naver.com/p?lng=128.4359574&lat=35.0671119&zoom=18,323106,CWB379002858,35.067112,128.435957
막개,창원시마산합포구,진전면,2,"https://map.kakao.com/link/map/%EB%A7%89%EA%B0%9C,35.0671937,128.4359012",https://map.naver.com/p?lng=128.4359012&lat=35.0671937&zoom=18,323105,CWB379002859,35.067194,128.435901
목화전,창원시마산합포구,진전면,2,"https://map.kakao.com/link/map/%EB%AA%A9%ED%99%94%EC%A0%84,35.0920667,128.4540409",https://map.naver.com/p?lng=128.4540409&lat=35.0920667&zoom=18,323131,CWB379005801,35.092067,128.454041
목화전,창원시마산합포구,진전면,2,"https://map.kakao.com/link/map/%EB%AA%A9%ED%99%94%EC%A0%84,35.0921031,128.4542005",https://map.naver.com/p?lng=128.4542005&lat=35.0921031&zoom=18,323132,CWB379005802,35.092103,128.454201
미천마을,창원시마산합포구,진전면,2,"https://map.kakao.com/link/map/%EB%AF%B8%EC%B2%9C%EB%A7%88%EC%9D%84,35.153063,128.3983738",https://map.naver.com/p?lng=128.3983738&lat=35.153063&zoom=18,321403,CWB379001947,35.153063,128.398374
미천마을,창원시마산합포구,진전면,2,"https://map.kakao.com/link/map/%EB%AF%B8%EC%B2%9C%EB%A7%88%EC%9D%84,35.1530962,128.3986031",https://map.naver.com/p?lng=128.3986031&lat=35.1530962&zoom=18,321404,CWB379001948,35.153096,128.398603
백암,창원시마산합포구,진전면,2,"https://map.kakao.com/link/map/%EB%B0%B1%EC%95%94,35.1480973,128.3843567",https://map.naver.com/p?lng=128.3843567&lat=35.1480973&zoom=18,321201,CWB379003073,35.148097,128.384357
백암,창원시마산합포구,진전면,2,"https://map.kakao.com/link/map/%EB%B0%B1%EC%95%94,35.1482186,128.3843215",https://map.naver.com/p?lng=128.3843215&lat=35.1482186&zoom=18,321202,CWB379003074,35.148219,128.384322
봉곡마을,창원시마산합포구,진전면,2,"https://map.kakao.com/link/map/%EB%B4%89%EA%B3%A1%EB%A7%88%EC%9D%84,35.1096114,128.4176696",https://map.naver.com/p?lng=128.4176696&lat=35.1096114&zoom=18,320713,CWB379001791,35.109611,128.41767
봉곡마을,창원시마산합포구,진전면,2,"https://map.kakao.com/link/map/%EB%B4%89%EA%B3%A1%EB%A7%88%EC%9D%84,35.1094881,128.4176679",https://map.naver.com/p?lng=128.4176679&lat=35.1094881&zoom=18,320714,CWB379001793,35.109488,128.417668
상촌,창원시마산합포구,진전면,1,"https://map.kakao.com/link/map/%EC%83%81%EC%B4%8C,35.1370604,128.3910852",https://map.naver.com/p?lng=128.3910852&lat=35.1370604&zoom=18,302703,CWB379001648,35.13706,128.391085
상평종점,창원시마산합포구,진전면,2,"https://map.kakao.com/link/map/%EC%83%81%ED%8F%89%EC%A2%85%EC%A0%90,35.1649575,128.4004762",https://map.naver.com/p?lng=128.4004762&lat=35.1649575&zoom=18,321401,CWB379001949,35.164958,128.400476
상평종점,창원시마산합포구,진전면,2,"https://map.kakao.com/link/map/%EC%83%81%ED%8F%89%EC%A2%85%EC%A0%90,35.1649189,128.400545",https://map.naver.com/p?lng=128.400545&lat=35.1649189&zoom=18,321402,CWB379001950,35.164919,128.400545
상평중마을,창원시마산합포구,진전면,2,"https://map.kakao.com/link/map/%EC%83%81%ED%8F%89%EC%A4%91%EB%A7%88%EC%9D%84,35.1582853,128.3994935",https://map.naver.com/p?lng=128.3994935&lat=35.1582853&zoom=18,321413,CWB379006190,35.158285,128.399494
상평중마을,창원시마산합포구,진전면,2,"https://map.kakao.com/link/map/%EC%83%81%ED%8F%89%EC%A4%91%EB%A7%88%EC%9D%84,35.1584286,128.3993807",https://map.naver.com/p?lng=128.3993807&lat=35.1584286&zoom=18,321414,CWB379006191,35.158429,128.399381
석방교,창원시마산합포구,진전면,2,"https://map.kakao.com/link/map/%EC%84%9D%EB%B0%A9%EA%B5%90,35.174836,128.3775755",https://map.naver.com/p?lng=128.3775755&lat=35.174836&zoom=18,315215,CWB379001447,35.174836,128.377576
석방교,창원시마산합포구,진전면,2,"https://map.kakao.com/link/map/%EC%84%9D%EB%B0%A9%EA%B5%90,35.1748524,128.3777284",https://map.naver.com/p?lng=128.3777284&lat=35.1748524&zoom=18,315216,CWB379001449,35.174852,128.377728
소포,창원시마산합포구,진전면,2,"https://map.kakao.com/link/map/%EC%86%8C%ED%8F%AC,35.0744063,128.4519604",https://map.naver.com/p?lng=128.4519604&lat=35.0744063&zoom=18,323113,CWB379001906,35.074406,128.45196
소포,창원시마산합포구,진전면,2,"https://map.kakao.com/link/map/%EC%86%8C%ED%8F%AC,35.0742717,128.4518856",https://map.naver.com/p?lng=128.4518856&lat=35.0742717&zoom=18,323114,CWB379001907,35.074272,128.451886
술인방,창원시마산합포구,진전면,2,"https://map.kakao.com/link/map/%EC%88%A0%EC%9D%B8%EB%B0%A9,35.1591547,128.3719514",https://map.naver.com/p?lng=128.3719514&lat=35.1591547&zoom=18,315214,CWB379001515,35.159155,128.371951
술인방,창원시마산합포구,진전면,2,"https://map.kakao.com/link/map/%EC%88%A0%EC%9D%B8%EB%B0%A9,35.1599698,128.3716029",https://map.naver.com/p?lng=128.3716029&lat=35.1599698&zoom=18,315213,CWB379001517,35.15997,128.371603
시락,창원시마산합포구,진전면,2,"https://map.kakao.com/link/map/%EC%8B%9C%EB%9D%BD,35.0722504,128.4390807",https://map.naver.com/p?lng=128.4390807&lat=35.0722504&zoom=18,323107,CWB379001921,35.07225,128.439081
시락,창원시마산합포구,진전면,2,"https://map.kakao.com/link/map/%EC%8B%9C%EB%9D%BD,35.0721637,128.4391812",https://map.naver.com/p?lng=128.4391812&lat=35.0721637&zoom=18,323108,CWB379001922,35.072164,128.439181
시락마을,창원시마산합포구,진전면,2,"https://map.kakao.com/link/map/%EC%8B%9C%EB%9D%BD%EB%A7%88%EC%9D%84,35.0722737,128.441177",https://map.naver.com/p?lng=128.441177&lat=35.0722737&zoom=18,323109,CWB379001923,35.072274,128.441177
시락마을,창원시마산합포구,진전면,2,"https://map.kakao.com/link/map/%EC%8B%9C%EB%9D%BD%EB%A7%88%EC%9D%84,35.0721362,128.441253",https://map.naver.com/p?lng=128.441253&lat=35.0721362&zoom=18,323110,CWB379001924,35.072136,128.441253
시락정곡종점,창원시마산합포구,진전면,2,"https://map.kakao.com/link/map/%EC%8B%9C%EB%9D%BD%EC%A0%95%EA%B3%A1%EC%A2%85%EC%A0%90,35.0600109,128.4249817",https://map.naver.com/p?lng=128.4249817&lat=35.0600109&zoom=18,323103,CWB379001943,35.060011,128.424982
시락정곡종점,창원시마산합포구,진전면,2,"https://map.kakao.com/link/map/%EC%8B%9C%EB%9D%BD%EC%A0%95%EA%B3%A1%EC%A2%85%EC%A0%90,35.0600328,128.4251095",https://map.naver.com/p?lng=128.4251095&lat=35.0600328&zoom=18,323104,CWB379001944,35.060033,128.425109
신기,창원시마산합포구,진전면,1,"https://map.kakao.com/link/map/%EC%8B%A0%EA%B8%B0,35.107922,128.4477264",https://map.naver.com/p?lng=128.4477264&lat=35.107922&zoom=18,308105,CWB379001798,35.107922,128.447726
신기(73-1),창원시마산합포구,진전면,2,"https://map.kakao.com/link/map/%EC%8B%A0%EA%B8%B0%2873-1%29,35.1084865,128.4477547",https://map.naver.com/p?lng=128.4477547&lat=35.1084865&zoom=18,308136,CWB379005793,35.108486,128.447755
신기(73-1),창원시마산합포구,진전면,2,"https://map.kakao.com/link/map/%EC%8B%A0%EA%B8%B0%2873-1%29,35.1085347,128.4478734",https://map.naver.com/p?lng=128.4478734&lat=35.1085347&zoom=18,308137,CWB379005794,35.108535,128.447873
아랫소포,창원시마산합포구,진전면,2,"https://map.kakao.com/link/map/%EC%95%84%EB%9E%AB%EC%86%8C%ED%8F%AC,35.0732525,128.4576262",https://map.naver.com/p?lng=128.4576262&lat=35.0732525&zoom=18,323130,CWB379005799,35.073252,128.457626
아랫소포,창원시마산합포구,진전면,2,"https://map.kakao.com/link/map/%EC%95%84%EB%9E%AB%EC%86%8C%ED%8F%AC,35.07326,128.4579333",https://map.naver.com/p?lng=128.4579333&lat=35.07326&zoom=18,323129,CWB379005800,35.07326,128.457933
암하,창원시마산합포구,진전면,2,"https://map.kakao.com/link/map/%EC%95%94%ED%95%98,35.1071809,128.4487708",https://map.naver.com/p?lng=128.4487708&lat=35.1071809&zoom=18,308106,CWB379001803,35.107181,128.448771
암하,창원시마산합포구,진전면,2,"https://map.kakao.com/link/map/%EC%95%94%ED%95%98,35.1070664,128.4507522",https://map.naver.com/p?lng=128.4507522&lat=35.1070664&zoom=18,308108,CWB379001804,35.107066,128.450752
양촌리,창원시마산합포구,진전면,2,"https://map.kakao.com/link/map/%EC%96%91%EC%B4%8C%EB%A6%AC,35.1243008,128.3858251",https://map.naver.com/p?lng=128.3858251&lat=35.1243008&zoom=18,320705,CWB379001699,35.124301,128.385825
양촌리,창원시마산합포구,진전면,2,"https://map.kakao.com/link/map/%EC%96%91%EC%B4%8C%EB%A6%AC,35.1240553,128.385887",https://map.naver.com/p?lng=128.385887&lat=35.1240553&zoom=18,320706,CWB379001701,35.124055,128.385887
오서교차로,창원시마산합포구,진전면,1,"https://map.kakao.com/link/map/%EC%98%A4%EC%84%9C%EA%B5%90%EC%B0%A8%EB%A1%9C,35.1000764,128.4162033",https://map.naver.com/p?lng=128.4162033&lat=35.1000764&zoom=18,303811,CWB379006157,35.100076,128.416203
오서시장,창원시마산합포구,진전면,2,"https://map.kakao.com/link/map/%EC%98%A4%EC%84%9C%EC%8B%9C%EC%9E%A5,35.1020418,128.4161441",https://map.naver.com/p?lng=128.4161441&lat=35.1020418&zoom=18,303803,CWB379001830,35.102042,128.416144
오서시장,창원시마산합포구,진전면,2,"https://map.kakao.com/link/map/%EC%98%A4%EC%84%9C%EC%8B%9C%EC%9E%A5,35.1019299,128.4165166",https://map.naver.com/p?lng=128.4165166&lat=35.1019299&zoom=18,303804,CWB379001831,35.10193,128.416517
오서입구,창원시마산합포구,진전면,2,"https://map.kakao.com/link/map/%EC%98%A4%EC%84%9C%EC%9E%85%EA%B5%AC,35.1016481,128.4261681",https://map.naver.com/p?lng=128.4261681&lat=35.1016481&zoom=18,303805,CWB379001834,35.101648,128.426168
오서입구,창원시마산합포구,진전면,2,"https://map.kakao.com/link/map/%EC%98%A4%EC%84%9C%EC%9E%85%EA%B5%AC,35.1015554,128.4261012",https://map.naver.com/p?lng=128.4261012&lat=35.1015554&zoom=18,303806,CWB379001835,35.101555,128.426101
옥방교,창원시마산합포구,진전면,2,"https://map.kakao.com/link/map/%EC%98%A5%EB%B0%A9%EA%B5%90,35.1729006,128.3751926",https://map.naver.com/p?lng=128.3751926&lat=35.1729006&zoom=18,315228,CWB379005485,35.172901,128.375193
옥방교,창원시마산합포구,진전면,2,"https://map.kakao.com/link/map/%EC%98%A5%EB%B0%A9%EA%B5%90,35.1727727,128.3749489",https://map.naver.com/p?lng=128.3749489&lat=35.1727727&zoom=18,315229,CWB379005486,35.172773,128.374949
옹기골,창원시마산합포구,진전면,1,"https://map.kakao.com/link/map/%EC%98%B9%EA%B8%B0%EA%B3%A8,35.108948,128.4537527",https://map.naver.com/p?lng=128.4537527&lat=35.108948&zoom=18,308110,CWB379001797,35.108948,128.453753
원산마을회관,창원시마산합포구,진전면,2,"https://map.kakao.com/link/map/%EC%9B%90%EC%82%B0%EB%A7%88%EC%9D%84%ED%9A%8C%EA%B4%80,35.1509976,128.3700704",https://map.naver.com/p?lng=128.3700704&lat=35.1509976&zoom=18,315212,CWB379001581,35.150998,128.37007
원산마을회관,창원시마산합포구,진전면,2,"https://map.kakao.com/link/map/%EC%9B%90%EC%82%B0%EB%A7%88%EC%9D%84%ED%9A%8C%EA%B4%80,35.1510208,128.3699567",https://map.naver.com/p?lng=128.3699567&lat=35.1510208&zoom=18,315211,CWB379001582,35.151021,128.369957
원산입구,창원시마산합포구,진전면,2,"https://map.kakao.com/link/map/%EC%9B%90%EC%82%B0%EC%9E%85%EA%B5%AC,35.1486072,128.3703862",https://map.naver.com/p?lng=128.3703862&lat=35.1486072&zoom=18,315224,CWB379005481,35.148607,128.370386
원산입구,창원시마산합포구,진전면,2,"https://map.kakao.com/link/map/%EC%9B%90%EC%82%B0%EC%9E%85%EA%B5%AC,35.1487325,128.3702648",https://map.naver.com/p?lng=128.3702648&lat=35.1487325&zoom=18,315225,CWB379005482,35.148732,128.370265
월안마을,창원시마산합포구,진전면,2,"https://map.kakao.com/link/map/%EC%9B%94%EC%95%88%EB%A7%88%EC%9D%84,35.1065333,128.4087201",https://map.naver.com/p?lng=128.4087201&lat=35.1065333&zoom=18,303807,CWB379003397,35.106533,128.40872
월안마을,창원시마산합포구,진전면,2,"https://map.kakao.com/link/map/%EC%9B%94%EC%95%88%EB%A7%88%EC%9D%84,35.1065421,128.4089368",https://map.naver.com/p?lng=128.4089368&lat=35.1065421&zoom=18,303810,CWB379005501,35.106542,128.408937
월안마을.진전중학교입구,창원시마산합포구,진전면,2,"https://map.kakao.com/link/map/%EC%9B%94%EC%95%88%EB%A7%88%EC%9D%84.%EC%A7%84%EC%A0%84%EC%A4%91%ED%95%99%EA%B5%90%EC%9E%85%EA%B5%AC,35.1043265,128.4102487",https://map.naver.com/p?lng=128.4102487&lat=35.1043265&zoom=18,303808,CWB379003471,35.104326,128.410249
월안마을.진전중학교입구,창원시마산합포구,진전면,2,"https://map.kakao.com/link/map/%EC%9B%94%EC%95%88%EB%A7%88%EC%9D%84.%EC%A7%84%EC%A0%84%EC%A4%91%ED%95%99%EA%B5%90%EC%9E%85%EA%B5%AC,35.1041403,128.4101009",https://map.naver.com/p?lng=128.4101009&lat=35.1041403&zoom=18,303809,CWB379003472,35.10414,128.410101
의산보건진료소,창원시마산합포구,진전면,2,"https://map.kakao.com/link/map/%EC%9D%98%EC%82%B0%EB%B3%B4%EA%B1%B4%EC%A7%84%EB%A3%8C%EC%86%8C,35.1464458,128.3701934",https://map.naver.com/p?lng=128.3701934&lat=35.1464458&zoom=18,315209,CWB379001607,35.146446,128.370193
의산보건진료소,창원시마산합포구,진전면,2,"https://map.kakao.com/link/map/%EC%9D%98%EC%82%B0%EB%B3%B4%EA%B1%B4%EC%A7%84%EB%A3%8C%EC%86%8C,35.1465442,128.3703447",https://map.naver.com/p?lng=128.3703447&lat=35.1465442&zoom=18,315210,CWB379001608,35.146544,128.370345
이명마을,창원시마산합포구,진전면,2,"https://map.kakao.com/link/map/%EC%9D%B4%EB%AA%85%EB%A7%88%EC%9D%84,35.0948054,128.45017",https://map.naver.com/p?lng=128.45017&lat=35.0948054&zoom=18,323123,CWB379001865,35.094805,128.45017
이명마을,창원시마산합포구,진전면,2,"https://map.kakao.com/link/map/%EC%9D%B4%EB%AA%85%EB%A7%88%EC%9D%84,35.0946965,128.4502549",https://map.naver.com/p?lng=128.4502549&lat=35.0946965&zoom=18,323124,CWB379001866,35.094696,128.450255
이명마을입구,창원시마산합포구,진전면,2,"https://map.kakao.com/link/map/%EC%9D%B4%EB%AA%85%EB%A7%88%EC%9D%84%EC%9E%85%EA%B5%AC,35.0959397,128.4463562",https://map.naver.com/p?lng=128.4463562&lat=35.0959397&zoom=18,323125,CWB379001859,35.09594,128.446356
이명마을입구,창원시마산합포구,진전면,2,"https://map.kakao.com/link/map/%EC%9D%B4%EB%AA%85%EB%A7%88%EC%9D%84%EC%9E%85%EA%B5%AC,35.0958585,128.4461655",https://map.naver.com/p?lng=128.4461655&lat=35.0958585&zoom=18,323126,CWB379001860,35.095858,128.446166
일암,창원시마산합포구,진전면,2,"https://map.kakao.com/link/map/%EC%9D%BC%EC%95%94,35.1229705,128.3743694",https://map.naver.com/p?lng=128.3743694&lat=35.1229705&zoom=18,316002,CWB379001708,35.12297,128.374369
일암,창원시마산합포구,진전면,2,"https://map.kakao.com/link/map/%EC%9D%BC%EC%95%94,35.1231859,128.3744745",https://map.naver.com/p?lng=128.3744745&lat=35.1231859&zoom=18,316001,CWB379001709,35.123186,128.374474
일암종점,창원시마산합포구,진전면,2,"https://map.kakao.com/link/map/%EC%9D%BC%EC%95%94%EC%A2%85%EC%A0%90,35.1211388,128.3779901",https://map.naver.com/p?lng=128.3779901&lat=35.1211388&zoom=18,316003,CWB379001716,35.121139,128.37799
일암종점,창원시마산합포구,진전면,2,"https://map.kakao.com/link/map/%EC%9D%BC%EC%95%94%EC%A2%85%EC%A0%90,35.1210889,128.3782098",https://map.naver.com/p?lng=128.3782098&lat=35.1210889&zoom=18,316011,CWB379001717,35.121089,128.37821
임곡마을,창원시마산합포구,진전면,2,"https://map.kakao.com/link/map/%EC%9E%84%EA%B3%A1%EB%A7%88%EC%9D%84,35.110949,128.4340025",https://map.naver.com/p?lng=128.4340025&lat=35.110949&zoom=18,315501,CWB379002898,35.110949,128.434002
임곡마을,창원시마산합포구,진전면,2,"https://map.kakao.com/link/map/%EC%9E%84%EA%B3%A1%EB%A7%88%EC%9D%84,35.110877,128.4338808",https://map.naver.com/p?lng=128.4338808&lat=35.110877&zoom=18,315502,CWB379002900,35.110877,128.433881
임곡삼거리,창원시마산합포구,진전면,2,"https://map.kakao.com/link/map/%EC%9E%84%EA%B3%A1%EC%82%BC%EA%B1%B0%EB%A6%AC,35.1056745,128.4297695",https://map.naver.com/p?lng=128.4297695&lat=35.1056745&zoom=18,308128,CWB379003268,35.105674,128.429769
임곡삼거리,창원시마산합포구,진전면,2,"https://map.kakao.com/link/map/%EC%9E%84%EA%B3%A1%EC%82%BC%EA%B1%B0%EB%A6%AC,35.1063303,128.4308111",https://map.naver.com/p?lng=128.4308111&lat=35.1063303&zoom=18,308129,CWB379003269,35.10633,128.430811
정곡,창원시마산합포구,진전면,2,"https://map.kakao.com/link/map/%EC%A0%95%EA%B3%A1,35.0608183,128.4319564",https://map.naver.com/p?lng=128.4319564&lat=35.0608183&zoom=18,323101,CWB379001941,35.060818,128.431956
정곡,창원시마산합포구,진전면,2,"https://map.kakao.com/link/map/%EC%A0%95%EA%B3%A1,35.0607052,128.4319221",https://map.naver.com/p?lng=128.4319221&lat=35.0607052&zoom=18,323102,CWB379001942,35.060705,128.431922
정달마을,창원시마산합포구,진전면,2,"https://map.kakao.com/link/map/%EC%A0%95%EB%8B%AC%EB%A7%88%EC%9D%84,35.097549,128.4388915",https://map.naver.com/p?lng=128.4388915&lat=35.097549&zoom=18,630074,CWB379001852,35.097549,128.438892
정달마을,창원시마산합포구,진전면,2,"https://map.kakao.com/link/map/%EC%A0%95%EB%8B%AC%EB%A7%88%EC%9D%84,35.0974681,128.4388518",https://map.naver.com/p?lng=128.4388518&lat=35.0974681&zoom=18,630075,CWB379001853,35.097468,128.438852
진로마산공장,창원시마산합포구,진전면,2,"https://map.kakao.com/link/map/%EC%A7%84%EB%A1%9C%EB%A7%88%EC%82%B0%EA%B3%B5%EC%9E%A5,35.1504507,128.3905756",https://map.naver.com/p?lng=128.3905756&lat=35.1504507&zoom=18,321203,CWB379003075,35.150451,128.390576
진로마산공장,창원시마산합포구,진전면,2,"https://map.kakao.com/link/map/%EC%A7%84%EB%A1%9C%EB%A7%88%EC%82%B0%EA%B3%B5%EC%9E%A5,35.1505039,128.3903112",https://map.naver.com/p?lng=128.3903112&lat=35.1505039&zoom=18,321204,CWB379003076,35.150504,128.390311
진목마을,창원시마산합포구,진전면,2,"https://map.kakao.com/link/map/%EC%A7%84%EB%AA%A9%EB%A7%88%EC%9D%84,35.1064413,128.4405718",https://map.naver.com/p?lng=128.4405718&lat=35.1064413&zoom=18,308104,CWB379001808,35.106441,128.440572
진목마을,창원시마산합포구,진전면,2,"https://map.kakao.com/link/map/%EC%A7%84%EB%AA%A9%EB%A7%88%EC%9D%84,35.1065362,128.4403592",https://map.naver.com/p?lng=128.4403592&lat=35.1065362&zoom=18,308103,CWB379001809,35.106536,128.440359
진전면행정복지센터,창원시마산합포구,진전면,2,"https://map.kakao.com/link/map/%EC%A7%84%EC%A0%84%EB%A9%B4%ED%96%89%EC%A0%95%EB%B3%B5%EC%A7%80%EC%84%BC%ED%84%B0,35.1026312,128.4185451",https://map.naver.com/p?lng=128.4185451&lat=35.1026312&zoom=18,311902,CWB379001827,35.102631,128.418545
진전면행정복지센터,창원시마산합포구,진전면,2,"https://map.kakao.com/link/map/%EC%A7%84%EC%A0%84%EB%A9%B4%ED%96%89%EC%A0%95%EB%B3%B5%EC%A7%80%EC%84%BC%ED%84%B0,35.1025023,128.4184674",https://map.naver.com/p?lng=128.4184674&lat=35.1025023&zoom=18,311901,CWB379001828,35.102502,128.418467
진전어린이집,창원시마산합포구,진전면,2,"https://map.kakao.com/link/map/%EC%A7%84%EC%A0%84%EC%96%B4%EB%A6%B0%EC%9D%B4%EC%A7%91,35.1046895,128.4168993",https://map.naver.com/p?lng=128.4168993&lat=35.1046895&zoom=18,311904,CWB379001815,35.10469,128.416899
진전어린이집,창원시마산합포구,진전면,2,"https://map.kakao.com/link/map/%EC%A7%84%EC%A0%84%EC%96%B4%EB%A6%B0%EC%9D%B4%EC%A7%91,35.1042101,128.4171195",https://map.naver.com/p?lng=128.4171195&lat=35.1042101&zoom=18,311903,CWB379001818,35.10421,128.41712
진전중학교,창원시마산합포구,진전면,2,"https://map.kakao.com/link/map/%EC%A7%84%EC%A0%84%EC%A4%91%ED%95%99%EA%B5%90,35.1019772,128.4100194",https://map.naver.com/p?lng=128.4100194&lat=35.1019772&zoom=18,303801,CWB379001832,35.101977,128.410019
진전중학교,창원시마산합포구,진전면,2,"https://map.kakao.com/link/map/%EC%A7%84%EC%A0%84%EC%A4%91%ED%95%99%EA%B5%90,35.1018677,128.410219",https://map.naver.com/p?lng=128.410219&lat=35.1018677&zoom=18,303802,CWB379001833,35.101868,128.410219
진전초교,창원시마산합포구,진전면,1,"https://map.kakao.com/link/map/%EC%A7%84%EC%A0%84%EC%B4%88%EA%B5%90,35.1094414,128.414869",https://map.naver.com/p?lng=128.414869&lat=35.1094414&zoom=18,320710,CWB379001796,35.109441,128.414869
진전초등학교,창원시마산합포구,진전면,2,"https://map.kakao.com/link/map/%EC%A7%84%EC%A0%84%EC%B4%88%EB%93%B1%ED%95%99%EA%B5%90,35.1093036,128.4150057",https://map.naver.com/p?lng=128.4150057&lat=35.1093036&zoom=18,320711,CWB379001790,35.109304,128.415006
진전초등학교,창원시마산합포구,진전면,2,"https://map.kakao.com/link/map/%EC%A7%84%EC%A0%84%EC%B4%88%EB%93%B1%ED%95%99%EA%B5%90,35.1095663,128.4154358",https://map.naver.com/p?lng=128.4154358&lat=35.1095663&zoom=18,320712,CWB379001792,35.109566,128.415436
창포마을,창원시마산합포구,진전면,1,"https://map.kakao.com/link/map/%EC%B0%BD%ED%8F%AC%EB%A7%88%EC%9D%84,35.0897119,128.4603637",https://map.naver.com/p?lng=128.4603637&lat=35.0897119&zoom=18,323121,CWB379001879,35.089712,128.460364
천주교마산교구청,창원시마산합포구,진전면,2,"https://map.kakao.com/link/map/%EC%B2%9C%EC%A3%BC%EA%B5%90%EB%A7%88%EC%82%B0%EA%B5%90%EA%B5%AC%EC%B2%AD,35.1060626,128.435441",https://map.naver.com/p?lng=128.435441&lat=35.1060626&zoom=18,308101,CWB379001811,35.106063,128.435441
천주교마산교구청,창원시마산합포구,진전면,2,"https://map.kakao.com/link/map/%EC%B2%9C%EC%A3%BC%EA%B5%90%EB%A7%88%EC%82%B0%EA%B5%90%EA%B5%AC%EC%B2%AD,35.1059261,128.4348966",https://map.naver.com/p?lng=128.4348966&lat=35.1059261&zoom=18,308102,CWB379001812,35.105926,128.434897
탑동종점,창원시마산합포구,진전면,1,"https://map.kakao.com/link/map/%ED%83%91%EB%8F%99%EC%A2%85%EC%A0%90,35.0946452,128.3989629",https://map.naver.com/p?lng=128.3989629&lat=35.0946452&zoom=18,320002,CWB379001870,35.094645,128.398963
해변횟집,창원시마산합포구,진전면,2,"https://map.kakao.com/link/map/%ED%95%B4%EB%B3%80%ED%9A%9F%EC%A7%91,35.0721269,128.4464403",https://map.naver.com/p?lng=128.4464403&lat=35.0721269&zoom=18,323111,CWB379001925,35.072127,128.44644
해변횟집,창원시마산합포구,진전면,2,"https://map.kakao.com/link/map/%ED%95%B4%EB%B3%80%ED%9A%9F%EC%A7%91,35.072008,128.4462945",https://map.naver.com/p?lng=128.4462945&lat=35.072008&zoom=18,323112,CWB379001926,35.072008,128.446294
호산마을,창원시마산합포구,진전면,2,"https://map.kakao.com/link/map/%ED%98%B8%EC%82%B0%EB%A7%88%EC%9D%84,35.098333,128.4313674",https://map.naver.com/p?lng=128.4313674&lat=35.098333&zoom=18,630072,CWB379001847,35.098333,128.431367
호산마을,창원시마산합포구,진전면,2,"https://map.kakao.com/link/map/%ED%98%B8%EC%82%B0%EB%A7%88%EC%9D%84,35.0980557,128.4311907",https://map.naver.com/p?lng=128.4311907&lat=35.0980557&zoom=18,630073,CWB379001848,35.098056,128.431191
회동,창원시마산합포구,진전면,2,"https://map.kakao.com/link/map/%ED%9A%8C%EB%8F%99,35.0979142,128.4054212",https://map.naver.com/p?lng=128.4054212&lat=35.0979142&zoom=18,320003,CWB379001849,35.097914,128.405421
회동,창원시마산합포구,진전면,2,"https://map.kakao.com/link/map/%ED%9A%8C%EB%8F%99,35.0977777,128.4054268",https://map.naver.com/p?lng=128.4054268&lat=35.0977777&zoom=18,320004,CWB379001850,35.097778,128.405427
용마고등학교,창원시마산합포구,합포동,2,"https://map.kakao.com/link/map/%EC%9A%A9%EB%A7%88%EA%B3%A0%EB%93%B1%ED%95%99%EA%B5%90,35.2107039,128.580749",https://map.naver.com/p?lng=128.580749&lat=35.2107039&zoom=18,322503,CWB379001953,35.210704,128.580749
용마고등학교,창원시마산합포구,합포동,2,"https://map.kakao.com/link/map/%EC%9A%A9%EB%A7%88%EA%B3%A0%EB%93%B1%ED%95%99%EA%B5%90,35.2108811,128.5806934",https://map.naver.com/p?lng=128.5806934&lat=35.2108811&zoom=18,322501,CWB379001993,35.210881,128.580693
육호광장,창원시마산합포구,합포동,3,"https://map.kakao.com/link/map/%EC%9C%A1%ED%98%B8%EA%B4%91%EC%9E%A5,35.211149,128.5771125",https://map.naver.com/p?lng=128.5771125&lat=35.211149&zoom=18,322502,CWB379001954,35.211149,128.577112
육호광장,창원시마산합포구,합포동,3,"https://map.kakao.com/link/map/%EC%9C%A1%ED%98%B8%EA%B4%91%EC%9E%A5,35.2126084,128.5761462",https://map.naver.com/p?lng=128.5761462&lat=35.2126084&zoom=18,300134,CWB379001066,35.212608,128.576146
육호광장,창원시마산합포구,합포동,3,"https://map.kakao.com/link/map/%EC%9C%A1%ED%98%B8%EA%B4%91%EC%9E%A5,35.2112363,128.5773583",https://map.naver.com/p?lng=128.5773583&lat=35.2112363&zoom=18,322301,CWB379003190,35.211236,128.577358
자유무역지역정문,창원시마산합포구,합포동,2,"https://map.kakao.com/link/map/%EC%9E%90%EC%9C%A0%EB%AC%B4%EC%97%AD%EC%A7%80%EC%97%AD%EC%A0%95%EB%AC%B8,35.2099339,128.5833988",https://map.naver.com/p?lng=128.5833988&lat=35.2099339&zoom=18,321917,CWB379001107,35.209934,128.583399
자유무역지역정문,창원시마산합포구,합포동,2,"https://map.kakao.com/link/map/%EC%9E%90%EC%9C%A0%EB%AC%B4%EC%97%AD%EC%A7%80%EC%97%AD%EC%A0%95%EB%AC%B8,35.2093966,128.5830333",https://map.naver.com/p?lng=128.5830333&lat=35.2093966&zoom=18,321916,CWB379001114,35.209397,128.583033
창원칸타빌오션뷰,창원시마산합포구,합포동,1,"https://map.kakao.com/link/map/%EC%B0%BD%EC%9B%90%EC%B9%B8%ED%83%80%EB%B9%8C%EC%98%A4%EC%85%98%EB%B7%B0,35.2108654,128.5856748",https://map.naver.com/p?lng=128.5856748&lat=35.2108654&zoom=18,322505,CWB379002359,35.210865,128.585675
합포동,창원시마산합포구,합포동,2,"https://map.kakao.com/link/map/%ED%95%A9%ED%8F%AC%EB%8F%99,35.2125307,128.5859205",https://map.naver.com/p?lng=128.5859205&lat=35.2125307&zoom=18,321918,CWB379001065,35.212531,128.58592
합포동,창원시마산합포구,합포동,2,"https://map.kakao.com/link/map/%ED%95%A9%ED%8F%AC%EB%8F%99,35.2124808,128.5856289",https://map.naver.com/p?lng=128.5856289&lat=35.2124808&zoom=18,321919,CWB379001068,35.212481,128.585629
날개,창원시마산합포구,현동,2,"https://map.kakao.com/link/map/%EB%82%A0%EA%B0%9C,35.1478162,128.583707",https://map.naver.com/p?lng=128.583707&lat=35.1478162&zoom=18,300611,CWB379001584,35.147816,128.583707
날개,창원시마산합포구,현동,2,"https://map.kakao.com/link/map/%EB%82%A0%EA%B0%9C,35.1477151,128.5838003",https://map.naver.com/p?lng=128.5838003&lat=35.1477151&zoom=18,300612,CWB379001585,35.147715,128.5838
농업기술센터,창원시마산합포구,현동,2,"https://map.kakao.com/link/map/%EB%86%8D%EC%97%85%EA%B8%B0%EC%88%A0%EC%84%BC%ED%84%B0,35.1342677,128.5497284",https://map.naver.com/p?lng=128.5497284&lat=35.1342677&zoom=18,314809,CWB379005781,35.134268,128.549728
농업기술센터,창원시마산합포구,현동,2,"https://map.kakao.com/link/map/%EB%86%8D%EC%97%85%EA%B8%B0%EC%88%A0%EC%84%BC%ED%84%B0,35.1342717,128.5495858",https://map.naver.com/p?lng=128.5495858&lat=35.1342717&zoom=18,314810,CWB379005782,35.134272,128.549586
대덕농원,창원시마산합포구,현동,2,"https://map.kakao.com/link/map/%EB%8C%80%EB%8D%95%EB%86%8D%EC%9B%90,35.1455721,128.5835752",https://map.naver.com/p?lng=128.5835752&lat=35.1455721&zoom=18,300609,CWB379001600,35.145572,128.583575
대덕농원,창원시마산합포구,현동,2,"https://map.kakao.com/link/map/%EB%8C%80%EB%8D%95%EB%86%8D%EC%9B%90,35.145504,128.5837259",https://map.naver.com/p?lng=128.5837259&lat=35.145504&zoom=18,300610,CWB379001601,35.145504,128.583726
덕동,창원시마산합포구,현동,1,"https://map.kakao.com/link/map/%EB%8D%95%EB%8F%99,35.1401968,128.5759228",https://map.naver.com/p?lng=128.5759228&lat=35.1401968&zoom=18,300604,CWB379001623,35.140197,128.575923
덕동공영차고지,창원시마산합포구,현동,4,"https://map.kakao.com/link/map/%EB%8D%95%EB%8F%99%EA%B3%B5%EC%98%81%EC%B0%A8%EA%B3%A0%EC%A7%80,35.1362934,128.5635658",https://map.naver.com/p?lng=128.5635658&lat=35.1362934&zoom=18,322612,CWB379003339,35.136293,128.563566
덕동공영차고지,창원시마산합포구,현동,4,"https://map.kakao.com/link/map/%EB%8D%95%EB%8F%99%EA%B3%B5%EC%98%81%EC%B0%A8%EA%B3%A0%EC%A7%80,35.1360366,128.5636553",https://map.naver.com/p?lng=128.5636553&lat=35.1360366&zoom=18,322613,CWB379003340,35.136037,128.563655
덕동공영차고지,창원시마산합포구,현동,4,"https://map.kakao.com/link/map/%EB%8D%95%EB%8F%99%EA%B3%B5%EC%98%81%EC%B0%A8%EA%B3%A0%EC%A7%80,35.1355313,128.5644837",https://map.naver.com/p?lng=128.5644837&lat=35.1355313&zoom=18,322614,CWB379005375,35.135531,128.564484
덕동공영차고지,창원시마산합포구,현동,4,"https://map.kakao.com/link/map/%EB%8D%95%EB%8F%99%EA%B3%B5%EC%98%81%EC%B0%A8%EA%B3%A0%EC%A7%80,35.1358658,128.5642268",https://map.naver.com/p?lng=128.5642268&lat=35.1358658&zoom=18,322615,CWB379005928,35.135866,128.564227
덕동마을,창원시마산합포구,현동,1,"https://map.kakao.com/link/map/%EB%8D%95%EB%8F%99%EB%A7%88%EC%9D%84,35.1403061,128.5758729",https://map.naver.com/p?lng=128.5758729&lat=35.1403061&zoom=18,300603,CWB379001622,35.140306,128.575873
덕동어린이집,창원시마산합포구,현동,2,"https://map.kakao.com/link/map/%EB%8D%95%EB%8F%99%EC%96%B4%EB%A6%B0%EC%9D%B4%EC%A7%91,35.1412847,128.5783748",https://map.naver.com/p?lng=128.5783748&lat=35.1412847&zoom=18,300606,CWB379001618,35.141285,128.578375
덕동어린이집,창원시마산합포구,현동,2,"https://map.kakao.com/link/map/%EB%8D%95%EB%8F%99%EC%96%B4%EB%A6%B0%EC%9D%B4%EC%A7%91,35.141258,128.5780181",https://map.naver.com/p?lng=128.5780181&lat=35.141258&zoom=18,300605,CWB379001619,35.141258,128.578018
덕동입구,창원시마산합포구,현동,2,"https://map.kakao.com/link/map/%EB%8D%95%EB%8F%99%EC%9E%85%EA%B5%AC,35.1372596,128.572516",https://map.naver.com/p?lng=128.572516&lat=35.1372596&zoom=18,300639,CWB379003165,35.13726,128.572516
덕동입구,창원시마산합포구,현동,2,"https://map.kakao.com/link/map/%EB%8D%95%EB%8F%99%EC%9E%85%EA%B5%AC,35.1372356,128.5727044",https://map.naver.com/p?lng=128.5727044&lat=35.1372356&zoom=18,300640,CWB379003166,35.137236,128.572704
두릉마을,창원시마산합포구,현동,2,"https://map.kakao.com/link/map/%EB%91%90%EB%A6%89%EB%A7%88%EC%9D%84,35.1768835,128.5369725",https://map.naver.com/p?lng=128.5369725&lat=35.1768835&zoom=18,323003,CWB379003096,35.176884,128.536972
두릉마을,창원시마산합포구,현동,2,"https://map.kakao.com/link/map/%EB%91%90%EB%A6%89%EB%A7%88%EC%9D%84,35.1767915,128.536411",https://map.naver.com/p?lng=128.536411&lat=35.1767915&zoom=18,323004,CWB379003097,35.176792,128.536411
두릉마을종점,창원시마산합포구,현동,2,"https://map.kakao.com/link/map/%EB%91%90%EB%A6%89%EB%A7%88%EC%9D%84%EC%A2%85%EC%A0%90,35.1771957,128.5354089",https://map.naver.com/p?lng=128.5354089&lat=35.1771957&zoom=18,311701,CWB379002398,35.177196,128.535409
두릉마을종점,창원시마산합포구,현동,2,"https://map.kakao.com/link/map/%EB%91%90%EB%A6%89%EB%A7%88%EC%9D%84%EC%A2%85%EC%A0%90,35.1771225,128.5355446",https://map.naver.com/p?lng=128.5355446&lat=35.1771225&zoom=18,311707,CWB379005506,35.177122,128.535545
매립지입구,창원시마산합포구,현동,2,"https://map.kakao.com/link/map/%EB%A7%A4%EB%A6%BD%EC%A7%80%EC%9E%85%EA%B5%AC,35.1434078,128.580972",https://map.naver.com/p?lng=128.580972&lat=35.1434078&zoom=18,300607,CWB379001609,35.143408,128.580972
매립지입구,창원시마산합포구,현동,2,"https://map.kakao.com/link/map/%EB%A7%A4%EB%A6%BD%EC%A7%80%EC%9E%85%EA%B5%AC,35.1433552,128.5810818",https://map.naver.com/p?lng=128.5810818&lat=35.1433552&zoom=18,300608,CWB379001610,35.143355,128.581082
묘촌노인회관,창원시마산합포구,현동,2,"https://map.kakao.com/link/map/%EB%AC%98%EC%B4%8C%EB%85%B8%EC%9D%B8%ED%9A%8C%EA%B4%80,35.1376928,128.5562006",https://map.naver.com/p?lng=128.5562006&lat=35.1376928&zoom=18,314811,CWB379005776,35.137693,128.556201
묘촌노인회관,창원시마산합포구,현동,2,"https://map.kakao.com/link/map/%EB%AC%98%EC%B4%8C%EB%85%B8%EC%9D%B8%ED%9A%8C%EA%B4%80,35.1377988,128.5561944",https://map.naver.com/p?lng=128.5561944&lat=35.1377988&zoom=18,314812,CWB379005777,35.137799,128.556194
묘촌입구,창원시마산합포구,현동,2,"https://map.kakao.com/link/map/%EB%AC%98%EC%B4%8C%EC%9E%85%EA%B5%AC,35.1412798,128.5604025",https://map.naver.com/p?lng=128.5604025&lat=35.1412798&zoom=18,322602,CWB379001624,35.14128,128.560403
묘촌입구,창원시마산합포구,현동,2,"https://map.kakao.com/link/map/%EB%AC%98%EC%B4%8C%EC%9E%85%EA%B5%AC,35.1406067,128.5605378",https://map.naver.com/p?lng=128.5605378&lat=35.1406067&zoom=18,322601,CWB379001625,35.140607,128.560538
밤밭고개,창원시마산합포구,현동,2,"https://map.kakao.com/link/map/%EB%B0%A4%EB%B0%AD%EA%B3%A0%EA%B0%9C,35.1681557,128.5550961",https://map.naver.com/p?lng=128.5550961&lat=35.1681557&zoom=18,306617,CWB379001460,35.168156,128.555096
밤밭고개,창원시마산합포구,현동,2,"https://map.kakao.com/link/map/%EB%B0%A4%EB%B0%AD%EA%B3%A0%EA%B0%9C,35.1681272,128.5553239",https://map.naver.com/p?lng=128.5553239&lat=35.1681272&zoom=18,306616,CWB379001464,35.168127,128.555324
밤밭고개(256),창원시마산합포구,현동,1,"https://map.kakao.com/link/map/%EB%B0%A4%EB%B0%AD%EA%B3%A0%EA%B0%9C%28256%29,35.1683307,128.5551516",https://map.naver.com/p?lng=128.5551516&lat=35.1683307&zoom=18,311706,CWB379005443,35.168331,128.555152
새몰마을,창원시마산합포구,현동,2,"https://map.kakao.com/link/map/%EC%83%88%EB%AA%B0%EB%A7%88%EC%9D%84,35.1772888,128.5403775",https://map.naver.com/p?lng=128.5403775&lat=35.1772888&zoom=18,311702,CWB379002399,35.177289,128.540378
새몰마을,창원시마산합포구,현동,2,"https://map.kakao.com/link/map/%EC%83%88%EB%AA%B0%EB%A7%88%EC%9D%84,35.1773546,128.5403195",https://map.naver.com/p?lng=128.5403195&lat=35.1773546&zoom=18,311705,CWB379003505,35.177355,128.54032
새몰마을입구,창원시마산합포구,현동,2,"https://map.kakao.com/link/map/%EC%83%88%EB%AA%B0%EB%A7%88%EC%9D%84%EC%9E%85%EA%B5%AC,35.1770976,128.5386662",https://map.naver.com/p?lng=128.5386662&lat=35.1770976&zoom=18,323007,CWB379003484,35.177098,128.538666
새몰마을입구,창원시마산합포구,현동,2,"https://map.kakao.com/link/map/%EC%83%88%EB%AA%B0%EB%A7%88%EC%9D%84%EC%9E%85%EA%B5%AC,35.1770909,128.5385653",https://map.naver.com/p?lng=128.5385653&lat=35.1770909&zoom=18,323008,CWB379003485,35.177091,128.538565
시립마산요양병원,창원시마산합포구,현동,2,"https://map.kakao.com/link/map/%EC%8B%9C%EB%A6%BD%EB%A7%88%EC%82%B0%EC%9A%94%EC%96%91%EB%B3%91%EC%9B%90,35.1534491,128.5511524",https://map.naver.com/p?lng=128.5511524&lat=35.1534491&zoom=18,322607,CWB379001543,35.153449,128.551152
시립마산요양병원,창원시마산합포구,현동,2,"https://map.kakao.com/link/map/%EC%8B%9C%EB%A6%BD%EB%A7%88%EC%82%B0%EC%9A%94%EC%96%91%EB%B3%91%EC%9B%90,35.1536049,128.5513636",https://map.naver.com/p?lng=128.5513636&lat=35.1536049&zoom=18,322609,CWB379001545,35.153605,128.551364
예곡,창원시마산합포구,현동,2,"https://map.kakao.com/link/map/%EC%98%88%EA%B3%A1,35.1709673,128.5416989",https://map.naver.com/p?lng=128.5416989&lat=35.1709673&zoom=18,323001,CWB379003094,35.170967,128.541699
예곡,창원시마산합포구,현동,2,"https://map.kakao.com/link/map/%EC%98%88%EA%B3%A1,35.1704824,128.5411393",https://map.naver.com/p?lng=128.5411393&lat=35.1704824&zoom=18,323002,CWB379003095,35.170482,128.541139
예곡마을,창원시마산합포구,현동,2,"https://map.kakao.com/link/map/%EC%98%88%EA%B3%A1%EB%A7%88%EC%9D%84,35.1701891,128.5457787",https://map.naver.com/p?lng=128.5457787&lat=35.1701891&zoom=18,311703,CWB379002400,35.170189,128.545779
예곡마을,창원시마산합포구,현동,2,"https://map.kakao.com/link/map/%EC%98%88%EA%B3%A1%EB%A7%88%EC%9D%84,35.170246,128.5458649",https://map.naver.com/p?lng=128.5458649&lat=35.170246&zoom=18,311602,CWB379003212,35.170246,128.545865
오솔길농장,창원시마산합포구,현동,2,"https://map.kakao.com/link/map/%EC%98%A4%EC%86%94%EA%B8%B8%EB%86%8D%EC%9E%A5,35.1723346,128.5433436",https://map.naver.com/p?lng=128.5433436&lat=35.1723346&zoom=18,323005,CWB379003429,35.172335,128.543344
오솔길농장,창원시마산합포구,현동,2,"https://map.kakao.com/link/map/%EC%98%A4%EC%86%94%EA%B8%B8%EB%86%8D%EC%9E%A5,35.1721457,128.5433125",https://map.naver.com/p?lng=128.5433125&lat=35.1721457&zoom=18,323006,CWB379003430,35.172146,128.543313
옥동마을,창원시마산합포구,현동,2,"https://map.kakao.com/link/map/%EC%98%A5%EB%8F%99%EB%A7%88%EC%9D%84,35.1517906,128.5477891",https://map.naver.com/p?lng=128.5477891&lat=35.1517906&zoom=18,306611,CWB379001561,35.151791,128.547789
옥동마을,창원시마산합포구,현동,2,"https://map.kakao.com/link/map/%EC%98%A5%EB%8F%99%EB%A7%88%EC%9D%84,35.1537621,128.5493463",https://map.naver.com/p?lng=128.5493463&lat=35.1537621&zoom=18,306610,CWB379001577,35.153762,128.549346
우산마을,창원시마산합포구,현동,2,"https://map.kakao.com/link/map/%EC%9A%B0%EC%82%B0%EB%A7%88%EC%9D%84,35.1583227,128.5538513",https://map.naver.com/p?lng=128.5538513&lat=35.1583227&zoom=18,306612,CWB379001508,35.158323,128.553851
우산마을,창원시마산합포구,현동,2,"https://map.kakao.com/link/map/%EC%9A%B0%EC%82%B0%EB%A7%88%EC%9D%84,35.1574361,128.5529312",https://map.naver.com/p?lng=128.5529312&lat=35.1574361&zoom=18,306613,CWB379001513,35.157436,128.552931
우산천2교,창원시마산합포구,현동,2,"https://map.kakao.com/link/map/%EC%9A%B0%EC%82%B0%EC%B2%9C2%EA%B5%90,35.1461916,128.5511093",https://map.naver.com/p?lng=128.5511093&lat=35.1461916&zoom=18,322618,CWB379006224,35.146192,128.551109
우산천2교,창원시마산합포구,현동,2,"https://map.kakao.com/link/map/%EC%9A%B0%EC%82%B0%EC%B2%9C2%EA%B5%90,35.1461125,128.551127",https://map.naver.com/p?lng=128.551127&lat=35.1461125&zoom=18,322619,CWB379006225,35.146112,128.551127
유산교차로,창원시마산합포구,현동,2,"https://map.kakao.com/link/map/%EC%9C%A0%EC%82%B0%EA%B5%90%EC%B0%A8%EB%A1%9C,35.130948,128.5506693",https://map.naver.com/p?lng=128.5506693&lat=35.130948&zoom=18,314799,CWB379006234,35.130948,128.550669
유산교차로,창원시마산합포구,현동,2,"https://map.kakao.com/link/map/%EC%9C%A0%EC%82%B0%EA%B5%90%EC%B0%A8%EB%A1%9C,35.1309932,128.5504891",https://map.naver.com/p?lng=128.5504891&lat=35.1309932&zoom=18,314800,CWB379006235,35.130993,128.550489
율곡마을,창원시마산합포구,현동,2,"https://map.kakao.com/link/map/%EC%9C%A8%EA%B3%A1%EB%A7%88%EC%9D%84,35.167924,128.5539404",https://map.naver.com/p?lng=128.5539404&lat=35.167924&zoom=18,311704,CWB379002401,35.167924,128.55394
율곡마을,창원시마산합포구,현동,2,"https://map.kakao.com/link/map/%EC%9C%A8%EA%B3%A1%EB%A7%88%EC%9D%84,35.168008,128.5539247",https://map.naver.com/p?lng=128.5539247&lat=35.168008&zoom=18,311601,CWB379003211,35.168008,128.553925
하수도사업소,창원시마산합포구,현동,2,"https://map.kakao.com/link/map/%ED%95%98%EC%88%98%EB%8F%84%EC%82%AC%EC%97%85%EC%86%8C,35.1346401,128.5670505",https://map.naver.com/p?lng=128.5670505&lat=35.1346401&zoom=18,300601,CWB379001651,35.13464,128.56705
하수도사업소,창원시마산합포구,현동,2,"https://map.kakao.com/link/map/%ED%95%98%EC%88%98%EB%8F%84%EC%82%AC%EC%97%85%EC%86%8C,35.1343491,128.5673571",https://map.naver.com/p?lng=128.5673571&lat=35.1343491&zoom=18,300602,CWB379001655,35.134349,128.567357
현동LH아파트,창원시마산합포구,현동,1,"https://map.kakao.com/link/map/%ED%98%84%EB%8F%99LH%EC%95%84%ED%8C%8C%ED%8A%B8,35.1519728,128.5535186",https://map.naver.com/p?lng=128.5535186&lat=35.1519728&zoom=18,322611,CWB379003338,35.151973,128.553519
현동근린공원,창원시마산합포구,현동,2,"https://map.kakao.com/link/map/%ED%98%84%EB%8F%99%EA%B7%BC%EB%A6%B0%EA%B3%B5%EC%9B%90,35.1456869,128.5540979",https://map.naver.com/p?lng=128.5540979&lat=35.1456869&zoom=18,322616,CWB379006222,35.145687,128.554098
현동근린공원,창원시마산합포구,현동,2,"https://map.kakao.com/link/map/%ED%98%84%EB%8F%99%EA%B7%BC%EB%A6%B0%EA%B3%B5%EC%9B%90,35.1455114,128.5540727",https://map.naver.com/p?lng=128.5540727&lat=35.1455114&zoom=18,322617,CWB379006223,35.145511,128.554073
현동입구,창원시마산합포구,현동,1,"https://map.kakao.com/link/map/%ED%98%84%EB%8F%99%EC%9E%85%EA%B5%AC,35.1537614,128.5490456",https://map.naver.com/p?lng=128.5490456&lat=35.1537614&zoom=18,630244,CWB379003010,35.153761,128.549046
현동중흥1차아파트,창원시마산합포구,현동,1,"https://map.kakao.com/link/map/%ED%98%84%EB%8F%99%EC%A4%91%ED%9D%A51%EC%B0%A8%EC%95%84%ED%8C%8C%ED%8A%B8,35.1510154,128.5539332",https://map.naver.com/p?lng=128.5539332&lat=35.1510154&zoom=18,322610,CWB379003337,35.151015,128.553933
현동초등학교,창원시마산합포구,현동,2,"https://map.kakao.com/link/map/%ED%98%84%EB%8F%99%EC%B4%88%EB%93%B1%ED%95%99%EA%B5%90,35.1459388,128.5580002",https://map.naver.com/p?lng=128.5580002&lat=35.1459388&zoom=18,322604,CWB379001586,35.145939,128.558
현동초등학교,창원시마산합포구,현동,2,"https://map.kakao.com/link/map/%ED%98%84%EB%8F%99%EC%B4%88%EB%93%B1%ED%95%99%EA%B5%90,35.1471516,128.5576067",https://map.naver.com/p?lng=128.5576067&lat=35.1471516&zoom=18,322603,CWB379001587,35.147152,128.557607
현동휴튼A,창원시마산합포구,현동,2,"https://map.kakao.com/link/map/%ED%98%84%EB%8F%99%ED%9C%B4%ED%8A%BCA,35.1463993,128.5487816",https://map.naver.com/p?lng=128.5487816&lat=35.1463993&zoom=18,322620,CWB379006226,35.146399,128.548782
현동휴튼A,창원시마산합포구,현동,2,"https://map.kakao.com/link/map/%ED%98%84%EB%8F%99%ED%9C%B4%ED%8A%BCA,35.1463023,128.5487935",https://map.naver.com/p?lng=128.5487935&lat=35.1463023&zoom=18,322621,CWB379006227,35.146302,128.548793
MG새마을금고,창원시마산회원구,구암1동,1,"https://map.kakao.com/link/map/MG%EC%83%88%EB%A7%88%EC%9D%84%EA%B8%88%EA%B3%A0,35.2538355,128.5949795",https://map.naver.com/p?lng=128.5949795&lat=35.2538355&zoom=18,401913,CWB379005525,35.253836,128.59498
경남아파트,창원시마산회원구,구암1동,2,"https://map.kakao.com/link/map/%EA%B2%BD%EB%82%A8%EC%95%84%ED%8C%8C%ED%8A%B8,35.2568384,128.5967508",https://map.naver.com/p?lng=128.5967508&lat=35.2568384&zoom=18,401902,CWB379002416,35.256838,128.596751
경남아파트,창원시마산회원구,구암1동,2,"https://map.kakao.com/link/map/%EA%B2%BD%EB%82%A8%EC%95%84%ED%8C%8C%ED%8A%B8,35.2568935,128.5968139",https://map.naver.com/p?lng=128.5968139&lat=35.2568935&zoom=18,401906,CWB379005370,35.256894,128.596814
구암1동행정복지센터,창원시마산회원구,구암1동,2,"https://map.kakao.com/link/map/%EA%B5%AC%EC%95%941%EB%8F%99%ED%96%89%EC%A0%95%EB%B3%B5%EC%A7%80%EC%84%BC%ED%84%B0,35.2509249,128.5936417",https://map.naver.com/p?lng=128.5936417&lat=35.2509249&zoom=18,402509,CWB379000478,35.250925,128.593642
구암1동행정복지센터,창원시마산회원구,구암1동,2,"https://map.kakao.com/link/map/%EA%B5%AC%EC%95%941%EB%8F%99%ED%96%89%EC%A0%95%EB%B3%B5%EC%A7%80%EC%84%BC%ED%84%B0,35.2507444,128.5936932",https://map.naver.com/p?lng=128.5936932&lat=35.2507444&zoom=18,402506,CWB379000479,35.250744,128.593693
구암동,창원시마산회원구,구암1동,1,"https://map.kakao.com/link/map/%EA%B5%AC%EC%95%94%EB%8F%99,35.247284,128.5920785",https://map.naver.com/p?lng=128.5920785&lat=35.247284&zoom=18,400123,CWB379000547,35.247284,128.592079
구암동육교,창원시마산회원구,구암1동,1,"https://map.kakao.com/link/map/%EA%B5%AC%EC%95%94%EB%8F%99%EC%9C%A1%EA%B5%90,35.2487525,128.5947137",https://map.naver.com/p?lng=128.5947137&lat=35.2487525&zoom=18,400125,CWB379000502,35.248752,128.594714
구암동현대상가,창원시마산회원구,구암1동,2,"https://map.kakao.com/link/map/%EA%B5%AC%EC%95%94%EB%8F%99%ED%98%84%EB%8C%80%EC%83%81%EA%B0%80,35.2486822,128.5915992",https://map.naver.com/p?lng=128.5915992&lat=35.2486822&zoom=18,401905,CWB379005369,35.248682,128.591599
구암동현대상가,창원시마산회원구,구암1동,2,"https://map.kakao.com/link/map/%EA%B5%AC%EC%95%94%EB%8F%99%ED%98%84%EB%8C%80%EC%83%81%EA%B0%80,35.2487103,128.5917209",https://map.naver.com/p?lng=128.5917209&lat=35.2487103&zoom=18,402201,CWB379000509,35.24871,128.591721
구암중,창원시마산회원구,구암1동,2,"https://map.kakao.com/link/map/%EA%B5%AC%EC%95%94%EC%A4%91,35.2551356,128.5966805",https://map.naver.com/p?lng=128.5966805&lat=35.2551356&zoom=18,401903,CWB379005367,35.255136,128.59668
구암중,창원시마산회원구,구암1동,2,"https://map.kakao.com/link/map/%EA%B5%AC%EC%95%94%EC%A4%91,35.255023,128.5967409",https://map.naver.com/p?lng=128.5967409&lat=35.255023&zoom=18,402002,CWB379000436,35.255023,128.596741
구암한우아파트,창원시마산회원구,구암1동,2,"https://map.kakao.com/link/map/%EA%B5%AC%EC%95%94%ED%95%9C%EC%9A%B0%EC%95%84%ED%8C%8C%ED%8A%B8,35.2577178,128.5959526",https://map.naver.com/p?lng=128.5959526&lat=35.2577178&zoom=18,401901,CWB379002415,35.257718,128.595953
구암한우아파트,창원시마산회원구,구암1동,2,"https://map.kakao.com/link/map/%EA%B5%AC%EC%95%94%ED%95%9C%EC%9A%B0%EC%95%84%ED%8C%8C%ED%8A%B8,35.2577761,128.5960072",https://map.naver.com/p?lng=128.5960072&lat=35.2577761&zoom=18,401907,CWB379005371,35.257776,128.596007
대지아파트,창원시마산회원구,구암1동,1,"https://map.kakao.com/link/map/%EB%8C%80%EC%A7%80%EC%95%84%ED%8C%8C%ED%8A%B8,35.2541664,128.5972186",https://map.naver.com/p?lng=128.5972186&lat=35.2541664&zoom=18,402513,CWB379000440,35.254166,128.597219
마산롯데캐슬동문,창원시마산회원구,구암1동,2,"https://map.kakao.com/link/map/%EB%A7%88%EC%82%B0%EB%A1%AF%EB%8D%B0%EC%BA%90%EC%8A%AC%EB%8F%99%EB%AC%B8,35.2470184,128.5891612",https://map.naver.com/p?lng=128.5891612&lat=35.2470184&zoom=18,402102,CWB379005780,35.247018,128.589161
마산롯데캐슬동문,창원시마산회원구,구암1동,2,"https://map.kakao.com/link/map/%EB%A7%88%EC%82%B0%EB%A1%AF%EB%8D%B0%EC%BA%90%EC%8A%AC%EB%8F%99%EB%AC%B8,35.2470084,128.5889612",https://map.naver.com/p?lng=128.5889612&lat=35.2470084&zoom=18,402101,CWB379000553,35.247008,128.588961
석보아파트,창원시마산회원구,구암1동,1,"https://map.kakao.com/link/map/%EC%84%9D%EB%B3%B4%EC%95%84%ED%8C%8C%ED%8A%B8,35.2491714,128.5907152",https://map.naver.com/p?lng=128.5907152&lat=35.2491714&zoom=18,402507,CWB379000505,35.249171,128.590715
수영아파트,창원시마산회원구,구암1동,1,"https://map.kakao.com/link/map/%EC%88%98%EC%98%81%EC%95%84%ED%8C%8C%ED%8A%B8,35.2522764,128.5946095",https://map.naver.com/p?lng=128.5946095&lat=35.2522764&zoom=18,402511,CWB379000458,35.252276,128.594609
아람마트,창원시마산회원구,구암1동,2,"https://map.kakao.com/link/map/%EC%95%84%EB%9E%8C%EB%A7%88%ED%8A%B8,35.2544925,128.5959071",https://map.naver.com/p?lng=128.5959071&lat=35.2544925&zoom=18,401910,CWB379005522,35.254492,128.595907
아람마트,창원시마산회원구,구암1동,2,"https://map.kakao.com/link/map/%EC%95%84%EB%9E%8C%EB%A7%88%ED%8A%B8,35.2546061,128.5958296",https://map.naver.com/p?lng=128.5958296&lat=35.2546061&zoom=18,401911,CWB379005523,35.254606,128.59583
아람마트 방면,창원시마산회원구,구암1동,1,"https://map.kakao.com/link/map/%EC%95%84%EB%9E%8C%EB%A7%88%ED%8A%B8%20%EB%B0%A9%EB%A9%B4,35.2537619,128.5950935",https://map.naver.com/p?lng=128.5950935&lat=35.2537619&zoom=18,401912,CWB379005524,35.253762,128.595093
유성아파트,창원시마산회원구,구암1동,2,"https://map.kakao.com/link/map/%EC%9C%A0%EC%84%B1%EC%95%84%ED%8C%8C%ED%8A%B8,35.252765,128.5938104",https://map.naver.com/p?lng=128.5938104&lat=35.252765&zoom=18,401904,CWB379005368,35.252765,128.59381
유성아파트,창원시마산회원구,구암1동,2,"https://map.kakao.com/link/map/%EC%9C%A0%EC%84%B1%EC%95%84%ED%8C%8C%ED%8A%B8,35.2526751,128.5939101",https://map.naver.com/p?lng=128.5939101&lat=35.2526751&zoom=18,402001,CWB379000454,35.252675,128.59391
지혜의바다,창원시마산회원구,구암1동,2,"https://map.kakao.com/link/map/%EC%A7%80%ED%98%9C%EC%9D%98%EB%B0%94%EB%8B%A4,35.2559586,128.5976608",https://map.naver.com/p?lng=128.5976608&lat=35.2559586&zoom=18,401908,CWB379005520,35.255959,128.597661
지혜의바다,창원시마산회원구,구암1동,2,"https://map.kakao.com/link/map/%EC%A7%80%ED%98%9C%EC%9D%98%EB%B0%94%EB%8B%A4,35.2558533,128.5976148",https://map.naver.com/p?lng=128.5976148&lat=35.2558533&zoom=18,401909,CWB379005521,35.255853,128.597615
KT동마산지점,창원시마산회원구,구암2동,2,"https://map.kakao.com/link/map/KT%EB%8F%99%EB%A7%88%EC%82%B0%EC%A7%80%EC%A0%90,35.2505254,128.5979819",https://map.naver.com/p?lng=128.5979819&lat=35.2505254&zoom=18,400127,CWB379000475,35.250525,128.597982
KT동마산지점,창원시마산회원구,구암2동,2,"https://map.kakao.com/link/map/KT%EB%8F%99%EB%A7%88%EC%82%B0%EC%A7%80%EC%A0%90,35.2500535,128.5978164",https://map.naver.com/p?lng=128.5978164&lat=35.2500535&zoom=18,400128,CWB379000489,35.250054,128.597816
구암2동행정복지센터,창원시마산회원구,구암2동,1,"https://map.kakao.com/link/map/%EA%B5%AC%EC%95%942%EB%8F%99%ED%96%89%EC%A0%95%EB%B3%B5%EC%A7%80%EC%84%BC%ED%84%B0,35.2486424,128.5982382",https://map.naver.com/p?lng=128.5982382&lat=35.2486424&zoom=18,420617,CWB379000510,35.248642,128.598238
구암고등학교,창원시마산회원구,구암2동,2,"https://map.kakao.com/link/map/%EA%B5%AC%EC%95%94%EA%B3%A0%EB%93%B1%ED%95%99%EA%B5%90,35.2465191,128.5947068",https://map.naver.com/p?lng=128.5947068&lat=35.2465191&zoom=18,420614,CWB379000561,35.246519,128.594707
구암고등학교,창원시마산회원구,구암2동,2,"https://map.kakao.com/link/map/%EA%B5%AC%EC%95%94%EA%B3%A0%EB%93%B1%ED%95%99%EA%B5%90,35.2462964,128.5939782",https://map.naver.com/p?lng=128.5939782&lat=35.2462964&zoom=18,420615,CWB379000566,35.246296,128.593978
구암남1길,창원시마산회원구,구암2동,1,"https://map.kakao.com/link/map/%EA%B5%AC%EC%95%94%EB%82%A81%EA%B8%B8,35.2454966,128.5900373",https://map.naver.com/p?lng=128.5900373&lat=35.2454966&zoom=18,400131,CWB379005389,35.245497,128.590037
구암동,창원시마산회원구,구암2동,1,"https://map.kakao.com/link/map/%EA%B5%AC%EC%95%94%EB%8F%99,35.2468031,128.5918093",https://map.naver.com/p?lng=128.5918093&lat=35.2468031&zoom=18,400126,CWB379000558,35.246803,128.591809
삼성창원병원,창원시마산회원구,구암2동,1,"https://map.kakao.com/link/map/%EC%82%BC%EC%84%B1%EC%B0%BD%EC%9B%90%EB%B3%91%EC%9B%90,35.2434464,128.5911962",https://map.naver.com/p?lng=128.5911962&lat=35.2434464&zoom=18,420613,CWB379000613,35.243446,128.591196
창신대학교입구,창원시마산회원구,구암2동,1,"https://map.kakao.com/link/map/%EC%B0%BD%EC%8B%A0%EB%8C%80%ED%95%99%EA%B5%90%EC%9E%85%EA%B5%AC,35.2484597,128.5984063",https://map.naver.com/p?lng=128.5984063&lat=35.2484597&zoom=18,420616,CWB379000514,35.24846,128.598406
청소년복지회관.창신대학,창원시마산회원구,구암2동,2,"https://map.kakao.com/link/map/%EC%B2%AD%EC%86%8C%EB%85%84%EB%B3%B5%EC%A7%80%ED%9A%8C%EA%B4%80.%EC%B0%BD%EC%8B%A0%EB%8C%80%ED%95%99,35.2490569,128.6017678",https://map.naver.com/p?lng=128.6017678&lat=35.2490569&zoom=18,420619,CWB379000504,35.249057,128.601768
청소년복지회관.창신대학,창원시마산회원구,구암2동,2,"https://map.kakao.com/link/map/%EC%B2%AD%EC%86%8C%EB%85%84%EB%B3%B5%EC%A7%80%ED%9A%8C%EA%B4%80.%EC%B0%BD%EC%8B%A0%EB%8C%80%ED%95%99,35.2487659,128.601015",https://map.naver.com/p?lng=128.601015&lat=35.2487659&zoom=18,420618,CWB379000506,35.248766,128.601015
태화아파트,창원시마산회원구,구암2동,1,"https://map.kakao.com/link/map/%ED%83%9C%ED%99%94%EC%95%84%ED%8C%8C%ED%8A%B8,35.2442938,128.5901841",https://map.naver.com/p?lng=128.5901841&lat=35.2442938&zoom=18,400133,CWB379005518,35.244294,128.590184
팔룡교육단지사거리,창원시마산회원구,구암2동,1,"https://map.kakao.com/link/map/%ED%8C%94%EB%A3%A1%EA%B5%90%EC%9C%A1%EB%8B%A8%EC%A7%80%EC%82%AC%EA%B1%B0%EB%A6%AC,35.2425491,128.5904165",https://map.naver.com/p?lng=128.5904165&lat=35.2425491&zoom=18,400136,CWB379005532,35.242549,128.590416
한국전력,창원시마산회원구,구암2동,2,"https://map.kakao.com/link/map/%ED%95%9C%EA%B5%AD%EC%A0%84%EB%A0%A5,35.2512728,128.599324",https://map.naver.com/p?lng=128.599324&lat=35.2512728&zoom=18,400129,CWB379000466,35.251273,128.599324
한국전력,창원시마산회원구,구암2동,2,"https://map.kakao.com/link/map/%ED%95%9C%EA%B5%AD%EC%A0%84%EB%A0%A5,35.2508664,128.5993142",https://map.naver.com/p?lng=128.5993142&lat=35.2508664&zoom=18,400130,CWB379000477,35.250866,128.599314
KB국민은행,창원시마산회원구,내서읍,1,"https://map.kakao.com/link/map/KB%EA%B5%AD%EB%AF%BC%EC%9D%80%ED%96%89,35.2333268,128.5044714",https://map.naver.com/p?lng=128.5044714&lat=35.2333268&zoom=18,401016,CWB379005402,35.233327,128.504471
감나무골,창원시마산회원구,내서읍,2,"https://map.kakao.com/link/map/%EA%B0%90%EB%82%98%EB%AC%B4%EA%B3%A8,35.2017902,128.5093383",https://map.naver.com/p?lng=128.5093383&lat=35.2017902&zoom=18,401306,CWB379001252,35.20179,128.509338
감나무골,창원시마산회원구,내서읍,2,"https://map.kakao.com/link/map/%EA%B0%90%EB%82%98%EB%AC%B4%EA%B3%A8,35.2018578,128.5095125",https://map.naver.com/p?lng=128.5095125&lat=35.2018578&zoom=18,401305,CWB379001253,35.201858,128.509512
감천,창원시마산회원구,내서읍,2,"https://map.kakao.com/link/map/%EA%B0%90%EC%B2%9C,35.2032333,128.5193296",https://map.naver.com/p?lng=128.5193296&lat=35.2032333&zoom=18,400806,CWB379001234,35.203233,128.51933
감천,창원시마산회원구,내서읍,2,"https://map.kakao.com/link/map/%EA%B0%90%EC%B2%9C,35.2031782,128.519238",https://map.naver.com/p?lng=128.519238&lat=35.2031782&zoom=18,400805,CWB379001235,35.203178,128.519238
감천교,창원시마산회원구,내서읍,2,"https://map.kakao.com/link/map/%EA%B0%90%EC%B2%9C%EA%B5%90,35.2101147,128.5093991",https://map.naver.com/p?lng=128.5093991&lat=35.2101147&zoom=18,301301,CWB379003098,35.210115,128.509399
감천교,창원시마산회원구,내서읍,2,"https://map.kakao.com/link/map/%EA%B0%90%EC%B2%9C%EA%B5%90,35.2099932,128.5093804",https://map.naver.com/p?lng=128.5093804&lat=35.2099932&zoom=18,301302,CWB379003099,35.209993,128.50938
감천마을회관,창원시마산회원구,내서읍,2,"https://map.kakao.com/link/map/%EA%B0%90%EC%B2%9C%EB%A7%88%EC%9D%84%ED%9A%8C%EA%B4%80,35.2048971,128.5181775",https://map.naver.com/p?lng=128.5181775&lat=35.2048971&zoom=18,400804,CWB379001209,35.204897,128.518178
감천마을회관,창원시마산회원구,내서읍,2,"https://map.kakao.com/link/map/%EA%B0%90%EC%B2%9C%EB%A7%88%EC%9D%84%ED%9A%8C%EA%B4%80,35.2048172,128.5180826",https://map.naver.com/p?lng=128.5180826&lat=35.2048172&zoom=18,400808,CWB379006202,35.204817,128.518083
감천입구,창원시마산회원구,내서읍,2,"https://map.kakao.com/link/map/%EA%B0%90%EC%B2%9C%EC%9E%85%EA%B5%AC,35.2077194,128.5133072",https://map.naver.com/p?lng=128.5133072&lat=35.2077194&zoom=18,630079,CWB379001981,35.207719,128.513307
감천입구,창원시마산회원구,내서읍,2,"https://map.kakao.com/link/map/%EA%B0%90%EC%B2%9C%EC%9E%85%EA%B5%AC,35.2076843,128.5126003",https://map.naver.com/p?lng=128.5126003&lat=35.2076843&zoom=18,401014,CWB379003191,35.207684,128.5126
감천초등학교,창원시마산회원구,내서읍,2,"https://map.kakao.com/link/map/%EA%B0%90%EC%B2%9C%EC%B4%88%EB%93%B1%ED%95%99%EA%B5%90,35.2064354,128.5153456",https://map.naver.com/p?lng=128.5153456&lat=35.2064354&zoom=18,400802,CWB379001167,35.206435,128.515346
감천초등학교,창원시마산회원구,내서읍,2,"https://map.kakao.com/link/map/%EA%B0%90%EC%B2%9C%EC%B4%88%EB%93%B1%ED%95%99%EA%B5%90,35.2063733,128.5152621",https://map.naver.com/p?lng=128.5152621&lat=35.2063733&zoom=18,400801,CWB379001170,35.206373,128.515262
곰티고개,창원시마산회원구,내서읍,2,"https://map.kakao.com/link/map/%EA%B3%B0%ED%8B%B0%EA%B3%A0%EA%B0%9C,35.2516525,128.5447904",https://map.naver.com/p?lng=128.5447904&lat=35.2516525&zoom=18,409716,CWB379003256,35.251652,128.54479
곰티고개,창원시마산회원구,내서읍,2,"https://map.kakao.com/link/map/%EA%B3%B0%ED%8B%B0%EA%B3%A0%EA%B0%9C,35.2517147,128.5449417",https://map.naver.com/p?lng=128.5449417&lat=35.2517147&zoom=18,409717,CWB379003257,35.251715,128.544942
광려중학교,창원시마산회원구,내서읍,2,"https://map.kakao.com/link/map/%EA%B4%91%EB%A0%A4%EC%A4%91%ED%95%99%EA%B5%90,35.2178209,128.5034041",https://map.naver.com/p?lng=128.5034041&lat=35.2178209&zoom=18,401310,CWB379001984,35.217821,128.503404
광려중학교,창원시마산회원구,내서읍,2,"https://map.kakao.com/link/map/%EA%B4%91%EB%A0%A4%EC%A4%91%ED%95%99%EA%B5%90,35.2176122,128.5034909",https://map.naver.com/p?lng=128.5034909&lat=35.2176122&zoom=18,301303,CWB379003100,35.217612,128.503491
구미동,창원시마산회원구,내서읍,2,"https://map.kakao.com/link/map/%EA%B5%AC%EB%AF%B8%EB%8F%99,35.2535384,128.5209052",https://map.naver.com/p?lng=128.5209052&lat=35.2535384&zoom=18,422809,CWB379000455,35.253538,128.520905
구미동,창원시마산회원구,내서읍,2,"https://map.kakao.com/link/map/%EA%B5%AC%EB%AF%B8%EB%8F%99,35.2531131,128.5209403",https://map.naver.com/p?lng=128.5209403&lat=35.2531131&zoom=18,422810,CWB379000460,35.253113,128.52094
구슬골,창원시마산회원구,내서읍,2,"https://map.kakao.com/link/map/%EA%B5%AC%EC%8A%AC%EA%B3%A8,35.2452234,128.5282542",https://map.naver.com/p?lng=128.5282542&lat=35.2452234&zoom=18,422804,CWB379000595,35.245223,128.528254
구슬골,창원시마산회원구,내서읍,2,"https://map.kakao.com/link/map/%EA%B5%AC%EC%8A%AC%EA%B3%A8,35.2444761,128.5290676",https://map.naver.com/p?lng=128.5290676&lat=35.2444761&zoom=18,422803,CWB379000605,35.244476,128.529068
국제아파트,창원시마산회원구,내서읍,2,"https://map.kakao.com/link/map/%EA%B5%AD%EC%A0%9C%EC%95%84%ED%8C%8C%ED%8A%B8,35.2629118,128.5214149",https://map.naver.com/p?lng=128.5214149&lat=35.2629118&zoom=18,422702,CWB379000353,35.262912,128.521415
국제아파트,창원시마산회원구,내서읍,2,"https://map.kakao.com/link/map/%EA%B5%AD%EC%A0%9C%EC%95%84%ED%8C%8C%ED%8A%B8,35.2628255,128.5212068",https://map.naver.com/p?lng=128.5212068&lat=35.2628255&zoom=18,422701,CWB379000355,35.262826,128.521207
내서119안전센터,창원시마산회원구,내서읍,2,"https://map.kakao.com/link/map/%EB%82%B4%EC%84%9C119%EC%95%88%EC%A0%84%EC%84%BC%ED%84%B0,35.2411798,128.5100703",https://map.naver.com/p?lng=128.5100703&lat=35.2411798&zoom=18,417204,CWB379000654,35.24118,128.51007
내서119안전센터,창원시마산회원구,내서읍,2,"https://map.kakao.com/link/map/%EB%82%B4%EC%84%9C119%EC%95%88%EC%A0%84%EC%84%BC%ED%84%B0,35.2401954,128.5091749",https://map.naver.com/p?lng=128.5091749&lat=35.2401954&zoom=18,417205,CWB379000665,35.240195,128.509175
내서여고,창원시마산회원구,내서읍,2,"https://map.kakao.com/link/map/%EB%82%B4%EC%84%9C%EC%97%AC%EA%B3%A0,35.2375766,128.5040952",https://map.naver.com/p?lng=128.5040952&lat=35.2375766&zoom=18,401009,CWB379001985,35.237577,128.504095
내서여고,창원시마산회원구,내서읍,2,"https://map.kakao.com/link/map/%EB%82%B4%EC%84%9C%EC%97%AC%EA%B3%A0,35.2368914,128.5044232",https://map.naver.com/p?lng=128.5044232&lat=35.2368914&zoom=18,401008,CWB379002393,35.236891,128.504423
내서우체국,창원시마산회원구,내서읍,2,"https://map.kakao.com/link/map/%EB%82%B4%EC%84%9C%EC%9A%B0%EC%B2%B4%EA%B5%AD,35.2487644,128.5177252",https://map.naver.com/p?lng=128.5177252&lat=35.2487644&zoom=18,417211,CWB379000532,35.248764,128.517725
내서우체국,창원시마산회원구,내서읍,2,"https://map.kakao.com/link/map/%EB%82%B4%EC%84%9C%EC%9A%B0%EC%B2%B4%EA%B5%AD,35.2485953,128.5179389",https://map.naver.com/p?lng=128.5179389&lat=35.2485953&zoom=18,417210,CWB379000535,35.248595,128.517939
내서운동장,창원시마산회원구,내서읍,1,"https://map.kakao.com/link/map/%EB%82%B4%EC%84%9C%EC%9A%B4%EB%8F%99%EC%9E%A5,35.2263555,128.5038479",https://map.naver.com/p?lng=128.5038479&lat=35.2263555&zoom=18,630238,CWB379002837,35.226356,128.503848
내서중학교,창원시마산회원구,내서읍,2,"https://map.kakao.com/link/map/%EB%82%B4%EC%84%9C%EC%A4%91%ED%95%99%EA%B5%90,35.2463198,128.508754",https://map.naver.com/p?lng=128.508754&lat=35.2463198&zoom=18,401013,CWB379000588,35.24632,128.508754
내서중학교,창원시마산회원구,내서읍,2,"https://map.kakao.com/link/map/%EB%82%B4%EC%84%9C%EC%A4%91%ED%95%99%EA%B5%90,35.2460262,128.5089331",https://map.naver.com/p?lng=128.5089331&lat=35.2460262&zoom=18,401012,CWB379000597,35.246026,128.508933
너울림빌라,창원시마산회원구,내서읍,2,"https://map.kakao.com/link/map/%EB%84%88%EC%9A%B8%EB%A6%BC%EB%B9%8C%EB%9D%BC,35.2348508,128.4900055",https://map.naver.com/p?lng=128.4900055&lat=35.2348508&zoom=18,407703,CWB379005323,35.234851,128.490006
너울림빌라,창원시마산회원구,내서읍,2,"https://map.kakao.com/link/map/%EB%84%88%EC%9A%B8%EB%A6%BC%EB%B9%8C%EB%9D%BC,35.2350825,128.4896719",https://map.naver.com/p?lng=128.4896719&lat=35.2350825&zoom=18,407704,CWB379005324,35.235082,128.489672
농산물다리,창원시마산회원구,내서읍,2,"https://map.kakao.com/link/map/%EB%86%8D%EC%82%B0%EB%AC%BC%EB%8B%A4%EB%A6%AC,35.2588791,128.5108083",https://map.naver.com/p?lng=128.5108083&lat=35.2588791&zoom=18,414904,CWB379005538,35.258879,128.510808
농산물다리,창원시마산회원구,내서읍,2,"https://map.kakao.com/link/map/%EB%86%8D%EC%82%B0%EB%AC%BC%EB%8B%A4%EB%A6%AC,35.2588761,128.5106874",https://map.naver.com/p?lng=128.5106874&lat=35.2588761&zoom=18,414905,CWB379005539,35.258876,128.510687
농산물도매시장,창원시마산회원구,내서읍,2,"https://map.kakao.com/link/map/%EB%86%8D%EC%82%B0%EB%AC%BC%EB%8F%84%EB%A7%A4%EC%8B%9C%EC%9E%A5,35.255943,128.5123047",https://map.naver.com/p?lng=128.5123047&lat=35.255943&zoom=18,414901,CWB379001987,35.255943,128.512305
농산물도매시장,창원시마산회원구,내서읍,2,"https://map.kakao.com/link/map/%EB%86%8D%EC%82%B0%EB%AC%BC%EB%8F%84%EB%A7%A4%EC%8B%9C%EC%9E%A5,35.2565921,128.5126952",https://map.naver.com/p?lng=128.5126952&lat=35.2565921&zoom=18,414902,CWB379001988,35.256592,128.512695
농산물도매시장입구,창원시마산회원구,내서읍,1,"https://map.kakao.com/link/map/%EB%86%8D%EC%82%B0%EB%AC%BC%EB%8F%84%EB%A7%A4%EC%8B%9C%EC%9E%A5%EC%9E%85%EA%B5%AC,35.25235,128.5124542",https://map.naver.com/p?lng=128.5124542&lat=35.25235&zoom=18,421707,CWB379000473,35.25235,128.512454
대동이미지아파트,창원시마산회원구,내서읍,2,"https://map.kakao.com/link/map/%EB%8C%80%EB%8F%99%EC%9D%B4%EB%AF%B8%EC%A7%80%EC%95%84%ED%8C%8C%ED%8A%B8,35.2232745,128.502711",https://map.naver.com/p?lng=128.502711&lat=35.2232745&zoom=18,401314,CWB379000901,35.223274,128.502711
대동이미지아파트,창원시마산회원구,내서읍,2,"https://map.kakao.com/link/map/%EB%8C%80%EB%8F%99%EC%9D%B4%EB%AF%B8%EC%A7%80%EC%95%84%ED%8C%8C%ED%8A%B8,35.2232622,128.5025123",https://map.naver.com/p?lng=128.5025123&lat=35.2232622&zoom=18,401313,CWB379000902,35.223262,128.502512
더푸른아파트,창원시마산회원구,내서읍,2,"https://map.kakao.com/link/map/%EB%8D%94%ED%91%B8%EB%A5%B8%EC%95%84%ED%8C%8C%ED%8A%B8,35.2351764,128.5041732",https://map.naver.com/p?lng=128.5041732&lat=35.2351764&zoom=18,401007,CWB379000743,35.235176,128.504173
더푸른아파트,창원시마산회원구,내서읍,2,"https://map.kakao.com/link/map/%EB%8D%94%ED%91%B8%EB%A5%B8%EC%95%84%ED%8C%8C%ED%8A%B8,35.2348094,128.5044922",https://map.naver.com/p?lng=128.5044922&lat=35.2348094&zoom=18,401006,CWB379000746,35.234809,128.504492
동남타운아파트,창원시마산회원구,내서읍,1,"https://map.kakao.com/link/map/%EB%8F%99%EB%82%A8%ED%83%80%EC%9A%B4%EC%95%84%ED%8C%8C%ED%8A%B8,35.2421752,128.5040664",https://map.naver.com/p?lng=128.5040664&lat=35.2421752&zoom=18,401015,CWB379005364,35.242175,128.504066
동서병원,창원시마산회원구,내서읍,2,"https://map.kakao.com/link/map/%EB%8F%99%EC%84%9C%EB%B3%91%EC%9B%90,35.2565211,128.5216444",https://map.naver.com/p?lng=128.5216444&lat=35.2565211&zoom=18,422812,CWB379000413,35.256521,128.521644
동서병원,창원시마산회원구,내서읍,2,"https://map.kakao.com/link/map/%EB%8F%99%EC%84%9C%EB%B3%91%EC%9B%90,35.2580018,128.5221737",https://map.naver.com/p?lng=128.5221737&lat=35.2580018&zoom=18,422813,CWB379000414,35.258002,128.522174
동신아파트,창원시마산회원구,내서읍,2,"https://map.kakao.com/link/map/%EB%8F%99%EC%8B%A0%EC%95%84%ED%8C%8C%ED%8A%B8,35.2510914,128.5135482",https://map.naver.com/p?lng=128.5135482&lat=35.2510914&zoom=18,401501,CWB379000488,35.251091,128.513548
동신아파트,창원시마산회원구,내서읍,2,"https://map.kakao.com/link/map/%EB%8F%99%EC%8B%A0%EC%95%84%ED%8C%8C%ED%8A%B8,35.2507615,128.5136388",https://map.naver.com/p?lng=128.5136388&lat=35.2507615&zoom=18,401502,CWB379000496,35.250762,128.513639
동양테크윈,창원시마산회원구,내서읍,2,"https://map.kakao.com/link/map/%EB%8F%99%EC%96%91%ED%85%8C%ED%81%AC%EC%9C%88,35.2528628,128.5164373",https://map.naver.com/p?lng=128.5164373&lat=35.2528628&zoom=18,401505,CWB379005932,35.252863,128.516437
동양테크윈,창원시마산회원구,내서읍,2,"https://map.kakao.com/link/map/%EB%8F%99%EC%96%91%ED%85%8C%ED%81%AC%EC%9C%88,35.2528779,128.5166711",https://map.naver.com/p?lng=128.5166711&lat=35.2528779&zoom=18,401506,CWB379005933,35.252878,128.516671
로봇산업진흥재단,창원시마산회원구,내서읍,2,"https://map.kakao.com/link/map/%EB%A1%9C%EB%B4%87%EC%82%B0%EC%97%85%EC%A7%84%ED%9D%A5%EC%9E%AC%EB%8B%A8,35.2461574,128.5140242",https://map.naver.com/p?lng=128.5140242&lat=35.2461574&zoom=18,417209,CWB379000582,35.246157,128.514024
로봇산업진흥재단,창원시마산회원구,내서읍,2,"https://map.kakao.com/link/map/%EB%A1%9C%EB%B4%87%EC%82%B0%EC%97%85%EC%A7%84%ED%9D%A5%EC%9E%AC%EB%8B%A8,35.2458321,128.5140037",https://map.naver.com/p?lng=128.5140037&lat=35.2458321&zoom=18,417208,CWB379000585,35.245832,128.514004
롯데마트,창원시마산회원구,내서읍,2,"https://map.kakao.com/link/map/%EB%A1%AF%EB%8D%B0%EB%A7%88%ED%8A%B8,35.2331152,128.5045121",https://map.naver.com/p?lng=128.5045121&lat=35.2331152&zoom=18,401005,CWB379000771,35.233115,128.504512
롯데마트,창원시마산회원구,내서읍,2,"https://map.kakao.com/link/map/%EB%A1%AF%EB%8D%B0%EB%A7%88%ED%8A%B8,35.2329,128.5048467",https://map.naver.com/p?lng=128.5048467&lat=35.2329&zoom=18,401004,CWB379000776,35.2329,128.504847
마산대학교정문,창원시마산회원구,내서읍,2,"https://map.kakao.com/link/map/%EB%A7%88%EC%82%B0%EB%8C%80%ED%95%99%EA%B5%90%EC%A0%95%EB%AC%B8,35.2582702,128.5095377",https://map.naver.com/p?lng=128.5095377&lat=35.2582702&zoom=18,416804,CWB379000411,35.25827,128.509538
마산대학교정문,창원시마산회원구,내서읍,2,"https://map.kakao.com/link/map/%EB%A7%88%EC%82%B0%EB%8C%80%ED%95%99%EA%B5%90%EC%A0%95%EB%AC%B8,35.2579021,128.5087735",https://map.naver.com/p?lng=128.5087735&lat=35.2579021&zoom=18,416803,CWB379000416,35.257902,128.508773
마산대학교종점,창원시마산회원구,내서읍,2,"https://map.kakao.com/link/map/%EB%A7%88%EC%82%B0%EB%8C%80%ED%95%99%EA%B5%90%EC%A2%85%EC%A0%90,35.2616044,128.5034694",https://map.naver.com/p?lng=128.5034694&lat=35.2616044&zoom=18,630015,CWB379000378,35.261604,128.503469
마산대학교종점,창원시마산회원구,내서읍,2,"https://map.kakao.com/link/map/%EB%A7%88%EC%82%B0%EB%8C%80%ED%95%99%EA%B5%90%EC%A2%85%EC%A0%90,35.2621964,128.5036973",https://map.naver.com/p?lng=128.5036973&lat=35.2621964&zoom=18,630016,CWB379000379,35.262196,128.503697
삼계,창원시마산회원구,내서읍,2,"https://map.kakao.com/link/map/%EC%82%BC%EA%B3%84,35.2321394,128.503596",https://map.naver.com/p?lng=128.503596&lat=35.2321394&zoom=18,409907,CWB379000789,35.232139,128.503596
삼계,창원시마산회원구,내서읍,2,"https://map.kakao.com/link/map/%EC%82%BC%EA%B3%84,35.2319696,128.5042401",https://map.naver.com/p?lng=128.5042401&lat=35.2319696&zoom=18,409908,CWB379000791,35.23197,128.50424
삼계대동아파트,창원시마산회원구,내서읍,2,"https://map.kakao.com/link/map/%EC%82%BC%EA%B3%84%EB%8C%80%EB%8F%99%EC%95%84%ED%8C%8C%ED%8A%B8,35.2309595,128.501801",https://map.naver.com/p?lng=128.501801&lat=35.2309595&zoom=18,408401,CWB379000810,35.23096,128.501801
삼계대동아파트,창원시마산회원구,내서읍,2,"https://map.kakao.com/link/map/%EC%82%BC%EA%B3%84%EB%8C%80%EB%8F%99%EC%95%84%ED%8C%8C%ED%8A%B8,35.2307714,128.5019462",https://map.naver.com/p?lng=128.5019462&lat=35.2307714&zoom=18,408402,CWB379000813,35.230771,128.501946
삼계성당법륜사,창원시마산회원구,내서읍,2,"https://map.kakao.com/link/map/%EC%82%BC%EA%B3%84%EC%84%B1%EB%8B%B9%EB%B2%95%EB%A5%9C%EC%82%AC,35.219847,128.5017292",https://map.naver.com/p?lng=128.5017292&lat=35.219847&zoom=18,401312,CWB379000972,35.219847,128.501729
삼계성당법륜사,창원시마산회원구,내서읍,2,"https://map.kakao.com/link/map/%EC%82%BC%EA%B3%84%EC%84%B1%EB%8B%B9%EB%B2%95%EB%A5%9C%EC%82%AC,35.2198073,128.5016146",https://map.naver.com/p?lng=128.5016146&lat=35.2198073&zoom=18,401311,CWB379000973,35.219807,128.501615
삼계숲속마을아파트,창원시마산회원구,내서읍,2,"https://map.kakao.com/link/map/%EC%82%BC%EA%B3%84%EC%88%B2%EC%86%8D%EB%A7%88%EC%9D%84%EC%95%84%ED%8C%8C%ED%8A%B8,35.2317338,128.4975072",https://map.naver.com/p?lng=128.4975072&lat=35.2317338&zoom=18,409903,CWB379000801,35.231734,128.497507
삼계숲속마을아파트,창원시마산회원구,내서읍,2,"https://map.kakao.com/link/map/%EC%82%BC%EA%B3%84%EC%88%B2%EC%86%8D%EB%A7%88%EC%9D%84%EC%95%84%ED%8C%8C%ED%8A%B8,35.2315206,128.4974468",https://map.naver.com/p?lng=128.4974468&lat=35.2315206&zoom=18,409904,CWB379000805,35.231521,128.497447
삼계우체국,창원시마산회원구,내서읍,2,"https://map.kakao.com/link/map/%EC%82%BC%EA%B3%84%EC%9A%B0%EC%B2%B4%EA%B5%AD,35.2319164,128.5004719",https://map.naver.com/p?lng=128.5004719&lat=35.2319164&zoom=18,409905,CWB379000793,35.231916,128.500472
삼계우체국,창원시마산회원구,내서읍,2,"https://map.kakao.com/link/map/%EC%82%BC%EA%B3%84%EC%9A%B0%EC%B2%B4%EA%B5%AD,35.2317094,128.5000775",https://map.naver.com/p?lng=128.5000775&lat=35.2317094&zoom=18,409906,CWB379000799,35.231709,128.500078
상곡동,창원시마산회원구,내서읍,1,"https://map.kakao.com/link/map/%EC%83%81%EA%B3%A1%EB%8F%99,35.2453651,128.4997556",https://map.naver.com/p?lng=128.4997556&lat=35.2453651&zoom=18,408801,CWB379001964,35.245365,128.499756
상곡시장,창원시마산회원구,내서읍,2,"https://map.kakao.com/link/map/%EC%83%81%EA%B3%A1%EC%8B%9C%EC%9E%A5,35.2430986,128.5017924",https://map.naver.com/p?lng=128.5017924&lat=35.2430986&zoom=18,408802,CWB379002835,35.243099,128.501792
상곡시장,창원시마산회원구,내서읍,2,"https://map.kakao.com/link/map/%EC%83%81%EA%B3%A1%EC%8B%9C%EC%9E%A5,35.2436239,128.5008084",https://map.naver.com/p?lng=128.5008084&lat=35.2436239&zoom=18,408803,CWB379002836,35.243624,128.500808
새주막,창원시마산회원구,내서읍,2,"https://map.kakao.com/link/map/%EC%83%88%EC%A3%BC%EB%A7%89,35.2612728,128.5089781",https://map.naver.com/p?lng=128.5089781&lat=35.2612728&zoom=18,412702,CWB379002981,35.261273,128.508978
새주막,창원시마산회원구,내서읍,2,"https://map.kakao.com/link/map/%EC%83%88%EC%A3%BC%EB%A7%89,35.2613117,128.5087783",https://map.naver.com/p?lng=128.5087783&lat=35.2613117&zoom=18,412701,CWB379002988,35.261312,128.508778
새터,창원시마산회원구,내서읍,2,"https://map.kakao.com/link/map/%EC%83%88%ED%84%B0,35.2678074,128.5031832",https://map.naver.com/p?lng=128.5031832&lat=35.2678074&zoom=18,409802,CWB379002983,35.267807,128.503183
새터,창원시마산회원구,내서읍,2,"https://map.kakao.com/link/map/%EC%83%88%ED%84%B0,35.2675303,128.5033459",https://map.naver.com/p?lng=128.5033459&lat=35.2675303&zoom=18,409803,CWB379002986,35.26753,128.503346
서광맨션,창원시마산회원구,내서읍,1,"https://map.kakao.com/link/map/%EC%84%9C%EA%B4%91%EB%A7%A8%EC%85%98,35.2541564,128.5199602",https://map.naver.com/p?lng=128.5199602&lat=35.2541564&zoom=18,401402,CWB379000445,35.254156,128.51996
수곡,창원시마산회원구,내서읍,2,"https://map.kakao.com/link/map/%EC%88%98%EA%B3%A1,35.2595345,128.5097859",https://map.naver.com/p?lng=128.5097859&lat=35.2595345&zoom=18,416806,CWB379000405,35.259534,128.509786
수곡,창원시마산회원구,내서읍,2,"https://map.kakao.com/link/map/%EC%88%98%EA%B3%A1,35.259494,128.5097192",https://map.naver.com/p?lng=128.5097192&lat=35.259494&zoom=18,416805,CWB379000406,35.259494,128.509719
수곡종점,창원시마산회원구,내서읍,1,"https://map.kakao.com/link/map/%EC%88%98%EA%B3%A1%EC%A2%85%EC%A0%90,35.2704333,128.5006489",https://map.naver.com/p?lng=128.5006489&lat=35.2704333&zoom=18,409801,CWB379002985,35.270433,128.500649
신감삼거리,창원시마산회원구,내서읍,2,"https://map.kakao.com/link/map/%EC%8B%A0%EA%B0%90%EC%82%BC%EA%B1%B0%EB%A6%AC,35.2052025,128.5117733",https://map.naver.com/p?lng=128.5117733&lat=35.2052025&zoom=18,401308,CWB379001205,35.205202,128.511773
신감삼거리,창원시마산회원구,내서읍,2,"https://map.kakao.com/link/map/%EC%8B%A0%EA%B0%90%EC%82%BC%EA%B1%B0%EB%A6%AC,35.2051435,128.5118134",https://map.naver.com/p?lng=128.5118134&lat=35.2051435&zoom=18,401307,CWB379001208,35.205144,128.511813
신목종점,창원시마산회원구,내서읍,2,"https://map.kakao.com/link/map/%EC%8B%A0%EB%AA%A9%EC%A2%85%EC%A0%90,35.1929157,128.495854",https://map.naver.com/p?lng=128.495854&lat=35.1929157&zoom=18,401301,CWB379001336,35.192916,128.495854
신목종점,창원시마산회원구,내서읍,2,"https://map.kakao.com/link/map/%EC%8B%A0%EB%AA%A9%EC%A2%85%EC%A0%90,35.1932003,128.4961612",https://map.naver.com/p?lng=128.4961612&lat=35.1932003&zoom=18,401302,CWB379001337,35.1932,128.496161
신우타워,창원시마산회원구,내서읍,2,"https://map.kakao.com/link/map/%EC%8B%A0%EC%9A%B0%ED%83%80%EC%9B%8C,35.2665266,128.5275165",https://map.naver.com/p?lng=128.5275165&lat=35.2665266&zoom=18,422820,CWB379000326,35.266527,128.527516
신우타워,창원시마산회원구,내서읍,2,"https://map.kakao.com/link/map/%EC%8B%A0%EC%9A%B0%ED%83%80%EC%9B%8C,35.2664781,128.5279332",https://map.naver.com/p?lng=128.5279332&lat=35.2664781&zoom=18,422819,CWB379000327,35.266478,128.527933
쌀재터널입구,창원시마산회원구,내서읍,2,"https://map.kakao.com/link/map/%EC%8C%80%EC%9E%AC%ED%84%B0%EB%84%90%EC%9E%85%EA%B5%AC,35.200768,128.5206412",https://map.naver.com/p?lng=128.5206412&lat=35.200768&zoom=18,630255,CWB379003022,35.200768,128.520641
쌀재터널입구,창원시마산회원구,내서읍,2,"https://map.kakao.com/link/map/%EC%8C%80%EC%9E%AC%ED%84%B0%EB%84%90%EC%9E%85%EA%B5%AC,35.1986816,128.5240292",https://map.naver.com/p?lng=128.5240292&lat=35.1986816&zoom=18,630256,CWB379003023,35.198682,128.524029
아랫구슬골,창원시마산회원구,내서읍,2,"https://map.kakao.com/link/map/%EC%95%84%EB%9E%AB%EA%B5%AC%EC%8A%AC%EA%B3%A8,35.2438532,128.5286229",https://map.naver.com/p?lng=128.5286229&lat=35.2438532&zoom=18,421715,CWB379000617,35.243853,128.528623
아랫구슬골,창원시마산회원구,내서읍,2,"https://map.kakao.com/link/map/%EC%95%84%EB%9E%AB%EA%B5%AC%EC%8A%AC%EA%B3%A8,35.2435215,128.5290703",https://map.naver.com/p?lng=128.5290703&lat=35.2435215&zoom=18,421714,CWB379000622,35.243522,128.52907
안계종점,창원시마산회원구,내서읍,2,"https://map.kakao.com/link/map/%EC%95%88%EA%B3%84%EC%A2%85%EC%A0%90,35.2376262,128.4867443",https://map.naver.com/p?lng=128.4867443&lat=35.2376262&zoom=18,407701,CWB379000711,35.237626,128.486744
안계종점,창원시마산회원구,내서읍,2,"https://map.kakao.com/link/map/%EC%95%88%EA%B3%84%EC%A2%85%EC%A0%90,35.2371075,128.487339",https://map.naver.com/p?lng=128.487339&lat=35.2371075&zoom=18,407702,CWB379000713,35.237108,128.487339
안계초등학교,창원시마산회원구,내서읍,2,"https://map.kakao.com/link/map/%EC%95%88%EA%B3%84%EC%B4%88%EB%93%B1%ED%95%99%EA%B5%90,35.2319753,128.4942532",https://map.naver.com/p?lng=128.4942532&lat=35.2319753&zoom=18,409901,CWB379000800,35.231975,128.494253
안계초등학교,창원시마산회원구,내서읍,2,"https://map.kakao.com/link/map/%EC%95%88%EA%B3%84%EC%B4%88%EB%93%B1%ED%95%99%EA%B5%90,35.2316682,128.4944947",https://map.naver.com/p?lng=128.4944947&lat=35.2316682&zoom=18,409902,CWB379000804,35.231668,128.494495
안곡마을,창원시마산회원구,내서읍,2,"https://map.kakao.com/link/map/%EC%95%88%EA%B3%A1%EB%A7%88%EC%9D%84,35.2631714,128.5350752",https://map.naver.com/p?lng=128.5350752&lat=35.2631714&zoom=18,409712,CWB379000352,35.263171,128.535075
안곡마을,창원시마산회원구,내서읍,2,"https://map.kakao.com/link/map/%EC%95%88%EA%B3%A1%EB%A7%88%EC%9D%84,35.2630958,128.5349942",https://map.naver.com/p?lng=128.5349942&lat=35.2630958&zoom=18,409713,CWB379000356,35.263096,128.534994
안성새터마을,창원시마산회원구,내서읍,2,"https://map.kakao.com/link/map/%EC%95%88%EC%84%B1%EC%83%88%ED%84%B0%EB%A7%88%EC%9D%84,35.2605599,128.5456446",https://map.naver.com/p?lng=128.5456446&lat=35.2605599&zoom=18,410901,CWB379000385,35.26056,128.545645
안성새터마을,창원시마산회원구,내서읍,2,"https://map.kakao.com/link/map/%EC%95%88%EC%84%B1%EC%83%88%ED%84%B0%EB%A7%88%EC%9D%84,35.2604625,128.5457148",https://map.naver.com/p?lng=128.5457148&lat=35.2604625&zoom=18,410902,CWB379000386,35.260462,128.545715
안성종점,창원시마산회원구,내서읍,2,"https://map.kakao.com/link/map/%EC%95%88%EC%84%B1%EC%A2%85%EC%A0%90,35.2651681,128.5509949",https://map.naver.com/p?lng=128.5509949&lat=35.2651681&zoom=18,410903,CWB379000338,35.265168,128.550995
안성종점,창원시마산회원구,내서읍,2,"https://map.kakao.com/link/map/%EC%95%88%EC%84%B1%EC%A2%85%EC%A0%90,35.2651878,128.551215",https://map.naver.com/p?lng=128.551215&lat=35.2651878&zoom=18,410904,CWB379000339,35.265188,128.551215
용담,창원시마산회원구,내서읍,2,"https://map.kakao.com/link/map/%EC%9A%A9%EB%8B%B4,35.2646772,128.5053173",https://map.naver.com/p?lng=128.5053173&lat=35.2646772&zoom=18,409805,CWB379002982,35.264677,128.505317
용담,창원시마산회원구,내서읍,2,"https://map.kakao.com/link/map/%EC%9A%A9%EB%8B%B4,35.2647684,128.5052311",https://map.naver.com/p?lng=128.5052311&lat=35.2647684&zoom=18,409804,CWB379002987,35.264768,128.505231
용담마을회관,창원시마산회원구,내서읍,1,"https://map.kakao.com/link/map/%EC%9A%A9%EB%8B%B4%EB%A7%88%EC%9D%84%ED%9A%8C%EA%B4%80,35.2645254,128.4992186",https://map.naver.com/p?lng=128.4992186&lat=35.2645254&zoom=18,409807,CWB379005337,35.264525,128.499219
용담종점,창원시마산회원구,내서읍,2,"https://map.kakao.com/link/map/%EC%9A%A9%EB%8B%B4%EC%A2%85%EC%A0%90,35.2627352,128.4962215",https://map.naver.com/p?lng=128.4962215&lat=35.2627352&zoom=18,421701,CWB379000373,35.262735,128.496221
용담종점,창원시마산회원구,내서읍,2,"https://map.kakao.com/link/map/%EC%9A%A9%EB%8B%B4%EC%A2%85%EC%A0%90,35.2624313,128.4974768",https://map.naver.com/p?lng=128.4974768&lat=35.2624313&zoom=18,421703,CWB379000374,35.262431,128.497477
용마정비,창원시마산회원구,내서읍,2,"https://map.kakao.com/link/map/%EC%9A%A9%EB%A7%88%EC%A0%95%EB%B9%84,35.2440411,128.5118211",https://map.naver.com/p?lng=128.5118211&lat=35.2440411&zoom=18,417206,CWB379000604,35.244041,128.511821
용마정비,창원시마산회원구,내서읍,2,"https://map.kakao.com/link/map/%EC%9A%A9%EB%A7%88%EC%A0%95%EB%B9%84,35.2447366,128.5121251",https://map.naver.com/p?lng=128.5121251&lat=35.2447366&zoom=18,417207,CWB379000608,35.244737,128.512125
원계,창원시마산회원구,내서읍,2,"https://map.kakao.com/link/map/%EC%9B%90%EA%B3%84,35.2331472,128.5065296",https://map.naver.com/p?lng=128.5065296&lat=35.2331472&zoom=18,417202,CWB379000773,35.233147,128.50653
원계,창원시마산회원구,내서읍,2,"https://map.kakao.com/link/map/%EC%9B%90%EA%B3%84,35.2329998,128.506136",https://map.naver.com/p?lng=128.506136&lat=35.2329998&zoom=18,417201,CWB379000774,35.233,128.506136
윗구슬골마을,창원시마산회원구,내서읍,2,"https://map.kakao.com/link/map/%EC%9C%97%EA%B5%AC%EC%8A%AC%EA%B3%A8%EB%A7%88%EC%9D%84,35.2424404,128.5328532",https://map.naver.com/p?lng=128.5328532&lat=35.2424404&zoom=18,421717,CWB379000635,35.24244,128.532853
윗구슬골마을,창원시마산회원구,내서읍,2,"https://map.kakao.com/link/map/%EC%9C%97%EA%B5%AC%EC%8A%AC%EA%B3%A8%EB%A7%88%EC%9D%84,35.2421567,128.5331543",https://map.naver.com/p?lng=128.5331543&lat=35.2421567&zoom=18,421716,CWB379000639,35.242157,128.533154
이미지아파트,창원시마산회원구,내서읍,1,"https://map.kakao.com/link/map/%EC%9D%B4%EB%AF%B8%EC%A7%80%EC%95%84%ED%8C%8C%ED%8A%B8,35.2255066,128.5040882",https://map.naver.com/p?lng=128.5040882&lat=35.2255066&zoom=18,401315,CWB379002838,35.225507,128.504088
이미지아파트입구,창원시마산회원구,내서읍,1,"https://map.kakao.com/link/map/%EC%9D%B4%EB%AF%B8%EC%A7%80%EC%95%84%ED%8C%8C%ED%8A%B8%EC%9E%85%EA%B5%AC,35.226095,128.5045027",https://map.naver.com/p?lng=128.5045027&lat=35.226095&zoom=18,401001,CWB379000869,35.226095,128.504503
자동차부품혁신센터,창원시마산회원구,내서읍,2,"https://map.kakao.com/link/map/%EC%9E%90%EB%8F%99%EC%B0%A8%EB%B6%80%ED%92%88%ED%98%81%EC%8B%A0%EC%84%BC%ED%84%B0,35.2382155,128.5079469",https://map.naver.com/p?lng=128.5079469&lat=35.2382155&zoom=18,630245,CWB379003011,35.238216,128.507947
자동차부품혁신센터,창원시마산회원구,내서읍,2,"https://map.kakao.com/link/map/%EC%9E%90%EB%8F%99%EC%B0%A8%EB%B6%80%ED%92%88%ED%98%81%EC%8B%A0%EC%84%BC%ED%84%B0,35.2384689,128.5084552",https://map.naver.com/p?lng=128.5084552&lat=35.2384689&zoom=18,630246,CWB379003012,35.238469,128.508455
장미아파트,창원시마산회원구,내서읍,2,"https://map.kakao.com/link/map/%EC%9E%A5%EB%AF%B8%EC%95%84%ED%8C%8C%ED%8A%B8,35.2416143,128.5051436",https://map.naver.com/p?lng=128.5051436&lat=35.2416143&zoom=18,401010,CWB379000643,35.241614,128.505144
장미아파트,창원시마산회원구,내서읍,2,"https://map.kakao.com/link/map/%EC%9E%A5%EB%AF%B8%EC%95%84%ED%8C%8C%ED%8A%B8,35.2421514,128.5052244",https://map.naver.com/p?lng=128.5052244&lat=35.2421514&zoom=18,401011,CWB379000644,35.242151,128.505224
장미파크맨션,창원시마산회원구,내서읍,1,"https://map.kakao.com/link/map/%EC%9E%A5%EB%AF%B8%ED%8C%8C%ED%81%AC%EB%A7%A8%EC%85%98,35.2546338,128.5193277",https://map.naver.com/p?lng=128.5193277&lat=35.2546338&zoom=18,401401,CWB379000442,35.254634,128.519328
전안마을,창원시마산회원구,내서읍,2,"https://map.kakao.com/link/map/%EC%A0%84%EC%95%88%EB%A7%88%EC%9D%84,35.2150025,128.5053494",https://map.naver.com/p?lng=128.5053494&lat=35.2150025&zoom=18,401309,CWB379001043,35.215002,128.505349
전안마을,창원시마산회원구,내서읍,2,"https://map.kakao.com/link/map/%EC%A0%84%EC%95%88%EB%A7%88%EC%9D%84,35.2152771,128.5051925",https://map.naver.com/p?lng=128.5051925&lat=35.2152771&zoom=18,301304,CWB379003101,35.215277,128.505192
절골,창원시마산회원구,내서읍,2,"https://map.kakao.com/link/map/%EC%A0%88%EA%B3%A8,35.1937262,128.4977326",https://map.naver.com/p?lng=128.4977326&lat=35.1937262&zoom=18,401317,CWB379005575,35.193726,128.497733
절골,창원시마산회원구,내서읍,2,"https://map.kakao.com/link/map/%EC%A0%88%EA%B3%A8,35.1936289,128.497761",https://map.naver.com/p?lng=128.497761&lat=35.1936289&zoom=18,401316,CWB379005576,35.193629,128.497761
절골입구,창원시마산회원구,내서읍,2,"https://map.kakao.com/link/map/%EC%A0%88%EA%B3%A8%EC%9E%85%EA%B5%AC,35.1947954,128.5014494",https://map.naver.com/p?lng=128.5014494&lat=35.1947954&zoom=18,401319,CWB379006186,35.194795,128.501449
절골입구,창원시마산회원구,내서읍,2,"https://map.kakao.com/link/map/%EC%A0%88%EA%B3%A8%EC%9E%85%EA%B5%AC,35.1948928,128.5014073",https://map.naver.com/p?lng=128.5014073&lat=35.1948928&zoom=18,401318,CWB379006187,35.194893,128.501407
제일고등학교,창원시마산회원구,내서읍,2,"https://map.kakao.com/link/map/%EC%A0%9C%EC%9D%BC%EA%B3%A0%EB%93%B1%ED%95%99%EA%B5%90,35.2619199,128.5069223",https://map.naver.com/p?lng=128.5069223&lat=35.2619199&zoom=18,421705,CWB379000377,35.26192,128.506922
제일고등학교,창원시마산회원구,내서읍,2,"https://map.kakao.com/link/map/%EC%A0%9C%EC%9D%BC%EA%B3%A0%EB%93%B1%ED%95%99%EA%B5%90,35.2620011,128.5066251",https://map.naver.com/p?lng=128.5066251&lat=35.2620011&zoom=18,421704,CWB379000380,35.262001,128.506625
죽암,창원시마산회원구,내서읍,2,"https://map.kakao.com/link/map/%EC%A3%BD%EC%95%94,35.2556301,128.5101992",https://map.naver.com/p?lng=128.5101992&lat=35.2556301&zoom=18,416802,CWB379000437,35.25563,128.510199
죽암,창원시마산회원구,내서읍,2,"https://map.kakao.com/link/map/%EC%A3%BD%EC%95%94,35.2553863,128.5100923",https://map.naver.com/p?lng=128.5100923&lat=35.2553863&zoom=18,416801,CWB379000438,35.255386,128.510092
중리본동,창원시마산회원구,내서읍,1,"https://map.kakao.com/link/map/%EC%A4%91%EB%A6%AC%EB%B3%B8%EB%8F%99,35.252097,128.5123391",https://map.naver.com/p?lng=128.5123391&lat=35.252097&zoom=18,421706,CWB379000474,35.252097,128.512339
중리삼거리,창원시마산회원구,내서읍,2,"https://map.kakao.com/link/map/%EC%A4%91%EB%A6%AC%EC%82%BC%EA%B1%B0%EB%A6%AC,35.2484589,128.5241413",https://map.naver.com/p?lng=128.5241413&lat=35.2484589&zoom=18,422806,CWB379000539,35.248459,128.524141
중리삼거리,창원시마산회원구,내서읍,2,"https://map.kakao.com/link/map/%EC%A4%91%EB%A6%AC%EC%82%BC%EA%B1%B0%EB%A6%AC,35.2484334,128.5239122",https://map.naver.com/p?lng=128.5239122&lat=35.2484334&zoom=18,422805,CWB379000542,35.248433,128.523912
중리역,창원시마산회원구,내서읍,2,"https://map.kakao.com/link/map/%EC%A4%91%EB%A6%AC%EC%97%AD,35.2494614,128.5183592",https://map.naver.com/p?lng=128.5183592&lat=35.2494614&zoom=18,421709,CWB379000515,35.249461,128.518359
중리역,창원시마산회원구,내서읍,2,"https://map.kakao.com/link/map/%EC%A4%91%EB%A6%AC%EC%97%AD,35.2493168,128.5180837",https://map.naver.com/p?lng=128.5180837&lat=35.2493168&zoom=18,421708,CWB379000520,35.249317,128.518084
중리현대아파트,창원시마산회원구,내서읍,2,"https://map.kakao.com/link/map/%EC%A4%91%EB%A6%AC%ED%98%84%EB%8C%80%EC%95%84%ED%8C%8C%ED%8A%B8,35.2507894,128.5212192",https://map.naver.com/p?lng=128.5212192&lat=35.2507894&zoom=18,422807,CWB379000491,35.250789,128.521219
중리현대아파트,창원시마산회원구,내서읍,2,"https://map.kakao.com/link/map/%EC%A4%91%EB%A6%AC%ED%98%84%EB%8C%80%EC%95%84%ED%8C%8C%ED%8A%B8,35.2506198,128.5217323",https://map.naver.com/p?lng=128.5217323&lat=35.2506198&zoom=18,422808,CWB379000497,35.25062,128.521732
중마을,창원시마산회원구,내서읍,2,"https://map.kakao.com/link/map/%EC%A4%91%EB%A7%88%EC%9D%84,35.1971825,128.5044598",https://map.naver.com/p?lng=128.5044598&lat=35.1971825&zoom=18,401303,CWB379001299,35.197182,128.50446
중마을,창원시마산회원구,내서읍,2,"https://map.kakao.com/link/map/%EC%A4%91%EB%A7%88%EC%9D%84,35.1972067,128.5046745",https://map.naver.com/p?lng=128.5046745&lat=35.1972067&zoom=18,401304,CWB379001300,35.197207,128.504674
청아병원,창원시마산회원구,내서읍,2,"https://map.kakao.com/link/map/%EC%B2%AD%EC%95%84%EB%B3%91%EC%9B%90,35.2488454,128.5110073",https://map.naver.com/p?lng=128.5110073&lat=35.2488454&zoom=18,401503,CWB379000530,35.248845,128.511007
청아병원,창원시마산회원구,내서읍,2,"https://map.kakao.com/link/map/%EC%B2%AD%EC%95%84%EB%B3%91%EC%9B%90,35.2486862,128.511238",https://map.naver.com/p?lng=128.511238&lat=35.2486862&zoom=18,401504,CWB379000540,35.248686,128.511238
코오롱아파트,창원시마산회원구,내서읍,2,"https://map.kakao.com/link/map/%EC%BD%94%EC%98%A4%EB%A1%B1%EC%95%84%ED%8C%8C%ED%8A%B8,35.2655674,128.5258102",https://map.naver.com/p?lng=128.5258102&lat=35.2655674&zoom=18,422818,CWB379002421,35.265567,128.52581
코오롱아파트,창원시마산회원구,내서읍,2,"https://map.kakao.com/link/map/%EC%BD%94%EC%98%A4%EB%A1%B1%EC%95%84%ED%8C%8C%ED%8A%B8,35.2648821,128.5253187",https://map.naver.com/p?lng=128.5253187&lat=35.2648821&zoom=18,422823,CWB379003186,35.264882,128.525319
크라운제과,창원시마산회원구,내서읍,1,"https://map.kakao.com/link/map/%ED%81%AC%EB%9D%BC%EC%9A%B4%EC%A0%9C%EA%B3%BC,35.2356174,128.5065712",https://map.naver.com/p?lng=128.5065712&lat=35.2356174&zoom=18,417203,CWB379000740,35.235617,128.506571
평성마을,창원시마산회원구,내서읍,2,"https://map.kakao.com/link/map/%ED%8F%89%EC%84%B1%EB%A7%88%EC%9D%84,35.259317,128.5380794",https://map.naver.com/p?lng=128.5380794&lat=35.259317&zoom=18,409711,CWB379000400,35.259317,128.538079
평성마을,창원시마산회원구,내서읍,2,"https://map.kakao.com/link/map/%ED%8F%89%EC%84%B1%EB%A7%88%EC%9D%84,35.2592309,128.5383633",https://map.naver.com/p?lng=128.5383633&lat=35.2592309&zoom=18,409710,CWB379000401,35.259231,128.538363
평성사거리,창원시마산회원구,내서읍,1,"https://map.kakao.com/link/map/%ED%8F%89%EC%84%B1%EC%82%AC%EA%B1%B0%EB%A6%AC,35.267555,128.5298703",https://map.naver.com/p?lng=128.5298703&lat=35.267555&zoom=18,422825,CWB379005335,35.267555,128.52987
평성입구,창원시마산회원구,내서읍,1,"https://map.kakao.com/link/map/%ED%8F%89%EC%84%B1%EC%9E%85%EA%B5%AC,35.2591018,128.5387214",https://map.naver.com/p?lng=128.5387214&lat=35.2591018&zoom=18,409719,CWB379005955,35.259102,128.538721
평성종점,창원시마산회원구,내서읍,3,"https://map.kakao.com/link/map/%ED%8F%89%EC%84%B1%EC%A2%85%EC%A0%90,35.2659362,128.5329854",https://map.naver.com/p?lng=128.5329854&lat=35.2659362&zoom=18,409718,CWB379005919,35.265936,128.532985
평성종점,창원시마산회원구,내서읍,3,"https://map.kakao.com/link/map/%ED%8F%89%EC%84%B1%EC%A2%85%EC%A0%90,35.2660043,128.5329455",https://map.naver.com/p?lng=128.5329455&lat=35.2660043&zoom=18,409714,CWB379000324,35.266004,128.532946
평성종점,창원시마산회원구,내서읍,3,"https://map.kakao.com/link/map/%ED%8F%89%EC%84%B1%EC%A2%85%EC%A0%90,35.2659109,128.5328476",https://map.naver.com/p?lng=128.5328476&lat=35.2659109&zoom=18,409715,CWB379000325,35.265911,128.532848
한우리아파트,창원시마산회원구,내서읍,2,"https://map.kakao.com/link/map/%ED%95%9C%EC%9A%B0%EB%A6%AC%EC%95%84%ED%8C%8C%ED%8A%B8,35.2291242,128.5054326",https://map.naver.com/p?lng=128.5054326&lat=35.2291242&zoom=18,401002,CWB379000837,35.229124,128.505433
한우리아파트,창원시마산회원구,내서읍,2,"https://map.kakao.com/link/map/%ED%95%9C%EC%9A%B0%EB%A6%AC%EC%95%84%ED%8C%8C%ED%8A%B8,35.2287354,128.5051002",https://map.naver.com/p?lng=128.5051002&lat=35.2287354&zoom=18,401003,CWB379000839,35.228735,128.5051
한주아파트,창원시마산회원구,내서읍,3,"https://map.kakao.com/link/map/%ED%95%9C%EC%A3%BC%EC%95%84%ED%8C%8C%ED%8A%B8,35.2482027,128.5203213",https://map.naver.com/p?lng=128.5203213&lat=35.2482027&zoom=18,421711,CWB379002391,35.248203,128.520321
한주아파트,창원시마산회원구,내서읍,3,"https://map.kakao.com/link/map/%ED%95%9C%EC%A3%BC%EC%95%84%ED%8C%8C%ED%8A%B8,35.2483997,128.5195773",https://map.naver.com/p?lng=128.5195773&lat=35.2483997&zoom=18,421710,CWB379002397,35.2484,128.519577
한주아파트,창원시마산회원구,내서읍,3,"https://map.kakao.com/link/map/%ED%95%9C%EC%A3%BC%EC%95%84%ED%8C%8C%ED%8A%B8,35.2487295,128.5200778",https://map.naver.com/p?lng=128.5200778&lat=35.2487295&zoom=18,421713,CWB379002860,35.24873,128.520078
한주아파트입구,창원시마산회원구,내서읍,1,"https://map.kakao.com/link/map/%ED%95%9C%EC%A3%BC%EC%95%84%ED%8C%8C%ED%8A%B8%EC%9E%85%EA%B5%AC,35.2486665,128.5203514",https://map.naver.com/p?lng=128.5203514&lat=35.2486665&zoom=18,421712,CWB379002392,35.248666,128.520351
호계,창원시마산회원구,내서읍,2,"https://map.kakao.com/link/map/%ED%98%B8%EA%B3%84,35.265187,128.5187824",https://map.naver.com/p?lng=128.5187824&lat=35.265187&zoom=18,422704,CWB379000347,35.265187,128.518782
호계,창원시마산회원구,내서읍,2,"https://map.kakao.com/link/map/%ED%98%B8%EA%B3%84,35.264975,128.5190182",https://map.naver.com/p?lng=128.5190182&lat=35.264975&zoom=18,422703,CWB379000348,35.264975,128.519018
호계농협,창원시마산회원구,내서읍,3,"https://map.kakao.com/link/map/%ED%98%B8%EA%B3%84%EB%86%8D%ED%98%91,35.2599554,128.5226522",https://map.naver.com/p?lng=128.5226522&lat=35.2599554&zoom=18,422814,CWB379002355,35.259955,128.522652
호계농협,창원시마산회원구,내서읍,3,"https://map.kakao.com/link/map/%ED%98%B8%EA%B3%84%EB%86%8D%ED%98%91,35.2609878,128.5224127",https://map.naver.com/p?lng=128.5224127&lat=35.2609878&zoom=18,422824,CWB379003343,35.260988,128.522413
호계농협,창원시마산회원구,내서읍,3,"https://map.kakao.com/link/map/%ED%98%B8%EA%B3%84%EB%86%8D%ED%98%91,35.2605984,128.5231042",https://map.naver.com/p?lng=128.5231042&lat=35.2605984&zoom=18,422815,CWB379000390,35.260598,128.523104
호계중학교,창원시마산회원구,내서읍,2,"https://map.kakao.com/link/map/%ED%98%B8%EA%B3%84%EC%A4%91%ED%95%99%EA%B5%90,35.2664585,128.5176",https://map.naver.com/p?lng=128.5176&lat=35.2664585&zoom=18,422705,CWB379002064,35.266458,128.5176
호계중학교,창원시마산회원구,내서읍,2,"https://map.kakao.com/link/map/%ED%98%B8%EA%B3%84%EC%A4%91%ED%95%99%EA%B5%90,35.2665574,128.5176733",https://map.naver.com/p?lng=128.5176733&lat=35.2665574&zoom=18,422706,CWB379005806,35.266557,128.517673
㈜동방,창원시마산회원구,봉암동,1,"https://map.kakao.com/link/map/%E3%88%9C%EB%8F%99%EB%B0%A9,35.2176624,128.6001026",https://map.naver.com/p?lng=128.6001026&lat=35.2176624&zoom=18,407005,CWB379002372,35.217662,128.600103
봉암공단 입구,창원시마산회원구,봉암동,2,"https://map.kakao.com/link/map/%EB%B4%89%EC%95%94%EA%B3%B5%EB%8B%A8%20%EC%9E%85%EA%B5%AC,35.2193354,128.6000532",https://map.naver.com/p?lng=128.6000532&lat=35.2193354&zoom=18,407107,CWB379000954,35.219335,128.600053
봉암공단 입구,창원시마산회원구,봉암동,2,"https://map.kakao.com/link/map/%EB%B4%89%EC%95%94%EA%B3%B5%EB%8B%A8%20%EC%9E%85%EA%B5%AC,35.2187325,128.6010381",https://map.naver.com/p?lng=128.6010381&lat=35.2187325&zoom=18,407106,CWB379000966,35.218732,128.601038
봉암교,창원시마산회원구,봉암동,2,"https://map.kakao.com/link/map/%EB%B4%89%EC%95%94%EA%B5%90,35.2145053,128.6152394",https://map.naver.com/p?lng=128.6152394&lat=35.2145053&zoom=18,407115,CWB379001029,35.214505,128.615239
봉암교,창원시마산회원구,봉암동,2,"https://map.kakao.com/link/map/%EB%B4%89%EC%95%94%EA%B5%90,35.2142289,128.6158572",https://map.naver.com/p?lng=128.6158572&lat=35.2142289&zoom=18,407114,CWB379001033,35.214229,128.615857
봉암동,창원시마산회원구,봉암동,2,"https://map.kakao.com/link/map/%EB%B4%89%EC%95%94%EB%8F%99,35.2210405,128.5956308",https://map.naver.com/p?lng=128.5956308&lat=35.2210405&zoom=18,407103,CWB379000926,35.22104,128.595631
봉암동,창원시마산회원구,봉암동,2,"https://map.kakao.com/link/map/%EB%B4%89%EC%95%94%EB%8F%99,35.2206786,128.5958915",https://map.naver.com/p?lng=128.5958915&lat=35.2206786&zoom=18,407104,CWB379000933,35.220679,128.595892
봉암우체국,창원시마산회원구,봉암동,1,"https://map.kakao.com/link/map/%EB%B4%89%EC%95%94%EC%9A%B0%EC%B2%B4%EA%B5%AD,35.2152484,128.6001842",https://map.naver.com/p?lng=128.6001842&lat=35.2152484&zoom=18,407003,CWB379002369,35.215248,128.600184
서광아파트,창원시마산회원구,봉암동,2,"https://map.kakao.com/link/map/%EC%84%9C%EA%B4%91%EC%95%84%ED%8C%8C%ED%8A%B8,35.2161159,128.611817",https://map.naver.com/p?lng=128.611817&lat=35.2161159&zoom=18,407113,CWB379001011,35.216116,128.611817
서광아파트,창원시마산회원구,봉암동,2,"https://map.kakao.com/link/map/%EC%84%9C%EA%B4%91%EC%95%84%ED%8C%8C%ED%8A%B8,35.2159397,128.6113585",https://map.naver.com/p?lng=128.6113585&lat=35.2159397&zoom=18,407112,CWB379001013,35.21594,128.611358
수원지입구,창원시마산회원구,봉암동,1,"https://map.kakao.com/link/map/%EC%88%98%EC%9B%90%EC%A7%80%EC%9E%85%EA%B5%AC,35.2178993,128.6050208",https://map.naver.com/p?lng=128.6050208&lat=35.2178993&zoom=18,407109,CWB379000986,35.217899,128.605021
수원지입구.정다운병원,창원시마산회원구,봉암동,1,"https://map.kakao.com/link/map/%EC%88%98%EC%9B%90%EC%A7%80%EC%9E%85%EA%B5%AC.%EC%A0%95%EB%8B%A4%EC%9A%B4%EB%B3%91%EC%9B%90,35.2176559,128.604899",https://map.naver.com/p?lng=128.604899&lat=35.2176559&zoom=18,407108,CWB379000989,35.217656,128.604899
자유무역관리원삼거리,창원시마산회원구,봉암동,1,"https://map.kakao.com/link/map/%EC%9E%90%EC%9C%A0%EB%AC%B4%EC%97%AD%EA%B4%80%EB%A6%AC%EC%9B%90%EC%82%BC%EA%B1%B0%EB%A6%AC,35.2110374,128.5945248",https://map.naver.com/p?lng=128.5945248&lat=35.2110374&zoom=18,405803,CWB379002364,35.211037,128.594525
자유무역지역2공구,창원시마산회원구,봉암동,2,"https://map.kakao.com/link/map/%EC%9E%90%EC%9C%A0%EB%AC%B4%EC%97%AD%EC%A7%80%EC%97%AD2%EA%B3%B5%EA%B5%AC,35.2170984,128.6081158",https://map.naver.com/p?lng=128.6081158&lat=35.2170984&zoom=18,407111,CWB379000993,35.217098,128.608116
자유무역지역2공구,창원시마산회원구,봉암동,2,"https://map.kakao.com/link/map/%EC%9E%90%EC%9C%A0%EB%AC%B4%EC%97%AD%EC%A7%80%EC%97%AD2%EA%B3%B5%EA%B5%AC,35.216741,128.6083271",https://map.naver.com/p?lng=128.6083271&lat=35.216741&zoom=18,407110,CWB379000998,35.216741,128.608327
제3부두,창원시마산회원구,봉암동,1,"https://map.kakao.com/link/map/%EC%A0%9C3%EB%B6%80%EB%91%90,35.210978,128.5911009",https://map.naver.com/p?lng=128.5911009&lat=35.210978&zoom=18,405801,CWB379002361,35.210978,128.591101
한전봉암변전소,창원시마산회원구,봉암동,1,"https://map.kakao.com/link/map/%ED%95%9C%EC%A0%84%EB%B4%89%EC%95%94%EB%B3%80%EC%A0%84%EC%86%8C,35.2131259,128.6002461",https://map.naver.com/p?lng=128.6002461&lat=35.2131259&zoom=18,407001,CWB379002367,35.213126,128.600246
경남은행본점,창원시마산회원구,석전동,1,"https://map.kakao.com/link/map/%EA%B2%BD%EB%82%A8%EC%9D%80%ED%96%89%EB%B3%B8%EC%A0%90,35.2306178,128.5767179",https://map.naver.com/p?lng=128.5767179&lat=35.2306178&zoom=18,400109,CWB379000809,35.230618,128.576718
마산역,창원시마산회원구,석전동,2,"https://map.kakao.com/link/map/%EB%A7%88%EC%82%B0%EC%97%AD,35.2363674,128.5807282",https://map.naver.com/p?lng=128.5807282&lat=35.2363674&zoom=18,400113,CWB379000712,35.236367,128.580728
마산역,창원시마산회원구,석전동,2,"https://map.kakao.com/link/map/%EB%A7%88%EC%82%B0%EC%97%AD,35.2351754,128.5802572",https://map.naver.com/p?lng=128.5802572&lat=35.2351754&zoom=18,400114,CWB379000731,35.235175,128.580257
마산역.365병원,창원시마산회원구,석전동,1,"https://map.kakao.com/link/map/%EB%A7%88%EC%82%B0%EC%97%AD.365%EB%B3%91%EC%9B%90,35.2336369,128.5790683",https://map.naver.com/p?lng=128.5790683&lat=35.2336369&zoom=18,400111,CWB379001995,35.233637,128.579068
마산역.동마산병원,창원시마산회원구,석전동,1,"https://map.kakao.com/link/map/%EB%A7%88%EC%82%B0%EC%97%AD.%EB%8F%99%EB%A7%88%EC%82%B0%EB%B3%91%EC%9B%90,35.2335387,128.5785156",https://map.naver.com/p?lng=128.5785156&lat=35.2335387&zoom=18,400112,CWB379000752,35.233539,128.578516
마산역종점,창원시마산회원구,석전동,2,"https://map.kakao.com/link/map/%EB%A7%88%EC%82%B0%EC%97%AD%EC%A2%85%EC%A0%90,35.235458,128.5784258",https://map.naver.com/p?lng=128.5784258&lat=35.235458&zoom=18,405202,CWB379003502,35.235458,128.578426
마산역종점,창원시마산회원구,석전동,2,"https://map.kakao.com/link/map/%EB%A7%88%EC%82%B0%EC%97%AD%EC%A2%85%EC%A0%90,35.2354707,128.5777944",https://map.naver.com/p?lng=128.5777944&lat=35.2354707&zoom=18,405201,CWB379000725,35.235471,128.577794
마산우체국,창원시마산회원구,석전동,1,"https://map.kakao.com/link/map/%EB%A7%88%EC%82%B0%EC%9A%B0%EC%B2%B4%EA%B5%AD,35.2306161,128.5762928",https://map.naver.com/p?lng=128.5762928&lat=35.2306161&zoom=18,400110,CWB379000807,35.230616,128.576293
메트로시티석전,창원시마산회원구,석전동,2,"https://map.kakao.com/link/map/%EB%A9%94%ED%8A%B8%EB%A1%9C%EC%8B%9C%ED%8B%B0%EC%84%9D%EC%A0%84,35.2294104,128.5726512",https://map.naver.com/p?lng=128.5726512&lat=35.2294104&zoom=18,408606,CWB379000818,35.22941,128.572651
메트로시티석전,창원시마산회원구,석전동,2,"https://map.kakao.com/link/map/%EB%A9%94%ED%8A%B8%EB%A1%9C%EC%8B%9C%ED%8B%B0%EC%84%9D%EC%A0%84,35.2291736,128.573962",https://map.naver.com/p?lng=128.573962&lat=35.2291736&zoom=18,408605,CWB379000822,35.229174,128.573962
보문주유소,창원시마산회원구,석전동,1,"https://map.kakao.com/link/map/%EB%B3%B4%EB%AC%B8%EC%A3%BC%EC%9C%A0%EC%86%8C,35.2320171,128.5658387",https://map.naver.com/p?lng=128.5658387&lat=35.2320171&zoom=18,408602,CWB379000775,35.232017,128.565839
북성초등학교,창원시마산회원구,석전동,2,"https://map.kakao.com/link/map/%EB%B6%81%EC%84%B1%EC%B4%88%EB%93%B1%ED%95%99%EA%B5%90,35.2315183,128.5680692",https://map.naver.com/p?lng=128.5680692&lat=35.2315183&zoom=18,408603,CWB379000784,35.231518,128.568069
북성초등학교,창원시마산회원구,석전동,2,"https://map.kakao.com/link/map/%EB%B6%81%EC%84%B1%EC%B4%88%EB%93%B1%ED%95%99%EA%B5%90,35.2312987,128.5680968",https://map.naver.com/p?lng=128.5680968&lat=35.2312987&zoom=18,408604,CWB379000788,35.231299,128.568097
서마산시장,창원시마산회원구,석전동,2,"https://map.kakao.com/link/map/%EC%84%9C%EB%A7%88%EC%82%B0%EC%8B%9C%EC%9E%A5,35.2286491,128.5683559",https://map.naver.com/p?lng=128.5683559&lat=35.2286491&zoom=18,407214,CWB379000825,35.228649,128.568356
서마산시장,창원시마산회원구,석전동,2,"https://map.kakao.com/link/map/%EC%84%9C%EB%A7%88%EC%82%B0%EC%8B%9C%EC%9E%A5,35.2288498,128.5683937",https://map.naver.com/p?lng=128.5683937&lat=35.2288498&zoom=18,407215,CWB379000829,35.22885,128.568394
석전동,창원시마산회원구,석전동,3,"https://map.kakao.com/link/map/%EC%84%9D%EC%A0%84%EB%8F%99,35.2270818,128.5735214",https://map.naver.com/p?lng=128.5735214&lat=35.2270818&zoom=18,400141,CWB379005951,35.227082,128.573521
석전동,창원시마산회원구,석전동,3,"https://map.kakao.com/link/map/%EC%84%9D%EC%A0%84%EB%8F%99,35.2273123,128.5741788",https://map.naver.com/p?lng=128.5741788&lat=35.2273123&zoom=18,400108,CWB379000848,35.227312,128.574179
석전동,창원시마산회원구,석전동,3,"https://map.kakao.com/link/map/%EC%84%9D%EC%A0%84%EB%8F%99,35.2266184,128.5731882",https://map.naver.com/p?lng=128.5731882&lat=35.2266184&zoom=18,400107,CWB379000853,35.226618,128.573188
회성동우체국,창원시마산회원구,석전동,2,"https://map.kakao.com/link/map/%ED%9A%8C%EC%84%B1%EB%8F%99%EC%9A%B0%EC%B2%B4%EA%B5%AD,35.2316644,128.5653502",https://map.naver.com/p?lng=128.5653502&lat=35.2316644&zoom=18,407213,CWB379000783,35.231664,128.56535
회성동우체국,창원시마산회원구,석전동,2,"https://map.kakao.com/link/map/%ED%9A%8C%EC%84%B1%EB%8F%99%EC%9A%B0%EC%B2%B4%EA%B5%AD,35.2308164,128.5660222",https://map.naver.com/p?lng=128.5660222&lat=35.2308164&zoom=18,407212,CWB379000803,35.230816,128.566022
서안양덕타운,창원시마산회원구,양덕1동,2,"https://map.kakao.com/link/map/%EC%84%9C%EC%95%88%EC%96%91%EB%8D%95%ED%83%80%EC%9A%B4,35.2348964,128.5885662",https://map.naver.com/p?lng=128.5885662&lat=35.2348964&zoom=18,420606,CWB379000733,35.234896,128.588566
서안양덕타운,창원시마산회원구,양덕1동,2,"https://map.kakao.com/link/map/%EC%84%9C%EC%95%88%EC%96%91%EB%8D%95%ED%83%80%EC%9A%B4,35.2349397,128.5882252",https://map.naver.com/p?lng=128.5882252&lat=35.2349397&zoom=18,420605,CWB379000735,35.23494,128.588225
양덕1동,창원시마산회원구,양덕1동,1,"https://map.kakao.com/link/map/%EC%96%91%EB%8D%951%EB%8F%99,35.2357024,128.5882082",https://map.naver.com/p?lng=128.5882082&lat=35.2357024&zoom=18,421804,CWB379000718,35.235702,128.588208
양덕1동행정복지센터,창원시마산회원구,양덕1동,2,"https://map.kakao.com/link/map/%EC%96%91%EB%8D%951%EB%8F%99%ED%96%89%EC%A0%95%EB%B3%B5%EC%A7%80%EC%84%BC%ED%84%B0,35.2317444,128.5862812",https://map.naver.com/p?lng=128.5862812&lat=35.2317444&zoom=18,420602,CWB379000778,35.231744,128.586281
양덕1동행정복지센터,창원시마산회원구,양덕1동,2,"https://map.kakao.com/link/map/%EC%96%91%EB%8D%951%EB%8F%99%ED%96%89%EC%A0%95%EB%B3%B5%EC%A7%80%EC%84%BC%ED%84%B0,35.2317968,128.5859714",https://map.naver.com/p?lng=128.5859714&lat=35.2317968&zoom=18,420601,CWB379000779,35.231797,128.585971
양덕동,창원시마산회원구,양덕1동,1,"https://map.kakao.com/link/map/%EC%96%91%EB%8D%95%EB%8F%99,35.2335861,128.581325",https://map.naver.com/p?lng=128.581325&lat=35.2335861&zoom=18,411201,CWB379000748,35.233586,128.581325
양덕초등학교,창원시마산회원구,양덕1동,2,"https://map.kakao.com/link/map/%EC%96%91%EB%8D%95%EC%B4%88%EB%93%B1%ED%95%99%EA%B5%90,35.2334046,128.5874334",https://map.naver.com/p?lng=128.5874334&lat=35.2334046&zoom=18,420604,CWB379000750,35.233405,128.587433
양덕초등학교,창원시마산회원구,양덕1동,2,"https://map.kakao.com/link/map/%EC%96%91%EB%8D%95%EC%B4%88%EB%93%B1%ED%95%99%EA%B5%90,35.2334698,128.5871982",https://map.naver.com/p?lng=128.5871982&lat=35.2334698&zoom=18,420603,CWB379000751,35.23347,128.587198
타워맨션,창원시마산회원구,양덕1동,1,"https://map.kakao.com/link/map/%ED%83%80%EC%9B%8C%EB%A7%A8%EC%85%98,35.2287485,128.5861293",https://map.naver.com/p?lng=128.5861293&lat=35.2287485&zoom=18,411205,CWB379000828,35.228748,128.586129
한일타운,창원시마산회원구,양덕1동,1,"https://map.kakao.com/link/map/%ED%95%9C%EC%9D%BC%ED%83%80%EC%9A%B4,35.2314152,128.5838593",https://map.naver.com/p?lng=128.5838593&lat=35.2314152&zoom=18,411203,CWB379000785,35.231415,128.583859
합성동농협,창원시마산회원구,양덕1동,1,"https://map.kakao.com/link/map/%ED%95%A9%EC%84%B1%EB%8F%99%EB%86%8D%ED%98%91,35.2375154,128.5847172",https://map.naver.com/p?lng=128.5847172&lat=35.2375154&zoom=18,421802,CWB379000691,35.237515,128.584717
3.15아트센터,창원시마산회원구,양덕2동,2,"https://map.kakao.com/link/map/3.15%EC%95%84%ED%8A%B8%EC%84%BC%ED%84%B0,35.2259787,128.5784645",https://map.naver.com/p?lng=128.5784645&lat=35.2259787&zoom=18,408607,CWB379001996,35.225979,128.578464
3.15아트센터,창원시마산회원구,양덕2동,2,"https://map.kakao.com/link/map/3.15%EC%95%84%ED%8A%B8%EC%84%BC%ED%84%B0,35.2267199,128.5770923",https://map.naver.com/p?lng=128.5770923&lat=35.2267199&zoom=18,408608,CWB379000389,35.22672,128.577092
고속버스터미널,창원시마산회원구,양덕2동,2,"https://map.kakao.com/link/map/%EA%B3%A0%EC%86%8D%EB%B2%84%EC%8A%A4%ED%84%B0%EB%AF%B8%EB%84%90,35.2222495,128.5871527",https://map.naver.com/p?lng=128.5871527&lat=35.2222495&zoom=18,421901,CWB379000900,35.22225,128.587153
고속버스터미널,창원시마산회원구,양덕2동,2,"https://map.kakao.com/link/map/%EA%B3%A0%EC%86%8D%EB%B2%84%EC%8A%A4%ED%84%B0%EB%AF%B8%EB%84%90,35.2222658,128.587365",https://map.naver.com/p?lng=128.587365&lat=35.2222658&zoom=18,421902,CWB379000905,35.222266,128.587365
메트로시티2단지.삼성버킹궁APT,창원시마산회원구,양덕2동,2,"https://map.kakao.com/link/map/%EB%A9%94%ED%8A%B8%EB%A1%9C%EC%8B%9C%ED%8B%B02%EB%8B%A8%EC%A7%80.%EC%82%BC%EC%84%B1%EB%B2%84%ED%82%B9%EA%B6%81APT,35.2245414,128.5864039",https://map.naver.com/p?lng=128.5864039&lat=35.2245414&zoom=18,408614,CWB379003386,35.224541,128.586404
메트로시티2단지.삼성버킹궁APT,창원시마산회원구,양덕2동,2,"https://map.kakao.com/link/map/%EB%A9%94%ED%8A%B8%EB%A1%9C%EC%8B%9C%ED%8B%B02%EB%8B%A8%EC%A7%80.%EC%82%BC%EC%84%B1%EB%B2%84%ED%82%B9%EA%B6%81APT,35.2244822,128.5861449",https://map.naver.com/p?lng=128.5861449&lat=35.2244822&zoom=18,408615,CWB379003387,35.224482,128.586145
문화방송,창원시마산회원구,양덕2동,2,"https://map.kakao.com/link/map/%EB%AC%B8%ED%99%94%EB%B0%A9%EC%86%A1,35.2248307,128.5805716",https://map.naver.com/p?lng=128.5805716&lat=35.2248307&zoom=18,408611,CWB379002402,35.224831,128.580572
문화방송,창원시마산회원구,양덕2동,2,"https://map.kakao.com/link/map/%EB%AC%B8%ED%99%94%EB%B0%A9%EC%86%A1,35.2248543,128.5795109",https://map.naver.com/p?lng=128.5795109&lat=35.2248543&zoom=18,408610,CWB379000873,35.224854,128.579511
봉덕초등학교,창원시마산회원구,양덕2동,2,"https://map.kakao.com/link/map/%EB%B4%89%EB%8D%95%EC%B4%88%EB%93%B1%ED%95%99%EA%B5%90,35.2222088,128.5929463",https://map.naver.com/p?lng=128.5929463&lat=35.2222088&zoom=18,411213,CWB379000906,35.222209,128.592946
봉덕초등학교,창원시마산회원구,양덕2동,2,"https://map.kakao.com/link/map/%EB%B4%89%EB%8D%95%EC%B4%88%EB%93%B1%ED%95%99%EA%B5%90,35.2219321,128.5928506",https://map.naver.com/p?lng=128.5928506&lat=35.2219321&zoom=18,411212,CWB379000907,35.221932,128.592851
야구장앞홈플러스,창원시마산회원구,양덕2동,1,"https://map.kakao.com/link/map/%EC%95%BC%EA%B5%AC%EC%9E%A5%EC%95%9E%ED%99%88%ED%94%8C%EB%9F%AC%EC%8A%A4,35.2223286,128.585269",https://map.naver.com/p?lng=128.585269&lat=35.2223286&zoom=18,408613,CWB379000899,35.222329,128.585269
양덕광장교차로,창원시마산회원구,양덕2동,2,"https://map.kakao.com/link/map/%EC%96%91%EB%8D%95%EA%B4%91%EC%9E%A5%EA%B5%90%EC%B0%A8%EB%A1%9C,35.2273088,128.5869178",https://map.naver.com/p?lng=128.5869178&lat=35.2273088&zoom=18,411207,CWB379000840,35.227309,128.586918
양덕광장교차로,창원시마산회원구,양덕2동,2,"https://map.kakao.com/link/map/%EC%96%91%EB%8D%95%EA%B4%91%EC%9E%A5%EA%B5%90%EC%B0%A8%EB%A1%9C,35.2251006,128.5874688",https://map.naver.com/p?lng=128.5874688&lat=35.2251006&zoom=18,421904,CWB379000867,35.225101,128.587469
양덕동,창원시마산회원구,양덕2동,1,"https://map.kakao.com/link/map/%EC%96%91%EB%8D%95%EB%8F%99,35.233301,128.5815886",https://map.naver.com/p?lng=128.5815886&lat=35.233301&zoom=18,411202,CWB379000757,35.233301,128.581589
자유무역지역후문,창원시마산회원구,양덕2동,2,"https://map.kakao.com/link/map/%EC%9E%90%EC%9C%A0%EB%AC%B4%EC%97%AD%EC%A7%80%EC%97%AD%ED%9B%84%EB%AC%B8,35.2215077,128.5915099",https://map.naver.com/p?lng=128.5915099&lat=35.2215077&zoom=18,407101,CWB379000912,35.221508,128.59151
자유무역지역후문,창원시마산회원구,양덕2동,2,"https://map.kakao.com/link/map/%EC%9E%90%EC%9C%A0%EB%AC%B4%EC%97%AD%EC%A7%80%EC%97%AD%ED%9B%84%EB%AC%B8,35.2212864,128.59076",https://map.naver.com/p?lng=128.59076&lat=35.2212864&zoom=18,407102,CWB379000918,35.221286,128.59076
정우맨션,창원시마산회원구,양덕2동,2,"https://map.kakao.com/link/map/%EC%A0%95%EC%9A%B0%EB%A7%A8%EC%85%98,35.2263343,128.5892213",https://map.naver.com/p?lng=128.5892213&lat=35.2263343&zoom=18,411209,CWB379000854,35.226334,128.589221
정우맨션,창원시마산회원구,양덕2동,2,"https://map.kakao.com/link/map/%EC%A0%95%EC%9A%B0%EB%A7%A8%EC%85%98,35.2262485,128.5889766",https://map.naver.com/p?lng=128.5889766&lat=35.2262485&zoom=18,411208,CWB379000855,35.226248,128.588977
창원NC파크.마산회원구청,창원시마산회원구,양덕2동,1,"https://map.kakao.com/link/map/%EC%B0%BD%EC%9B%90NC%ED%8C%8C%ED%81%AC.%EB%A7%88%EC%82%B0%ED%9A%8C%EC%9B%90%EA%B5%AC%EC%B2%AD,35.221748,128.5838174",https://map.naver.com/p?lng=128.5838174&lat=35.221748&zoom=18,412805,CWB379000910,35.221748,128.583817
타워맨션,창원시마산회원구,양덕2동,1,"https://map.kakao.com/link/map/%ED%83%80%EC%9B%8C%EB%A7%A8%EC%85%98,35.2293988,128.5851675",https://map.naver.com/p?lng=128.5851675&lat=35.2293988&zoom=18,411206,CWB379000817,35.229399,128.585168
팔룡산돌탑공원입구,창원시마산회원구,양덕2동,2,"https://map.kakao.com/link/map/%ED%8C%94%EB%A3%A1%EC%82%B0%EB%8F%8C%ED%83%91%EA%B3%B5%EC%9B%90%EC%9E%85%EA%B5%AC,35.2239331,128.5911579",https://map.naver.com/p?lng=128.5911579&lat=35.2239331&zoom=18,411211,CWB379000884,35.223933,128.591158
팔룡산돌탑공원입구,창원시마산회원구,양덕2동,2,"https://map.kakao.com/link/map/%ED%8C%94%EB%A3%A1%EC%82%B0%EB%8F%8C%ED%83%91%EA%B3%B5%EC%9B%90%EC%9E%85%EA%B5%AC,35.2234461,128.5912559",https://map.naver.com/p?lng=128.5912559&lat=35.2234461&zoom=18,411210,CWB379000886,35.223446,128.591256
한일타운,창원시마산회원구,양덕2동,1,"https://map.kakao.com/link/map/%ED%95%9C%EC%9D%BC%ED%83%80%EC%9A%B4,35.2312114,128.5836482",https://map.naver.com/p?lng=128.5836482&lat=35.2312114&zoom=18,411204,CWB379000786,35.231211,128.583648
금강테니스장,창원시마산회원구,합성1동,2,"https://map.kakao.com/link/map/%EA%B8%88%EA%B0%95%ED%85%8C%EB%8B%88%EC%8A%A4%EC%9E%A5,35.246359,128.5860753",https://map.naver.com/p?lng=128.5860753&lat=35.246359&zoom=18,402505,CWB379002869,35.246359,128.586075
금강테니스장,창원시마산회원구,합성1동,2,"https://map.kakao.com/link/map/%EA%B8%88%EA%B0%95%ED%85%8C%EB%8B%88%EC%8A%A4%EC%9E%A5,35.2461271,128.585867",https://map.naver.com/p?lng=128.585867&lat=35.2461271&zoom=18,402504,CWB379002874,35.246127,128.585867
덕재.롯데캐슬,창원시마산회원구,합성1동,1,"https://map.kakao.com/link/map/%EB%8D%95%EC%9E%AC.%EB%A1%AF%EB%8D%B0%EC%BA%90%EC%8A%AC,35.2448309,128.5875128",https://map.naver.com/p?lng=128.5875128&lat=35.2448309&zoom=18,400121,CWB379000589,35.244831,128.587513
마산시외버스터미널,창원시마산회원구,합성1동,4,"https://map.kakao.com/link/map/%EB%A7%88%EC%82%B0%EC%8B%9C%EC%99%B8%EB%B2%84%EC%8A%A4%ED%84%B0%EB%AF%B8%EB%84%90,35.2398144,128.5834082",https://map.naver.com/p?lng=128.5834082&lat=35.2398144&zoom=18,400117,CWB379000661,35.239814,128.583408
마산시외버스터미널,창원시마산회원구,합성1동,4,"https://map.kakao.com/link/map/%EB%A7%88%EC%82%B0%EC%8B%9C%EC%99%B8%EB%B2%84%EC%8A%A4%ED%84%B0%EB%AF%B8%EB%84%90,35.2388003,128.5826278",https://map.naver.com/p?lng=128.5826278&lat=35.2388003&zoom=18,630020,CWB379000671,35.2388,128.582628
마산시외버스터미널,창원시마산회원구,합성1동,4,"https://map.kakao.com/link/map/%EB%A7%88%EC%82%B0%EC%8B%9C%EC%99%B8%EB%B2%84%EC%8A%A4%ED%84%B0%EB%AF%B8%EB%84%90,35.2378611,128.5823601",https://map.naver.com/p?lng=128.5823601&lat=35.2378611&zoom=18,630021,CWB379000690,35.237861,128.58236
마산시외버스터미널,창원시마산회원구,합성1동,4,"https://map.kakao.com/link/map/%EB%A7%88%EC%82%B0%EC%8B%9C%EC%99%B8%EB%B2%84%EC%8A%A4%ED%84%B0%EB%AF%B8%EB%84%90,35.2372192,128.5818197",https://map.naver.com/p?lng=128.5818197&lat=35.2372192&zoom=18,400116,CWB379000704,35.237219,128.58182
합성동,창원시마산회원구,합성1동,1,"https://map.kakao.com/link/map/%ED%95%A9%EC%84%B1%EB%8F%99,35.241411,128.5846712",https://map.naver.com/p?lng=128.5846712&lat=35.241411&zoom=18,400119,CWB379000638,35.241411,128.584671
합성동무학아파트,창원시마산회원구,합성1동,2,"https://map.kakao.com/link/map/%ED%95%A9%EC%84%B1%EB%8F%99%EB%AC%B4%ED%95%99%EC%95%84%ED%8C%8C%ED%8A%B8,35.239892,128.5802099",https://map.naver.com/p?lng=128.5802099&lat=35.239892&zoom=18,402512,CWB379003322,35.239892,128.58021
합성동무학아파트,창원시마산회원구,합성1동,2,"https://map.kakao.com/link/map/%ED%95%A9%EC%84%B1%EB%8F%99%EB%AC%B4%ED%95%99%EC%95%84%ED%8C%8C%ED%8A%B8,35.2400816,128.5803004",https://map.naver.com/p?lng=128.5803004&lat=35.2400816&zoom=18,402517,CWB379005487,35.240082,128.5803
합성북18길,창원시마산회원구,합성1동,2,"https://map.kakao.com/link/map/%ED%95%A9%EC%84%B1%EB%B6%8118%EA%B8%B8,35.2453801,128.5833259",https://map.naver.com/p?lng=128.5833259&lat=35.2453801&zoom=18,402503,CWB379002870,35.24538,128.583326
합성북18길,창원시마산회원구,합성1동,2,"https://map.kakao.com/link/map/%ED%95%A9%EC%84%B1%EB%B6%8118%EA%B8%B8,35.2452194,128.5830461",https://map.naver.com/p?lng=128.5830461&lat=35.2452194&zoom=18,402502,CWB379002873,35.245219,128.583046
합성성진아파트,창원시마산회원구,합성1동,2,"https://map.kakao.com/link/map/%ED%95%A9%EC%84%B1%EC%84%B1%EC%A7%84%EC%95%84%ED%8C%8C%ED%8A%B8,35.2448932,128.5814127",https://map.naver.com/p?lng=128.5814127&lat=35.2448932&zoom=18,402501,CWB379002872,35.244893,128.581413
합성성진아파트,창원시마산회원구,합성1동,2,"https://map.kakao.com/link/map/%ED%95%A9%EC%84%B1%EC%84%B1%EC%A7%84%EC%95%84%ED%8C%8C%ED%8A%B8,35.2448811,128.5813027",https://map.naver.com/p?lng=128.5813027&lat=35.2448811&zoom=18,402516,CWB379005446,35.244881,128.581303
합성초등학교,창원시마산회원구,합성1동,2,"https://map.kakao.com/link/map/%ED%95%A9%EC%84%B1%EC%B4%88%EB%93%B1%ED%95%99%EA%B5%90,35.2431629,128.5824392",https://map.naver.com/p?lng=128.5824392&lat=35.2431629&zoom=18,402514,CWB379003320,35.243163,128.582439
합성초등학교,창원시마산회원구,합성1동,2,"https://map.kakao.com/link/map/%ED%95%A9%EC%84%B1%EC%B4%88%EB%93%B1%ED%95%99%EA%B5%90,35.2433324,128.5827419",https://map.naver.com/p?lng=128.5827419&lat=35.2433324&zoom=18,402515,CWB379003321,35.243332,128.582742
구암남1길,창원시마산회원구,합성2동,1,"https://map.kakao.com/link/map/%EA%B5%AC%EC%95%94%EB%82%A81%EA%B8%B8,35.2442525,128.5900707",https://map.naver.com/p?lng=128.5900707&lat=35.2442525&zoom=18,400134,CWB379005528,35.244252,128.590071
덕재.롯데캐슬,창원시마산회원구,합성2동,1,"https://map.kakao.com/link/map/%EB%8D%95%EC%9E%AC.%EB%A1%AF%EB%8D%B0%EC%BA%90%EC%8A%AC,35.2441913,128.5872821",https://map.naver.com/p?lng=128.5872821&lat=35.2441913&zoom=18,400122,CWB379000601,35.244191,128.587282
도원예식장,창원시마산회원구,합성2동,1,"https://map.kakao.com/link/map/%EB%8F%84%EC%9B%90%EC%98%88%EC%8B%9D%EC%9E%A5,35.2355792,128.5820776",https://map.naver.com/p?lng=128.5820776&lat=35.2355792&zoom=18,630241,CWB379002910,35.235579,128.582078
동마산시장,창원시마산회원구,합성2동,1,"https://map.kakao.com/link/map/%EB%8F%99%EB%A7%88%EC%82%B0%EC%8B%9C%EC%9E%A5,35.2404498,128.5876292",https://map.naver.com/p?lng=128.5876292&lat=35.2404498&zoom=18,400137,CWB379005529,35.24045,128.587629
마산동부경찰서,창원시마산회원구,합성2동,2,"https://map.kakao.com/link/map/%EB%A7%88%EC%82%B0%EB%8F%99%EB%B6%80%EA%B2%BD%EC%B0%B0%EC%84%9C,35.2372904,128.5891902",https://map.naver.com/p?lng=128.5891902&lat=35.2372904&zoom=18,420608,CWB379000695,35.23729,128.58919
마산동부경찰서,창원시마산회원구,합성2동,2,"https://map.kakao.com/link/map/%EB%A7%88%EC%82%B0%EB%8F%99%EB%B6%80%EA%B2%BD%EC%B0%B0%EC%84%9C,35.2380281,128.5889771",https://map.naver.com/p?lng=128.5889771&lat=35.2380281&zoom=18,420607,CWB379000698,35.238028,128.588977
복음요양병원,창원시마산회원구,합성2동,2,"https://map.kakao.com/link/map/%EB%B3%B5%EC%9D%8C%EC%9A%94%EC%96%91%EB%B3%91%EC%9B%90,35.2455382,128.5894545",https://map.naver.com/p?lng=128.5894545&lat=35.2455382&zoom=18,400124,CWB379000574,35.245538,128.589454
복음요양병원,창원시마산회원구,합성2동,2,"https://map.kakao.com/link/map/%EB%B3%B5%EC%9D%8C%EC%9A%94%EC%96%91%EB%B3%91%EC%9B%90,35.2452706,128.5899231",https://map.naver.com/p?lng=128.5899231&lat=35.2452706&zoom=18,400142,CWB379006205,35.245271,128.589923
삼성창원병원,창원시마산회원구,합성2동,1,"https://map.kakao.com/link/map/%EC%82%BC%EC%84%B1%EC%B0%BD%EC%9B%90%EB%B3%91%EC%9B%90,35.2426364,128.5910482",https://map.naver.com/p?lng=128.5910482&lat=35.2426364&zoom=18,420612,CWB379000626,35.242636,128.591048
삼성창원병원종점(8),창원시마산회원구,합성2동,1,"https://map.kakao.com/link/map/%EC%82%BC%EC%84%B1%EC%B0%BD%EC%9B%90%EB%B3%91%EC%9B%90%EC%A2%85%EC%A0%90%288%29,35.2427348,128.5918894",https://map.naver.com/p?lng=128.5918894&lat=35.2427348&zoom=18,400139,CWB379005784,35.242735,128.591889
양덕1동,창원시마산회원구,합성2동,1,"https://map.kakao.com/link/map/%EC%96%91%EB%8D%951%EB%8F%99,35.2359834,128.5879632",https://map.naver.com/p?lng=128.5879632&lat=35.2359834&zoom=18,421803,CWB379000716,35.235983,128.587963
우리누리청소년문화센터,창원시마산회원구,합성2동,2,"https://map.kakao.com/link/map/%EC%9A%B0%EB%A6%AC%EB%88%84%EB%A6%AC%EC%B2%AD%EC%86%8C%EB%85%84%EB%AC%B8%ED%99%94%EC%84%BC%ED%84%B0,35.2400649,128.5893764",https://map.naver.com/p?lng=128.5893764&lat=35.2400649&zoom=18,420609,CWB379002394,35.240065,128.589376
우리누리청소년문화센터,창원시마산회원구,합성2동,2,"https://map.kakao.com/link/map/%EC%9A%B0%EB%A6%AC%EB%88%84%EB%A6%AC%EC%B2%AD%EC%86%8C%EB%85%84%EB%AC%B8%ED%99%94%EC%84%BC%ED%84%B0,35.2404694,128.589884",https://map.naver.com/p?lng=128.589884&lat=35.2404694&zoom=18,420610,CWB379002395,35.240469,128.589884
팔룡교육단지사거리,창원시마산회원구,합성2동,1,"https://map.kakao.com/link/map/%ED%8C%94%EB%A3%A1%EA%B5%90%EC%9C%A1%EB%8B%A8%EC%A7%80%EC%82%AC%EA%B1%B0%EB%A6%AC,35.2425099,128.5903141",https://map.naver.com/p?lng=128.5903141&lat=35.2425099&zoom=18,400135,CWB379005531,35.24251,128.590314
합성동,창원시마산회원구,합성2동,1,"https://map.kakao.com/link/map/%ED%95%A9%EC%84%B1%EB%8F%99,35.2413067,128.5850253",https://map.naver.com/p?lng=128.5850253&lat=35.2413067&zoom=18,400120,CWB379000642,35.241307,128.585025
합성동농협,창원시마산회원구,합성2동,1,"https://map.kakao.com/link/map/%ED%95%A9%EC%84%B1%EB%8F%99%EB%86%8D%ED%98%91,35.2380735,128.5839634",https://map.naver.com/p?lng=128.5839634&lat=35.2380735&zoom=18,421801,CWB379005931,35.238074,128.583963
교도소,창원시마산회원구,회성동,2,"https://map.kakao.com/link/map/%EA%B5%90%EB%8F%84%EC%86%8C,35.2360575,128.5589358",https://map.naver.com/p?lng=128.5589358&lat=35.2360575&zoom=18,409702,CWB379000720,35.236058,128.558936
교도소,창원시마산회원구,회성동,2,"https://map.kakao.com/link/map/%EA%B5%90%EB%8F%84%EC%86%8C,35.2359585,128.558855",https://map.naver.com/p?lng=128.558855&lat=35.2359585&zoom=18,409701,CWB379000721,35.235958,128.558855
내서초등학교,창원시마산회원구,회성동,2,"https://map.kakao.com/link/map/%EB%82%B4%EC%84%9C%EC%B4%88%EB%93%B1%ED%95%99%EA%B5%90,35.2370932,128.5468",https://map.naver.com/p?lng=128.5468&lat=35.2370932&zoom=18,407203,CWB379000708,35.237093,128.5468
내서초등학교,창원시마산회원구,회성동,2,"https://map.kakao.com/link/map/%EB%82%B4%EC%84%9C%EC%B4%88%EB%93%B1%ED%95%99%EA%B5%90,35.2368572,128.5468785",https://map.naver.com/p?lng=128.5468785&lat=35.2368572&zoom=18,407204,CWB379000709,35.236857,128.546878
두척,창원시마산회원구,회성동,2,"https://map.kakao.com/link/map/%EB%91%90%EC%B2%99,35.2377666,128.5433795",https://map.naver.com/p?lng=128.5433795&lat=35.2377666&zoom=18,407202,CWB379001991,35.237767,128.543379
두척,창원시마산회원구,회성동,2,"https://map.kakao.com/link/map/%EB%91%90%EC%B2%99,35.2377831,128.5438522",https://map.naver.com/p?lng=128.5438522&lat=35.2377831&zoom=18,407201,CWB379001992,35.237783,128.543852
마재고개,창원시마산회원구,회성동,2,"https://map.kakao.com/link/map/%EB%A7%88%EC%9E%AC%EA%B3%A0%EA%B0%9C,35.2417118,128.5369503",https://map.naver.com/p?lng=128.5369503&lat=35.2417118&zoom=18,422801,CWB379000637,35.241712,128.53695
마재고개,창원시마산회원구,회성동,2,"https://map.kakao.com/link/map/%EB%A7%88%EC%9E%AC%EA%B3%A0%EA%B0%9C,35.2418924,128.5369682",https://map.naver.com/p?lng=128.5369682&lat=35.2418924&zoom=18,422802,CWB379000641,35.241892,128.536968
보문주유소,창원시마산회원구,회성동,1,"https://map.kakao.com/link/map/%EB%B3%B4%EB%AC%B8%EC%A3%BC%EC%9C%A0%EC%86%8C,35.2323833,128.5654754",https://map.naver.com/p?lng=128.5654754&lat=35.2323833&zoom=18,408601,CWB379000770,35.232383,128.565475
서마산IC(사거리),창원시마산회원구,회성동,1,"https://map.kakao.com/link/map/%EC%84%9C%EB%A7%88%EC%82%B0IC%28%EC%82%AC%EA%B1%B0%EB%A6%AC%29,35.2322638,128.5644388",https://map.naver.com/p?lng=128.5644388&lat=35.2322638&zoom=18,407211,CWB379000772,35.232264,128.564439
송정,창원시마산회원구,회성동,2,"https://map.kakao.com/link/map/%EC%86%A1%EC%A0%95,35.2431861,128.5520384",https://map.naver.com/p?lng=128.5520384&lat=35.2431861&zoom=18,409705,CWB379000625,35.243186,128.552038
송정,창원시마산회원구,회성동,2,"https://map.kakao.com/link/map/%EC%86%A1%EC%A0%95,35.2430912,128.5522405",https://map.naver.com/p?lng=128.5522405&lat=35.2430912&zoom=18,409704,CWB379000629,35.243091,128.552241
송정마을,창원시마산회원구,회성동,2,"https://map.kakao.com/link/map/%EC%86%A1%EC%A0%95%EB%A7%88%EC%9D%84,35.2450338,128.5510418",https://map.naver.com/p?lng=128.5510418&lat=35.2450338&zoom=18,409706,CWB379000593,35.245034,128.551042
송정마을,창원시마산회원구,회성동,2,"https://map.kakao.com/link/map/%EC%86%A1%EC%A0%95%EB%A7%88%EC%9D%84,35.2448841,128.5509893",https://map.naver.com/p?lng=128.5509893&lat=35.2448841&zoom=18,409707,CWB379000596,35.244884,128.550989
아래송정,창원시마산회원구,회성동,2,"https://map.kakao.com/link/map/%EC%95%84%EB%9E%98%EC%86%A1%EC%A0%95,35.2412729,128.5537227",https://map.naver.com/p?lng=128.5537227&lat=35.2412729&zoom=18,409720,CWB379000640,35.241273,128.553723
아래송정,창원시마산회원구,회성동,2,"https://map.kakao.com/link/map/%EC%95%84%EB%9E%98%EC%86%A1%EC%A0%95,35.2412205,128.5535954",https://map.naver.com/p?lng=128.5535954&lat=35.2412205&zoom=18,409703,CWB379000645,35.24122,128.553595
자족형행정복합타운,창원시마산회원구,회성동,2,"https://map.kakao.com/link/map/%EC%9E%90%EC%A1%B1%ED%98%95%ED%96%89%EC%A0%95%EB%B3%B5%ED%95%A9%ED%83%80%EC%9A%B4,35.2354294,128.5522464",https://map.naver.com/p?lng=128.5522464&lat=35.2354294&zoom=18,407205,CWB379000729,35.235429,128.552246
자족형행정복합타운,창원시마산회원구,회성동,2,"https://map.kakao.com/link/map/%EC%9E%90%EC%A1%B1%ED%98%95%ED%96%89%EC%A0%95%EB%B3%B5%ED%95%A9%ED%83%80%EC%9A%B4,35.2351022,128.5528114",https://map.naver.com/p?lng=128.5528114&lat=35.2351022&zoom=18,407206,CWB379000732,35.235102,128.552811
정명사,창원시마산회원구,회성동,2,"https://map.kakao.com/link/map/%EC%A0%95%EB%AA%85%EC%82%AC,35.2473272,128.5478462",https://map.naver.com/p?lng=128.5478462&lat=35.2473272&zoom=18,409708,CWB379000556,35.247327,128.547846
정명사,창원시마산회원구,회성동,2,"https://map.kakao.com/link/map/%EC%A0%95%EB%AA%85%EC%82%AC,35.2472931,128.5476667",https://map.naver.com/p?lng=128.5476667&lat=35.2472931&zoom=18,409709,CWB379000559,35.247293,128.547667
한효국화맨션,창원시마산회원구,회성동,2,"https://map.kakao.com/link/map/%ED%95%9C%ED%9A%A8%EA%B5%AD%ED%99%94%EB%A7%A8%EC%85%98,35.2342228,128.5568914",https://map.naver.com/p?lng=128.5568914&lat=35.2342228&zoom=18,407207,CWB379000744,35.234223,128.556891
한효국화맨션,창원시마산회원구,회성동,2,"https://map.kakao.com/link/map/%ED%95%9C%ED%9A%A8%EA%B5%AD%ED%99%94%EB%A7%A8%EC%85%98,35.2338786,128.5579704",https://map.naver.com/p?lng=128.5579704&lat=35.2338786&zoom=18,407208,CWB379000749,35.233879,128.55797
회성동행정복지센터/합포여중,창원시마산회원구,회성동,2,"https://map.kakao.com/link/map/%ED%9A%8C%EC%84%B1%EB%8F%99%ED%96%89%EC%A0%95%EB%B3%B5%EC%A7%80%EC%84%BC%ED%84%B0%2F%ED%95%A9%ED%8F%AC%EC%97%AC%EC%A4%91,35.2336234,128.561141",https://map.naver.com/p?lng=128.561141&lat=35.2336234&zoom=18,407209,CWB379000754,35.233623,128.561141
회성동행정복지센터/합포여중,창원시마산회원구,회성동,2,"https://map.kakao.com/link/map/%ED%9A%8C%EC%84%B1%EB%8F%99%ED%96%89%EC%A0%95%EB%B3%B5%EC%A7%80%EC%84%BC%ED%84%B0%2F%ED%95%A9%ED%8F%AC%EC%97%AC%EC%A4%91,35.2334197,128.5612438",https://map.naver.com/p?lng=128.5612438&lat=35.2334197&zoom=18,407210,CWB379000758,35.23342,128.561244
동중입구,창원시마산회원구,회원1동,2,"https://map.kakao.com/link/map/%EB%8F%99%EC%A4%91%EC%9E%85%EA%B5%AC,35.2196053,128.5708317",https://map.naver.com/p?lng=128.5708317&lat=35.2196053&zoom=18,407221,CWB379000956,35.219605,128.570832
동중입구,창원시마산회원구,회원1동,2,"https://map.kakao.com/link/map/%EB%8F%99%EC%A4%91%EC%9E%85%EA%B5%AC,35.2184594,128.5705432",https://map.naver.com/p?lng=128.5705432&lat=35.2184594&zoom=18,407220,CWB379000981,35.218459,128.570543
동중후문,창원시마산회원구,회원1동,2,"https://map.kakao.com/link/map/%EB%8F%99%EC%A4%91%ED%9B%84%EB%AC%B8,35.2208144,128.5707652",https://map.naver.com/p?lng=128.5707652&lat=35.2208144&zoom=18,407218,CWB379000935,35.220814,128.570765
동중후문,창원시마산회원구,회원1동,2,"https://map.kakao.com/link/map/%EB%8F%99%EC%A4%91%ED%9B%84%EB%AC%B8,35.2222885,128.5710904",https://map.naver.com/p?lng=128.5710904&lat=35.2222885&zoom=18,407219,CWB379000909,35.222288,128.57109
무학여고,창원시마산회원구,회원1동,2,"https://map.kakao.com/link/map/%EB%AC%B4%ED%95%99%EC%97%AC%EA%B3%A0,35.2224369,128.5735855",https://map.naver.com/p?lng=128.5735855&lat=35.2224369&zoom=18,400106,CWB379000904,35.222437,128.573586
무학여고,창원시마산회원구,회원1동,2,"https://map.kakao.com/link/map/%EB%AC%B4%ED%95%99%EC%97%AC%EA%B3%A0,35.2216803,128.5734731",https://map.naver.com/p?lng=128.5734731&lat=35.2216803&zoom=18,400105,CWB379000914,35.22168,128.573473
버스회관,창원시마산회원구,회원1동,2,"https://map.kakao.com/link/map/%EB%B2%84%EC%8A%A4%ED%9A%8C%EA%B4%80,35.2164702,128.5757787",https://map.naver.com/p?lng=128.5757787&lat=35.2164702&zoom=18,400102,CWB379001016,35.21647,128.575779
버스회관,창원시마산회원구,회원1동,2,"https://map.kakao.com/link/map/%EB%B2%84%EC%8A%A4%ED%9A%8C%EA%B4%80,35.215959,128.5756138",https://map.naver.com/p?lng=128.5756138&lat=35.215959&zoom=18,400101,CWB379001022,35.215959,128.575614
석전사거리,창원시마산회원구,회원1동,2,"https://map.kakao.com/link/map/%EC%84%9D%EC%A0%84%EC%82%AC%EA%B1%B0%EB%A6%AC,35.2245934,128.5709592",https://map.naver.com/p?lng=128.5709592&lat=35.2245934&zoom=18,407216,CWB379000879,35.224593,128.570959
석전사거리,창원시마산회원구,회원1동,2,"https://map.kakao.com/link/map/%EC%84%9D%EC%A0%84%EC%82%AC%EA%B1%B0%EB%A6%AC,35.2242974,128.5711982",https://map.naver.com/p?lng=128.5711982&lat=35.2242974&zoom=18,407217,CWB379000882,35.224297,128.571198
회산교,창원시마산회원구,회원1동,1,"https://map.kakao.com/link/map/%ED%9A%8C%EC%82%B0%EA%B5%90,35.2164794,128.5703392",https://map.naver.com/p?lng=128.5703392&lat=35.2164794&zoom=18,407222,CWB379001017,35.216479,128.570339
회원1동,창원시마산회원구,회원1동,2,"https://map.kakao.com/link/map/%ED%9A%8C%EC%9B%901%EB%8F%99,35.2192542,128.5747426",https://map.naver.com/p?lng=128.5747426&lat=35.2192542&zoom=18,400104,CWB379000962,35.219254,128.574743
회원1동,창원시마산회원구,회원1동,2,"https://map.kakao.com/link/map/%ED%9A%8C%EC%9B%901%EB%8F%99,35.2189105,128.5745036",https://map.naver.com/p?lng=128.5745036&lat=35.2189105&zoom=18,400103,CWB379000971,35.21891,128.574504
노인병원,창원시마산회원구,회원2동,2,"https://map.kakao.com/link/map/%EB%85%B8%EC%9D%B8%EB%B3%91%EC%9B%90,35.2217112,128.5646531",https://map.naver.com/p?lng=128.5646531&lat=35.2217112&zoom=18,406107,CWB379000915,35.221711,128.564653
노인병원,창원시마산회원구,회원2동,2,"https://map.kakao.com/link/map/%EB%85%B8%EC%9D%B8%EB%B3%91%EC%9B%90,35.2214637,128.5647407",https://map.naver.com/p?lng=128.5647407&lat=35.2214637&zoom=18,406106,CWB379000925,35.221464,128.564741
마산여중,창원시마산회원구,회원2동,2,"https://map.kakao.com/link/map/%EB%A7%88%EC%82%B0%EC%97%AC%EC%A4%91,35.2207034,128.5618842",https://map.naver.com/p?lng=128.5618842&lat=35.2207034&zoom=18,406105,CWB379000938,35.220703,128.561884
마산여중,창원시마산회원구,회원2동,2,"https://map.kakao.com/link/map/%EB%A7%88%EC%82%B0%EC%97%AC%EC%A4%91,35.2196424,128.5614782",https://map.naver.com/p?lng=128.5614782&lat=35.2196424&zoom=18,406104,CWB379000958,35.219642,128.561478
무지개아파트,창원시마산회원구,회원2동,2,"https://map.kakao.com/link/map/%EB%AC%B4%EC%A7%80%EA%B0%9C%EC%95%84%ED%8C%8C%ED%8A%B8,35.2229454,128.5684442",https://map.naver.com/p?lng=128.5684442&lat=35.2229454&zoom=18,406109,CWB379000894,35.222945,128.568444
무지개아파트,창원시마산회원구,회원2동,2,"https://map.kakao.com/link/map/%EB%AC%B4%EC%A7%80%EA%B0%9C%EC%95%84%ED%8C%8C%ED%8A%B8,35.2227483,128.5687165",https://map.naver.com/p?lng=128.5687165&lat=35.2227483&zoom=18,406108,CWB379000897,35.222748,128.568716
삼학사,창원시마산회원구,회원2동,1,"https://map.kakao.com/link/map/%EC%82%BC%ED%95%99%EC%82%AC,35.2186309,128.560853",https://map.naver.com/p?lng=128.560853&lat=35.2186309&zoom=18,406103,CWB379000977,35.218631,128.560853
회원2동파출소,창원시마산회원구,회원2동,1,"https://map.kakao.com/link/map/%ED%9A%8C%EC%9B%902%EB%8F%99%ED%8C%8C%EC%B6%9C%EC%86%8C,35.2186694,128.5638082",https://map.naver.com/p?lng=128.5638082&lat=35.2186694&zoom=18,423001,CWB379000980,35.218669,128.563808
회원신협,창원시마산회원구,회원2동,1,"https://map.kakao.com/link/map/%ED%9A%8C%EC%9B%90%EC%8B%A0%ED%98%91,35.2184326,128.5649448",https://map.naver.com/p?lng=128.5649448&lat=35.2184326&zoom=18,423002,CWB379000983,35.218433,128.564945
회원초등학교,창원시마산회원구,회원2동,2,"https://map.kakao.com/link/map/%ED%9A%8C%EC%9B%90%EC%B4%88%EB%93%B1%ED%95%99%EA%B5%90,35.2187904,128.5679636",https://map.naver.com/p?lng=128.5679636&lat=35.2187904&zoom=18,423003,CWB379000976,35.21879,128.567964
회원초등학교,창원시마산회원구,회원2동,2,"https://map.kakao.com/link/map/%ED%9A%8C%EC%9B%90%EC%B4%88%EB%93%B1%ED%95%99%EA%B5%90,35.2184834,128.5671412",https://map.naver.com/p?lng=128.5671412&lat=35.2184834&zoom=18,423004,CWB379000978,35.218483,128.567141
가음정본동,창원시성산구,가음정동,1,"https://map.kakao.com/link/map/%EA%B0%80%EC%9D%8C%EC%A0%95%EB%B3%B8%EB%8F%99,35.2081344,128.6875982",https://map.naver.com/p?lng=128.6875982&lat=35.2081344&zoom=18,218813,CWB379001113,35.208134,128.687598
가음정사거리,창원시성산구,가음정동,1,"https://map.kakao.com/link/map/%EA%B0%80%EC%9D%8C%EC%A0%95%EC%82%AC%EA%B1%B0%EB%A6%AC,35.2052673,128.6926019",https://map.naver.com/p?lng=128.6926019&lat=35.2052673&zoom=18,218815,CWB379001158,35.205267,128.692602
가음정시장,창원시성산구,가음정동,1,"https://map.kakao.com/link/map/%EA%B0%80%EC%9D%8C%EC%A0%95%EC%8B%9C%EC%9E%A5,35.2100229,128.6957066",https://map.naver.com/p?lng=128.6957066&lat=35.2100229&zoom=18,114268,CWB379006105,35.210023,128.695707
가음정시장(더샵센트럴파크),창원시성산구,가음정동,1,"https://map.kakao.com/link/map/%EA%B0%80%EC%9D%8C%EC%A0%95%EC%8B%9C%EC%9E%A5%28%EB%8D%94%EC%83%B5%EC%84%BC%ED%8A%B8%EB%9F%B4%ED%8C%8C%ED%81%AC%29,35.2095016,128.6954459",https://map.naver.com/p?lng=128.6954459&lat=35.2095016&zoom=18,114269,CWB379006106,35.209502,128.695446
남산고등학교,창원시성산구,가음정동,1,"https://map.kakao.com/link/map/%EB%82%A8%EC%82%B0%EA%B3%A0%EB%93%B1%ED%95%99%EA%B5%90,35.2026744,128.7011222",https://map.naver.com/p?lng=128.7011222&lat=35.2026744&zoom=18,630191,CWB379002272,35.202674,128.701122
남산공원환승센터,창원시성산구,가음정동,1,"https://map.kakao.com/link/map/%EB%82%A8%EC%82%B0%EA%B3%B5%EC%9B%90%ED%99%98%EC%8A%B9%EC%84%BC%ED%84%B0,35.202255,128.6979112",https://map.naver.com/p?lng=128.6979112&lat=35.202255&zoom=18,218819,CWB379001220,35.202255,128.697911
남산동,창원시성산구,가음정동,1,"https://map.kakao.com/link/map/%EB%82%A8%EC%82%B0%EB%8F%99,35.2034822,128.6957247",https://map.naver.com/p?lng=128.6957247&lat=35.2034822&zoom=18,218817,CWB379001196,35.203482,128.695725
남산중학교,창원시성산구,가음정동,1,"https://map.kakao.com/link/map/%EB%82%A8%EC%82%B0%EC%A4%91%ED%95%99%EA%B5%90,35.20359,128.6976482",https://map.naver.com/p?lng=128.6976482&lat=35.20359&zoom=18,200302,CWB379001174,35.20359,128.697648
남산초등학교,창원시성산구,가음정동,2,"https://map.kakao.com/link/map/%EB%82%A8%EC%82%B0%EC%B4%88%EB%93%B1%ED%95%99%EA%B5%90,35.2060254,128.7028262",https://map.naver.com/p?lng=128.7028262&lat=35.2060254&zoom=18,200406,CWB379001141,35.206025,128.702826
남산초등학교,창원시성산구,가음정동,2,"https://map.kakao.com/link/map/%EB%82%A8%EC%82%B0%EC%B4%88%EB%93%B1%ED%95%99%EA%B5%90,35.2054904,128.7033702",https://map.naver.com/p?lng=128.7033702&lat=35.2054904&zoom=18,200405,CWB379001153,35.20549,128.70337
남양개나리3차아파트,창원시성산구,가음정동,1,"https://map.kakao.com/link/map/%EB%82%A8%EC%96%91%EA%B0%9C%EB%82%98%EB%A6%AC3%EC%B0%A8%EC%95%84%ED%8C%8C%ED%8A%B8,35.211166,128.7054671",https://map.naver.com/p?lng=128.7054671&lat=35.211166&zoom=18,219114,CWB379001056,35.211166,128.705467
남양동성APT.노인종합복지관,창원시성산구,가음정동,1,"https://map.kakao.com/link/map/%EB%82%A8%EC%96%91%EB%8F%99%EC%84%B1APT.%EB%85%B8%EC%9D%B8%EC%A2%85%ED%95%A9%EB%B3%B5%EC%A7%80%EA%B4%80,35.2146566,128.704464",https://map.naver.com/p?lng=128.704464&lat=35.2146566&zoom=18,219110,CWB379001015,35.214657,128.704464
남양동주택,창원시성산구,가음정동,1,"https://map.kakao.com/link/map/%EB%82%A8%EC%96%91%EB%8F%99%EC%A3%BC%ED%83%9D,35.2083556,128.706239",https://map.naver.com/p?lng=128.706239&lat=35.2083556&zoom=18,219116,CWB379001102,35.208356,128.706239
남양성원1차아파트,창원시성산구,가음정동,1,"https://map.kakao.com/link/map/%EB%82%A8%EC%96%91%EC%84%B1%EC%9B%901%EC%B0%A8%EC%95%84%ED%8C%8C%ED%8A%B8,35.2108904,128.7015622",https://map.naver.com/p?lng=128.7015622&lat=35.2108904&zoom=18,204301,CWB379001058,35.21089,128.701562
남양성원2차아파트,창원시성산구,가음정동,2,"https://map.kakao.com/link/map/%EB%82%A8%EC%96%91%EC%84%B1%EC%9B%902%EC%B0%A8%EC%95%84%ED%8C%8C%ED%8A%B8,35.2128814,128.7049846",https://map.naver.com/p?lng=128.7049846&lat=35.2128814&zoom=18,219112,CWB379001037,35.212881,128.704985
남양성원2차아파트,창원시성산구,가음정동,2,"https://map.kakao.com/link/map/%EB%82%A8%EC%96%91%EC%84%B1%EC%9B%902%EC%B0%A8%EC%95%84%ED%8C%8C%ED%8A%B8,35.2116374,128.7046812",https://map.naver.com/p?lng=128.7046812&lat=35.2116374&zoom=18,204303,CWB379001051,35.211637,128.704681
남양초등학교,창원시성산구,가음정동,1,"https://map.kakao.com/link/map/%EB%82%A8%EC%96%91%EC%B4%88%EB%93%B1%ED%95%99%EA%B5%90,35.2102334,128.6991202",https://map.naver.com/p?lng=128.6991202&lat=35.2102334&zoom=18,200401,CWB379001076,35.210233,128.69912
대방동성아파트,창원시성산구,가음정동,1,"https://map.kakao.com/link/map/%EB%8C%80%EB%B0%A9%EB%8F%99%EC%84%B1%EC%95%84%ED%8C%8C%ED%8A%B8,35.2038607,128.7058173",https://map.naver.com/p?lng=128.7058173&lat=35.2038607&zoom=18,219120,CWB379001183,35.203861,128.705817
대방동종점,창원시성산구,가음정동,4,"https://map.kakao.com/link/map/%EB%8C%80%EB%B0%A9%EB%8F%99%EC%A2%85%EC%A0%90,35.2034164,128.7048884",https://map.naver.com/p?lng=128.7048884&lat=35.2034164&zoom=18,200410,CWB379001142,35.203416,128.704888
대방동종점,창원시성산구,가음정동,4,"https://map.kakao.com/link/map/%EB%8C%80%EB%B0%A9%EB%8F%99%EC%A2%85%EC%A0%90,35.2034947,128.7044454",https://map.naver.com/p?lng=128.7044454&lat=35.2034947&zoom=18,200408,CWB379001189,35.203495,128.704445
대방동종점,창원시성산구,가음정동,4,"https://map.kakao.com/link/map/%EB%8C%80%EB%B0%A9%EB%8F%99%EC%A2%85%EC%A0%90,35.2033932,128.7049373",https://map.naver.com/p?lng=128.7049373&lat=35.2033932&zoom=18,200407,CWB379001194,35.203393,128.704937
대방동종점,창원시성산구,가음정동,4,"https://map.kakao.com/link/map/%EB%8C%80%EB%B0%A9%EB%8F%99%EC%A2%85%EC%A0%90,35.2037207,128.7043979",https://map.naver.com/p?lng=128.7043979&lat=35.2037207&zoom=18,200409,CWB379005462,35.203721,128.704398
더샵센트럴파크1단지,창원시성산구,가음정동,1,"https://map.kakao.com/link/map/%EB%8D%94%EC%83%B5%EC%84%BC%ED%8A%B8%EB%9F%B4%ED%8C%8C%ED%81%AC1%EB%8B%A8%EC%A7%80,35.2089743,128.7004024",https://map.naver.com/p?lng=128.7004024&lat=35.2089743&zoom=18,200404,CWB379001098,35.208974,128.700402
더샵센트럴파크2단지,창원시성산구,가음정동,1,"https://map.kakao.com/link/map/%EB%8D%94%EC%83%B5%EC%84%BC%ED%8A%B8%EB%9F%B4%ED%8C%8C%ED%81%AC2%EB%8B%A8%EC%A7%80,35.2100425,128.6990684",https://map.naver.com/p?lng=128.6990684&lat=35.2100425&zoom=18,200402,CWB379001082,35.210042,128.699068
상남도서관,창원시성산구,가음정동,1,"https://map.kakao.com/link/map/%EC%83%81%EB%82%A8%EB%8F%84%EC%84%9C%EA%B4%80,35.2140248,128.6961549",https://map.naver.com/p?lng=128.6961549&lat=35.2140248&zoom=18,114266,CWB379006103,35.214025,128.696155
상남도서관(한림.우성아파트),창원시성산구,가음정동,1,"https://map.kakao.com/link/map/%EC%83%81%EB%82%A8%EB%8F%84%EC%84%9C%EA%B4%80%28%ED%95%9C%EB%A6%BC.%EC%9A%B0%EC%84%B1%EC%95%84%ED%8C%8C%ED%8A%B8%29,35.213436,128.6966863",https://map.naver.com/p?lng=128.6966863&lat=35.213436&zoom=18,114267,CWB379006104,35.213436,128.696686
성주초등학교,창원시성산구,가음정동,1,"https://map.kakao.com/link/map/%EC%84%B1%EC%A3%BC%EC%B4%88%EB%93%B1%ED%95%99%EA%B5%90,35.2043864,128.6980602",https://map.naver.com/p?lng=128.6980602&lat=35.2043864&zoom=18,200301,CWB379001172,35.204386,128.69806
소라아파트,창원시성산구,가음정동,1,"https://map.kakao.com/link/map/%EC%86%8C%EB%9D%BC%EC%95%84%ED%8C%8C%ED%8A%B8,35.2079234,128.687179",https://map.naver.com/p?lng=128.687179&lat=35.2079234&zoom=18,218820,CWB379001106,35.207923,128.687179
안남중학교,창원시성산구,가음정동,1,"https://map.kakao.com/link/map/%EC%95%88%EB%82%A8%EC%A4%91%ED%95%99%EA%B5%90,35.2055996,128.7067114",https://map.naver.com/p?lng=128.7067114&lat=35.2055996&zoom=18,219118,CWB379001148,35.2056,128.706711
여성회관창원관,창원시성산구,가음정동,2,"https://map.kakao.com/link/map/%EC%97%AC%EC%84%B1%ED%9A%8C%EA%B4%80%EC%B0%BD%EC%9B%90%EA%B4%80,35.2057144,128.6995222",https://map.naver.com/p?lng=128.6995222&lat=35.2057144&zoom=18,200304,CWB379001144,35.205714,128.699522
여성회관창원관,창원시성산구,가음정동,2,"https://map.kakao.com/link/map/%EC%97%AC%EC%84%B1%ED%9A%8C%EA%B4%80%EC%B0%BD%EC%9B%90%EA%B4%80,35.2057534,128.6992242",https://map.naver.com/p?lng=128.6992242&lat=35.2057534&zoom=18,200303,CWB379001145,35.205753,128.699224
장미공원,창원시성산구,가음정동,1,"https://map.kakao.com/link/map/%EC%9E%A5%EB%AF%B8%EA%B3%B5%EC%9B%90,35.2078604,128.6939047",https://map.naver.com/p?lng=128.6939047&lat=35.2078604&zoom=18,114270,CWB379006107,35.20786,128.693905
장미공원(가음은아아파트),창원시성산구,가음정동,1,"https://map.kakao.com/link/map/%EC%9E%A5%EB%AF%B8%EA%B3%B5%EC%9B%90%28%EA%B0%80%EC%9D%8C%EC%9D%80%EC%95%84%EC%95%84%ED%8C%8C%ED%8A%B8%29,35.2072793,128.6935715",https://map.naver.com/p?lng=128.6935715&lat=35.2072793&zoom=18,114271,CWB379006108,35.207279,128.693571
창원남중,창원시성산구,가음정동,1,"https://map.kakao.com/link/map/%EC%B0%BD%EC%9B%90%EB%82%A8%EC%A4%91,35.2115334,128.6816882",https://map.naver.com/p?lng=128.6816882&lat=35.2115334&zoom=18,218811,CWB379001060,35.211533,128.681688
피오르빌아파트,창원시성산구,가음정동,2,"https://map.kakao.com/link/map/%ED%94%BC%EC%98%A4%EB%A5%B4%EB%B9%8C%EC%95%84%ED%8C%8C%ED%8A%B8,35.210873,128.7019782",https://map.naver.com/p?lng=128.7019782&lat=35.210873&zoom=18,204302,CWB379001063,35.210873,128.701978
피오르빌아파트,창원시성산구,가음정동,2,"https://map.kakao.com/link/map/%ED%94%BC%EC%98%A4%EB%A5%B4%EB%B9%8C%EC%95%84%ED%8C%8C%ED%8A%B8,35.2087974,128.7008648",https://map.naver.com/p?lng=128.7008648&lat=35.2087974&zoom=18,200403,CWB379001101,35.208797,128.700865
교통문화연수원,창원시성산구,반송동,1,"https://map.kakao.com/link/map/%EA%B5%90%ED%86%B5%EB%AC%B8%ED%99%94%EC%97%B0%EC%88%98%EC%9B%90,35.2362648,128.6715575",https://map.naver.com/p?lng=128.6715575&lat=35.2362648&zoom=18,106507,CWB379000693,35.236265,128.671558
까치아파트,창원시성산구,반송동,2,"https://map.kakao.com/link/map/%EA%B9%8C%EC%B9%98%EC%95%84%ED%8C%8C%ED%8A%B8,35.2443502,128.6656941",https://map.naver.com/p?lng=128.6656941&lat=35.2443502&zoom=18,119906,CWB379000580,35.24435,128.665694
까치아파트,창원시성산구,반송동,2,"https://map.kakao.com/link/map/%EA%B9%8C%EC%B9%98%EC%95%84%ED%8C%8C%ED%8A%B8,35.2442312,128.6654794",https://map.naver.com/p?lng=128.6654794&lat=35.2442312&zoom=18,119909,CWB379000581,35.244231,128.665479
노블파크아파트,창원시성산구,반송동,1,"https://map.kakao.com/link/map/%EB%85%B8%EB%B8%94%ED%8C%8C%ED%81%AC%EC%95%84%ED%8C%8C%ED%8A%B8,35.2348745,128.6669673",https://map.naver.com/p?lng=128.6669673&lat=35.2348745&zoom=18,114251,CWB379006088,35.234874,128.666967
노블파크아파트(가로변),창원시성산구,반송동,1,"https://map.kakao.com/link/map/%EB%85%B8%EB%B8%94%ED%8C%8C%ED%81%AC%EC%95%84%ED%8C%8C%ED%8A%B8%28%EA%B0%80%EB%A1%9C%EB%B3%80%29,35.2356894,128.6655423",https://map.naver.com/p?lng=128.6655423&lat=35.2356894&zoom=18,114219,CWB379000706,35.235689,128.665542
럭키상가,창원시성산구,반송동,2,"https://map.kakao.com/link/map/%EB%9F%AD%ED%82%A4%EC%83%81%EA%B0%80,35.2395113,128.6661079",https://map.naver.com/p?lng=128.6661079&lat=35.2395113&zoom=18,119907,CWB379000648,35.239511,128.666108
럭키상가,창원시성산구,반송동,2,"https://map.kakao.com/link/map/%EB%9F%AD%ED%82%A4%EC%83%81%EA%B0%80,35.2395488,128.6663329",https://map.naver.com/p?lng=128.6663329&lat=35.2395488&zoom=18,119904,CWB379000650,35.239549,128.666333
럭키아파트,창원시성산구,반송동,2,"https://map.kakao.com/link/map/%EB%9F%AD%ED%82%A4%EC%95%84%ED%8C%8C%ED%8A%B8,35.2378574,128.6681742",https://map.naver.com/p?lng=128.6681742&lat=35.2378574&zoom=18,106505,CWB379000668,35.237857,128.668174
럭키아파트,창원시성산구,반송동,2,"https://map.kakao.com/link/map/%EB%9F%AD%ED%82%A4%EC%95%84%ED%8C%8C%ED%8A%B8,35.2376294,128.6682044",https://map.naver.com/p?lng=128.6682044&lat=35.2376294&zoom=18,106506,CWB379000672,35.237629,128.668204
문성고등학교,창원시성산구,반송동,1,"https://map.kakao.com/link/map/%EB%AC%B8%EC%84%B1%EA%B3%A0%EB%93%B1%ED%95%99%EA%B5%90,35.2374361,128.6618954",https://map.naver.com/p?lng=128.6618954&lat=35.2374361&zoom=18,114249,CWB379006086,35.237436,128.661895
반림현대건설아파트,창원시성산구,반송동,1,"https://map.kakao.com/link/map/%EB%B0%98%EB%A6%BC%ED%98%84%EB%8C%80%EA%B1%B4%EC%84%A4%EC%95%84%ED%8C%8C%ED%8A%B8,35.2361683,128.6744651",https://map.naver.com/p?lng=128.6744651&lat=35.2361683&zoom=18,106509,CWB379000694,35.236168,128.674465
반림현대산업아파트,창원시성산구,반송동,1,"https://map.kakao.com/link/map/%EB%B0%98%EB%A6%BC%ED%98%84%EB%8C%80%EC%82%B0%EC%97%85%EC%95%84%ED%8C%8C%ED%8A%B8,35.2366765,128.6772916",https://map.naver.com/p?lng=128.6772916&lat=35.2366765&zoom=18,106512,CWB379000686,35.236676,128.677292
반송시장.아이필상가,창원시성산구,반송동,1,"https://map.kakao.com/link/map/%EB%B0%98%EC%86%A1%EC%8B%9C%EC%9E%A5.%EC%95%84%EC%9D%B4%ED%95%84%EC%83%81%EA%B0%80,35.2361198,128.6718793",https://map.naver.com/p?lng=128.6718793&lat=35.2361198&zoom=18,106508,CWB379000696,35.23612,128.671879
반송여중,창원시성산구,반송동,1,"https://map.kakao.com/link/map/%EB%B0%98%EC%86%A1%EC%97%AC%EC%A4%91,35.2360272,128.6743718",https://map.naver.com/p?lng=128.6743718&lat=35.2360272&zoom=18,106510,CWB379000700,35.236027,128.674372
반지민원센터,창원시성산구,반송동,2,"https://map.kakao.com/link/map/%EB%B0%98%EC%A7%80%EB%AF%BC%EC%9B%90%EC%84%BC%ED%84%B0,35.2397504,128.6648532",https://map.naver.com/p?lng=128.6648532&lat=35.2397504&zoom=18,106503,CWB379000646,35.23975,128.664853
반지민원센터,창원시성산구,반송동,2,"https://map.kakao.com/link/map/%EB%B0%98%EC%A7%80%EB%AF%BC%EC%9B%90%EC%84%BC%ED%84%B0,35.2397044,128.6645272",https://map.naver.com/p?lng=128.6645272&lat=35.2397044&zoom=18,106504,CWB379000647,35.239704,128.664527
반지사거리,창원시성산구,반송동,2,"https://map.kakao.com/link/map/%EB%B0%98%EC%A7%80%EC%82%AC%EA%B1%B0%EB%A6%AC,35.2423993,128.6611672",https://map.naver.com/p?lng=128.6611672&lat=35.2423993&zoom=18,106501,CWB379000630,35.242399,128.661167
반지사거리,창원시성산구,반송동,2,"https://map.kakao.com/link/map/%EB%B0%98%EC%A7%80%EC%82%AC%EA%B1%B0%EB%A6%AC,35.2413264,128.6616882",https://map.naver.com/p?lng=128.6616882&lat=35.2413264&zoom=18,106502,CWB379000631,35.241326,128.661688
시티7,창원시성산구,반송동,1,"https://map.kakao.com/link/map/%EC%8B%9C%ED%8B%B07,35.2409504,128.6537091",https://map.naver.com/p?lng=128.6537091&lat=35.2409504&zoom=18,114245,CWB379006082,35.24095,128.653709
시티7(가로변),창원시성산구,반송동,1,"https://map.kakao.com/link/map/%EC%8B%9C%ED%8B%B07%28%EA%B0%80%EB%A1%9C%EB%B3%80%29,35.2412165,128.6533388",https://map.naver.com/p?lng=128.6533388&lat=35.2412165&zoom=18,114213,CWB379000632,35.241216,128.653339
운동장사거리,창원시성산구,반송동,2,"https://map.kakao.com/link/map/%EC%9A%B4%EB%8F%99%EC%9E%A5%EC%82%AC%EA%B1%B0%EB%A6%AC,35.2375576,128.6648924",https://map.naver.com/p?lng=128.6648924&lat=35.2375576&zoom=18,119905,CWB379000673,35.237558,128.664892
운동장사거리,창원시성산구,반송동,2,"https://map.kakao.com/link/map/%EC%9A%B4%EB%8F%99%EC%9E%A5%EC%82%AC%EA%B1%B0%EB%A6%AC,35.2373588,128.6650093",https://map.naver.com/p?lng=128.6650093&lat=35.2373588&zoom=18,119902,CWB379000678,35.237359,128.665009
창원컨벤션센터,창원시성산구,반송동,1,"https://map.kakao.com/link/map/%EC%B0%BD%EC%9B%90%EC%BB%A8%EB%B2%A4%EC%85%98%EC%84%BC%ED%84%B0,35.2392207,128.6579388",https://map.naver.com/p?lng=128.6579388&lat=35.2392207&zoom=18,114247,CWB379006084,35.239221,128.657939
트리비앙아파트(한국폴리텍대학),창원시성산구,반송동,1,"https://map.kakao.com/link/map/%ED%8A%B8%EB%A6%AC%EB%B9%84%EC%95%99%EC%95%84%ED%8C%8C%ED%8A%B8%28%ED%95%9C%EA%B5%AD%ED%8F%B4%EB%A6%AC%ED%85%8D%EB%8C%80%ED%95%99%29,35.2326737,128.6713433",https://map.naver.com/p?lng=128.6713433&lat=35.2326737&zoom=18,114253,CWB379006090,35.232674,128.671343
검찰청,창원시성산구,사파동,2,"https://map.kakao.com/link/map/%EA%B2%80%EC%B0%B0%EC%B2%AD,35.2260625,128.6979892",https://map.naver.com/p?lng=128.6979892&lat=35.2260625&zoom=18,219102,CWB379000841,35.226062,128.697989
검찰청,창원시성산구,사파동,2,"https://map.kakao.com/link/map/%EA%B2%80%EC%B0%B0%EC%B2%AD,35.225744,128.698655",https://map.naver.com/p?lng=128.698655&lat=35.225744&zoom=18,219103,CWB379000844,35.225744,128.698655
대동백화점,창원시성산구,사파동,1,"https://map.kakao.com/link/map/%EB%8C%80%EB%8F%99%EB%B0%B1%ED%99%94%EC%A0%90,35.219972,128.6921878",https://map.naver.com/p?lng=128.6921878&lat=35.219972&zoom=18,114263,CWB379006100,35.219972,128.692188
대동백화점(가로변),창원시성산구,사파동,1,"https://map.kakao.com/link/map/%EB%8C%80%EB%8F%99%EB%B0%B1%ED%99%94%EC%A0%90%28%EA%B0%80%EB%A1%9C%EB%B3%80%29,35.2198058,128.692468",https://map.naver.com/p?lng=128.692468&lat=35.2198058&zoom=18,214215,CWB379000919,35.219806,128.692468
대방그린빌아파트,창원시성산구,사파동,2,"https://map.kakao.com/link/map/%EB%8C%80%EB%B0%A9%EA%B7%B8%EB%A6%B0%EB%B9%8C%EC%95%84%ED%8C%8C%ED%8A%B8,35.2054995,128.711372",https://map.naver.com/p?lng=128.711372&lat=35.2054995&zoom=18,203903,CWB379001146,35.2055,128.711372
대방그린빌아파트,창원시성산구,사파동,2,"https://map.kakao.com/link/map/%EB%8C%80%EB%B0%A9%EA%B7%B8%EB%A6%B0%EB%B9%8C%EC%95%84%ED%8C%8C%ED%8A%B8,35.2053536,128.7117207",https://map.naver.com/p?lng=128.7117207&lat=35.2053536&zoom=18,203904,CWB379001149,35.205354,128.711721
대방대동아파트,창원시성산구,사파동,2,"https://map.kakao.com/link/map/%EB%8C%80%EB%B0%A9%EB%8C%80%EB%8F%99%EC%95%84%ED%8C%8C%ED%8A%B8,35.2119343,128.71027",https://map.naver.com/p?lng=128.71027&lat=35.2119343&zoom=18,203910,CWB379001042,35.211934,128.71027
대방대동아파트,창원시성산구,사파동,2,"https://map.kakao.com/link/map/%EB%8C%80%EB%B0%A9%EB%8C%80%EB%8F%99%EC%95%84%ED%8C%8C%ED%8A%B8,35.2122104,128.7098832",https://map.naver.com/p?lng=128.7098832&lat=35.2122104&zoom=18,203909,CWB379001045,35.21221,128.709883
대방덕산2차아파트,창원시성산구,사파동,1,"https://map.kakao.com/link/map/%EB%8C%80%EB%B0%A9%EB%8D%95%EC%82%B02%EC%B0%A8%EC%95%84%ED%8C%8C%ED%8A%B8,35.2039253,128.7095729",https://map.naver.com/p?lng=128.7095729&lat=35.2039253&zoom=18,203901,CWB379001181,35.203925,128.709573
대방덕산아파트,창원시성산구,사파동,1,"https://map.kakao.com/link/map/%EB%8C%80%EB%B0%A9%EB%8D%95%EC%82%B0%EC%95%84%ED%8C%8C%ED%8A%B8,35.2129662,128.7053084",https://map.naver.com/p?lng=128.7053084&lat=35.2129662&zoom=18,219113,CWB379001030,35.212966,128.705308
대방동성아파트,창원시성산구,사파동,1,"https://map.kakao.com/link/map/%EB%8C%80%EB%B0%A9%EB%8F%99%EC%84%B1%EC%95%84%ED%8C%8C%ED%8A%B8,35.2035321,128.7060051",https://map.naver.com/p?lng=128.7060051&lat=35.2035321&zoom=18,219121,CWB379001190,35.203532,128.706005
대방중학교,창원시성산구,사파동,1,"https://map.kakao.com/link/map/%EB%8C%80%EB%B0%A9%EC%A4%91%ED%95%99%EA%B5%90,35.2083214,128.7066096",https://map.naver.com/p?lng=128.7066096&lat=35.2083214&zoom=18,219117,CWB379001103,35.208321,128.70661
대방초등학교,창원시성산구,사파동,1,"https://map.kakao.com/link/map/%EB%8C%80%EB%B0%A9%EC%B4%88%EB%93%B1%ED%95%99%EA%B5%90,35.2111593,128.7058159",https://map.naver.com/p?lng=128.7058159&lat=35.2111593&zoom=18,219115,CWB379001057,35.211159,128.705816
대방황토방아파트,창원시성산구,사파동,1,"https://map.kakao.com/link/map/%EB%8C%80%EB%B0%A9%ED%99%A9%ED%86%A0%EB%B0%A9%EC%95%84%ED%8C%8C%ED%8A%B8,35.2078138,128.7102224",https://map.naver.com/p?lng=128.7102224&lat=35.2078138&zoom=18,203905,CWB379001112,35.207814,128.710222
대암고교,창원시성산구,사파동,1,"https://map.kakao.com/link/map/%EB%8C%80%EC%95%94%EA%B3%A0%EA%B5%90,35.2078815,128.7105001",https://map.naver.com/p?lng=128.7105001&lat=35.2078815&zoom=18,203906,CWB379001109,35.207882,128.7105
반도유보라아파트,창원시성산구,사파동,2,"https://map.kakao.com/link/map/%EB%B0%98%EB%8F%84%EC%9C%A0%EB%B3%B4%EB%9D%BC%EC%95%84%ED%8C%8C%ED%8A%B8,35.2194244,128.7071149",https://map.naver.com/p?lng=128.7071149&lat=35.2194244&zoom=18,219123,CWB379005768,35.219424,128.707115
반도유보라아파트,창원시성산구,사파동,2,"https://map.kakao.com/link/map/%EB%B0%98%EB%8F%84%EC%9C%A0%EB%B3%B4%EB%9D%BC%EC%95%84%ED%8C%8C%ED%8A%B8,35.2192118,128.7070143",https://map.naver.com/p?lng=128.7070143&lat=35.2192118&zoom=18,219122,CWB379005769,35.219212,128.707014
사파대동아파트,창원시성산구,사파동,2,"https://map.kakao.com/link/map/%EC%82%AC%ED%8C%8C%EB%8C%80%EB%8F%99%EC%95%84%ED%8C%8C%ED%8A%B8,35.2220114,128.6951232",https://map.naver.com/p?lng=128.6951232&lat=35.2220114&zoom=18,210001,CWB379000887,35.222011,128.695123
사파대동아파트,창원시성산구,사파동,2,"https://map.kakao.com/link/map/%EC%82%AC%ED%8C%8C%EB%8C%80%EB%8F%99%EC%95%84%ED%8C%8C%ED%8A%B8,35.2217754,128.6958122",https://map.naver.com/p?lng=128.6958122&lat=35.2217754&zoom=18,210002,CWB379000889,35.221775,128.695812
사파동,창원시성산구,사파동,2,"https://map.kakao.com/link/map/%EC%82%AC%ED%8C%8C%EB%8F%99,35.2212467,128.7008441",https://map.naver.com/p?lng=128.7008441&lat=35.2212467&zoom=18,219106,CWB379000893,35.221247,128.700844
사파동,창원시성산구,사파동,2,"https://map.kakao.com/link/map/%EC%82%AC%ED%8C%8C%EB%8F%99,35.2210781,128.7012886",https://map.naver.com/p?lng=128.7012886&lat=35.2210781&zoom=18,219107,CWB379000895,35.221078,128.701289
사파동성아파트,창원시성산구,사파동,2,"https://map.kakao.com/link/map/%EC%82%AC%ED%8C%8C%EB%8F%99%EC%84%B1%EC%95%84%ED%8C%8C%ED%8A%B8,35.2183394,128.7023822",https://map.naver.com/p?lng=128.7023822&lat=35.2183394&zoom=18,219109,CWB379000945,35.218339,128.702382
사파동성아파트,창원시성산구,사파동,2,"https://map.kakao.com/link/map/%EC%82%AC%ED%8C%8C%EB%8F%99%EC%84%B1%EC%95%84%ED%8C%8C%ED%8A%B8,35.2182261,128.7019847",https://map.naver.com/p?lng=128.7019847&lat=35.2182261&zoom=18,219108,CWB379000946,35.218226,128.701985
사파동행정복지센터,창원시성산구,사파동,2,"https://map.kakao.com/link/map/%EC%82%AC%ED%8C%8C%EB%8F%99%ED%96%89%EC%A0%95%EB%B3%B5%EC%A7%80%EC%84%BC%ED%84%B0,35.2152534,128.7089232",https://map.naver.com/p?lng=128.7089232&lat=35.2152534&zoom=18,203912,CWB379001002,35.215253,128.708923
사파동행정복지센터,창원시성산구,사파동,2,"https://map.kakao.com/link/map/%EC%82%AC%ED%8C%8C%EB%8F%99%ED%96%89%EC%A0%95%EB%B3%B5%EC%A7%80%EC%84%BC%ED%84%B0,35.2146885,128.7089155",https://map.naver.com/p?lng=128.7089155&lat=35.2146885&zoom=18,203911,CWB379001006,35.214688,128.708915
사파삼익1차아파트,창원시성산구,사파동,2,"https://map.kakao.com/link/map/%EC%82%AC%ED%8C%8C%EC%82%BC%EC%9D%B51%EC%B0%A8%EC%95%84%ED%8C%8C%ED%8A%B8,35.2183249,128.6960349",https://map.naver.com/p?lng=128.6960349&lat=35.2183249&zoom=18,214301,CWB379000949,35.218325,128.696035
사파삼익1차아파트,창원시성산구,사파동,2,"https://map.kakao.com/link/map/%EC%82%AC%ED%8C%8C%EC%82%BC%EC%9D%B51%EC%B0%A8%EC%95%84%ED%8C%8C%ED%8A%B8,35.2180131,128.6959144",https://map.naver.com/p?lng=128.6959144&lat=35.2180131&zoom=18,214302,CWB379000953,35.218013,128.695914
사파삼익아파트(가로변),창원시성산구,사파동,1,"https://map.kakao.com/link/map/%EC%82%AC%ED%8C%8C%EC%82%BC%EC%9D%B5%EC%95%84%ED%8C%8C%ED%8A%B8%28%EA%B0%80%EB%A1%9C%EB%B3%80%29,35.2175676,128.6939911",https://map.naver.com/p?lng=128.6939911&lat=35.2175676&zoom=18,214217,CWB379000961,35.217568,128.693991
사파초등학교,창원시성산구,사파동,2,"https://map.kakao.com/link/map/%EC%82%AC%ED%8C%8C%EC%B4%88%EB%93%B1%ED%95%99%EA%B5%90,35.2199894,128.6980272",https://map.naver.com/p?lng=128.6980272&lat=35.2199894&zoom=18,210003,CWB379000913,35.219989,128.698027
사파초등학교,창원시성산구,사파동,2,"https://map.kakao.com/link/map/%EC%82%AC%ED%8C%8C%EC%B4%88%EB%93%B1%ED%95%99%EA%B5%90,35.2193054,128.6985882",https://map.naver.com/p?lng=128.6985882&lat=35.2193054&zoom=18,210004,CWB379000934,35.219305,128.698588
삼익아파트,창원시성산구,사파동,1,"https://map.kakao.com/link/map/%EC%82%BC%EC%9D%B5%EC%95%84%ED%8C%8C%ED%8A%B8,35.2166754,128.694475",https://map.naver.com/p?lng=128.694475&lat=35.2166754&zoom=18,114265,CWB379006102,35.216675,128.694475
상남교회,창원시성산구,사파동,1,"https://map.kakao.com/link/map/%EC%83%81%EB%82%A8%EA%B5%90%ED%9A%8C,35.2186776,128.7014442",https://map.naver.com/p?lng=128.7014442&lat=35.2186776&zoom=18,210005,CWB379000940,35.218678,128.701444
성원3차APT.노인종합복지관,창원시성산구,사파동,3,"https://map.kakao.com/link/map/%EC%84%B1%EC%9B%903%EC%B0%A8APT.%EB%85%B8%EC%9D%B8%EC%A2%85%ED%95%A9%EB%B3%B5%EC%A7%80%EA%B4%80,35.215684,128.7058056",https://map.naver.com/p?lng=128.7058056&lat=35.215684&zoom=18,203913,CWB379000995,35.215684,128.705806
성원3차APT.노인종합복지관,창원시성산구,사파동,3,"https://map.kakao.com/link/map/%EC%84%B1%EC%9B%903%EC%B0%A8APT.%EB%85%B8%EC%9D%B8%EC%A2%85%ED%95%A9%EB%B3%B5%EC%A7%80%EA%B4%80,35.2154917,128.7058828",https://map.naver.com/p?lng=128.7058828&lat=35.2154917&zoom=18,203914,CWB379000999,35.215492,128.705883
성원3차APT.노인종합복지관,창원시성산구,사파동,3,"https://map.kakao.com/link/map/%EC%84%B1%EC%9B%903%EC%B0%A8APT.%EB%85%B8%EC%9D%B8%EC%A2%85%ED%95%A9%EB%B3%B5%EC%A7%80%EA%B4%80,35.2148082,128.7048219",https://map.naver.com/p?lng=128.7048219&lat=35.2148082&zoom=18,219111,CWB379001010,35.214808,128.704822
안남중학교,창원시성산구,사파동,1,"https://map.kakao.com/link/map/%EC%95%88%EB%82%A8%EC%A4%91%ED%95%99%EA%B5%90,35.205433,128.7070517",https://map.naver.com/p?lng=128.7070517&lat=35.205433&zoom=18,219119,CWB379001154,35.205433,128.707052
안남초등학교,창원시성산구,사파동,2,"https://map.kakao.com/link/map/%EC%95%88%EB%82%A8%EC%B4%88%EB%93%B1%ED%95%99%EA%B5%90,35.2104104,128.7105642",https://map.naver.com/p?lng=128.7105642&lat=35.2104104&zoom=18,203907,CWB379001073,35.21041,128.710564
안남초등학교,창원시성산구,사파동,2,"https://map.kakao.com/link/map/%EC%95%88%EB%82%A8%EC%B4%88%EB%93%B1%ED%95%99%EA%B5%90,35.2098813,128.7109467",https://map.naver.com/p?lng=128.7109467&lat=35.2098813&zoom=18,203908,CWB379001081,35.209881,128.710947
창원축구센터,창원시성산구,사파동,2,"https://map.kakao.com/link/map/%EC%B0%BD%EC%9B%90%EC%B6%95%EA%B5%AC%EC%84%BC%ED%84%B0,35.2225009,128.704631",https://map.naver.com/p?lng=128.704631&lat=35.2225009&zoom=18,219125,CWB379005770,35.222501,128.704631
창원축구센터,창원시성산구,사파동,2,"https://map.kakao.com/link/map/%EC%B0%BD%EC%9B%90%EC%B6%95%EA%B5%AC%EC%84%BC%ED%84%B0,35.2225009,128.704351",https://map.naver.com/p?lng=128.704351&lat=35.2225009&zoom=18,219124,CWB379005771,35.222501,128.704351
창원축구센터.법원,창원시성산구,사파동,2,"https://map.kakao.com/link/map/%EC%B0%BD%EC%9B%90%EC%B6%95%EA%B5%AC%EC%84%BC%ED%84%B0.%EB%B2%95%EC%9B%90,35.2233782,128.7003512",https://map.naver.com/p?lng=128.7003512&lat=35.2233782&zoom=18,219105,CWB379000870,35.223378,128.700351
창원축구센터.법원,창원시성산구,사파동,2,"https://map.kakao.com/link/map/%EC%B0%BD%EC%9B%90%EC%B6%95%EA%B5%AC%EC%84%BC%ED%84%B0.%EB%B2%95%EC%9B%90,35.2232994,128.6999664",https://map.naver.com/p?lng=128.6999664&lat=35.2232994&zoom=18,219104,CWB379000872,35.223299,128.699966
토월고등학교,창원시성산구,사파동,2,"https://map.kakao.com/link/map/%ED%86%A0%EC%9B%94%EA%B3%A0%EB%93%B1%ED%95%99%EA%B5%90,35.2242473,128.7028585",https://map.naver.com/p?lng=128.7028585&lat=35.2242473&zoom=18,219126,CWB379005956,35.224247,128.702858
토월고등학교,창원시성산구,사파동,2,"https://map.kakao.com/link/map/%ED%86%A0%EC%9B%94%EA%B3%A0%EB%93%B1%ED%95%99%EA%B5%90,35.2242931,128.7026508",https://map.naver.com/p?lng=128.7026508&lat=35.2242931&zoom=18,219127,CWB379005957,35.224293,128.702651
토월체육공원,창원시성산구,사파동,1,"https://map.kakao.com/link/map/%ED%86%A0%EC%9B%94%EC%B2%B4%EC%9C%A1%EA%B3%B5%EC%9B%90,35.2313995,128.6950805",https://map.naver.com/p?lng=128.6950805&lat=35.2313995&zoom=18,119131,CWB379000764,35.2314,128.69508
경창상가,창원시성산구,상남동,1,"https://map.kakao.com/link/map/%EA%B2%BD%EC%B0%BD%EC%83%81%EA%B0%80,35.2196027,128.6796226",https://map.naver.com/p?lng=128.6796226&lat=35.2196027&zoom=18,208904,CWB379000931,35.219603,128.679623
대동백화점,창원시성산구,상남동,1,"https://map.kakao.com/link/map/%EB%8C%80%EB%8F%99%EB%B0%B1%ED%99%94%EC%A0%90,35.2205007,128.691441",https://map.naver.com/p?lng=128.691441&lat=35.2205007&zoom=18,114262,CWB379006099,35.220501,128.691441
상남꿈에그린아파트,창원시성산구,상남동,1,"https://map.kakao.com/link/map/%EC%83%81%EB%82%A8%EA%BF%88%EC%97%90%EA%B7%B8%EB%A6%B0%EC%95%84%ED%8C%8C%ED%8A%B8,35.2150334,128.6819772",https://map.naver.com/p?lng=128.6819772&lat=35.2150334&zoom=18,220404,CWB379001014,35.215033,128.681977
상남대우아파트,창원시성산구,상남동,1,"https://map.kakao.com/link/map/%EC%83%81%EB%82%A8%EB%8C%80%EC%9A%B0%EC%95%84%ED%8C%8C%ED%8A%B8,35.2185264,128.6807132",https://map.naver.com/p?lng=128.6807132&lat=35.2185264&zoom=18,209001,CWB379000948,35.218526,128.680713
상남시장(은아아파트),창원시성산구,상남동,1,"https://map.kakao.com/link/map/%EC%83%81%EB%82%A8%EC%8B%9C%EC%9E%A5%28%EC%9D%80%EC%95%84%EC%95%84%ED%8C%8C%ED%8A%B8%29,35.2243963,128.6856159",https://map.naver.com/p?lng=128.6856159&lat=35.2243963&zoom=18,114258,CWB379006095,35.224396,128.685616
수협경남금융본부,창원시성산구,상남동,1,"https://map.kakao.com/link/map/%EC%88%98%ED%98%91%EA%B2%BD%EB%82%A8%EA%B8%88%EC%9C%B5%EB%B3%B8%EB%B6%80,35.2236624,128.6830257",https://map.naver.com/p?lng=128.6830257&lat=35.2236624&zoom=18,208906,CWB379000871,35.223662,128.683026
시민생활체육관,창원시성산구,상남동,1,"https://map.kakao.com/link/map/%EC%8B%9C%EB%AF%BC%EC%83%9D%ED%99%9C%EC%B2%B4%EC%9C%A1%EA%B4%80,35.2226912,128.6886558",https://map.naver.com/p?lng=128.6886558&lat=35.2226912&zoom=18,114260,CWB379006097,35.222691,128.688656
외동초등학교,창원시성산구,상남동,1,"https://map.kakao.com/link/map/%EC%99%B8%EB%8F%99%EC%B4%88%EB%93%B1%ED%95%99%EA%B5%90,35.2168054,128.6823582",https://map.naver.com/p?lng=128.6823582&lat=35.2168054&zoom=18,220402,CWB379000987,35.216805,128.682358
토월성원아파트,창원시성산구,상남동,1,"https://map.kakao.com/link/map/%ED%86%A0%EC%9B%94%EC%84%B1%EC%9B%90%EC%95%84%ED%8C%8C%ED%8A%B8,35.2171938,128.6939778",https://map.naver.com/p?lng=128.6939778&lat=35.2171938&zoom=18,114264,CWB379006101,35.217194,128.693978
가음정사거리,창원시성산구,성주동,1,"https://map.kakao.com/link/map/%EA%B0%80%EC%9D%8C%EC%A0%95%EC%82%AC%EA%B1%B0%EB%A6%AC,35.2047502,128.6926844",https://map.naver.com/p?lng=128.6926844&lat=35.2047502&zoom=18,218822,CWB379001163,35.20475,128.692684
남산버스정류소,창원시성산구,성주동,1,"https://map.kakao.com/link/map/%EB%82%A8%EC%82%B0%EB%B2%84%EC%8A%A4%EC%A0%95%EB%A5%98%EC%86%8C,35.2021634,128.6971192",https://map.naver.com/p?lng=128.6971192&lat=35.2021634&zoom=18,218824,CWB379001213,35.202163,128.697119
남천삼거리,창원시성산구,성주동,1,"https://map.kakao.com/link/map/%EB%82%A8%EC%B2%9C%EC%82%BC%EA%B1%B0%EB%A6%AC,35.2002389,128.688133",https://map.naver.com/p?lng=128.688133&lat=35.2002389&zoom=18,209311,CWB379001239,35.200239,128.688133
대동한솔마을아파트,창원시성산구,성주동,2,"https://map.kakao.com/link/map/%EB%8C%80%EB%8F%99%ED%95%9C%EC%86%94%EB%A7%88%EC%9D%84%EC%95%84%ED%8C%8C%ED%8A%B8,35.1849194,128.6927812",https://map.naver.com/p?lng=128.6927812&lat=35.1849194&zoom=18,210703,CWB379001379,35.184919,128.692781
대동한솔마을아파트,창원시성산구,성주동,2,"https://map.kakao.com/link/map/%EB%8C%80%EB%8F%99%ED%95%9C%EC%86%94%EB%A7%88%EC%9D%84%EC%95%84%ED%8C%8C%ED%8A%B8,35.1847734,128.6929332",https://map.naver.com/p?lng=128.6929332&lat=35.1847734&zoom=18,210704,CWB379001380,35.184773,128.692933
대방동성아파트,창원시성산구,성주동,1,"https://map.kakao.com/link/map/%EB%8C%80%EB%B0%A9%EB%8F%99%EC%84%B1%EC%95%84%ED%8C%8C%ED%8A%B8,35.2030425,128.7059709",https://map.naver.com/p?lng=128.7059709&lat=35.2030425&zoom=18,218835,CWB379003399,35.203042,128.705971
대우1차아파트,창원시성산구,성주동,1,"https://map.kakao.com/link/map/%EB%8C%80%EC%9A%B01%EC%B0%A8%EC%95%84%ED%8C%8C%ED%8A%B8,35.2008312,128.6995216",https://map.naver.com/p?lng=128.6995216&lat=35.2008312&zoom=18,218826,CWB379001231,35.200831,128.699522
두리교,창원시성산구,성주동,1,"https://map.kakao.com/link/map/%EB%91%90%EB%A6%AC%EA%B5%90,35.1963469,128.6924854",https://map.naver.com/p?lng=128.6924854&lat=35.1963469&zoom=18,209310,CWB379006194,35.196347,128.692485
불모산,창원시성산구,성주동,1,"https://map.kakao.com/link/map/%EB%B6%88%EB%AA%A8%EC%82%B0,35.1907412,128.7249022",https://map.naver.com/p?lng=128.7249022&lat=35.1907412&zoom=18,218829,CWB379002280,35.190741,128.724902
불모산종점,창원시성산구,성주동,2,"https://map.kakao.com/link/map/%EB%B6%88%EB%AA%A8%EC%82%B0%EC%A2%85%EC%A0%90,35.1903086,128.7233157",https://map.naver.com/p?lng=128.7233157&lat=35.1903086&zoom=18,207303,CWB379002066,35.190309,128.723316
불모산종점,창원시성산구,성주동,2,"https://map.kakao.com/link/map/%EB%B6%88%EB%AA%A8%EC%82%B0%EC%A2%85%EC%A0%90,35.1900348,128.7235625",https://map.naver.com/p?lng=128.7235625&lat=35.1900348&zoom=18,207304,CWB379003306,35.190035,128.723563
삼성그린빌,창원시성산구,성주동,2,"https://map.kakao.com/link/map/%EC%82%BC%EC%84%B1%EA%B7%B8%EB%A6%B0%EB%B9%8C,35.1863794,128.6943702",https://map.naver.com/p?lng=128.6943702&lat=35.1863794&zoom=18,210705,CWB379001367,35.186379,128.69437
삼성그린빌,창원시성산구,성주동,2,"https://map.kakao.com/link/map/%EC%82%BC%EC%84%B1%EA%B7%B8%EB%A6%B0%EB%B9%8C,35.1863264,128.6945872",https://map.naver.com/p?lng=128.6945872&lat=35.1863264&zoom=18,210706,CWB379001368,35.186326,128.694587
삼정자내리마을,창원시성산구,성주동,1,"https://map.kakao.com/link/map/%EC%82%BC%EC%A0%95%EC%9E%90%EB%82%B4%EB%A6%AC%EB%A7%88%EC%9D%84,35.194385,128.7139308",https://map.naver.com/p?lng=128.7139308&lat=35.194385&zoom=18,218827,CWB379001301,35.194385,128.713931
삼정자중학교,창원시성산구,성주동,2,"https://map.kakao.com/link/map/%EC%82%BC%EC%A0%95%EC%9E%90%EC%A4%91%ED%95%99%EA%B5%90,35.2022735,128.7129596",https://map.naver.com/p?lng=128.7129596&lat=35.2022735&zoom=18,208201,CWB379002296,35.202274,128.71296
삼정자중학교,창원시성산구,성주동,2,"https://map.kakao.com/link/map/%EC%82%BC%EC%A0%95%EC%9E%90%EC%A4%91%ED%95%99%EA%B5%90,35.2021937,128.7128046",https://map.naver.com/p?lng=128.7128046&lat=35.2021937&zoom=18,208202,CWB379001202,35.202194,128.712805
선돌,창원시성산구,성주동,2,"https://map.kakao.com/link/map/%EC%84%A0%EB%8F%8C,35.1936744,128.6976382",https://map.naver.com/p?lng=128.6976382&lat=35.1936744&zoom=18,209304,CWB379001305,35.193674,128.697638
선돌,창원시성산구,성주동,2,"https://map.kakao.com/link/map/%EC%84%A0%EB%8F%8C,35.1931934,128.6967729",https://map.naver.com/p?lng=128.6967729&lat=35.1931934&zoom=18,209303,CWB379001316,35.193193,128.696773
성산구청,창원시성산구,성주동,4,"https://map.kakao.com/link/map/%EC%84%B1%EC%82%B0%EA%B5%AC%EC%B2%AD,35.1985354,128.7013222",https://map.naver.com/p?lng=128.7013222&lat=35.1985354&zoom=18,209307,CWB379001260,35.198535,128.701322
성산구청,창원시성산구,성주동,4,"https://map.kakao.com/link/map/%EC%84%B1%EC%82%B0%EA%B5%AC%EC%B2%AD,35.1983964,128.7015842",https://map.naver.com/p?lng=128.7015842&lat=35.1983964&zoom=18,209306,CWB379001261,35.198396,128.701584
성산구청,창원시성산구,성주동,4,"https://map.kakao.com/link/map/%EC%84%B1%EC%82%B0%EA%B5%AC%EC%B2%AD,35.1985203,128.7035615",https://map.naver.com/p?lng=128.7035615&lat=35.1985203&zoom=18,218828,CWB379002409,35.19852,128.703562
성산구청,창원시성산구,성주동,4,"https://map.kakao.com/link/map/%EC%84%B1%EC%82%B0%EA%B5%AC%EC%B2%AD,35.1988732,128.7036404",https://map.naver.com/p?lng=128.7036404&lat=35.1988732&zoom=18,218821,CWB379002410,35.198873,128.70364
성주고가도로입구,창원시성산구,성주동,1,"https://map.kakao.com/link/map/%EC%84%B1%EC%A3%BC%EA%B3%A0%EA%B0%80%EB%8F%84%EB%A1%9C%EC%9E%85%EA%B5%AC,35.1958734,128.6990532",https://map.naver.com/p?lng=128.6990532&lat=35.1958734&zoom=18,209305,CWB379001286,35.195873,128.699053
성주동행정복지센터,창원시성산구,성주동,3,"https://map.kakao.com/link/map/%EC%84%B1%EC%A3%BC%EB%8F%99%ED%96%89%EC%A0%95%EB%B3%B5%EC%A7%80%EC%84%BC%ED%84%B0,35.1898155,128.6932875",https://map.naver.com/p?lng=128.6932875&lat=35.1898155&zoom=18,201225,CWB379001338,35.189816,128.693288
성주동행정복지센터,창원시성산구,성주동,3,"https://map.kakao.com/link/map/%EC%84%B1%EC%A3%BC%EB%8F%99%ED%96%89%EC%A0%95%EB%B3%B5%EC%A7%80%EC%84%BC%ED%84%B0,35.1896821,128.6941925",https://map.naver.com/p?lng=128.6941925&lat=35.1896821&zoom=18,209301,CWB379001339,35.189682,128.694193
성주동행정복지센터,창원시성산구,성주동,3,"https://map.kakao.com/link/map/%EC%84%B1%EC%A3%BC%EB%8F%99%ED%96%89%EC%A0%95%EB%B3%B5%EC%A7%80%EC%84%BC%ED%84%B0,35.1883124,128.6944986",https://map.naver.com/p?lng=128.6944986&lat=35.1883124&zoom=18,201226,CWB379001349,35.188312,128.694499
성주사역 환승센터,창원시성산구,성주동,2,"https://map.kakao.com/link/map/%EC%84%B1%EC%A3%BC%EC%82%AC%EC%97%AD%20%ED%99%98%EC%8A%B9%EC%84%BC%ED%84%B0,35.1884413,128.6927824",https://map.naver.com/p?lng=128.6927824&lat=35.1884413&zoom=18,201240,CWB379005460,35.188441,128.692782
성주사역 환승센터,창원시성산구,성주동,2,"https://map.kakao.com/link/map/%EC%84%B1%EC%A3%BC%EC%82%AC%EC%97%AD%20%ED%99%98%EC%8A%B9%EC%84%BC%ED%84%B0,35.1883835,128.6930475",https://map.naver.com/p?lng=128.6930475&lat=35.1883835&zoom=18,201239,CWB379005461,35.188384,128.693048
성주사입구,창원시성산구,성주동,1,"https://map.kakao.com/link/map/%EC%84%B1%EC%A3%BC%EC%82%AC%EC%9E%85%EA%B5%AC,35.1803009,128.7147264",https://map.naver.com/p?lng=128.7147264&lat=35.1803009&zoom=18,209314,CWB379006221,35.180301,128.714726
성주프리빌리지아파트,창원시성산구,성주동,1,"https://map.kakao.com/link/map/%EC%84%B1%EC%A3%BC%ED%94%84%EB%A6%AC%EB%B9%8C%EB%A6%AC%EC%A7%80%EC%95%84%ED%8C%8C%ED%8A%B8,35.2036224,128.7091482",https://map.naver.com/p?lng=128.7091482&lat=35.2036224&zoom=18,203902,CWB379001187,35.203622,128.709148
신우에이스타운,창원시성산구,성주동,2,"https://map.kakao.com/link/map/%EC%8B%A0%EC%9A%B0%EC%97%90%EC%9D%B4%EC%8A%A4%ED%83%80%EC%9A%B4,35.1856365,128.6898419",https://map.naver.com/p?lng=128.6898419&lat=35.1856365&zoom=18,210701,CWB379001374,35.185636,128.689842
신우에이스타운,창원시성산구,성주동,2,"https://map.kakao.com/link/map/%EC%8B%A0%EC%9A%B0%EC%97%90%EC%9D%B4%EC%8A%A4%ED%83%80%EC%9A%B4,35.1855238,128.6896654",https://map.naver.com/p?lng=128.6896654&lat=35.1855238&zoom=18,210702,CWB379001377,35.185524,128.689665
안민교삼거리,창원시성산구,성주동,2,"https://map.kakao.com/link/map/%EC%95%88%EB%AF%BC%EA%B5%90%EC%82%BC%EA%B1%B0%EB%A6%AC,35.1911771,128.695474",https://map.naver.com/p?lng=128.695474&lat=35.1911771&zoom=18,209302,CWB379001326,35.191177,128.695474
안민교삼거리,창원시성산구,성주동,2,"https://map.kakao.com/link/map/%EC%95%88%EB%AF%BC%EA%B5%90%EC%82%BC%EA%B1%B0%EB%A6%AC,35.19129,128.695136",https://map.naver.com/p?lng=128.695136&lat=35.19129&zoom=18,209308,CWB379006192,35.19129,128.695136
안민초등학교,창원시성산구,성주동,2,"https://map.kakao.com/link/map/%EC%95%88%EB%AF%BC%EC%B4%88%EB%93%B1%ED%95%99%EA%B5%90,35.1879418,128.6883782",https://map.naver.com/p?lng=128.6883782&lat=35.1879418&zoom=18,210801,CWB379001357,35.187942,128.688378
안민초등학교,창원시성산구,성주동,2,"https://map.kakao.com/link/map/%EC%95%88%EB%AF%BC%EC%B4%88%EB%93%B1%ED%95%99%EA%B5%90,35.1878369,128.6883047",https://map.naver.com/p?lng=128.6883047&lat=35.1878369&zoom=18,210802,CWB379001358,35.187837,128.688305
안민터널사거리,창원시성산구,성주동,3,"https://map.kakao.com/link/map/%EC%95%88%EB%AF%BC%ED%84%B0%EB%84%90%EC%82%AC%EA%B1%B0%EB%A6%AC,35.1838696,128.7026354",https://map.naver.com/p?lng=128.7026354&lat=35.1838696&zoom=18,201236,CWB379003494,35.18387,128.702635
안민터널사거리,창원시성산구,성주동,3,"https://map.kakao.com/link/map/%EC%95%88%EB%AF%BC%ED%84%B0%EB%84%90%EC%82%AC%EA%B1%B0%EB%A6%AC,35.1841044,128.7024047",https://map.naver.com/p?lng=128.7024047&lat=35.1841044&zoom=18,201237,CWB379005392,35.184104,128.702405
안민터널사거리,창원시성산구,성주동,3,"https://map.kakao.com/link/map/%EC%95%88%EB%AF%BC%ED%84%B0%EB%84%90%EC%82%AC%EA%B1%B0%EB%A6%AC,35.1847282,128.7041905",https://map.naver.com/p?lng=128.7041905&lat=35.1847282&zoom=18,201238,CWB379005447,35.184728,128.704191
유니온빌리지,창원시성산구,성주동,2,"https://map.kakao.com/link/map/%EC%9C%A0%EB%8B%88%EC%98%A8%EB%B9%8C%EB%A6%AC%EC%A7%80,35.1981305,128.7143041",https://map.naver.com/p?lng=128.7143041&lat=35.1981305&zoom=18,208003,CWB379002800,35.19813,128.714304
유니온빌리지,창원시성산구,성주동,2,"https://map.kakao.com/link/map/%EC%9C%A0%EB%8B%88%EC%98%A8%EB%B9%8C%EB%A6%AC%EC%A7%80,35.1979262,128.7150985",https://map.naver.com/p?lng=128.7150985&lat=35.1979262&zoom=18,208004,CWB379002801,35.197926,128.715099
정동로,창원시성산구,성주동,1,"https://map.kakao.com/link/map/%EC%A0%95%EB%8F%99%EB%A1%9C,35.2030151,128.6899666",https://map.naver.com/p?lng=128.6899666&lat=35.2030151&zoom=18,209312,CWB379006195,35.203015,128.689967
창원경상대병원동문,창원시성산구,성주동,2,"https://map.kakao.com/link/map/%EC%B0%BD%EC%9B%90%EA%B2%BD%EC%83%81%EB%8C%80%EB%B3%91%EC%9B%90%EB%8F%99%EB%AC%B8,35.1996408,128.7089206",https://map.naver.com/p?lng=128.7089206&lat=35.1996408&zoom=18,208005,CWB379003271,35.199641,128.708921
창원경상대병원동문,창원시성산구,성주동,2,"https://map.kakao.com/link/map/%EC%B0%BD%EC%9B%90%EA%B2%BD%EC%83%81%EB%8C%80%EB%B3%91%EC%9B%90%EB%8F%99%EB%AC%B8,35.1997297,128.7087205",https://map.naver.com/p?lng=128.7087205&lat=35.1997297&zoom=18,208006,CWB379003272,35.19973,128.70872
창원경상대병원정문,창원시성산구,성주동,1,"https://map.kakao.com/link/map/%EC%B0%BD%EC%9B%90%EA%B2%BD%EC%83%81%EB%8C%80%EB%B3%91%EC%9B%90%EC%A0%95%EB%AC%B8,35.1979988,128.7078576",https://map.naver.com/p?lng=128.7078576&lat=35.1979988&zoom=18,218836,CWB379003501,35.197999,128.707858
창원경상대병원종점(215),창원시성산구,성주동,1,"https://map.kakao.com/link/map/%EC%B0%BD%EC%9B%90%EA%B2%BD%EC%83%81%EB%8C%80%EB%B3%91%EC%9B%90%EC%A2%85%EC%A0%90%28215%29,35.198678,128.707142",https://map.naver.com/p?lng=128.707142&lat=35.198678&zoom=18,218837,CWB379005789,35.198678,128.707142
창원경상대학병원,창원시성산구,성주동,1,"https://map.kakao.com/link/map/%EC%B0%BD%EC%9B%90%EA%B2%BD%EC%83%81%EB%8C%80%ED%95%99%EB%B3%91%EC%9B%90,35.1968107,128.7073607",https://map.naver.com/p?lng=128.7073607&lat=35.1968107&zoom=18,218823,CWB379001276,35.196811,128.707361
천선일반산업단지,창원시성산구,성주동,2,"https://map.kakao.com/link/map/%EC%B2%9C%EC%84%A0%EC%9D%BC%EB%B0%98%EC%82%B0%EC%97%85%EB%8B%A8%EC%A7%80,35.1872891,128.7061829",https://map.naver.com/p?lng=128.7061829&lat=35.1872891&zoom=18,201235,CWB379003406,35.187289,128.706183
천선일반산업단지,창원시성산구,성주동,2,"https://map.kakao.com/link/map/%EC%B2%9C%EC%84%A0%EC%9D%BC%EB%B0%98%EC%82%B0%EC%97%85%EB%8B%A8%EC%A7%80,35.1854387,128.7074904",https://map.naver.com/p?lng=128.7074904&lat=35.1854387&zoom=18,209313,CWB379006220,35.185439,128.70749
청솔아파트종점,창원시성산구,성주동,2,"https://map.kakao.com/link/map/%EC%B2%AD%EC%86%94%EC%95%84%ED%8C%8C%ED%8A%B8%EC%A2%85%EC%A0%90,35.1877027,128.688881",https://map.naver.com/p?lng=128.688881&lat=35.1877027&zoom=18,210803,CWB379001361,35.187703,128.688881
청솔아파트종점,창원시성산구,성주동,2,"https://map.kakao.com/link/map/%EC%B2%AD%EC%86%94%EC%95%84%ED%8C%8C%ED%8A%B8%EC%A2%85%EC%A0%90,35.1874511,128.6891502",https://map.naver.com/p?lng=128.6891502&lat=35.1874511&zoom=18,210804,CWB379001363,35.187451,128.68915
태화교,창원시성산구,성주동,1,"https://map.kakao.com/link/map/%ED%83%9C%ED%99%94%EA%B5%90,35.1935483,128.6937941",https://map.naver.com/p?lng=128.6937941&lat=35.1935483&zoom=18,209309,CWB379006193,35.193548,128.693794
풍산산업,창원시성산구,성주동,2,"https://map.kakao.com/link/map/%ED%92%8D%EC%82%B0%EC%82%B0%EC%97%85,35.1926074,128.6884351",https://map.naver.com/p?lng=128.6884351&lat=35.1926074&zoom=18,201223,CWB379001317,35.192607,128.688435
풍산산업,창원시성산구,성주동,2,"https://map.kakao.com/link/map/%ED%92%8D%EC%82%B0%EC%82%B0%EC%97%85,35.1921834,128.6886462",https://map.naver.com/p?lng=128.6886462&lat=35.1921834&zoom=18,201224,CWB379001318,35.192183,128.688646
프리빌리지2차아파트,창원시성산구,성주동,2,"https://map.kakao.com/link/map/%ED%94%84%EB%A6%AC%EB%B9%8C%EB%A6%AC%EC%A7%802%EC%B0%A8%EC%95%84%ED%8C%8C%ED%8A%B8,35.1953853,128.716471",https://map.naver.com/p?lng=128.716471&lat=35.1953853&zoom=18,218901,CWB379002802,35.195385,128.716471
프리빌리지2차아파트,창원시성산구,성주동,2,"https://map.kakao.com/link/map/%ED%94%84%EB%A6%AC%EB%B9%8C%EB%A6%AC%EC%A7%802%EC%B0%A8%EC%95%84%ED%8C%8C%ED%8A%B8,35.1952929,128.7165975",https://map.naver.com/p?lng=128.7165975&lat=35.1952929&zoom=18,218902,CWB379002803,35.195293,128.716598
한국전기연구원,창원시성산구,성주동,2,"https://map.kakao.com/link/map/%ED%95%9C%EA%B5%AD%EC%A0%84%EA%B8%B0%EC%97%B0%EA%B5%AC%EC%9B%90,35.1919174,128.7194103",https://map.naver.com/p?lng=128.7194103&lat=35.1919174&zoom=18,207301,CWB379001321,35.191917,128.71941
한국전기연구원,창원시성산구,성주동,2,"https://map.kakao.com/link/map/%ED%95%9C%EA%B5%AD%EC%A0%84%EA%B8%B0%EC%97%B0%EA%B5%AC%EC%9B%90,35.1919672,128.7195414",https://map.naver.com/p?lng=128.7195414&lat=35.1919672&zoom=18,207302,CWB379001322,35.191967,128.719541
한국지엠.창원경상대학병원,창원시성산구,성주동,1,"https://map.kakao.com/link/map/%ED%95%9C%EA%B5%AD%EC%A7%80%EC%97%A0.%EC%B0%BD%EC%9B%90%EA%B2%BD%EC%83%81%EB%8C%80%ED%95%99%EB%B3%91%EC%9B%90,35.1965869,128.7069497",https://map.naver.com/p?lng=128.7069497&lat=35.1965869&zoom=18,218830,CWB379001279,35.196587,128.70695
한림푸르지오,창원시성산구,성주동,2,"https://map.kakao.com/link/map/%ED%95%9C%EB%A6%BC%ED%91%B8%EB%A5%B4%EC%A7%80%EC%98%A4,35.2017211,128.7083035",https://map.naver.com/p?lng=128.7083035&lat=35.2017211&zoom=18,212501,CWB379002305,35.201721,128.708304
한림푸르지오,창원시성산구,성주동,2,"https://map.kakao.com/link/map/%ED%95%9C%EB%A6%BC%ED%91%B8%EB%A5%B4%EC%A7%80%EC%98%A4,35.2017233,128.7081493",https://map.naver.com/p?lng=128.7081493&lat=35.2017233&zoom=18,212502,CWB379002306,35.201723,128.708149
한화에어로스페이스 창원1사업장,창원시성산구,성주동,1,"https://map.kakao.com/link/map/%ED%95%9C%ED%99%94%EC%97%90%EC%96%B4%EB%A1%9C%EC%8A%A4%ED%8E%98%EC%9D%B4%EC%8A%A4%20%EC%B0%BD%EC%9B%901%EC%82%AC%EC%97%85%EC%9E%A5,35.1937651,128.7149833",https://map.naver.com/p?lng=128.7149833&lat=35.1937651&zoom=18,218832,CWB379001302,35.193765,128.714983
한화에어로스페이스 창원2사업장,창원시성산구,성주동,2,"https://map.kakao.com/link/map/%ED%95%9C%ED%99%94%EC%97%90%EC%96%B4%EB%A1%9C%EC%8A%A4%ED%8E%98%EC%9D%B4%EC%8A%A4%20%EC%B0%BD%EC%9B%902%EC%82%AC%EC%97%85%EC%9E%A5,35.1852408,128.6986182",https://map.naver.com/p?lng=128.6986182&lat=35.1852408&zoom=18,201227,CWB379001372,35.185241,128.698618
한화에어로스페이스 창원2사업장,창원시성산구,성주동,2,"https://map.kakao.com/link/map/%ED%95%9C%ED%99%94%EC%97%90%EC%96%B4%EB%A1%9C%EC%8A%A4%ED%8E%98%EC%9D%B4%EC%8A%A4%20%EC%B0%BD%EC%9B%902%EC%82%AC%EC%97%85%EC%9E%A5,35.185076,128.6986308",https://map.naver.com/p?lng=128.6986308&lat=35.185076&zoom=18,201228,CWB379001378,35.185076,128.698631
경남도청/국가데이터처,창원시성산구,용지동,1,"https://map.kakao.com/link/map/%EA%B2%BD%EB%82%A8%EB%8F%84%EC%B2%AD%2F%EA%B5%AD%EA%B0%80%EB%8D%B0%EC%9D%B4%ED%84%B0%EC%B2%98,35.2353687,128.6917497",https://map.naver.com/p?lng=128.6917497&lat=35.2353687&zoom=18,119128,CWB379000705,35.235369,128.69175
도청사거리,창원시성산구,용지동,1,"https://map.kakao.com/link/map/%EB%8F%84%EC%B2%AD%EC%82%AC%EA%B1%B0%EB%A6%AC,35.237712,128.6877522",https://map.naver.com/p?lng=128.6877522&lat=35.237712&zoom=18,119126,CWB379000667,35.237712,128.687752
롯데아파트,창원시성산구,용지동,2,"https://map.kakao.com/link/map/%EB%A1%AF%EB%8D%B0%EC%95%84%ED%8C%8C%ED%8A%B8,35.2341319,128.6857184",https://map.naver.com/p?lng=128.6857184&lat=35.2341319&zoom=18,113303,CWB379000722,35.234132,128.685718
롯데아파트,창원시성산구,용지동,2,"https://map.kakao.com/link/map/%EB%A1%AF%EB%8D%B0%EC%95%84%ED%8C%8C%ED%8A%B8,35.2333791,128.6853267",https://map.naver.com/p?lng=128.6853267&lat=35.2333791&zoom=18,113304,CWB379000738,35.233379,128.685327
병무청,창원시성산구,용지동,2,"https://map.kakao.com/link/map/%EB%B3%91%EB%AC%B4%EC%B2%AD,35.2340458,128.691609",https://map.naver.com/p?lng=128.691609&lat=35.2340458&zoom=18,108905,CWB379000727,35.234046,128.691609
병무청,창원시성산구,용지동,2,"https://map.kakao.com/link/map/%EB%B3%91%EB%AC%B4%EC%B2%AD,35.2336865,128.6915618",https://map.naver.com/p?lng=128.6915618&lat=35.2336865&zoom=18,108906,CWB379000730,35.233686,128.691562
불지사,창원시성산구,용지동,1,"https://map.kakao.com/link/map/%EB%B6%88%EC%A7%80%EC%82%AC,35.2270956,128.6869019",https://map.naver.com/p?lng=128.6869019&lat=35.2270956&zoom=18,110001,CWB379000831,35.227096,128.686902
사림민원센터,창원시성산구,용지동,1,"https://map.kakao.com/link/map/%EC%82%AC%EB%A6%BC%EB%AF%BC%EC%9B%90%EC%84%BC%ED%84%B0,35.2413285,128.6815527",https://map.naver.com/p?lng=128.6815527&lat=35.2413285&zoom=18,630019,CWB379000627,35.241328,128.681553
상남시장(은아아파트),창원시성산구,용지동,1,"https://map.kakao.com/link/map/%EC%83%81%EB%82%A8%EC%8B%9C%EC%9E%A5%28%EC%9D%80%EC%95%84%EC%95%84%ED%8C%8C%ED%8A%B8%29,35.2250582,128.6846823",https://map.naver.com/p?lng=128.6846823&lat=35.2250582&zoom=18,114259,CWB379006096,35.225058,128.684682
성산아트홀,창원시성산구,용지동,2,"https://map.kakao.com/link/map/%EC%84%B1%EC%82%B0%EC%95%84%ED%8A%B8%ED%99%80,35.2295819,128.6820879",https://map.naver.com/p?lng=128.6820879&lat=35.2295819&zoom=18,113302,CWB379000792,35.229582,128.682088
성산아트홀,창원시성산구,용지동,2,"https://map.kakao.com/link/map/%EC%84%B1%EC%82%B0%EC%95%84%ED%8A%B8%ED%99%80,35.2292556,128.6815668",https://map.naver.com/p?lng=128.6815668&lat=35.2292556&zoom=18,113301,CWB379000802,35.229256,128.681567
시민생활체육관,창원시성산구,용지동,1,"https://map.kakao.com/link/map/%EC%8B%9C%EB%AF%BC%EC%83%9D%ED%99%9C%EC%B2%B4%EC%9C%A1%EA%B4%80,35.2223096,128.6895237",https://map.naver.com/p?lng=128.6895237&lat=35.2223096&zoom=18,114261,CWB379006098,35.22231,128.689524
시청정문,창원시성산구,용지동,1,"https://map.kakao.com/link/map/%EC%8B%9C%EC%B2%AD%EC%A0%95%EB%AC%B8,35.2275036,128.682374",https://map.naver.com/p?lng=128.682374&lat=35.2275036&zoom=18,117301,CWB379000835,35.227504,128.682374
신월동,창원시성산구,용지동,2,"https://map.kakao.com/link/map/%EC%8B%A0%EC%9B%94%EB%8F%99,35.2256598,128.6957282",https://map.naver.com/p?lng=128.6957282&lat=35.2256598&zoom=18,110104,CWB379000846,35.22566,128.695728
신월동,창원시성산구,용지동,2,"https://map.kakao.com/link/map/%EC%8B%A0%EC%9B%94%EB%8F%99,35.2257166,128.6959559",https://map.naver.com/p?lng=128.6959559&lat=35.2257166&zoom=18,110105,CWB379000847,35.225717,128.695956
신월민원센터,창원시성산구,용지동,2,"https://map.kakao.com/link/map/%EC%8B%A0%EC%9B%94%EB%AF%BC%EC%9B%90%EC%84%BC%ED%84%B0,35.2281842,128.6923059",https://map.naver.com/p?lng=128.6923059&lat=35.2281842&zoom=18,110102,CWB379000815,35.228184,128.692306
신월민원센터,창원시성산구,용지동,2,"https://map.kakao.com/link/map/%EC%8B%A0%EC%9B%94%EB%AF%BC%EC%9B%90%EC%84%BC%ED%84%B0,35.2279864,128.6927662",https://map.naver.com/p?lng=128.6927662&lat=35.2279864&zoom=18,110103,CWB379000816,35.227986,128.692766
신월아파트,창원시성산구,용지동,2,"https://map.kakao.com/link/map/%EC%8B%A0%EC%9B%94%EC%95%84%ED%8C%8C%ED%8A%B8,35.2255134,128.6896722",https://map.naver.com/p?lng=128.6896722&lat=35.2255134&zoom=18,110003,CWB379000849,35.225513,128.689672
신월아파트,창원시성산구,용지동,2,"https://map.kakao.com/link/map/%EC%8B%A0%EC%9B%94%EC%95%84%ED%8C%8C%ED%8A%B8,35.2252424,128.6897532",https://map.naver.com/p?lng=128.6897532&lat=35.2252424&zoom=18,110004,CWB379000850,35.225242,128.689753
신월주공아파트,창원시성산구,용지동,2,"https://map.kakao.com/link/map/%EC%8B%A0%EC%9B%94%EC%A3%BC%EA%B3%B5%EC%95%84%ED%8C%8C%ED%8A%B8,35.2243641,128.6916955",https://map.naver.com/p?lng=128.6916955&lat=35.2243641&zoom=18,110005,CWB379000860,35.224364,128.691696
신월주공아파트,창원시성산구,용지동,2,"https://map.kakao.com/link/map/%EC%8B%A0%EC%9B%94%EC%A3%BC%EA%B3%B5%EC%95%84%ED%8C%8C%ED%8A%B8,35.2239214,128.6920842",https://map.naver.com/p?lng=128.6920842&lat=35.2239214&zoom=18,110006,CWB379000865,35.223921,128.692084
어울림어린이공원,창원시성산구,용지동,1,"https://map.kakao.com/link/map/%EC%96%B4%EC%9A%B8%EB%A6%BC%EC%96%B4%EB%A6%B0%EC%9D%B4%EA%B3%B5%EC%9B%90,35.2389889,128.6859673",https://map.naver.com/p?lng=128.6859673&lat=35.2389889&zoom=18,119124,CWB379001956,35.238989,128.685967
용호어린이공원,창원시성산구,용지동,1,"https://map.kakao.com/link/map/%EC%9A%A9%ED%98%B8%EC%96%B4%EB%A6%B0%EC%9D%B4%EA%B3%B5%EC%9B%90,35.2404503,128.6839104",https://map.naver.com/p?lng=128.6839104&lat=35.2404503&zoom=18,119123,CWB379000636,35.24045,128.68391
은아아파트후문,창원시성산구,용지동,1,"https://map.kakao.com/link/map/%EC%9D%80%EC%95%84%EC%95%84%ED%8C%8C%ED%8A%B8%ED%9B%84%EB%AC%B8,35.2270783,128.6865519",https://map.naver.com/p?lng=128.6865519&lat=35.2270783&zoom=18,110002,CWB379000830,35.227078,128.686552
일동아파트,창원시성산구,용지동,1,"https://map.kakao.com/link/map/%EC%9D%BC%EB%8F%99%EC%95%84%ED%8C%8C%ED%8A%B8,35.2369455,128.6777065",https://map.naver.com/p?lng=128.6777065&lat=35.2369455&zoom=18,106511,CWB379000680,35.236946,128.677706
조달청,창원시성산구,용지동,1,"https://map.kakao.com/link/map/%EC%A1%B0%EB%8B%AC%EC%B2%AD,35.231488,128.6896867",https://map.naver.com/p?lng=128.6896867&lat=35.231488&zoom=18,108904,CWB379000759,35.231488,128.689687
창원시립테니스장입구,창원시성산구,용지동,2,"https://map.kakao.com/link/map/%EC%B0%BD%EC%9B%90%EC%8B%9C%EB%A6%BD%ED%85%8C%EB%8B%88%EC%8A%A4%EC%9E%A5%EC%9E%85%EA%B5%AC,35.2289116,128.6963808",https://map.naver.com/p?lng=128.6963808&lat=35.2289116&zoom=18,219101,CWB379000806,35.228912,128.696381
창원시립테니스장입구,창원시성산구,용지동,2,"https://map.kakao.com/link/map/%EC%B0%BD%EC%9B%90%EC%8B%9C%EB%A6%BD%ED%85%8C%EB%8B%88%EC%8A%A4%EC%9E%A5%EC%9E%85%EA%B5%AC,35.2285424,128.6962522",https://map.naver.com/p?lng=128.6962522&lat=35.2285424&zoom=18,119132,CWB379000811,35.228542,128.696252
창원시청(정우상가),창원시성산구,용지동,1,"https://map.kakao.com/link/map/%EC%B0%BD%EC%9B%90%EC%8B%9C%EC%B2%AD%28%EC%A0%95%EC%9A%B0%EC%83%81%EA%B0%80%29,35.2283537,128.6788991",https://map.naver.com/p?lng=128.6788991&lat=35.2283537&zoom=18,114257,CWB379006094,35.228354,128.678899
창원중부경찰서,창원시성산구,용지동,2,"https://map.kakao.com/link/map/%EC%B0%BD%EC%9B%90%EC%A4%91%EB%B6%80%EA%B2%BD%EC%B0%B0%EC%84%9C,35.2277042,128.6862128",https://map.naver.com/p?lng=128.6862128&lat=35.2277042&zoom=18,108901,CWB379000819,35.227704,128.686213
창원중부경찰서,창원시성산구,용지동,2,"https://map.kakao.com/link/map/%EC%B0%BD%EC%9B%90%EC%A4%91%EB%B6%80%EA%B2%BD%EC%B0%B0%EC%84%9C,35.227783,128.6865323",https://map.naver.com/p?lng=128.6865323&lat=35.227783&zoom=18,108902,CWB379000820,35.227783,128.686532
창원중앙고등학교,창원시성산구,용지동,1,"https://map.kakao.com/link/map/%EC%B0%BD%EC%9B%90%EC%A4%91%EC%95%99%EA%B3%A0%EB%93%B1%ED%95%99%EA%B5%90,35.2299507,128.6761669",https://map.naver.com/p?lng=128.6761669&lat=35.2299507&zoom=18,114255,CWB379006092,35.229951,128.676167
토월체육공원,창원시성산구,용지동,1,"https://map.kakao.com/link/map/%ED%86%A0%EC%9B%94%EC%B2%B4%EC%9C%A1%EA%B3%B5%EC%9B%90,35.231431,128.6947599",https://map.naver.com/p?lng=128.6947599&lat=35.231431&zoom=18,119130,CWB379000761,35.231431,128.69476
한국농어촌공사경남지역본부,창원시성산구,용지동,2,"https://map.kakao.com/link/map/%ED%95%9C%EA%B5%AD%EB%86%8D%EC%96%B4%EC%B4%8C%EA%B3%B5%EC%82%AC%EA%B2%BD%EB%82%A8%EC%A7%80%EC%97%AD%EB%B3%B8%EB%B6%80,35.2367413,128.6879168",https://map.naver.com/p?lng=128.6879168&lat=35.2367413&zoom=18,113305,CWB379000679,35.236741,128.687917
한국농어촌공사경남지역본부,창원시성산구,용지동,2,"https://map.kakao.com/link/map/%ED%95%9C%EA%B5%AD%EB%86%8D%EC%96%B4%EC%B4%8C%EA%B3%B5%EC%82%AC%EA%B2%BD%EB%82%A8%EC%A7%80%EC%97%AD%EB%B3%B8%EB%B6%80,35.2365364,128.6880188",https://map.naver.com/p?lng=128.6880188&lat=35.2365364&zoom=18,113306,CWB379000682,35.236536,128.688019
한국전력공사,창원시성산구,용지동,2,"https://map.kakao.com/link/map/%ED%95%9C%EA%B5%AD%EC%A0%84%EB%A0%A5%EA%B3%B5%EC%82%AC,35.2310456,128.6890436",https://map.naver.com/p?lng=128.6890436&lat=35.2310456&zoom=18,108903,CWB379000766,35.231046,128.689044
한국전력공사,창원시성산구,용지동,2,"https://map.kakao.com/link/map/%ED%95%9C%EA%B5%AD%EC%A0%84%EB%A0%A5%EA%B3%B5%EC%82%AC,35.2307158,128.6898487",https://map.naver.com/p?lng=128.6898487&lat=35.2307158&zoom=18,110101,CWB379000769,35.230716,128.689849
갯마을,창원시성산구,웅남동,2,"https://map.kakao.com/link/map/%EA%B0%AF%EB%A7%88%EC%9D%84,35.1640382,128.6082435",https://map.naver.com/p?lng=128.6082435&lat=35.1640382&zoom=18,207804,CWB379001473,35.164038,128.608243
갯마을,창원시성산구,웅남동,2,"https://map.kakao.com/link/map/%EA%B0%AF%EB%A7%88%EC%9D%84,35.1638924,128.6081833",https://map.naver.com/p?lng=128.6081833&lat=35.1638924&zoom=18,207803,CWB379001474,35.163892,128.608183
갯마을입구,창원시성산구,웅남동,2,"https://map.kakao.com/link/map/%EA%B0%AF%EB%A7%88%EC%9D%84%EC%9E%85%EA%B5%AC,35.1623731,128.6032168",https://map.naver.com/p?lng=128.6032168&lat=35.1623731&zoom=18,207806,CWB379001478,35.162373,128.603217
갯마을입구,창원시성산구,웅남동,2,"https://map.kakao.com/link/map/%EA%B0%AF%EB%A7%88%EC%9D%84%EC%9E%85%EA%B5%AC,35.1619774,128.6033248",https://map.naver.com/p?lng=128.6033248&lat=35.1619774&zoom=18,207805,CWB379001479,35.161977,128.603325
경남스틸,창원시성산구,웅남동,1,"https://map.kakao.com/link/map/%EA%B2%BD%EB%82%A8%EC%8A%A4%ED%8B%B8,35.2068251,128.6551298",https://map.naver.com/p?lng=128.6551298&lat=35.2068251&zoom=18,211602,CWB379002222,35.206825,128.65513
고려기업,창원시성산구,웅남동,1,"https://map.kakao.com/link/map/%EA%B3%A0%EB%A0%A4%EA%B8%B0%EC%97%85,35.208547,128.6348363",https://map.naver.com/p?lng=128.6348363&lat=35.208547&zoom=18,201231,CWB379003198,35.208547,128.634836
관음사입구,창원시성산구,웅남동,2,"https://map.kakao.com/link/map/%EA%B4%80%EC%9D%8C%EC%82%AC%EC%9E%85%EA%B5%AC,35.1878705,128.6376648",https://map.naver.com/p?lng=128.6376648&lat=35.1878705&zoom=18,518101,CWB379001360,35.18787,128.637665
관음사입구,창원시성산구,웅남동,2,"https://map.kakao.com/link/map/%EA%B4%80%EC%9D%8C%EC%82%AC%EC%9E%85%EA%B5%AC,35.1878122,128.6374688",https://map.naver.com/p?lng=128.6374688&lat=35.1878122&zoom=18,518102,CWB379001364,35.187812,128.637469
귀산,창원시성산구,웅남동,2,"https://map.kakao.com/link/map/%EA%B7%80%EC%82%B0,35.1636348,128.6130527",https://map.naver.com/p?lng=128.6130527&lat=35.1636348&zoom=18,202303,CWB379001475,35.163635,128.613053
귀산,창원시성산구,웅남동,2,"https://map.kakao.com/link/map/%EA%B7%80%EC%82%B0,35.1636279,128.6131945",https://map.naver.com/p?lng=128.6131945&lat=35.1636279&zoom=18,216003,CWB379003181,35.163628,128.613194
남창원역,창원시성산구,웅남동,4,"https://map.kakao.com/link/map/%EB%82%A8%EC%B0%BD%EC%9B%90%EC%97%AD,35.2090387,128.6643827",https://map.naver.com/p?lng=128.6643827&lat=35.2090387&zoom=18,212201,CWB379001124,35.209039,128.664383
남창원역,창원시성산구,웅남동,4,"https://map.kakao.com/link/map/%EB%82%A8%EC%B0%BD%EC%9B%90%EC%97%AD,35.2075524,128.6633832",https://map.naver.com/p?lng=128.6633832&lat=35.2075524&zoom=18,212202,CWB379001129,35.207552,128.663383
남창원역,창원시성산구,웅남동,4,"https://map.kakao.com/link/map/%EB%82%A8%EC%B0%BD%EC%9B%90%EC%97%AD,35.2074831,128.6624191",https://map.naver.com/p?lng=128.6624191&lat=35.2074831&zoom=18,201215,CWB379001137,35.207483,128.662419
남창원역,창원시성산구,웅남동,4,"https://map.kakao.com/link/map/%EB%82%A8%EC%B0%BD%EC%9B%90%EC%97%AD,35.2067215,128.6632084",https://map.naver.com/p?lng=128.6632084&lat=35.2067215&zoom=18,201216,CWB379001140,35.206722,128.663208
대동정밀,창원시성산구,웅남동,1,"https://map.kakao.com/link/map/%EB%8C%80%EB%8F%99%EC%A0%95%EB%B0%80,35.2117114,128.6437632",https://map.naver.com/p?lng=128.6437632&lat=35.2117114&zoom=18,214610,CWB379002204,35.211711,128.643763
대림자동차,창원시성산구,웅남동,2,"https://map.kakao.com/link/map/%EB%8C%80%EB%A6%BC%EC%9E%90%EB%8F%99%EC%B0%A8,35.195965,128.682546",https://map.naver.com/p?lng=128.682546&lat=35.195965&zoom=18,201221,CWB379001287,35.195965,128.682546
대림자동차,창원시성산구,웅남동,2,"https://map.kakao.com/link/map/%EB%8C%80%EB%A6%BC%EC%9E%90%EB%8F%99%EC%B0%A8,35.1957757,128.6825486",https://map.naver.com/p?lng=128.6825486&lat=35.1957757&zoom=18,201222,CWB379001290,35.195776,128.682549
대영정공,창원시성산구,웅남동,1,"https://map.kakao.com/link/map/%EB%8C%80%EC%98%81%EC%A0%95%EA%B3%B5,35.2064205,128.6526414",https://map.naver.com/p?lng=128.6526414&lat=35.2064205&zoom=18,218703,CWB379002206,35.20642,128.652641
대원기전,창원시성산구,웅남동,1,"https://map.kakao.com/link/map/%EB%8C%80%EC%9B%90%EA%B8%B0%EC%A0%84,35.208878,128.6417999",https://map.naver.com/p?lng=128.6417999&lat=35.208878&zoom=18,214608,CWB379002201,35.208878,128.6418
두산에너빌리티,창원시성산구,웅남동,2,"https://map.kakao.com/link/map/%EB%91%90%EC%82%B0%EC%97%90%EB%84%88%EB%B9%8C%EB%A6%AC%ED%8B%B0,35.1847656,128.5966501",https://map.naver.com/p?lng=128.5966501&lat=35.1847656&zoom=18,216102,CWB379001384,35.184766,128.59665
두산에너빌리티,창원시성산구,웅남동,2,"https://map.kakao.com/link/map/%EB%91%90%EC%82%B0%EC%97%90%EB%84%88%EB%B9%8C%EB%A6%AC%ED%8B%B0,35.1847177,128.5965202",https://map.naver.com/p?lng=128.5965202&lat=35.1847177&zoom=18,216103,CWB379001391,35.184718,128.59652
두산에너빌리티부두,창원시성산구,웅남동,2,"https://map.kakao.com/link/map/%EB%91%90%EC%82%B0%EC%97%90%EB%84%88%EB%B9%8C%EB%A6%AC%ED%8B%B0%EB%B6%80%EB%91%90,35.1794927,128.5963521",https://map.naver.com/p?lng=128.5963521&lat=35.1794927&zoom=18,216101,CWB379001412,35.179493,128.596352
두산에너빌리티부두,창원시성산구,웅남동,2,"https://map.kakao.com/link/map/%EB%91%90%EC%82%B0%EC%97%90%EB%84%88%EB%B9%8C%EB%A6%AC%ED%8B%B0%EB%B6%80%EB%91%90,35.1793384,128.5964397",https://map.naver.com/p?lng=128.5964397&lat=35.1793384&zoom=18,216004,CWB379003185,35.179338,128.59644
두산에너빌리티입구,창원시성산구,웅남동,2,"https://map.kakao.com/link/map/%EB%91%90%EC%82%B0%EC%97%90%EB%84%88%EB%B9%8C%EB%A6%AC%ED%8B%B0%EC%9E%85%EA%B5%AC,35.1878847,128.5967523",https://map.naver.com/p?lng=128.5967523&lat=35.1878847&zoom=18,216001,CWB379003179,35.187885,128.596752
두산에너빌리티입구,창원시성산구,웅남동,2,"https://map.kakao.com/link/map/%EB%91%90%EC%82%B0%EC%97%90%EB%84%88%EB%B9%8C%EB%A6%AC%ED%8B%B0%EC%9E%85%EA%B5%AC,35.1871184,128.5966056",https://map.naver.com/p?lng=128.5966056&lat=35.1871184&zoom=18,216002,CWB379003180,35.187118,128.596606
마창대교,창원시성산구,웅남동,2,"https://map.kakao.com/link/map/%EB%A7%88%EC%B0%BD%EB%8C%80%EA%B5%90,35.1646081,128.5999369",https://map.naver.com/p?lng=128.5999369&lat=35.1646081&zoom=18,207813,CWB379003258,35.164608,128.599937
마창대교,창원시성산구,웅남동,2,"https://map.kakao.com/link/map/%EB%A7%88%EC%B0%BD%EB%8C%80%EA%B5%90,35.1646405,128.6000771",https://map.naver.com/p?lng=128.6000771&lat=35.1646405&zoom=18,207814,CWB379003259,35.16464,128.600077
목장입구,창원시성산구,웅남동,2,"https://map.kakao.com/link/map/%EB%AA%A9%EC%9E%A5%EC%9E%85%EA%B5%AC,35.1795914,128.6426262",https://map.naver.com/p?lng=128.6426262&lat=35.1795914&zoom=18,518104,CWB379001405,35.179591,128.642626
목장입구,창원시성산구,웅남동,2,"https://map.kakao.com/link/map/%EB%AA%A9%EC%9E%A5%EC%9E%85%EA%B5%AC,35.179932,128.6426833",https://map.naver.com/p?lng=128.6426833&lat=35.179932&zoom=18,518103,CWB379002909,35.179932,128.642683
미래기전,창원시성산구,웅남동,1,"https://map.kakao.com/link/map/%EB%AF%B8%EB%9E%98%EA%B8%B0%EC%A0%84,35.2077747,128.6560212",https://map.naver.com/p?lng=128.6560212&lat=35.2077747&zoom=18,211605,CWB379002210,35.207775,128.656021
반월길,창원시성산구,웅남동,1,"https://map.kakao.com/link/map/%EB%B0%98%EC%9B%94%EA%B8%B8,35.2060241,128.6356169",https://map.naver.com/p?lng=128.6356169&lat=35.2060241&zoom=18,201229,CWB379003196,35.206024,128.635617
산업기계제조지원센터,창원시성산구,웅남동,2,"https://map.kakao.com/link/map/%EC%82%B0%EC%97%85%EA%B8%B0%EA%B3%84%EC%A0%9C%EC%A1%B0%EC%A7%80%EC%9B%90%EC%84%BC%ED%84%B0,35.1984984,128.6642171",https://map.naver.com/p?lng=128.6642171&lat=35.1984984&zoom=18,201246,CWB379006216,35.198498,128.664217
산업기계제조지원센터,창원시성산구,웅남동,2,"https://map.kakao.com/link/map/%EC%82%B0%EC%97%85%EA%B8%B0%EA%B3%84%EC%A0%9C%EC%A1%B0%EC%A7%80%EC%9B%90%EC%84%BC%ED%84%B0,35.198341,128.6640327",https://map.naver.com/p?lng=128.6640327&lat=35.198341&zoom=18,201247,CWB379006217,35.198341,128.664033
삼귀민원센터,창원시성산구,웅남동,2,"https://map.kakao.com/link/map/%EC%82%BC%EA%B7%80%EB%AF%BC%EC%9B%90%EC%84%BC%ED%84%B0,35.1657889,128.6145406",https://map.naver.com/p?lng=128.6145406&lat=35.1657889&zoom=18,202301,CWB379001467,35.165789,128.614541
삼귀민원센터,창원시성산구,웅남동,2,"https://map.kakao.com/link/map/%EC%82%BC%EA%B7%80%EB%AF%BC%EC%9B%90%EC%84%BC%ED%84%B0,35.1657873,128.6146749",https://map.naver.com/p?lng=128.6146749&lat=35.1657873&zoom=18,202302,CWB379001468,35.165787,128.614675
삼우정밀,창원시성산구,웅남동,1,"https://map.kakao.com/link/map/%EC%82%BC%EC%9A%B0%EC%A0%95%EB%B0%80,35.2072769,128.6437309",https://map.naver.com/p?lng=128.6437309&lat=35.2072769&zoom=18,214606,CWB379002200,35.207277,128.643731
삼현정밀,창원시성산구,웅남동,1,"https://map.kakao.com/link/map/%EC%82%BC%ED%98%84%EC%A0%95%EB%B0%80,35.2097818,128.6516205",https://map.naver.com/p?lng=128.6516205&lat=35.2097818&zoom=18,630172,CWB379002208,35.209782,128.65162
상복교차로,창원시성산구,웅남동,2,"https://map.kakao.com/link/map/%EC%83%81%EB%B3%B5%EA%B5%90%EC%B0%A8%EB%A1%9C,35.1992289,128.6677866",https://map.naver.com/p?lng=128.6677866&lat=35.1992289&zoom=18,201244,CWB379006214,35.199229,128.667787
상복교차로,창원시성산구,웅남동,2,"https://map.kakao.com/link/map/%EC%83%81%EB%B3%B5%EA%B5%90%EC%B0%A8%EB%A1%9C,35.1991088,128.6679955",https://map.naver.com/p?lng=128.6679955&lat=35.1991088&zoom=18,201245,CWB379006215,35.199109,128.667995
상복사거리,창원시성산구,웅남동,3,"https://map.kakao.com/link/map/%EC%83%81%EB%B3%B5%EC%82%AC%EA%B1%B0%EB%A6%AC,35.2023149,128.6711025",https://map.naver.com/p?lng=128.6711025&lat=35.2023149&zoom=18,201218,CWB379002211,35.202315,128.671102
상복사거리,창원시성산구,웅남동,3,"https://map.kakao.com/link/map/%EC%83%81%EB%B3%B5%EC%82%AC%EA%B1%B0%EB%A6%AC,35.2029025,128.6703185",https://map.naver.com/p?lng=128.6703185&lat=35.2029025&zoom=18,201217,CWB379001211,35.202902,128.670319
상복사거리,창원시성산구,웅남동,3,"https://map.kakao.com/link/map/%EC%83%81%EB%B3%B5%EC%82%AC%EA%B1%B0%EB%A6%AC,35.2026155,128.6703812",https://map.naver.com/p?lng=128.6703812&lat=35.2026155&zoom=18,201243,CWB379006213,35.202616,128.670381
생활폐기물처리단지,창원시성산구,웅남동,1,"https://map.kakao.com/link/map/%EC%83%9D%ED%99%9C%ED%8F%90%EA%B8%B0%EB%AC%BC%EC%B2%98%EB%A6%AC%EB%8B%A8%EC%A7%80,35.207653,128.6501838",https://map.naver.com/p?lng=128.6501838&lat=35.207653&zoom=18,218706,CWB379003519,35.207653,128.650184
석교종점,창원시성산구,웅남동,2,"https://map.kakao.com/link/map/%EC%84%9D%EA%B5%90%EC%A2%85%EC%A0%90,35.1583629,128.6106663",https://map.naver.com/p?lng=128.6106663&lat=35.1583629&zoom=18,207802,CWB379001503,35.158363,128.610666
석교종점,창원시성산구,웅남동,2,"https://map.kakao.com/link/map/%EC%84%9D%EA%B5%90%EC%A2%85%EC%A0%90,35.1582061,128.6106028",https://map.naver.com/p?lng=128.6106028&lat=35.1582061&zoom=18,207801,CWB379001505,35.158206,128.610603
세아제강,창원시성산구,웅남동,2,"https://map.kakao.com/link/map/%EC%84%B8%EC%95%84%EC%A0%9C%EA%B0%95,35.2108984,128.6564132",https://map.naver.com/p?lng=128.6564132&lat=35.2108984&zoom=18,201213,CWB379001074,35.210898,128.656413
세아제강,창원시성산구,웅남동,2,"https://map.kakao.com/link/map/%EC%84%B8%EC%95%84%EC%A0%9C%EA%B0%95,35.2105425,128.6565186",https://map.naver.com/p?lng=128.6565186&lat=35.2105425&zoom=18,201214,CWB379001077,35.210542,128.656519
세아창원특수강,창원시성산구,웅남동,2,"https://map.kakao.com/link/map/%EC%84%B8%EC%95%84%EC%B0%BD%EC%9B%90%ED%8A%B9%EC%88%98%EA%B0%95,35.2069633,128.6048417",https://map.naver.com/p?lng=128.6048417&lat=35.2069633&zoom=18,216112,CWB379001147,35.206963,128.604842
세아창원특수강,창원시성산구,웅남동,2,"https://map.kakao.com/link/map/%EC%84%B8%EC%95%84%EC%B0%BD%EC%9B%90%ED%8A%B9%EC%88%98%EA%B0%95,35.2069611,128.6045032",https://map.naver.com/p?lng=128.6045032&lat=35.2069611&zoom=18,216113,CWB379001150,35.206961,128.604503
세아창원특수강정문,창원시성산구,웅남동,2,"https://map.kakao.com/link/map/%EC%84%B8%EC%95%84%EC%B0%BD%EC%9B%90%ED%8A%B9%EC%88%98%EA%B0%95%EC%A0%95%EB%AC%B8,35.2096544,128.6080672",https://map.naver.com/p?lng=128.6080672&lat=35.2096544&zoom=18,216114,CWB379001105,35.209654,128.608067
세아창원특수강정문,창원시성산구,웅남동,2,"https://map.kakao.com/link/map/%EC%84%B8%EC%95%84%EC%B0%BD%EC%9B%90%ED%8A%B9%EC%88%98%EA%B0%95%EC%A0%95%EB%AC%B8,35.2092586,128.6072534",https://map.naver.com/p?lng=128.6072534&lat=35.2092586&zoom=18,216115,CWB379001111,35.209259,128.607253
세아창원특수강후문,창원시성산구,웅남동,2,"https://map.kakao.com/link/map/%EC%84%B8%EC%95%84%EC%B0%BD%EC%9B%90%ED%8A%B9%EC%88%98%EA%B0%95%ED%9B%84%EB%AC%B8,35.2044898,128.6013429",https://map.naver.com/p?lng=128.6013429&lat=35.2044898&zoom=18,216110,CWB379001197,35.20449,128.601343
세아창원특수강후문,창원시성산구,웅남동,2,"https://map.kakao.com/link/map/%EC%84%B8%EC%95%84%EC%B0%BD%EC%9B%90%ED%8A%B9%EC%88%98%EA%B0%95%ED%9B%84%EB%AC%B8,35.2042121,128.6005094",https://map.naver.com/p?lng=128.6005094&lat=35.2042121&zoom=18,216111,CWB379001201,35.204212,128.600509
세원셀론텍.영흥철강,창원시성산구,웅남동,2,"https://map.kakao.com/link/map/%EC%84%B8%EC%9B%90%EC%85%80%EB%A1%A0%ED%85%8D.%EC%98%81%ED%9D%A5%EC%B2%A0%EA%B0%95,35.2160244,128.6452682",https://map.naver.com/p?lng=128.6452682&lat=35.2160244&zoom=18,201209,CWB379001005,35.216024,128.645268
세원셀론텍.영흥철강,창원시성산구,웅남동,2,"https://map.kakao.com/link/map/%EC%84%B8%EC%9B%90%EC%85%80%EB%A1%A0%ED%85%8D.%EC%98%81%ED%9D%A5%EC%B2%A0%EA%B0%95,35.2157474,128.6453142",https://map.naver.com/p?lng=128.6453142&lat=35.2157474&zoom=18,201210,CWB379001007,35.215747,128.645314
신촌동성아파트,창원시성산구,웅남동,2,"https://map.kakao.com/link/map/%EC%8B%A0%EC%B4%8C%EB%8F%99%EC%84%B1%EC%95%84%ED%8C%8C%ED%8A%B8,35.204343,128.6280903",https://map.naver.com/p?lng=128.6280903&lat=35.204343&zoom=18,210206,CWB379001195,35.204343,128.62809
신촌동성아파트,창원시성산구,웅남동,2,"https://map.kakao.com/link/map/%EC%8B%A0%EC%B4%8C%EB%8F%99%EC%84%B1%EC%95%84%ED%8C%8C%ED%8A%B8,35.2037684,128.6280722",https://map.naver.com/p?lng=128.6280722&lat=35.2037684&zoom=18,210205,CWB379001203,35.203768,128.628072
신촌삼거리,창원시성산구,웅남동,2,"https://map.kakao.com/link/map/%EC%8B%A0%EC%B4%8C%EC%82%BC%EA%B1%B0%EB%A6%AC,35.2104369,128.6278948",https://map.naver.com/p?lng=128.6278948&lat=35.2104369&zoom=18,201201,CWB379001086,35.210437,128.627895
신촌삼거리,창원시성산구,웅남동,2,"https://map.kakao.com/link/map/%EC%8B%A0%EC%B4%8C%EC%82%BC%EA%B1%B0%EB%A6%AC,35.2102559,128.6281948",https://map.naver.com/p?lng=128.6281948&lat=35.2102559&zoom=18,201202,CWB379001089,35.210256,128.628195
양곡로,창원시성산구,웅남동,1,"https://map.kakao.com/link/map/%EC%96%91%EA%B3%A1%EB%A1%9C,35.1895544,128.6353649",https://map.naver.com/p?lng=128.6353649&lat=35.1895544&zoom=18,518159,CWB379003277,35.189554,128.635365
양곡전통시장,창원시성산구,웅남동,2,"https://map.kakao.com/link/map/%EC%96%91%EA%B3%A1%EC%A0%84%ED%86%B5%EC%8B%9C%EC%9E%A5,35.2018773,128.6284836",https://map.naver.com/p?lng=128.6284836&lat=35.2018773&zoom=18,210204,CWB379001233,35.201877,128.628484
양곡전통시장,창원시성산구,웅남동,2,"https://map.kakao.com/link/map/%EC%96%91%EA%B3%A1%EC%A0%84%ED%86%B5%EC%8B%9C%EC%9E%A5,35.2008542,128.6285016",https://map.naver.com/p?lng=128.6285016&lat=35.2008542&zoom=18,210203,CWB379001237,35.200854,128.628502
양곡중학교,창원시성산구,웅남동,2,"https://map.kakao.com/link/map/%EC%96%91%EA%B3%A1%EC%A4%91%ED%95%99%EA%B5%90,35.1983525,128.6290112",https://map.naver.com/p?lng=128.6290112&lat=35.1983525&zoom=18,210202,CWB379001270,35.198352,128.629011
양곡중학교,창원시성산구,웅남동,2,"https://map.kakao.com/link/map/%EC%96%91%EA%B3%A1%EC%A4%91%ED%95%99%EA%B5%90,35.1980394,128.6288982",https://map.naver.com/p?lng=128.6288982&lat=35.1980394&zoom=18,210201,CWB379001273,35.198039,128.628898
완암사거리,창원시성산구,웅남동,2,"https://map.kakao.com/link/map/%EC%99%84%EC%95%94%EC%82%AC%EA%B1%B0%EB%A6%AC,35.2108325,128.6592309",https://map.naver.com/p?lng=128.6592309&lat=35.2108325&zoom=18,212207,CWB379002263,35.210832,128.659231
완암사거리,창원시성산구,웅남동,2,"https://map.kakao.com/link/map/%EC%99%84%EC%95%94%EC%82%AC%EA%B1%B0%EB%A6%AC,35.2109757,128.6589757",https://map.naver.com/p?lng=128.6589757&lat=35.2109757&zoom=18,212208,CWB379002264,35.210976,128.658976
용호,창원시성산구,웅남동,4,"https://map.kakao.com/link/map/%EC%9A%A9%ED%98%B8,35.1704148,128.596769",https://map.naver.com/p?lng=128.596769&lat=35.1704148&zoom=18,207807,CWB379001454,35.170415,128.596769
용호,창원시성산구,웅남동,4,"https://map.kakao.com/link/map/%EC%9A%A9%ED%98%B8,35.1693804,128.5994551",https://map.naver.com/p?lng=128.5994551&lat=35.1693804&zoom=18,207808,CWB379001459,35.16938,128.599455
용호,창원시성산구,웅남동,4,"https://map.kakao.com/link/map/%EC%9A%A9%ED%98%B8,35.1693258,128.5993113",https://map.naver.com/p?lng=128.5993113&lat=35.1693258&zoom=18,207810,CWB379003182,35.169326,128.599311
용호,창원시성산구,웅남동,4,"https://map.kakao.com/link/map/%EC%9A%A9%ED%98%B8,35.1705738,128.5967926",https://map.naver.com/p?lng=128.5967926&lat=35.1705738&zoom=18,207812,CWB379003184,35.170574,128.596793
용호입구,창원시성산구,웅남동,2,"https://map.kakao.com/link/map/%EC%9A%A9%ED%98%B8%EC%9E%85%EA%B5%AC,35.1721123,128.5950438",https://map.naver.com/p?lng=128.5950438&lat=35.1721123&zoom=18,207809,CWB379001450,35.172112,128.595044
용호입구,창원시성산구,웅남동,2,"https://map.kakao.com/link/map/%EC%9A%A9%ED%98%B8%EC%9E%85%EA%B5%AC,35.1721585,128.5952724",https://map.naver.com/p?lng=128.5952724&lat=35.1721585&zoom=18,207811,CWB379003183,35.172158,128.595272
웅남동주민운동장,창원시성산구,웅남동,1,"https://map.kakao.com/link/map/%EC%9B%85%EB%82%A8%EB%8F%99%EC%A3%BC%EB%AF%BC%EC%9A%B4%EB%8F%99%EC%9E%A5,35.196708,128.6298818",https://map.naver.com/p?lng=128.6298818&lat=35.196708&zoom=18,210209,CWB379005480,35.196708,128.629882
웅남소방119안전센터,창원시성산구,웅남동,2,"https://map.kakao.com/link/map/%EC%9B%85%EB%82%A8%EC%86%8C%EB%B0%A9119%EC%95%88%EC%A0%84%EC%84%BC%ED%84%B0,35.2082091,128.6274323",https://map.naver.com/p?lng=128.6274323&lat=35.2082091&zoom=18,207101,CWB379001125,35.208209,128.627432
웅남소방119안전센터,창원시성산구,웅남동,2,"https://map.kakao.com/link/map/%EC%9B%85%EB%82%A8%EC%86%8C%EB%B0%A9119%EC%95%88%EC%A0%84%EC%84%BC%ED%84%B0,35.208116,128.6272147",https://map.naver.com/p?lng=128.6272147&lat=35.208116&zoom=18,207102,CWB379001127,35.208116,128.627215
웅남주민운동장,창원시성산구,웅남동,1,"https://map.kakao.com/link/map/%EC%9B%85%EB%82%A8%EC%A3%BC%EB%AF%BC%EC%9A%B4%EB%8F%99%EC%9E%A5,35.1966037,128.6306207",https://map.naver.com/p?lng=128.6306207&lat=35.1966037&zoom=18,207103,CWB379001288,35.196604,128.630621
월림단지,창원시성산구,웅남동,1,"https://map.kakao.com/link/map/%EC%9B%94%EB%A6%BC%EB%8B%A8%EC%A7%80,35.2075599,128.6403079",https://map.naver.com/p?lng=128.6403079&lat=35.2075599&zoom=18,214604,CWB379002227,35.20756,128.640308
유신상가,창원시성산구,웅남동,2,"https://map.kakao.com/link/map/%EC%9C%A0%EC%8B%A0%EC%83%81%EA%B0%80,35.2080379,128.6263341",https://map.naver.com/p?lng=128.6263341&lat=35.2080379&zoom=18,210208,CWB379001128,35.208038,128.626334
유신상가,창원시성산구,웅남동,2,"https://map.kakao.com/link/map/%EC%9C%A0%EC%8B%A0%EC%83%81%EA%B0%80,35.2074681,128.6264119",https://map.naver.com/p?lng=128.6264119&lat=35.2074681&zoom=18,210207,CWB379001136,35.207468,128.626412
윤화스너,창원시성산구,웅남동,1,"https://map.kakao.com/link/map/%EC%9C%A4%ED%99%94%EC%8A%A4%EB%84%88,35.2112804,128.6470042",https://map.naver.com/p?lng=128.6470042&lat=35.2112804&zoom=18,218701,CWB379002205,35.21128,128.647004
적현,창원시성산구,웅남동,2,"https://map.kakao.com/link/map/%EC%A0%81%ED%98%84,35.211328,128.6165144",https://map.naver.com/p?lng=128.6165144&lat=35.211328&zoom=18,216117,CWB379001075,35.211328,128.616514
적현,창원시성산구,웅남동,2,"https://map.kakao.com/link/map/%EC%A0%81%ED%98%84,35.2111424,128.6164172",https://map.naver.com/p?lng=128.6164172&lat=35.2111424&zoom=18,216116,CWB379001080,35.211142,128.616417
제4부두입구,창원시성산구,웅남동,2,"https://map.kakao.com/link/map/%EC%A0%9C4%EB%B6%80%EB%91%90%EC%9E%85%EA%B5%AC,35.2022674,128.5978492",https://map.naver.com/p?lng=128.5978492&lat=35.2022674&zoom=18,216108,CWB379001230,35.202267,128.597849
제4부두입구,창원시성산구,웅남동,2,"https://map.kakao.com/link/map/%EC%A0%9C4%EB%B6%80%EB%91%90%EC%9E%85%EA%B5%AC,35.2022201,128.5973546",https://map.naver.com/p?lng=128.5973546&lat=35.2022201&zoom=18,216109,CWB379001232,35.20222,128.597355
제5부두입구,창원시성산구,웅남동,2,"https://map.kakao.com/link/map/%EC%A0%9C5%EB%B6%80%EB%91%90%EC%9E%85%EA%B5%AC,35.1926954,128.5928312",https://map.naver.com/p?lng=128.5928312&lat=35.1926954&zoom=18,216104,CWB379001325,35.192695,128.592831
제5부두입구,창원시성산구,웅남동,2,"https://map.kakao.com/link/map/%EC%A0%9C5%EB%B6%80%EB%91%90%EC%9E%85%EA%B5%AC,35.1922412,128.5929824",https://map.naver.com/p?lng=128.5929824&lat=35.1922412&zoom=18,216105,CWB379001329,35.192241,128.592982
창곡산단,창원시성산구,웅남동,1,"https://map.kakao.com/link/map/%EC%B0%BD%EA%B3%A1%EC%82%B0%EB%8B%A8,35.2055171,128.6505279",https://map.naver.com/p?lng=128.6505279&lat=35.2055171&zoom=18,218705,CWB379003530,35.205517,128.650528
창곡입구,창원시성산구,웅남동,2,"https://map.kakao.com/link/map/%EC%B0%BD%EA%B3%A1%EC%9E%85%EA%B5%AC,35.2149114,128.6429312",https://map.naver.com/p?lng=128.6429312&lat=35.2149114&zoom=18,201208,CWB379001023,35.214911,128.642931
창곡입구,창원시성산구,웅남동,2,"https://map.kakao.com/link/map/%EC%B0%BD%EA%B3%A1%EC%9E%85%EA%B5%AC,35.2149101,128.6420587",https://map.naver.com/p?lng=128.6420587&lat=35.2149101&zoom=18,201207,CWB379001024,35.21491,128.642059
창원시립상복공원,창원시성산구,웅남동,2,"https://map.kakao.com/link/map/%EC%B0%BD%EC%9B%90%EC%8B%9C%EB%A6%BD%EC%83%81%EB%B3%B5%EA%B3%B5%EC%9B%90,35.1934282,128.662454",https://map.naver.com/p?lng=128.662454&lat=35.1934282&zoom=18,201233,CWB379003388,35.193428,128.662454
창원시립상복공원,창원시성산구,웅남동,2,"https://map.kakao.com/link/map/%EC%B0%BD%EC%9B%90%EC%8B%9C%EB%A6%BD%EC%83%81%EB%B3%B5%EA%B3%B5%EC%9B%90,35.1934832,128.6625695",https://map.naver.com/p?lng=128.6625695&lat=35.1934832&zoom=18,201234,CWB379003389,35.193483,128.662569
창원우편집중국,창원시성산구,웅남동,2,"https://map.kakao.com/link/map/%EC%B0%BD%EC%9B%90%EC%9A%B0%ED%8E%B8%EC%A7%91%EC%A4%91%EA%B5%AD,35.2001654,128.5941338",https://map.naver.com/p?lng=128.5941338&lat=35.2001654&zoom=18,216107,CWB379001263,35.200165,128.594134
창원우편집중국,창원시성산구,웅남동,2,"https://map.kakao.com/link/map/%EC%B0%BD%EC%9B%90%EC%9A%B0%ED%8E%B8%EC%A7%91%EC%A4%91%EA%B5%AD,35.1997034,128.5934282",https://map.naver.com/p?lng=128.5934282&lat=35.1997034&zoom=18,216106,CWB379001264,35.199703,128.593428
창원펫빌리지,창원시성산구,웅남동,2,"https://map.kakao.com/link/map/%EC%B0%BD%EC%9B%90%ED%8E%AB%EB%B9%8C%EB%A6%AC%EC%A7%80,35.1969443,128.6613912",https://map.naver.com/p?lng=128.6613912&lat=35.1969443&zoom=18,201241,CWB379006145,35.196944,128.661391
창원펫빌리지,창원시성산구,웅남동,2,"https://map.kakao.com/link/map/%EC%B0%BD%EC%9B%90%ED%8E%AB%EB%B9%8C%EB%A6%AC%EC%A7%80,35.1966783,128.6617289",https://map.naver.com/p?lng=128.6617289&lat=35.1966783&zoom=18,201242,CWB379006146,35.196678,128.661729
한국철강,창원시성산구,웅남동,2,"https://map.kakao.com/link/map/%ED%95%9C%EA%B5%AD%EC%B2%A0%EA%B0%95,35.2132874,128.6383752",https://map.naver.com/p?lng=128.6383752&lat=35.2132874&zoom=18,201206,CWB379001041,35.213287,128.638375
한국철강,창원시성산구,웅남동,2,"https://map.kakao.com/link/map/%ED%95%9C%EA%B5%AD%EC%B2%A0%EA%B0%95,35.2132529,128.6374864",https://map.naver.com/p?lng=128.6374864&lat=35.2132529&zoom=18,201205,CWB379001044,35.213253,128.637486
한화엔진.피케이벨브,창원시성산구,웅남동,2,"https://map.kakao.com/link/map/%ED%95%9C%ED%99%94%EC%97%94%EC%A7%84.%ED%94%BC%EC%BC%80%EC%9D%B4%EB%B2%A8%EB%B8%8C,35.2119363,128.6335711",https://map.naver.com/p?lng=128.6335711&lat=35.2119363&zoom=18,201203,CWB379001062,35.211936,128.633571
한화엔진.피케이벨브,창원시성산구,웅남동,2,"https://map.kakao.com/link/map/%ED%95%9C%ED%99%94%EC%97%94%EC%A7%84.%ED%94%BC%EC%BC%80%EC%9D%B4%EB%B2%A8%EB%B8%8C,35.2117487,128.6338485",https://map.naver.com/p?lng=128.6338485&lat=35.2117487&zoom=18,201204,CWB379001067,35.211749,128.633848
현대모비스창원공장,창원시성산구,웅남동,2,"https://map.kakao.com/link/map/%ED%98%84%EB%8C%80%EB%AA%A8%EB%B9%84%EC%8A%A4%EC%B0%BD%EC%9B%90%EA%B3%B5%EC%9E%A5,35.2005098,128.6745646",https://map.naver.com/p?lng=128.6745646&lat=35.2005098&zoom=18,201219,CWB379001238,35.20051,128.674565
현대모비스창원공장,창원시성산구,웅남동,2,"https://map.kakao.com/link/map/%ED%98%84%EB%8C%80%EB%AA%A8%EB%B9%84%EC%8A%A4%EC%B0%BD%EC%9B%90%EA%B3%B5%EC%9E%A5,35.2003168,128.6743916",https://map.naver.com/p?lng=128.6743916&lat=35.2003168&zoom=18,201220,CWB379001242,35.200317,128.674392
효성중공업,창원시성산구,웅남동,2,"https://map.kakao.com/link/map/%ED%9A%A8%EC%84%B1%EC%A4%91%EA%B3%B5%EC%97%85,35.2140864,128.6508685",https://map.naver.com/p?lng=128.6508685&lat=35.2140864&zoom=18,201211,CWB379001028,35.214086,128.650868
효성중공업,창원시성산구,웅남동,2,"https://map.kakao.com/link/map/%ED%9A%A8%EC%84%B1%EC%A4%91%EA%B3%B5%EC%97%85,35.2138663,128.6507344",https://map.naver.com/p?lng=128.6507344&lat=35.2138663&zoom=18,201212,CWB379001034,35.213866,128.650734
경창상가,창원시성산구,중앙동,1,"https://map.kakao.com/link/map/%EA%B2%BD%EC%B0%BD%EC%83%81%EA%B0%80,35.2199084,128.6796451",https://map.naver.com/p?lng=128.6796451&lat=35.2199084&zoom=18,208903,CWB379000927,35.219908,128.679645
국민은행,창원시성산구,중앙동,1,"https://map.kakao.com/link/map/%EA%B5%AD%EB%AF%BC%EC%9D%80%ED%96%89,35.2215464,128.6803582",https://map.naver.com/p?lng=128.6803582&lat=35.2215464&zoom=18,217401,CWB379000891,35.221546,128.680358
내동민원센터,창원시성산구,중앙동,2,"https://map.kakao.com/link/map/%EB%82%B4%EB%8F%99%EB%AF%BC%EC%9B%90%EC%84%BC%ED%84%B0,35.2163274,128.6705552",https://map.naver.com/p?lng=128.6705552&lat=35.2163274&zoom=18,212205,CWB379000991,35.216327,128.670555
내동민원센터,창원시성산구,중앙동,2,"https://map.kakao.com/link/map/%EB%82%B4%EB%8F%99%EB%AF%BC%EC%9B%90%EC%84%BC%ED%84%B0,35.2163034,128.6708502",https://map.naver.com/p?lng=128.6708502&lat=35.2163034&zoom=18,212206,CWB379000992,35.216303,128.67085
대상힐스테이트,창원시성산구,중앙동,1,"https://map.kakao.com/link/map/%EB%8C%80%EC%83%81%ED%9E%90%EC%8A%A4%ED%85%8C%EC%9D%B4%ED%8A%B8,35.2241995,128.6694232",https://map.naver.com/p?lng=128.6694232&lat=35.2241995&zoom=18,201248,CWB379006218,35.2242,128.669423
대호타워아파트,창원시성산구,중앙동,2,"https://map.kakao.com/link/map/%EB%8C%80%ED%98%B8%ED%83%80%EC%9B%8C%EC%95%84%ED%8C%8C%ED%8A%B8,35.2171437,128.6775706",https://map.naver.com/p?lng=128.6775706&lat=35.2171437&zoom=18,208902,CWB379000994,35.217144,128.677571
대호타워아파트,창원시성산구,중앙동,2,"https://map.kakao.com/link/map/%EB%8C%80%ED%98%B8%ED%83%80%EC%9B%8C%EC%95%84%ED%8C%8C%ED%8A%B8,35.2171863,128.677278",https://map.naver.com/p?lng=128.677278&lat=35.2171863&zoom=18,208901,CWB379001001,35.217186,128.677278
목동교사거리,창원시성산구,중앙동,2,"https://map.kakao.com/link/map/%EB%AA%A9%EB%8F%99%EA%B5%90%EC%82%AC%EA%B1%B0%EB%A6%AC,35.2133252,128.6680255",https://map.naver.com/p?lng=128.6680255&lat=35.2133252&zoom=18,212203,CWB379001036,35.213325,128.668026
목동교사거리,창원시성산구,중앙동,2,"https://map.kakao.com/link/map/%EB%AA%A9%EB%8F%99%EA%B5%90%EC%82%AC%EA%B1%B0%EB%A6%AC,35.2133393,128.6683086",https://map.naver.com/p?lng=128.6683086&lat=35.2133393&zoom=18,212204,CWB379001039,35.213339,128.668309
목련아파트,창원시성산구,중앙동,1,"https://map.kakao.com/link/map/%EB%AA%A9%EB%A0%A8%EC%95%84%ED%8C%8C%ED%8A%B8,35.2233264,128.6601032",https://map.naver.com/p?lng=128.6601032&lat=35.2233264&zoom=18,218808,CWB379000880,35.223326,128.660103
상남꿈에그린아파트,창원시성산구,중앙동,1,"https://map.kakao.com/link/map/%EC%83%81%EB%82%A8%EA%BF%88%EC%97%90%EA%B7%B8%EB%A6%B0%EC%95%84%ED%8C%8C%ED%8A%B8,35.2150814,128.6817502",https://map.naver.com/p?lng=128.6817502&lat=35.2150814&zoom=18,220403,CWB379001012,35.215081,128.68175
상남대우아파트,창원시성산구,중앙동,1,"https://map.kakao.com/link/map/%EC%83%81%EB%82%A8%EB%8C%80%EC%9A%B0%EC%95%84%ED%8C%8C%ED%8A%B8,35.2184253,128.6805624",https://map.naver.com/p?lng=128.6805624&lat=35.2184253&zoom=18,209002,CWB379000950,35.218425,128.680562
성산패총 사거리,창원시성산구,중앙동,1,"https://map.kakao.com/link/map/%EC%84%B1%EC%82%B0%ED%8C%A8%EC%B4%9D%20%EC%82%AC%EA%B1%B0%EB%A6%AC,35.2113108,128.6815569",https://map.naver.com/p?lng=128.6815569&lat=35.2113108&zoom=18,218818,CWB379001071,35.211311,128.681557
셰플러코리아,창원시성산구,중앙동,1,"https://map.kakao.com/link/map/%EC%85%B0%ED%94%8C%EB%9F%AC%EC%BD%94%EB%A6%AC%EC%95%84,35.2205291,128.6522214",https://map.naver.com/p?lng=128.6522214&lat=35.2205291&zoom=18,207904,CWB379000916,35.220529,128.652221
수협경남금융본부,창원시성산구,중앙동,1,"https://map.kakao.com/link/map/%EC%88%98%ED%98%91%EA%B2%BD%EB%82%A8%EA%B8%88%EC%9C%B5%EB%B3%B8%EB%B6%80,35.22325,128.6824166",https://map.naver.com/p?lng=128.6824166&lat=35.22325&zoom=18,208905,CWB379000868,35.22325,128.682417
연덕로,창원시성산구,중앙동,2,"https://map.kakao.com/link/map/%EC%97%B0%EB%8D%95%EB%A1%9C,35.2185856,128.6657748",https://map.naver.com/p?lng=128.6657748&lat=35.2185856&zoom=18,212209,CWB379002265,35.218586,128.665775
연덕로,창원시성산구,중앙동,2,"https://map.kakao.com/link/map/%EC%97%B0%EB%8D%95%EB%A1%9C,35.2187661,128.665589",https://map.naver.com/p?lng=128.665589&lat=35.2187661&zoom=18,212210,CWB379002266,35.218766,128.665589
올림픽공원,창원시성산구,중앙동,1,"https://map.kakao.com/link/map/%EC%98%AC%EB%A6%BC%ED%94%BD%EA%B3%B5%EC%9B%90,35.2236614,128.6604682",https://map.naver.com/p?lng=128.6604682&lat=35.2236614&zoom=18,218801,CWB379000876,35.223661,128.660468
외동초등학교,창원시성산구,중앙동,1,"https://map.kakao.com/link/map/%EC%99%B8%EB%8F%99%EC%B4%88%EB%93%B1%ED%95%99%EA%B5%90,35.2169016,128.6821283",https://map.naver.com/p?lng=128.6821283&lat=35.2169016&zoom=18,220401,CWB379000985,35.216902,128.682128
우리은행,창원시성산구,중앙동,1,"https://map.kakao.com/link/map/%EC%9A%B0%EB%A6%AC%EC%9D%80%ED%96%89,35.2214984,128.6800822",https://map.naver.com/p?lng=128.6800822&lat=35.2214984&zoom=18,217402,CWB379000892,35.221498,128.680082
월드메르디앙아파트,창원시성산구,중앙동,1,"https://map.kakao.com/link/map/%EC%9B%94%EB%93%9C%EB%A9%94%EB%A5%B4%EB%94%94%EC%95%99%EC%95%84%ED%8C%8C%ED%8A%B8,35.2249055,128.6559177",https://map.naver.com/p?lng=128.6559177&lat=35.2249055&zoom=18,207902,CWB379000858,35.224906,128.655918
이마트,창원시성산구,중앙동,2,"https://map.kakao.com/link/map/%EC%9D%B4%EB%A7%88%ED%8A%B8,35.2267916,128.679732",https://map.naver.com/p?lng=128.679732&lat=35.2267916&zoom=18,213307,CWB379001955,35.226792,128.679732
이마트,창원시성산구,중앙동,2,"https://map.kakao.com/link/map/%EC%9D%B4%EB%A7%88%ED%8A%B8,35.2266327,128.6793433",https://map.naver.com/p?lng=128.6793433&lat=35.2266327&zoom=18,213308,CWB379003263,35.226633,128.679343
재료연구원,창원시성산구,중앙동,1,"https://map.kakao.com/link/map/%EC%9E%AC%EB%A3%8C%EC%97%B0%EA%B5%AC%EC%9B%90,35.214645,128.676145",https://map.naver.com/p?lng=128.676145&lat=35.214645&zoom=18,218807,CWB379001020,35.214645,128.676145
중앙동,창원시성산구,중앙동,2,"https://map.kakao.com/link/map/%EC%A4%91%EC%95%99%EB%8F%99,35.224318,128.677381",https://map.naver.com/p?lng=128.677381&lat=35.224318&zoom=18,213305,CWB379000861,35.224318,128.677381
중앙동,창원시성산구,중앙동,2,"https://map.kakao.com/link/map/%EC%A4%91%EC%95%99%EB%8F%99,35.2242214,128.6775482",https://map.naver.com/p?lng=128.6775482&lat=35.2242214&zoom=18,213306,CWB379000864,35.224221,128.677548
중앙동행정복지센터,창원시성산구,중앙동,2,"https://map.kakao.com/link/map/%EC%A4%91%EC%95%99%EB%8F%99%ED%96%89%EC%A0%95%EB%B3%B5%EC%A7%80%EC%84%BC%ED%84%B0,35.2218094,128.6752092",https://map.naver.com/p?lng=128.6752092&lat=35.2218094&zoom=18,213303,CWB379000890,35.221809,128.675209
중앙동행정복지센터,창원시성산구,중앙동,2,"https://map.kakao.com/link/map/%EC%A4%91%EC%95%99%EB%8F%99%ED%96%89%EC%A0%95%EB%B3%B5%EC%A7%80%EC%84%BC%ED%84%B0,35.2214263,128.6751047",https://map.naver.com/p?lng=128.6751047&lat=35.2214263&zoom=18,213304,CWB379000908,35.221426,128.675105
중앙체육공원,창원시성산구,중앙동,1,"https://map.kakao.com/link/map/%EC%A4%91%EC%95%99%EC%B2%B4%EC%9C%A1%EA%B3%B5%EC%9B%90,35.2181874,128.6738091",https://map.naver.com/p?lng=128.6738091&lat=35.2181874&zoom=18,630022,CWB379000957,35.218187,128.673809
창원남중,창원시성산구,중앙동,2,"https://map.kakao.com/link/map/%EC%B0%BD%EC%9B%90%EB%82%A8%EC%A4%91,35.2131177,128.6780886",https://map.naver.com/p?lng=128.6780886&lat=35.2131177&zoom=18,218816,CWB379001040,35.213118,128.678089
창원남중,창원시성산구,중앙동,2,"https://map.kakao.com/link/map/%EC%B0%BD%EC%9B%90%EB%82%A8%EC%A4%91,35.2121404,128.6806342",https://map.naver.com/p?lng=128.6806342&lat=35.2121404&zoom=18,218809,CWB379001049,35.21214,128.680634
창원병원,창원시성산구,중앙동,4,"https://map.kakao.com/link/map/%EC%B0%BD%EC%9B%90%EB%B3%91%EC%9B%90,35.2192203,128.6730425",https://map.naver.com/p?lng=128.6730425&lat=35.2192203&zoom=18,213301,CWB379000959,35.21922,128.673043
창원병원,창원시성산구,중앙동,4,"https://map.kakao.com/link/map/%EC%B0%BD%EC%9B%90%EB%B3%91%EC%9B%90,35.2179303,128.670417",https://map.naver.com/p?lng=128.670417&lat=35.2179303&zoom=18,218805,CWB379000964,35.21793,128.670417
창원병원,창원시성산구,중앙동,4,"https://map.kakao.com/link/map/%EC%B0%BD%EC%9B%90%EB%B3%91%EC%9B%90,35.2177454,128.6720982",https://map.naver.com/p?lng=128.6720982&lat=35.2177454&zoom=18,213302,CWB379000967,35.217745,128.672098
창원병원,창원시성산구,중앙동,4,"https://map.kakao.com/link/map/%EC%B0%BD%EC%9B%90%EB%B3%91%EC%9B%90,35.2174678,128.6704202",https://map.naver.com/p?lng=128.6704202&lat=35.2174678&zoom=18,218812,CWB379000974,35.217468,128.67042
창원시청,창원시성산구,중앙동,1,"https://map.kakao.com/link/map/%EC%B0%BD%EC%9B%90%EC%8B%9C%EC%B2%AD,35.2277477,128.6797076",https://map.naver.com/p?lng=128.6797076&lat=35.2277477&zoom=18,114256,CWB379006093,35.227748,128.679708
창원시청(가로변),창원시성산구,중앙동,1,"https://map.kakao.com/link/map/%EC%B0%BD%EC%9B%90%EC%8B%9C%EC%B2%AD%28%EA%B0%80%EB%A1%9C%EB%B3%80%29,35.2279278,128.6792316",https://map.naver.com/p?lng=128.6792316&lat=35.2279278&zoom=18,214210,CWB379000821,35.227928,128.679232
창원중앙고등학교,창원시성산구,중앙동,1,"https://map.kakao.com/link/map/%EC%B0%BD%EC%9B%90%EC%A4%91%EC%95%99%EA%B3%A0%EB%93%B1%ED%95%99%EA%B5%90,35.2301593,128.6755781",https://map.naver.com/p?lng=128.6755781&lat=35.2301593&zoom=18,114254,CWB379006091,35.230159,128.675578
충혼탑,창원시성산구,중앙동,1,"https://map.kakao.com/link/map/%EC%B6%A9%ED%98%BC%ED%83%91,35.2277904,128.6583238",https://map.naver.com/p?lng=128.6583238&lat=35.2277904&zoom=18,219902,CWB379000827,35.22779,128.658324
한국가스안전공사,창원시성산구,중앙동,1,"https://map.kakao.com/link/map/%ED%95%9C%EA%B5%AD%EA%B0%80%EC%8A%A4%EC%95%88%EC%A0%84%EA%B3%B5%EC%82%AC,35.2143352,128.6759339",https://map.naver.com/p?lng=128.6759339&lat=35.2143352&zoom=18,218814,CWB379001957,35.214335,128.675934
한국폴리텍7대학,창원시성산구,중앙동,2,"https://map.kakao.com/link/map/%ED%95%9C%EA%B5%AD%ED%8F%B4%EB%A6%AC%ED%85%8D7%EB%8C%80%ED%95%99,35.2203368,128.6662103",https://map.naver.com/p?lng=128.6662103&lat=35.2203368&zoom=18,218803,CWB379000917,35.220337,128.66621
한국폴리텍7대학,창원시성산구,중앙동,2,"https://map.kakao.com/link/map/%ED%95%9C%EA%B5%AD%ED%8F%B4%EB%A6%AC%ED%85%8D7%EB%8C%80%ED%95%99,35.2201677,128.6657587",https://map.naver.com/p?lng=128.6657587&lat=35.2201677&zoom=18,218810,CWB379000928,35.220168,128.665759
NHF창원대산1단지아파트,창원시의창구,대산면,2,"https://map.kakao.com/link/map/NHF%EC%B0%BD%EC%9B%90%EB%8C%80%EC%82%B01%EB%8B%A8%EC%A7%80%EC%95%84%ED%8C%8C%ED%8A%B8,35.3297638,128.7055103",https://map.naver.com/p?lng=128.7055103&lat=35.3297638&zoom=18,116522,CWB379005766,35.329764,128.70551
NHF창원대산1단지아파트,창원시의창구,대산면,2,"https://map.kakao.com/link/map/NHF%EC%B0%BD%EC%9B%90%EB%8C%80%EC%82%B01%EB%8B%A8%EC%A7%80%EC%95%84%ED%8C%8C%ED%8A%B8,35.3297638,128.7053903",https://map.naver.com/p?lng=128.7053903&lat=35.3297638&zoom=18,116523,CWB379005767,35.329764,128.70539
가술,창원시의창구,대산면,2,"https://map.kakao.com/link/map/%EA%B0%80%EC%88%A0,35.3353293,128.7090879",https://map.naver.com/p?lng=128.7090879&lat=35.3353293&zoom=18,118004,CWB379000150,35.335329,128.709088
가술,창원시의창구,대산면,2,"https://map.kakao.com/link/map/%EA%B0%80%EC%88%A0,35.3351626,128.7088864",https://map.naver.com/p?lng=128.7088864&lat=35.3351626&zoom=18,118001,CWB379000153,35.335163,128.708886
가촌,창원시의창구,대산면,2,"https://map.kakao.com/link/map/%EA%B0%80%EC%B4%8C,35.3354189,128.7017388",https://map.naver.com/p?lng=128.7017388&lat=35.3354189&zoom=18,106819,CWB379000151,35.335419,128.701739
가촌,창원시의창구,대산면,2,"https://map.kakao.com/link/map/%EA%B0%80%EC%B4%8C,35.335332,128.7016911",https://map.naver.com/p?lng=128.7016911&lat=35.335332&zoom=18,106820,CWB379000152,35.335332,128.701691
가촌마을,창원시의창구,대산면,3,"https://map.kakao.com/link/map/%EA%B0%80%EC%B4%8C%EB%A7%88%EC%9D%84,35.3380138,128.6970764",https://map.naver.com/p?lng=128.6970764&lat=35.3380138&zoom=18,106829,CWB379005471,35.338014,128.697076
가촌마을,창원시의창구,대산면,3,"https://map.kakao.com/link/map/%EA%B0%80%EC%B4%8C%EB%A7%88%EC%9D%84,35.3362911,128.6976921",https://map.naver.com/p?lng=128.6976921&lat=35.3362911&zoom=18,106818,CWB379000148,35.336291,128.697692
가촌마을,창원시의창구,대산면,3,"https://map.kakao.com/link/map/%EA%B0%80%EC%B4%8C%EB%A7%88%EC%9D%84,35.3362711,128.6978382",https://map.naver.com/p?lng=128.6978382&lat=35.3362711&zoom=18,106817,CWB379000149,35.336271,128.697838
갈전리,창원시의창구,대산면,2,"https://map.kakao.com/link/map/%EA%B0%88%EC%A0%84%EB%A6%AC,35.3632036,128.6788298",https://map.naver.com/p?lng=128.6788298&lat=35.3632036&zoom=18,103727,CWB379003278,35.363204,128.67883
갈전리,창원시의창구,대산면,2,"https://map.kakao.com/link/map/%EA%B0%88%EC%A0%84%EB%A6%AC,35.3631078,128.6788137",https://map.naver.com/p?lng=128.6788137&lat=35.3631078&zoom=18,103728,CWB379003279,35.363108,128.678814
갈전운동장,창원시의창구,대산면,2,"https://map.kakao.com/link/map/%EA%B0%88%EC%A0%84%EC%9A%B4%EB%8F%99%EC%9E%A5,35.3664393,128.6804893",https://map.naver.com/p?lng=128.6804893&lat=35.3664393&zoom=18,100707,CWB379003118,35.366439,128.680489
갈전운동장,창원시의창구,대산면,2,"https://map.kakao.com/link/map/%EA%B0%88%EC%A0%84%EC%9A%B4%EB%8F%99%EC%9E%A5,35.3665334,128.6809755",https://map.naver.com/p?lng=128.6809755&lat=35.3665334&zoom=18,100703,CWB379000041,35.366533,128.680975
구산마을입구,창원시의창구,대산면,2,"https://map.kakao.com/link/map/%EA%B5%AC%EC%82%B0%EB%A7%88%EC%9D%84%EC%9E%85%EA%B5%AC,35.3553587,128.6862284",https://map.naver.com/p?lng=128.6862284&lat=35.3553587&zoom=18,116608,CWB379003148,35.355359,128.686228
구산마을입구,창원시의창구,대산면,2,"https://map.kakao.com/link/map/%EA%B5%AC%EC%82%B0%EB%A7%88%EC%9D%84%EC%9E%85%EA%B5%AC,35.3553633,128.686121",https://map.naver.com/p?lng=128.686121&lat=35.3553633&zoom=18,116609,CWB379003149,35.355363,128.686121
남모산,창원시의창구,대산면,2,"https://map.kakao.com/link/map/%EB%82%A8%EB%AA%A8%EC%82%B0,35.3545528,128.7116116",https://map.naver.com/p?lng=128.7116116&lat=35.3545528&zoom=18,630009,CWB379000073,35.354553,128.711612
남모산,창원시의창구,대산면,2,"https://map.kakao.com/link/map/%EB%82%A8%EB%AA%A8%EC%82%B0,35.3545359,128.7117577",https://map.naver.com/p?lng=128.7117577&lat=35.3545359&zoom=18,630010,CWB379000074,35.354536,128.711758
남모산종점,창원시의창구,대산면,2,"https://map.kakao.com/link/map/%EB%82%A8%EB%AA%A8%EC%82%B0%EC%A2%85%EC%A0%90,35.3584539,128.7117882",https://map.naver.com/p?lng=128.7117882&lat=35.3584539&zoom=18,103712,CWB379002018,35.358454,128.711788
남모산종점,창원시의창구,대산면,2,"https://map.kakao.com/link/map/%EB%82%A8%EB%AA%A8%EC%82%B0%EC%A2%85%EC%A0%90,35.3587193,128.7116763",https://map.naver.com/p?lng=128.7116763&lat=35.3587193&zoom=18,103713,CWB379002019,35.358719,128.711676
남포마을,창원시의창구,대산면,1,"https://map.kakao.com/link/map/%EB%82%A8%ED%8F%AC%EB%A7%88%EC%9D%84,35.3101034,128.7056219",https://map.naver.com/p?lng=128.7056219&lat=35.3101034&zoom=18,116521,CWB379003368,35.310103,128.705622
남포회관,창원시의창구,대산면,1,"https://map.kakao.com/link/map/%EB%82%A8%ED%8F%AC%ED%9A%8C%EA%B4%80,35.3099861,128.7091119",https://map.naver.com/p?lng=128.7091119&lat=35.3099861&zoom=18,116520,CWB379003367,35.309986,128.709112
당리,창원시의창구,대산면,2,"https://map.kakao.com/link/map/%EB%8B%B9%EB%A6%AC,35.3676479,128.6914823",https://map.naver.com/p?lng=128.6914823&lat=35.3676479&zoom=18,103718,CWB379003112,35.367648,128.691482
당리,창원시의창구,대산면,2,"https://map.kakao.com/link/map/%EB%8B%B9%EB%A6%AC,35.3677503,128.6914472",https://map.naver.com/p?lng=128.6914472&lat=35.3677503&zoom=18,103708,CWB379000029,35.36775,128.691447
대방,창원시의창구,대산면,2,"https://map.kakao.com/link/map/%EB%8C%80%EB%B0%A9,35.3432209,128.6944991",https://map.naver.com/p?lng=128.6944991&lat=35.3432209&zoom=18,106816,CWB379000133,35.343221,128.694499
대방,창원시의창구,대산면,2,"https://map.kakao.com/link/map/%EB%8C%80%EB%B0%A9,35.3427684,128.6948312",https://map.naver.com/p?lng=128.6948312&lat=35.3427684&zoom=18,106815,CWB379000134,35.342768,128.694831
대산119안전센터,창원시의창구,대산면,2,"https://map.kakao.com/link/map/%EB%8C%80%EC%82%B0119%EC%95%88%EC%A0%84%EC%84%BC%ED%84%B0,35.333323,128.7049443",https://map.naver.com/p?lng=128.7049443&lat=35.333323&zoom=18,106828,CWB379003383,35.333323,128.704944
대산119안전센터,창원시의창구,대산면,2,"https://map.kakao.com/link/map/%EB%8C%80%EC%82%B0119%EC%95%88%EC%A0%84%EC%84%BC%ED%84%B0,35.3334748,128.7049026",https://map.naver.com/p?lng=128.7049026&lat=35.3334748&zoom=18,106824,CWB379003384,35.333475,128.704903
대산미곡처리장,창원시의창구,대산면,2,"https://map.kakao.com/link/map/%EB%8C%80%EC%82%B0%EB%AF%B8%EA%B3%A1%EC%B2%98%EB%A6%AC%EC%9E%A5,35.3269533,128.7143079",https://map.naver.com/p?lng=128.7143079&lat=35.3269533&zoom=18,630285,CWB379003062,35.326953,128.714308
대산미곡처리장,창원시의창구,대산면,2,"https://map.kakao.com/link/map/%EB%8C%80%EC%82%B0%EB%AF%B8%EA%B3%A1%EC%B2%98%EB%A6%AC%EC%9E%A5,35.3264977,128.7151965",https://map.naver.com/p?lng=128.7151965&lat=35.3264977&zoom=18,630286,CWB379003063,35.326498,128.715196
대산일반산업단지,창원시의창구,대산면,2,"https://map.kakao.com/link/map/%EB%8C%80%EC%82%B0%EC%9D%BC%EB%B0%98%EC%82%B0%EC%97%85%EB%8B%A8%EC%A7%80,35.3333842,128.7020192",https://map.naver.com/p?lng=128.7020192&lat=35.3333842&zoom=18,106821,CWB379003369,35.333384,128.702019
대산일반산업단지,창원시의창구,대산면,2,"https://map.kakao.com/link/map/%EB%8C%80%EC%82%B0%EC%9D%BC%EB%B0%98%EC%82%B0%EC%97%85%EB%8B%A8%EC%A7%80,35.3334955,128.7021178",https://map.naver.com/p?lng=128.7021178&lat=35.3334955&zoom=18,106827,CWB379003375,35.333496,128.702118
대산중학교,창원시의창구,대산면,1,"https://map.kakao.com/link/map/%EB%8C%80%EC%82%B0%EC%A4%91%ED%95%99%EA%B5%90,35.3333901,128.7091072",https://map.naver.com/p?lng=128.7091072&lat=35.3333901&zoom=18,118009,CWB379005413,35.33339,128.709107
대산초등학교,창원시의창구,대산면,2,"https://map.kakao.com/link/map/%EB%8C%80%EC%82%B0%EC%B4%88%EB%93%B1%ED%95%99%EA%B5%90,35.3386632,128.7087949",https://map.naver.com/p?lng=128.7087949&lat=35.3386632&zoom=18,118003,CWB379000141,35.338663,128.708795
대산초등학교,창원시의창구,대산면,2,"https://map.kakao.com/link/map/%EB%8C%80%EC%82%B0%EC%B4%88%EB%93%B1%ED%95%99%EA%B5%90,35.3387026,128.7090139",https://map.naver.com/p?lng=128.7090139&lat=35.3387026&zoom=18,118006,CWB379000142,35.338703,128.709014
대산파크골프장,창원시의창구,대산면,1,"https://map.kakao.com/link/map/%EB%8C%80%EC%82%B0%ED%8C%8C%ED%81%AC%EA%B3%A8%ED%94%84%EC%9E%A5,35.3497456,128.7193597",https://map.naver.com/p?lng=128.7193597&lat=35.3497456&zoom=18,630000,CWB379006204,35.349746,128.71936
덕현,창원시의창구,대산면,2,"https://map.kakao.com/link/map/%EB%8D%95%ED%98%84,35.3348532,128.7288458",https://map.naver.com/p?lng=128.7288458&lat=35.3348532&zoom=18,103729,CWB379005342,35.334853,128.728846
덕현,창원시의창구,대산면,2,"https://map.kakao.com/link/map/%EB%8D%95%ED%98%84,35.3348245,128.7289552",https://map.naver.com/p?lng=128.7289552&lat=35.3348245&zoom=18,103730,CWB379005343,35.334824,128.728955
덕현마을,창원시의창구,대산면,2,"https://map.kakao.com/link/map/%EB%8D%95%ED%98%84%EB%A7%88%EC%9D%84,35.3361129,128.7264512",https://map.naver.com/p?lng=128.7264512&lat=35.3361129&zoom=18,123006,CWB379003110,35.336113,128.726451
덕현마을,창원시의창구,대산면,2,"https://map.kakao.com/link/map/%EB%8D%95%ED%98%84%EB%A7%88%EC%9D%84,35.3358737,128.7265458",https://map.naver.com/p?lng=128.7265458&lat=35.3358737&zoom=18,123007,CWB379003111,35.335874,128.726546
동곡,창원시의창구,대산면,1,"https://map.kakao.com/link/map/%EB%8F%99%EA%B3%A1,35.3360883,128.7333271",https://map.naver.com/p?lng=128.7333271&lat=35.3360883&zoom=18,123014,CWB379003230,35.336088,128.733327
동부마을,창원시의창구,대산면,2,"https://map.kakao.com/link/map/%EB%8F%99%EB%B6%80%EB%A7%88%EC%9D%84,35.3460076,128.727419",https://map.naver.com/p?lng=128.727419&lat=35.3460076&zoom=18,123002,CWB379003106,35.346008,128.727419
동부마을,창원시의창구,대산면,2,"https://map.kakao.com/link/map/%EB%8F%99%EB%B6%80%EB%A7%88%EC%9D%84,35.3461105,128.7274604",https://map.naver.com/p?lng=128.7274604&lat=35.3461105&zoom=18,123003,CWB379003107,35.34611,128.72746
백양마을,창원시의창구,대산면,2,"https://map.kakao.com/link/map/%EB%B0%B1%EC%96%91%EB%A7%88%EC%9D%84,35.3276222,128.6873494",https://map.naver.com/p?lng=128.6873494&lat=35.3276222&zoom=18,100205,CWB379000166,35.327622,128.687349
백양마을,창원시의창구,대산면,2,"https://map.kakao.com/link/map/%EB%B0%B1%EC%96%91%EB%A7%88%EC%9D%84,35.3274948,128.6873298",https://map.naver.com/p?lng=128.6873298&lat=35.3274948&zoom=18,100206,CWB379000167,35.327495,128.68733
북모산마을,창원시의창구,대산면,2,"https://map.kakao.com/link/map/%EB%B6%81%EB%AA%A8%EC%82%B0%EB%A7%88%EC%9D%84,35.3575474,128.7129139",https://map.naver.com/p?lng=128.7129139&lat=35.3575474&zoom=18,123008,CWB379003116,35.357547,128.712914
북모산마을,창원시의창구,대산면,2,"https://map.kakao.com/link/map/%EB%B6%81%EB%AA%A8%EC%82%B0%EB%A7%88%EC%9D%84,35.3574602,128.7128277",https://map.naver.com/p?lng=128.7128277&lat=35.3574602&zoom=18,103714,CWB379000068,35.35746,128.712828
북부,창원시의창구,대산면,1,"https://map.kakao.com/link/map/%EB%B6%81%EB%B6%80,35.346791,128.7236716",https://map.naver.com/p?lng=128.7236716&lat=35.346791&zoom=18,103715,CWB379000394,35.346791,128.723672
삼봉마을,창원시의창구,대산면,2,"https://map.kakao.com/link/map/%EC%82%BC%EB%B4%89%EB%A7%88%EC%9D%84,35.3323097,128.7075872",https://map.naver.com/p?lng=128.7075872&lat=35.3323097&zoom=18,116401,CWB379003104,35.33231,128.707587
삼봉마을,창원시의창구,대산면,2,"https://map.kakao.com/link/map/%EC%82%BC%EB%B4%89%EB%A7%88%EC%9D%84,35.3324045,128.7076453",https://map.naver.com/p?lng=128.7076453&lat=35.3324045&zoom=18,116402,CWB379003105,35.332404,128.707645
상등,창원시의창구,대산면,2,"https://map.kakao.com/link/map/%EC%83%81%EB%93%B1,35.3236656,128.7012666",https://map.naver.com/p?lng=128.7012666&lat=35.3236656&zoom=18,116512,CWB379002014,35.323666,128.701267
상등,창원시의창구,대산면,2,"https://map.kakao.com/link/map/%EC%83%81%EB%93%B1,35.3236771,128.701118",https://map.naver.com/p?lng=128.701118&lat=35.3236771&zoom=18,116511,CWB379002015,35.323677,128.701118
상리,창원시의창구,대산면,2,"https://map.kakao.com/link/map/%EC%83%81%EB%A6%AC,35.3660904,128.6778344",https://map.naver.com/p?lng=128.6778344&lat=35.3660904&zoom=18,100708,CWB379003119,35.36609,128.677834
상리,창원시의창구,대산면,2,"https://map.kakao.com/link/map/%EC%83%81%EB%A6%AC,35.3660205,128.6777968",https://map.naver.com/p?lng=128.6777968&lat=35.3660205&zoom=18,100702,CWB379000045,35.36602,128.677797
상포,창원시의창구,대산면,2,"https://map.kakao.com/link/map/%EC%83%81%ED%8F%AC,35.3230453,128.7132927",https://map.naver.com/p?lng=128.7132927&lat=35.3230453&zoom=18,630080,CWB379002022,35.323045,128.713293
상포,창원시의창구,대산면,2,"https://map.kakao.com/link/map/%EC%83%81%ED%8F%AC,35.3230076,128.7132871",https://map.naver.com/p?lng=128.7132871&lat=35.3230076&zoom=18,101715,CWB379005436,35.323008,128.713287
상포3반,창원시의창구,대산면,1,"https://map.kakao.com/link/map/%EC%83%81%ED%8F%AC3%EB%B0%98,35.3185046,128.7130766",https://map.naver.com/p?lng=128.7130766&lat=35.3185046&zoom=18,101714,CWB379005437,35.318505,128.713077
상포마을태평,창원시의창구,대산면,1,"https://map.kakao.com/link/map/%EC%83%81%ED%8F%AC%EB%A7%88%EC%9D%84%ED%83%9C%ED%8F%89,35.3150462,128.7105669",https://map.naver.com/p?lng=128.7105669&lat=35.3150462&zoom=18,116519,CWB379003366,35.315046,128.710567
세진테크원.에스케이지르콘,창원시의창구,대산면,2,"https://map.kakao.com/link/map/%EC%84%B8%EC%A7%84%ED%85%8C%ED%81%AC%EC%9B%90.%EC%97%90%EC%8A%A4%EC%BC%80%EC%9D%B4%EC%A7%80%EB%A5%B4%EC%BD%98,35.3354061,128.6987485",https://map.naver.com/p?lng=128.6987485&lat=35.3354061&zoom=18,106825,CWB379003400,35.335406,128.698748
세진테크원.에스케이지르콘,창원시의창구,대산면,2,"https://map.kakao.com/link/map/%EC%84%B8%EC%A7%84%ED%85%8C%ED%81%AC%EC%9B%90.%EC%97%90%EC%8A%A4%EC%BC%80%EC%9D%B4%EC%A7%80%EB%A5%B4%EC%BD%98,35.335405,128.6985038",https://map.naver.com/p?lng=128.6985038&lat=35.335405&zoom=18,106826,CWB379003401,35.335405,128.698504
송등,창원시의창구,대산면,2,"https://map.kakao.com/link/map/%EC%86%A1%EB%93%B1,35.3476229,128.7095608",https://map.naver.com/p?lng=128.7095608&lat=35.3476229&zoom=18,118005,CWB379000108,35.347623,128.709561
송등,창원시의창구,대산면,2,"https://map.kakao.com/link/map/%EC%86%A1%EB%93%B1,35.3462909,128.7096494",https://map.naver.com/p?lng=128.7096494&lat=35.3462909&zoom=18,118008,CWB379000109,35.346291,128.709649
송정,창원시의창구,대산면,1,"https://map.kakao.com/link/map/%EC%86%A1%EC%A0%95,35.3609703,128.6823695",https://map.naver.com/p?lng=128.6823695&lat=35.3609703&zoom=18,116702,CWB379000059,35.36097,128.68237
송정종점,창원시의창구,대산면,1,"https://map.kakao.com/link/map/%EC%86%A1%EC%A0%95%EC%A2%85%EC%A0%90,35.3609359,128.6825248",https://map.naver.com/p?lng=128.6825248&lat=35.3609359&zoom=18,116701,CWB379000058,35.360936,128.682525
신곡,창원시의창구,대산면,2,"https://map.kakao.com/link/map/%EC%8B%A0%EA%B3%A1,35.3283058,128.7350428",https://map.naver.com/p?lng=128.7350428&lat=35.3283058&zoom=18,123016,CWB379003232,35.328306,128.735043
신곡,창원시의창구,대산면,2,"https://map.kakao.com/link/map/%EC%8B%A0%EA%B3%A1,35.3282551,128.7349075",https://map.naver.com/p?lng=128.7349075&lat=35.3282551&zoom=18,103732,CWB379005345,35.328255,128.734907
신동마을,창원시의창구,대산면,2,"https://map.kakao.com/link/map/%EC%8B%A0%EB%8F%99%EB%A7%88%EC%9D%84,35.3228664,128.6950357",https://map.naver.com/p?lng=128.6950357&lat=35.3228664&zoom=18,100207,CWB379000173,35.322866,128.695036
신동마을,창원시의창구,대산면,2,"https://map.kakao.com/link/map/%EC%8B%A0%EB%8F%99%EB%A7%88%EC%9D%84,35.3227338,128.6950207",https://map.naver.com/p?lng=128.6950207&lat=35.3227338&zoom=18,100208,CWB379000175,35.322734,128.695021
신등초교,창원시의창구,대산면,2,"https://map.kakao.com/link/map/%EC%8B%A0%EB%93%B1%EC%B4%88%EA%B5%90,35.320868,128.6983388",https://map.naver.com/p?lng=128.6983388&lat=35.320868&zoom=18,116515,CWB379003254,35.320868,128.698339
신등초교,창원시의창구,대산면,2,"https://map.kakao.com/link/map/%EC%8B%A0%EB%93%B1%EC%B4%88%EA%B5%90,35.3207797,128.6982524",https://map.naver.com/p?lng=128.6982524&lat=35.3207797&zoom=18,116516,CWB379003255,35.32078,128.698252
신등초등학교,창원시의창구,대산면,2,"https://map.kakao.com/link/map/%EC%8B%A0%EB%93%B1%EC%B4%88%EB%93%B1%ED%95%99%EA%B5%90,35.320714,128.698575",https://map.naver.com/p?lng=128.698575&lat=35.320714&zoom=18,116510,CWB379002012,35.320714,128.698575
신등초등학교,창원시의창구,대산면,2,"https://map.kakao.com/link/map/%EC%8B%A0%EB%93%B1%EC%B4%88%EB%93%B1%ED%95%99%EA%B5%90,35.320863,128.6985482",https://map.naver.com/p?lng=128.6985482&lat=35.320863&zoom=18,116509,CWB379002013,35.320863,128.698548
신성,창원시의창구,대산면,2,"https://map.kakao.com/link/map/%EC%8B%A0%EC%84%B1,35.3677557,128.6961091",https://map.naver.com/p?lng=128.6961091&lat=35.3677557&zoom=18,103709,CWB379002863,35.367756,128.696109
신성,창원시의창구,대산면,2,"https://map.kakao.com/link/map/%EC%8B%A0%EC%84%B1,35.3676464,128.6961267",https://map.naver.com/p?lng=128.6961267&lat=35.3676464&zoom=18,103710,CWB379000026,35.367646,128.696127
신성주유소,창원시의창구,대산면,2,"https://map.kakao.com/link/map/%EC%8B%A0%EC%84%B1%EC%A3%BC%EC%9C%A0%EC%86%8C,35.3621368,128.7079881",https://map.naver.com/p?lng=128.7079881&lat=35.3621368&zoom=18,103725,CWB379003252,35.362137,128.707988
신성주유소,창원시의창구,대산면,2,"https://map.kakao.com/link/map/%EC%8B%A0%EC%84%B1%EC%A3%BC%EC%9C%A0%EC%86%8C,35.3623558,128.7075771",https://map.naver.com/p?lng=128.7075771&lat=35.3623558&zoom=18,103726,CWB379003253,35.362356,128.707577
신전,창원시의창구,대산면,2,"https://map.kakao.com/link/map/%EC%8B%A0%EC%A0%84,35.3670961,128.6740781",https://map.naver.com/p?lng=128.6740781&lat=35.3670961&zoom=18,103719,CWB379003142,35.367096,128.674078
신전,창원시의창구,대산면,2,"https://map.kakao.com/link/map/%EC%8B%A0%EC%A0%84,35.3671441,128.6740062",https://map.naver.com/p?lng=128.6740062&lat=35.3671441&zoom=18,100701,CWB379000033,35.367144,128.674006
신전입구,창원시의창구,대산면,2,"https://map.kakao.com/link/map/%EC%8B%A0%EC%A0%84%EC%9E%85%EA%B5%AC,35.3664284,128.6718087",https://map.naver.com/p?lng=128.6718087&lat=35.3664284&zoom=18,103720,CWB379003143,35.366428,128.671809
신전입구,창원시의창구,대산면,2,"https://map.kakao.com/link/map/%EC%8B%A0%EC%A0%84%EC%9E%85%EA%B5%AC,35.3663827,128.6717237",https://map.naver.com/p?lng=128.6717237&lat=35.3663827&zoom=18,103705,CWB379000043,35.366383,128.671724
아름다운요양원,창원시의창구,대산면,2,"https://map.kakao.com/link/map/%EC%95%84%EB%A6%84%EB%8B%A4%EC%9A%B4%EC%9A%94%EC%96%91%EC%9B%90,35.3648899,128.7045947",https://map.naver.com/p?lng=128.7045947&lat=35.3648899&zoom=18,123019,CWB379003282,35.36489,128.704595
아름다운요양원,창원시의창구,대산면,2,"https://map.kakao.com/link/map/%EC%95%84%EB%A6%84%EB%8B%A4%EC%9A%B4%EC%9A%94%EC%96%91%EC%9B%90,35.3648444,128.7047808",https://map.naver.com/p?lng=128.7047808&lat=35.3648444&zoom=18,123020,CWB379003283,35.364844,128.704781
용등,창원시의창구,대산면,2,"https://map.kakao.com/link/map/%EC%9A%A9%EB%93%B1,35.3262658,128.7389686",https://map.naver.com/p?lng=128.7389686&lat=35.3262658&zoom=18,123015,CWB379003231,35.326266,128.738969
용등,창원시의창구,대산면,2,"https://map.kakao.com/link/map/%EC%9A%A9%EB%93%B1,35.3261991,128.7389212",https://map.naver.com/p?lng=128.7389212&lat=35.3261991&zoom=18,103733,CWB379005346,35.326199,128.738921
우암리,창원시의창구,대산면,2,"https://map.kakao.com/link/map/%EC%9A%B0%EC%95%94%EB%A6%AC,35.3291025,128.7185492",https://map.naver.com/p?lng=128.7185492&lat=35.3291025&zoom=18,123017,CWB379003275,35.329102,128.718549
우암리,창원시의창구,대산면,2,"https://map.kakao.com/link/map/%EC%9A%B0%EC%95%94%EB%A6%AC,35.3290359,128.7187369",https://map.naver.com/p?lng=128.7187369&lat=35.3290359&zoom=18,123018,CWB379003276,35.329036,128.718737
우암마을,창원시의창구,대산면,2,"https://map.kakao.com/link/map/%EC%9A%B0%EC%95%94%EB%A7%88%EC%9D%84,35.3386317,128.7259923",https://map.naver.com/p?lng=128.7259923&lat=35.3386317&zoom=18,123004,CWB379003108,35.338632,128.725992
우암마을,창원시의창구,대산면,2,"https://map.kakao.com/link/map/%EC%9A%B0%EC%95%94%EB%A7%88%EC%9D%84,35.3388644,128.7257555",https://map.naver.com/p?lng=128.7257555&lat=35.3388644&zoom=18,123005,CWB379003109,35.338864,128.725755
월림마을,창원시의창구,대산면,2,"https://map.kakao.com/link/map/%EC%9B%94%EB%A6%BC%EB%A7%88%EC%9D%84,35.3305375,128.7314099",https://map.naver.com/p?lng=128.7314099&lat=35.3305375&zoom=18,113501,CWB379002030,35.330538,128.73141
월림마을,창원시의창구,대산면,2,"https://map.kakao.com/link/map/%EC%9B%94%EB%A6%BC%EB%A7%88%EC%9D%84,35.3305124,128.7313102",https://map.naver.com/p?lng=128.7313102&lat=35.3305124&zoom=18,103731,CWB379005344,35.330512,128.73131
유등,창원시의창구,대산면,2,"https://map.kakao.com/link/map/%EC%9C%A0%EB%93%B1,35.3450679,128.7456067",https://map.naver.com/p?lng=128.7456067&lat=35.3450679&zoom=18,630168,CWB379002173,35.345068,128.745607
유등,창원시의창구,대산면,2,"https://map.kakao.com/link/map/%EC%9C%A0%EB%93%B1,35.3449586,128.7455334",https://map.naver.com/p?lng=128.7455334&lat=35.3449586&zoom=18,630169,CWB379002174,35.344959,128.745533
유등종점,창원시의창구,대산면,1,"https://map.kakao.com/link/map/%EC%9C%A0%EB%93%B1%EC%A2%85%EC%A0%90,35.3451545,128.7493036",https://map.naver.com/p?lng=128.7493036&lat=35.3451545&zoom=18,123001,CWB379003090,35.345154,128.749304
유청,창원시의창구,대산면,2,"https://map.kakao.com/link/map/%EC%9C%A0%EC%B2%AD,35.3429716,128.7434867",https://map.naver.com/p?lng=128.7434867&lat=35.3429716&zoom=18,103716,CWB379002031,35.342972,128.743487
유청,창원시의창구,대산면,2,"https://map.kakao.com/link/map/%EC%9C%A0%EC%B2%AD,35.343146,128.7435129",https://map.naver.com/p?lng=128.7435129&lat=35.343146&zoom=18,103717,CWB379002032,35.343146,128.743513
일동초등학교,창원시의창구,대산면,2,"https://map.kakao.com/link/map/%EC%9D%BC%EB%8F%99%EC%B4%88%EB%93%B1%ED%95%99%EA%B5%90,35.3679334,128.6872062",https://map.naver.com/p?lng=128.6872062&lat=35.3679334&zoom=18,100706,CWB379000024,35.367933,128.687206
일동초등학교,창원시의창구,대산면,2,"https://map.kakao.com/link/map/%EC%9D%BC%EB%8F%99%EC%B4%88%EB%93%B1%ED%95%99%EA%B5%90,35.3678645,128.6879092",https://map.naver.com/p?lng=128.6879092&lat=35.3678645&zoom=18,103707,CWB379000027,35.367864,128.687909
일동회관,창원시의창구,대산면,2,"https://map.kakao.com/link/map/%EC%9D%BC%EB%8F%99%ED%9A%8C%EA%B4%80,35.3679376,128.6840827",https://map.naver.com/p?lng=128.6840827&lat=35.3679376&zoom=18,100705,CWB379000022,35.367938,128.684083
일동회관,창원시의창구,대산면,2,"https://map.kakao.com/link/map/%EC%9D%BC%EB%8F%99%ED%9A%8C%EA%B4%80,35.3679638,128.6839839",https://map.naver.com/p?lng=128.6839839&lat=35.3679638&zoom=18,100704,CWB379000023,35.367964,128.683984
장등,창원시의창구,대산면,2,"https://map.kakao.com/link/map/%EC%9E%A5%EB%93%B1,35.3290238,128.7051003",https://map.naver.com/p?lng=128.7051003&lat=35.3290238&zoom=18,116514,CWB379002016,35.329024,128.7051
장등,창원시의창구,대산면,2,"https://map.kakao.com/link/map/%EC%9E%A5%EB%93%B1,35.3290779,128.704994",https://map.naver.com/p?lng=128.704994&lat=35.3290779&zoom=18,116513,CWB379002017,35.329078,128.704994
장등입구,창원시의창구,대산면,2,"https://map.kakao.com/link/map/%EC%9E%A5%EB%93%B1%EC%9E%85%EA%B5%AC,35.3305696,128.7027359",https://map.naver.com/p?lng=128.7027359&lat=35.3305696&zoom=18,116517,CWB379003531,35.33057,128.702736
장등입구,창원시의창구,대산면,2,"https://map.kakao.com/link/map/%EC%9E%A5%EB%93%B1%EC%9E%85%EA%B5%AC,35.3306316,128.7027829",https://map.naver.com/p?lng=128.7027829&lat=35.3306316&zoom=18,116518,CWB379003532,35.330632,128.702783
제1수산교,창원시의창구,대산면,2,"https://map.kakao.com/link/map/%EC%A0%9C1%EC%88%98%EC%82%B0%EA%B5%90,35.3671557,128.6998455",https://map.naver.com/p?lng=128.6998455&lat=35.3671557&zoom=18,123009,CWB379003117,35.367156,128.699846
제1수산교,창원시의창구,대산면,2,"https://map.kakao.com/link/map/%EC%A0%9C1%EC%88%98%EC%82%B0%EA%B5%90,35.3669997,128.6997212",https://map.naver.com/p?lng=128.6997212&lat=35.3669997&zoom=18,103711,CWB379000032,35.367,128.699721
제동마을,창원시의창구,대산면,2,"https://map.kakao.com/link/map/%EC%A0%9C%EB%8F%99%EB%A7%88%EC%9D%84,35.3321406,128.7091991",https://map.naver.com/p?lng=128.7091991&lat=35.3321406&zoom=18,118002,CWB379002020,35.332141,128.709199
제동마을,창원시의창구,대산면,2,"https://map.kakao.com/link/map/%EC%A0%9C%EB%8F%99%EB%A7%88%EC%9D%84,35.3325444,128.7088713",https://map.naver.com/p?lng=128.7088713&lat=35.3325444&zoom=18,630257,CWB379003024,35.332544,128.708871
주남,창원시의창구,대산면,2,"https://map.kakao.com/link/map/%EC%A3%BC%EB%82%A8,35.3155648,128.6943567",https://map.naver.com/p?lng=128.6943567&lat=35.3155648&zoom=18,116508,CWB379000197,35.315565,128.694357
주남,창원시의창구,대산면,2,"https://map.kakao.com/link/map/%EC%A3%BC%EB%82%A8,35.3156167,128.6942331",https://map.naver.com/p?lng=128.6942331&lat=35.3156167&zoom=18,116507,CWB379000198,35.315617,128.694233
중포마을,창원시의창구,대산면,1,"https://map.kakao.com/link/map/%EC%A4%91%ED%8F%AC%EB%A7%88%EC%9D%84,35.326047,128.719311",https://map.naver.com/p?lng=128.719311&lat=35.326047&zoom=18,630288,CWB379003066,35.326047,128.719311
중포회관,창원시의창구,대산면,1,"https://map.kakao.com/link/map/%EC%A4%91%ED%8F%AC%ED%9A%8C%EA%B4%80,35.3225651,128.7225059",https://map.naver.com/p?lng=128.7225059&lat=35.3225651&zoom=18,630287,CWB379003065,35.322565,128.722506
평리,창원시의창구,대산면,2,"https://map.kakao.com/link/map/%ED%8F%89%EB%A6%AC,35.3632255,128.6825561",https://map.naver.com/p?lng=128.6825561&lat=35.3632255&zoom=18,103723,CWB379003161,35.363226,128.682556
평리,창원시의창구,대산면,2,"https://map.kakao.com/link/map/%ED%8F%89%EB%A6%AC,35.3631966,128.6819648",https://map.naver.com/p?lng=128.6819648&lat=35.3631966&zoom=18,103724,CWB379003162,35.363197,128.681965
가곡마을,창원시의창구,동읍,2,"https://map.kakao.com/link/map/%EA%B0%80%EA%B3%A1%EB%A7%88%EC%9D%84,35.3606257,128.6442132",https://map.naver.com/p?lng=128.6442132&lat=35.3606257&zoom=18,110309,CWB379000060,35.360626,128.644213
가곡마을,창원시의창구,동읍,2,"https://map.kakao.com/link/map/%EA%B0%80%EA%B3%A1%EB%A7%88%EC%9D%84,35.3604785,128.6440662",https://map.naver.com/p?lng=128.6440662&lat=35.3604785&zoom=18,110310,CWB379000061,35.360478,128.644066
가월마을입구,창원시의창구,동읍,1,"https://map.kakao.com/link/map/%EA%B0%80%EC%9B%94%EB%A7%88%EC%9D%84%EC%9E%85%EA%B5%AC,35.3038656,128.6750688",https://map.naver.com/p?lng=128.6750688&lat=35.3038656&zoom=18,116501,CWB379000224,35.303866,128.675069
가월윗담,창원시의창구,동읍,2,"https://map.kakao.com/link/map/%EA%B0%80%EC%9B%94%EC%9C%97%EB%8B%B4,35.3026771,128.67292",https://map.naver.com/p?lng=128.67292&lat=35.3026771&zoom=18,116403,CWB379003113,35.302677,128.67292
가월윗담,창원시의창구,동읍,2,"https://map.kakao.com/link/map/%EA%B0%80%EC%9B%94%EC%9C%97%EB%8B%B4,35.3025693,128.672971",https://map.naver.com/p?lng=128.672971&lat=35.3025693&zoom=18,116404,CWB379003114,35.302569,128.672971
가월입구,창원시의창구,동읍,1,"https://map.kakao.com/link/map/%EA%B0%80%EC%9B%94%EC%9E%85%EA%B5%AC,35.303449,128.6745616",https://map.naver.com/p?lng=128.6745616&lat=35.303449&zoom=18,116502,CWB379000229,35.303449,128.674562
고양,창원시의창구,동읍,2,"https://map.kakao.com/link/map/%EA%B3%A0%EC%96%91,35.3060693,128.6554104",https://map.naver.com/p?lng=128.6554104&lat=35.3060693&zoom=18,104615,CWB379000218,35.306069,128.65541
고양,창원시의창구,동읍,2,"https://map.kakao.com/link/map/%EA%B3%A0%EC%96%91,35.3059579,128.6555537",https://map.naver.com/p?lng=128.6555537&lat=35.3059579&zoom=18,104618,CWB379000219,35.305958,128.655554
고양이주단지,창원시의창구,동읍,2,"https://map.kakao.com/link/map/%EA%B3%A0%EC%96%91%EC%9D%B4%EC%A3%BC%EB%8B%A8%EC%A7%80,35.3101763,128.6572364",https://map.naver.com/p?lng=128.6572364&lat=35.3101763&zoom=18,104617,CWB379000207,35.310176,128.657236
고양이주단지,창원시의창구,동읍,2,"https://map.kakao.com/link/map/%EA%B3%A0%EC%96%91%EC%9D%B4%EC%A3%BC%EB%8B%A8%EC%A7%80,35.3105305,128.6575322",https://map.naver.com/p?lng=128.6575322&lat=35.3105305&zoom=18,104620,CWB379000208,35.31053,128.657532
곡목,창원시의창구,동읍,2,"https://map.kakao.com/link/map/%EA%B3%A1%EB%AA%A9,35.3015782,128.6634195",https://map.naver.com/p?lng=128.6634195&lat=35.3015782&zoom=18,104614,CWB379000232,35.301578,128.66342
곡목,창원시의창구,동읍,2,"https://map.kakao.com/link/map/%EA%B3%A1%EB%AA%A9,35.301479,128.6633885",https://map.naver.com/p?lng=128.6633885&lat=35.301479&zoom=18,104611,CWB379000233,35.301479,128.663388
금동,창원시의창구,동읍,2,"https://map.kakao.com/link/map/%EA%B8%88%EB%8F%99,35.3331945,128.6669378",https://map.naver.com/p?lng=128.6669378&lat=35.3331945&zoom=18,104627,CWB379000156,35.333194,128.666938
금동,창원시의창구,동읍,2,"https://map.kakao.com/link/map/%EA%B8%88%EB%8F%99,35.3331254,128.6670842",https://map.naver.com/p?lng=128.6670842&lat=35.3331254&zoom=18,104630,CWB379000157,35.333125,128.667084
금산리,창원시의창구,동읍,2,"https://map.kakao.com/link/map/%EA%B8%88%EC%82%B0%EB%A6%AC,35.3277582,128.6685011",https://map.naver.com/p?lng=128.6685011&lat=35.3277582&zoom=18,104657,CWB379003280,35.327758,128.668501
금산리,창원시의창구,동읍,2,"https://map.kakao.com/link/map/%EA%B8%88%EC%82%B0%EB%A6%AC,35.327675,128.6685304",https://map.naver.com/p?lng=128.6685304&lat=35.327675&zoom=18,104658,CWB379003281,35.327675,128.66853
금산마을,창원시의창구,동읍,2,"https://map.kakao.com/link/map/%EA%B8%88%EC%82%B0%EB%A7%88%EC%9D%84,35.3234443,128.6637451",https://map.naver.com/p?lng=128.6637451&lat=35.3234443&zoom=18,104626,CWB379000172,35.323444,128.663745
금산마을,창원시의창구,동읍,2,"https://map.kakao.com/link/map/%EA%B8%88%EC%82%B0%EB%A7%88%EC%9D%84,35.3232318,128.6635343",https://map.naver.com/p?lng=128.6635343&lat=35.3232318&zoom=18,104623,CWB379000174,35.323232,128.663534
남산마을,창원시의창구,동읍,2,"https://map.kakao.com/link/map/%EB%82%A8%EC%82%B0%EB%A7%88%EC%9D%84,35.277829,128.6608906",https://map.naver.com/p?lng=128.6608906&lat=35.277829&zoom=18,115348,CWB379005555,35.277829,128.660891
남산마을,창원시의창구,동읍,2,"https://map.kakao.com/link/map/%EB%82%A8%EC%82%B0%EB%A7%88%EC%9D%84,35.2778391,128.6608083",https://map.naver.com/p?lng=128.6608083&lat=35.2778391&zoom=18,630013,CWB379000292,35.277839,128.660808
남산마을입구,창원시의창구,동읍,2,"https://map.kakao.com/link/map/%EB%82%A8%EC%82%B0%EB%A7%88%EC%9D%84%EC%9E%85%EA%B5%AC,35.2741697,128.6609147",https://map.naver.com/p?lng=128.6609147&lat=35.2741697&zoom=18,115347,CWB379005552,35.27417,128.660915
남산마을입구,창원시의창구,동읍,2,"https://map.kakao.com/link/map/%EB%82%A8%EC%82%B0%EB%A7%88%EC%9D%84%EC%9E%85%EA%B5%AC,35.2742246,128.6608554",https://map.naver.com/p?lng=128.6608554&lat=35.2742246&zoom=18,115349,CWB379005553,35.274225,128.660855
내단계마을,창원시의창구,동읍,1,"https://map.kakao.com/link/map/%EB%82%B4%EB%8B%A8%EA%B3%84%EB%A7%88%EC%9D%84,35.2738018,128.7043678",https://map.naver.com/p?lng=128.7043678&lat=35.2738018&zoom=18,103305,CWB379006232,35.273802,128.704368
노옥마을,창원시의창구,동읍,2,"https://map.kakao.com/link/map/%EB%85%B8%EC%98%A5%EB%A7%88%EC%9D%84,35.3593378,128.6689229",https://map.naver.com/p?lng=128.6689229&lat=35.3593378&zoom=18,123012,CWB379003159,35.359338,128.668923
노옥마을,창원시의창구,동읍,2,"https://map.kakao.com/link/map/%EB%85%B8%EC%98%A5%EB%A7%88%EC%9D%84,35.3594096,128.668754",https://map.naver.com/p?lng=128.668754&lat=35.3594096&zoom=18,123013,CWB379003160,35.35941,128.668754
다호,창원시의창구,동읍,2,"https://map.kakao.com/link/map/%EB%8B%A4%ED%98%B8,35.297723,128.6724266",https://map.naver.com/p?lng=128.6724266&lat=35.297723&zoom=18,104609,CWB379000240,35.297723,128.672427
다호,창원시의창구,동읍,2,"https://map.kakao.com/link/map/%EB%8B%A4%ED%98%B8,35.2979234,128.6724829",https://map.naver.com/p?lng=128.6724829&lat=35.2979234&zoom=18,104612,CWB379000241,35.297923,128.672483
달천,창원시의창구,동읍,2,"https://map.kakao.com/link/map/%EB%8B%AC%EC%B2%9C,35.3594208,128.6617382",https://map.naver.com/p?lng=128.6617382&lat=35.3594208&zoom=18,123010,CWB379003157,35.359421,128.661738
달천,창원시의창구,동읍,2,"https://map.kakao.com/link/map/%EB%8B%AC%EC%B2%9C,35.359519,128.6616531",https://map.naver.com/p?lng=128.6616531&lat=35.359519&zoom=18,123011,CWB379003158,35.359519,128.661653
덕산교차로,창원시의창구,동읍,2,"https://map.kakao.com/link/map/%EB%8D%95%EC%82%B0%EA%B5%90%EC%B0%A8%EB%A1%9C,35.2773168,128.6769447",https://map.naver.com/p?lng=128.6769447&lat=35.2773168&zoom=18,115352,CWB379006160,35.277317,128.676945
덕산교차로,창원시의창구,동읍,2,"https://map.kakao.com/link/map/%EB%8D%95%EC%82%B0%EA%B5%90%EC%B0%A8%EB%A1%9C,35.2773846,128.6767702",https://map.naver.com/p?lng=128.6767702&lat=35.2773846&zoom=18,115353,CWB379006161,35.277385,128.67677
덕천마을,창원시의창구,동읍,1,"https://map.kakao.com/link/map/%EB%8D%95%EC%B2%9C%EB%A7%88%EC%9D%84,35.2788449,128.6842173",https://map.naver.com/p?lng=128.6842173&lat=35.2788449&zoom=18,104651,CWB379003115,35.278845,128.684217
동부산1차아파트,창원시의창구,동읍,1,"https://map.kakao.com/link/map/%EB%8F%99%EB%B6%80%EC%82%B01%EC%B0%A8%EC%95%84%ED%8C%8C%ED%8A%B8,35.2763139,128.7058024",https://map.naver.com/p?lng=128.7058024&lat=35.2763139&zoom=18,103304,CWB379006231,35.276314,128.705802
동월마을,창원시의창구,동읍,2,"https://map.kakao.com/link/map/%EB%8F%99%EC%9B%94%EB%A7%88%EC%9D%84,35.3059761,128.6808398",https://map.naver.com/p?lng=128.6808398&lat=35.3059761&zoom=18,630247,CWB379003013,35.305976,128.68084
동월마을,창원시의창구,동읍,2,"https://map.kakao.com/link/map/%EB%8F%99%EC%9B%94%EB%A7%88%EC%9D%84,35.3058985,128.6809739",https://map.naver.com/p?lng=128.6809739&lat=35.3058985&zoom=18,630248,CWB379003014,35.305898,128.680974
동읍덕산마을,창원시의창구,동읍,2,"https://map.kakao.com/link/map/%EB%8F%99%EC%9D%8D%EB%8D%95%EC%82%B0%EB%A7%88%EC%9D%84,35.2745628,128.6751424",https://map.naver.com/p?lng=128.6751424&lat=35.2745628&zoom=18,115324,CWB379000304,35.274563,128.675142
동읍덕산마을,창원시의창구,동읍,2,"https://map.kakao.com/link/map/%EB%8F%99%EC%9D%8D%EB%8D%95%EC%82%B0%EB%A7%88%EC%9D%84,35.2743824,128.6742214",https://map.naver.com/p?lng=128.6742214&lat=35.2743824&zoom=18,115323,CWB379000305,35.274382,128.674221
동읍보건지소,창원시의창구,동읍,2,"https://map.kakao.com/link/map/%EB%8F%99%EC%9D%8D%EB%B3%B4%EA%B1%B4%EC%A7%80%EC%86%8C,35.2796889,128.6884912",https://map.naver.com/p?lng=128.6884912&lat=35.2796889&zoom=18,115331,CWB379003293,35.279689,128.688491
동읍보건지소,창원시의창구,동읍,2,"https://map.kakao.com/link/map/%EB%8F%99%EC%9D%8D%EB%B3%B4%EA%B1%B4%EC%A7%80%EC%86%8C,35.2795215,128.6885504",https://map.naver.com/p?lng=128.6885504&lat=35.2795215&zoom=18,115332,CWB379003294,35.279522,128.68855
동읍지구대,창원시의창구,동읍,2,"https://map.kakao.com/link/map/%EB%8F%99%EC%9D%8D%EC%A7%80%EA%B5%AC%EB%8C%80,35.2790591,128.6888754",https://map.naver.com/p?lng=128.6888754&lat=35.2790591&zoom=18,115327,CWB379000287,35.279059,128.688875
동읍지구대,창원시의창구,동읍,2,"https://map.kakao.com/link/map/%EB%8F%99%EC%9D%8D%EC%A7%80%EA%B5%AC%EB%8C%80,35.2789599,128.689696",https://map.naver.com/p?lng=128.689696&lat=35.2789599&zoom=18,115328,CWB379000288,35.27896,128.689696
마룡,창원시의창구,동읍,2,"https://map.kakao.com/link/map/%EB%A7%88%EB%A3%A1,35.3174496,128.6616563",https://map.naver.com/p?lng=128.6616563&lat=35.3174496&zoom=18,104621,CWB379000189,35.31745,128.661656
마룡,창원시의창구,동읍,2,"https://map.kakao.com/link/map/%EB%A7%88%EB%A3%A1,35.3174406,128.6617715",https://map.naver.com/p?lng=128.6617715&lat=35.3174406&zoom=18,104624,CWB379000192,35.317441,128.661771
모암,창원시의창구,동읍,2,"https://map.kakao.com/link/map/%EB%AA%A8%EC%95%94,35.2934834,128.6755606",https://map.naver.com/p?lng=128.6755606&lat=35.2934834&zoom=18,104607,CWB379000247,35.293483,128.675561
모암,창원시의창구,동읍,2,"https://map.kakao.com/link/map/%EB%AA%A8%EC%95%94,35.2944936,128.6751056",https://map.naver.com/p?lng=128.6751056&lat=35.2944936&zoom=18,104610,CWB379000248,35.294494,128.675106
무성마을입구,창원시의창구,동읍,2,"https://map.kakao.com/link/map/%EB%AC%B4%EC%84%B1%EB%A7%88%EC%9D%84%EC%9E%85%EA%B5%AC,35.2857533,128.7008521",https://map.naver.com/p?lng=128.7008521&lat=35.2857533&zoom=18,630011,CWB379000268,35.285753,128.700852
무성마을입구,창원시의창구,동읍,2,"https://map.kakao.com/link/map/%EB%AC%B4%EC%84%B1%EB%A7%88%EC%9D%84%EC%9E%85%EA%B5%AC,35.2851645,128.7004734",https://map.naver.com/p?lng=128.7004734&lat=35.2851645&zoom=18,630012,CWB379000271,35.285164,128.700473
무점,창원시의창구,동읍,2,"https://map.kakao.com/link/map/%EB%AC%B4%EC%A0%90,35.2948591,128.6984008",https://map.naver.com/p?lng=128.6984008&lat=35.2948591&zoom=18,106003,CWB379005327,35.294859,128.698401
무점,창원시의창구,동읍,2,"https://map.kakao.com/link/map/%EB%AC%B4%EC%A0%90,35.2949031,128.6984704",https://map.naver.com/p?lng=128.6984704&lat=35.2949031&zoom=18,106004,CWB379005328,35.294903,128.69847
무점입구,창원시의창구,동읍,2,"https://map.kakao.com/link/map/%EB%AC%B4%EC%A0%90%EC%9E%85%EA%B5%AC,35.2904487,128.7020128",https://map.naver.com/p?lng=128.7020128&lat=35.2904487&zoom=18,106005,CWB379005329,35.290449,128.702013
무점입구,창원시의창구,동읍,2,"https://map.kakao.com/link/map/%EB%AC%B4%EC%A0%90%EC%9E%85%EA%B5%AC,35.2904052,128.7020641",https://map.naver.com/p?lng=128.7020641&lat=35.2904052&zoom=18,106006,CWB379005330,35.290405,128.702064
무점종점,창원시의창구,동읍,2,"https://map.kakao.com/link/map/%EB%AC%B4%EC%A0%90%EC%A2%85%EC%A0%90,35.2944215,128.6942586",https://map.naver.com/p?lng=128.6942586&lat=35.2944215&zoom=18,106001,CWB379000245,35.294422,128.694259
무점종점,창원시의창구,동읍,2,"https://map.kakao.com/link/map/%EB%AC%B4%EC%A0%90%EC%A2%85%EC%A0%90,35.2944354,128.6945556",https://map.naver.com/p?lng=128.6945556&lat=35.2944354&zoom=18,106002,CWB379000246,35.294435,128.694556
백련사입구,창원시의창구,동읍,1,"https://map.kakao.com/link/map/%EB%B0%B1%EB%A0%A8%EC%82%AC%EC%9E%85%EA%B5%AC,35.3537867,128.6707499",https://map.naver.com/p?lng=128.6707499&lat=35.3537867&zoom=18,116610,CWB379005549,35.353787,128.67075
본포,창원시의창구,동읍,2,"https://map.kakao.com/link/map/%EB%B3%B8%ED%8F%AC,35.3667179,128.6465367",https://map.naver.com/p?lng=128.6465367&lat=35.3667179&zoom=18,104655,CWB379003163,35.366718,128.646537
본포,창원시의창구,동읍,2,"https://map.kakao.com/link/map/%EB%B3%B8%ED%8F%AC,35.3666853,128.6466164",https://map.naver.com/p?lng=128.6466164&lat=35.3666853&zoom=18,630005,CWB379000044,35.366685,128.646616
본포마을회관,창원시의창구,동읍,2,"https://map.kakao.com/link/map/%EB%B3%B8%ED%8F%AC%EB%A7%88%EC%9D%84%ED%9A%8C%EA%B4%80,35.3682737,128.646138",https://map.naver.com/p?lng=128.646138&lat=35.3682737&zoom=18,630001,CWB379000030,35.368274,128.646138
본포마을회관,창원시의창구,동읍,2,"https://map.kakao.com/link/map/%EB%B3%B8%ED%8F%AC%EB%A7%88%EC%9D%84%ED%9A%8C%EA%B4%80,35.3682177,128.64611",https://map.naver.com/p?lng=128.64611&lat=35.3682177&zoom=18,630002,CWB379000031,35.368218,128.64611
본포입구,창원시의창구,동읍,2,"https://map.kakao.com/link/map/%EB%B3%B8%ED%8F%AC%EC%9E%85%EA%B5%AC,35.3631755,128.6484038",https://map.naver.com/p?lng=128.6484038&lat=35.3631755&zoom=18,104648,CWB379000054,35.363176,128.648404
본포입구,창원시의창구,동읍,2,"https://map.kakao.com/link/map/%EB%B3%B8%ED%8F%AC%EC%9E%85%EA%B5%AC,35.3632067,128.6482669",https://map.naver.com/p?lng=128.6482669&lat=35.3632067&zoom=18,104645,CWB379000055,35.363207,128.648267
봉강,창원시의창구,동읍,2,"https://map.kakao.com/link/map/%EB%B4%89%EA%B0%95,35.3510667,128.656843",https://map.naver.com/p?lng=128.656843&lat=35.3510667&zoom=18,104640,CWB379000098,35.351067,128.656843
봉강,창원시의창구,동읍,2,"https://map.kakao.com/link/map/%EB%B4%89%EA%B0%95,35.3509512,128.6567153",https://map.naver.com/p?lng=128.6567153&lat=35.3509512&zoom=18,104637,CWB379000099,35.350951,128.656715
봉곡,창원시의창구,동읍,2,"https://map.kakao.com/link/map/%EB%B4%89%EA%B3%A1,35.3443509,128.6596115",https://map.naver.com/p?lng=128.6596115&lat=35.3443509&zoom=18,104636,CWB379000126,35.344351,128.659612
봉곡,창원시의창구,동읍,2,"https://map.kakao.com/link/map/%EB%B4%89%EA%B3%A1,35.344265,128.6596022",https://map.naver.com/p?lng=128.6596022&lat=35.344265&zoom=18,104633,CWB379000128,35.344265,128.659602
봉곡리회관,창원시의창구,동읍,1,"https://map.kakao.com/link/map/%EB%B4%89%EA%B3%A1%EB%A6%AC%ED%9A%8C%EA%B4%80,35.3418752,128.6549127",https://map.naver.com/p?lng=128.6549127&lat=35.3418752&zoom=18,630282,CWB379003058,35.341875,128.654913
봉곡마을,창원시의창구,동읍,2,"https://map.kakao.com/link/map/%EB%B4%89%EA%B3%A1%EB%A7%88%EC%9D%84,35.3463489,128.6581239",https://map.naver.com/p?lng=128.6581239&lat=35.3463489&zoom=18,104638,CWB379000119,35.346349,128.658124
봉곡마을,창원시의창구,동읍,2,"https://map.kakao.com/link/map/%EB%B4%89%EA%B3%A1%EB%A7%88%EC%9D%84,35.3462813,128.6580341",https://map.naver.com/p?lng=128.6580341&lat=35.3462813&zoom=18,104635,CWB379000120,35.346281,128.658034
산남,창원시의창구,동읍,2,"https://map.kakao.com/link/map/%EC%82%B0%EB%82%A8,35.3523179,128.676614",https://map.naver.com/p?lng=128.676614&lat=35.3523179&zoom=18,106807,CWB379000086,35.352318,128.676614
산남,창원시의창구,동읍,2,"https://map.kakao.com/link/map/%EC%82%B0%EB%82%A8,35.3522095,128.6765824",https://map.naver.com/p?lng=128.6765824&lat=35.3522095&zoom=18,106808,CWB379000087,35.35221,128.676582
산남입구,창원시의창구,동읍,2,"https://map.kakao.com/link/map/%EC%82%B0%EB%82%A8%EC%9E%85%EA%B5%AC,35.3518295,128.6740606",https://map.naver.com/p?lng=128.6740606&lat=35.3518295&zoom=18,106805,CWB379000095,35.35183,128.674061
산남입구,창원시의창구,동읍,2,"https://map.kakao.com/link/map/%EC%82%B0%EB%82%A8%EC%9E%85%EA%B5%AC,35.3516773,128.6739689",https://map.naver.com/p?lng=128.6739689&lat=35.3516773&zoom=18,106806,CWB379000096,35.351677,128.673969
상옥정,창원시의창구,동읍,2,"https://map.kakao.com/link/map/%EC%83%81%EC%98%A5%EC%A0%95,35.3703375,128.6612602",https://map.naver.com/p?lng=128.6612602&lat=35.3703375&zoom=18,103722,CWB379003145,35.370338,128.66126
상옥정,창원시의창구,동읍,2,"https://map.kakao.com/link/map/%EC%83%81%EC%98%A5%EC%A0%95,35.3704185,128.6612619",https://map.naver.com/p?lng=128.6612619&lat=35.3704185&zoom=18,103703,CWB379000017,35.370418,128.661262
새마을금고,창원시의창구,동읍,2,"https://map.kakao.com/link/map/%EC%83%88%EB%A7%88%EC%9D%84%EA%B8%88%EA%B3%A0,35.2789427,128.6860167",https://map.naver.com/p?lng=128.6860167&lat=35.2789427&zoom=18,115333,CWB379003295,35.278943,128.686017
새마을금고,창원시의창구,동읍,2,"https://map.kakao.com/link/map/%EC%83%88%EB%A7%88%EC%9D%84%EA%B8%88%EA%B3%A0,35.2788242,128.6860081",https://map.naver.com/p?lng=128.6860081&lat=35.2788242&zoom=18,115334,CWB379003296,35.278824,128.686008
석산,창원시의창구,동읍,2,"https://map.kakao.com/link/map/%EC%84%9D%EC%82%B0,35.3131229,128.6588753",https://map.naver.com/p?lng=128.6588753&lat=35.3131229&zoom=18,104619,CWB379000201,35.313123,128.658875
석산,창원시의창구,동읍,2,"https://map.kakao.com/link/map/%EC%84%9D%EC%82%B0,35.3126462,128.6586971",https://map.naver.com/p?lng=128.6586971&lat=35.3126462&zoom=18,104622,CWB379000203,35.312646,128.658697
성진1차아파트,창원시의창구,동읍,1,"https://map.kakao.com/link/map/%EC%84%B1%EC%A7%841%EC%B0%A8%EC%95%84%ED%8C%8C%ED%8A%B8,35.2774509,128.7054409",https://map.naver.com/p?lng=128.7054409&lat=35.2774509&zoom=18,103301,CWB379000290,35.277451,128.705441
성진3차아파트,창원시의창구,동읍,1,"https://map.kakao.com/link/map/%EC%84%B1%EC%A7%843%EC%B0%A8%EC%95%84%ED%8C%8C%ED%8A%B8,35.2750424,128.7061769",https://map.naver.com/p?lng=128.7061769&lat=35.2750424&zoom=18,103302,CWB379002036,35.275042,128.706177
성진5차아파트,창원시의창구,동읍,1,"https://map.kakao.com/link/map/%EC%84%B1%EC%A7%845%EC%B0%A8%EC%95%84%ED%8C%8C%ED%8A%B8,35.273688,128.7057591",https://map.naver.com/p?lng=128.7057591&lat=35.273688&zoom=18,115805,CWB379000306,35.273688,128.705759
송정주공아파트,창원시의창구,동읍,1,"https://map.kakao.com/link/map/%EC%86%A1%EC%A0%95%EC%A3%BC%EA%B3%B5%EC%95%84%ED%8C%8C%ED%8A%B8,35.2785644,128.7014941",https://map.naver.com/p?lng=128.7014941&lat=35.2785644&zoom=18,630081,CWB379002035,35.278564,128.701494
신방,창원시의창구,동읍,2,"https://map.kakao.com/link/map/%EC%8B%A0%EB%B0%A9,35.2859153,128.6802762",https://map.naver.com/p?lng=128.6802762&lat=35.2859153&zoom=18,104606,CWB379000269,35.285915,128.680276
신방,창원시의창구,동읍,2,"https://map.kakao.com/link/map/%EC%8B%A0%EB%B0%A9,35.285691,128.6803762",https://map.naver.com/p?lng=128.6803762&lat=35.285691&zoom=18,104603,CWB379000270,35.285691,128.680376
양교,창원시의창구,동읍,2,"https://map.kakao.com/link/map/%EC%96%91%EA%B5%90,35.3428454,128.667571",https://map.naver.com/p?lng=128.667571&lat=35.3428454&zoom=18,104632,CWB379000135,35.342845,128.667571
양교,창원시의창구,동읍,2,"https://map.kakao.com/link/map/%EC%96%91%EA%B5%90,35.3425101,128.6677639",https://map.naver.com/p?lng=128.6677639&lat=35.3425101&zoom=18,104629,CWB379000138,35.34251,128.667764
용강검문소,창원시의창구,동읍,1,"https://map.kakao.com/link/map/%EC%9A%A9%EA%B0%95%EA%B2%80%EB%AC%B8%EC%86%8C,35.2678977,128.639714",https://map.naver.com/p?lng=128.639714&lat=35.2678977&zoom=18,115317,CWB379000320,35.267898,128.639714
용강마을.묘향사입구,창원시의창구,동읍,2,"https://map.kakao.com/link/map/%EC%9A%A9%EA%B0%95%EB%A7%88%EC%9D%84.%EB%AC%98%ED%96%A5%EC%82%AC%EC%9E%85%EA%B5%AC,35.2716123,128.6346903",https://map.naver.com/p?lng=128.6346903&lat=35.2716123&zoom=18,115339,CWB379003362,35.271612,128.63469
용강마을.묘향사입구,창원시의창구,동읍,2,"https://map.kakao.com/link/map/%EC%9A%A9%EA%B0%95%EB%A7%88%EC%9D%84.%EB%AC%98%ED%96%A5%EC%82%AC%EC%9E%85%EA%B5%AC,35.2717365,128.6355359",https://map.naver.com/p?lng=128.6355359&lat=35.2717365&zoom=18,115340,CWB379003363,35.271736,128.635536
용강마을입구,창원시의창구,동읍,2,"https://map.kakao.com/link/map/%EC%9A%A9%EA%B0%95%EB%A7%88%EC%9D%84%EC%9E%85%EA%B5%AC,35.2691709,128.6386966",https://map.naver.com/p?lng=128.6386966&lat=35.2691709&zoom=18,115335,CWB379003358,35.269171,128.638697
용강마을입구,창원시의창구,동읍,2,"https://map.kakao.com/link/map/%EC%9A%A9%EA%B0%95%EB%A7%88%EC%9D%84%EC%9E%85%EA%B5%AC,35.2690949,128.6390202",https://map.naver.com/p?lng=128.6390202&lat=35.2690949&zoom=18,115336,CWB379003359,35.269095,128.63902
용강삼거리,창원시의창구,동읍,2,"https://map.kakao.com/link/map/%EC%9A%A9%EA%B0%95%EC%82%BC%EA%B1%B0%EB%A6%AC,35.2698416,128.6317949",https://map.naver.com/p?lng=128.6317949&lat=35.2698416&zoom=18,115337,CWB379003360,35.269842,128.631795
용강삼거리,창원시의창구,동읍,2,"https://map.kakao.com/link/map/%EC%9A%A9%EA%B0%95%EC%82%BC%EA%B1%B0%EB%A6%AC,35.2700908,128.6318067",https://map.naver.com/p?lng=128.6318067&lat=35.2700908&zoom=18,115338,CWB379003361,35.270091,128.631807
용산,창원시의창구,동읍,2,"https://map.kakao.com/link/map/%EC%9A%A9%EC%82%B0,35.3308424,128.6710773",https://map.naver.com/p?lng=128.6710773&lat=35.3308424&zoom=18,104625,CWB379000160,35.330842,128.671077
용산,창원시의창구,동읍,2,"https://map.kakao.com/link/map/%EC%9A%A9%EC%82%B0,35.3311151,128.6710663",https://map.naver.com/p?lng=128.6710663&lat=35.3311151&zoom=18,104628,CWB379000161,35.331115,128.671066
용산입구,창원시의창구,동읍,2,"https://map.kakao.com/link/map/%EC%9A%A9%EC%82%B0%EC%9E%85%EA%B5%AC,35.3327312,128.6787689",https://map.naver.com/p?lng=128.6787689&lat=35.3327312&zoom=18,100204,CWB379000158,35.332731,128.678769
용산입구,창원시의창구,동읍,2,"https://map.kakao.com/link/map/%EC%9A%A9%EC%82%B0%EC%9E%85%EA%B5%AC,35.3327858,128.6788801",https://map.naver.com/p?lng=128.6788801&lat=35.3327858&zoom=18,100203,CWB379000159,35.332786,128.67888
용암,창원시의창구,동읍,2,"https://map.kakao.com/link/map/%EC%9A%A9%EC%95%94,35.2694985,128.6472602",https://map.naver.com/p?lng=128.6472602&lat=35.2694985&zoom=18,115319,CWB379000317,35.269498,128.64726
용암,창원시의창구,동읍,2,"https://map.kakao.com/link/map/%EC%9A%A9%EC%95%94,35.2694684,128.6466746",https://map.naver.com/p?lng=128.6466746&lat=35.2694684&zoom=18,115320,CWB379000318,35.269468,128.646675
용암마을회관,창원시의창구,동읍,2,"https://map.kakao.com/link/map/%EC%9A%A9%EC%95%94%EB%A7%88%EC%9D%84%ED%9A%8C%EA%B4%80,35.2723002,128.6456767",https://map.naver.com/p?lng=128.6456767&lat=35.2723002&zoom=18,115341,CWB379003364,35.2723,128.645677
용암마을회관,창원시의창구,동읍,2,"https://map.kakao.com/link/map/%EC%9A%A9%EC%95%94%EB%A7%88%EC%9D%84%ED%9A%8C%EA%B4%80,35.2722209,128.645647",https://map.naver.com/p?lng=128.645647&lat=35.2722209&zoom=18,115342,CWB379003365,35.272221,128.645647
용연마을,창원시의창구,동읍,2,"https://map.kakao.com/link/map/%EC%9A%A9%EC%97%B0%EB%A7%88%EC%9D%84,35.353848,128.6695115",https://map.naver.com/p?lng=128.6695115&lat=35.353848&zoom=18,106803,CWB379000079,35.353848,128.669512
용연마을,창원시의창구,동읍,2,"https://map.kakao.com/link/map/%EC%9A%A9%EC%97%B0%EB%A7%88%EC%9D%84,35.3537296,128.6695323",https://map.naver.com/p?lng=128.6695323&lat=35.3537296&zoom=18,106804,CWB379000080,35.35373,128.669532
용연입구,창원시의창구,동읍,2,"https://map.kakao.com/link/map/%EC%9A%A9%EC%97%B0%EC%9E%85%EA%B5%AC,35.3539276,128.6666612",https://map.naver.com/p?lng=128.6666612&lat=35.3539276&zoom=18,106801,CWB379000077,35.353928,128.666661
용연입구,창원시의창구,동읍,2,"https://map.kakao.com/link/map/%EC%9A%A9%EC%97%B0%EC%9E%85%EA%B5%AC,35.353811,128.6663791",https://map.naver.com/p?lng=128.6663791&lat=35.353811&zoom=18,106802,CWB379000078,35.353811,128.666379
용잠.동읍행정복지센터,창원시의창구,동읍,2,"https://map.kakao.com/link/map/%EC%9A%A9%EC%9E%A0.%EB%8F%99%EC%9D%8D%ED%96%89%EC%A0%95%EB%B3%B5%EC%A7%80%EC%84%BC%ED%84%B0,35.2836293,128.6823312",https://map.naver.com/p?lng=128.6823312&lat=35.2836293&zoom=18,104601,CWB379000277,35.283629,128.682331
용잠.동읍행정복지센터,창원시의창구,동읍,2,"https://map.kakao.com/link/map/%EC%9A%A9%EC%9E%A0.%EB%8F%99%EC%9D%8D%ED%96%89%EC%A0%95%EB%B3%B5%EC%A7%80%EC%84%BC%ED%84%B0,35.2837437,128.682372",https://map.naver.com/p?lng=128.682372&lat=35.2837437&zoom=18,104604,CWB379000279,35.283744,128.682372
용잠3구,창원시의창구,동읍,1,"https://map.kakao.com/link/map/%EC%9A%A9%EC%9E%A03%EA%B5%AC,35.278137,128.6845954",https://map.naver.com/p?lng=128.6845954&lat=35.278137&zoom=18,104602,CWB379002382,35.278137,128.684595
용잠삼거리,창원시의창구,동읍,2,"https://map.kakao.com/link/map/%EC%9A%A9%EC%9E%A0%EC%82%BC%EA%B1%B0%EB%A6%AC,35.2772562,128.6850125",https://map.naver.com/p?lng=128.6850125&lat=35.2772562&zoom=18,115326,CWB379000291,35.277256,128.685012
용잠삼거리,창원시의창구,동읍,2,"https://map.kakao.com/link/map/%EC%9A%A9%EC%9E%A0%EC%82%BC%EA%B1%B0%EB%A6%AC,35.2772213,128.6842029",https://map.naver.com/p?lng=128.6842029&lat=35.2772213&zoom=18,115325,CWB379000295,35.277221,128.684203
용전.남산마을입구,창원시의창구,동읍,2,"https://map.kakao.com/link/map/%EC%9A%A9%EC%A0%84.%EB%82%A8%EC%82%B0%EB%A7%88%EC%9D%84%EC%9E%85%EA%B5%AC,35.2709564,128.6616074",https://map.naver.com/p?lng=128.6616074&lat=35.2709564&zoom=18,115321,CWB379000313,35.270956,128.661607
용전.남산마을입구,창원시의창구,동읍,2,"https://map.kakao.com/link/map/%EC%9A%A9%EC%A0%84.%EB%82%A8%EC%82%B0%EB%A7%88%EC%9D%84%EC%9E%85%EA%B5%AC,35.2705952,128.6616577",https://map.naver.com/p?lng=128.6616577&lat=35.2705952&zoom=18,115322,CWB379000315,35.270595,128.661658
용전마을,창원시의창구,동읍,1,"https://map.kakao.com/link/map/%EC%9A%A9%EC%A0%84%EB%A7%88%EC%9D%84,35.2764582,128.656854",https://map.naver.com/p?lng=128.656854&lat=35.2764582&zoom=18,630014,CWB379000299,35.276458,128.656854
용정,창원시의창구,동읍,1,"https://map.kakao.com/link/map/%EC%9A%A9%EC%A0%95,35.2752612,128.7031314",https://map.naver.com/p?lng=128.7031314&lat=35.2752612&zoom=18,115804,CWB379000302,35.275261,128.703131
우성아파트,창원시의창구,동읍,2,"https://map.kakao.com/link/map/%EC%9A%B0%EC%84%B1%EC%95%84%ED%8C%8C%ED%8A%B8,35.2892912,128.6997298",https://map.naver.com/p?lng=128.6997298&lat=35.2892912&zoom=18,105702,CWB379000258,35.289291,128.69973
우성아파트,창원시의창구,동읍,2,"https://map.kakao.com/link/map/%EC%9A%B0%EC%84%B1%EC%95%84%ED%8C%8C%ED%8A%B8,35.2892231,128.6994454",https://map.naver.com/p?lng=128.6994454&lat=35.2892231&zoom=18,105701,CWB379000259,35.289223,128.699445
원봉강,창원시의창구,동읍,2,"https://map.kakao.com/link/map/%EC%9B%90%EB%B4%89%EA%B0%95,35.3551384,128.6549557",https://map.naver.com/p?lng=128.6549557&lat=35.3551384&zoom=18,104639,CWB379000075,35.355138,128.654956
원봉강,창원시의창구,동읍,2,"https://map.kakao.com/link/map/%EC%9B%90%EB%B4%89%EA%B0%95,35.3550249,128.6551802",https://map.naver.com/p?lng=128.6551802&lat=35.3550249&zoom=18,104642,CWB379000076,35.355025,128.65518
윗대방,창원시의창구,동읍,2,"https://map.kakao.com/link/map/%EC%9C%97%EB%8C%80%EB%B0%A9,35.3452752,128.6902114",https://map.naver.com/p?lng=128.6902114&lat=35.3452752&zoom=18,106813,CWB379000121,35.345275,128.690211
윗대방,창원시의창구,동읍,2,"https://map.kakao.com/link/map/%EC%9C%97%EB%8C%80%EB%B0%A9,35.345181,128.6901289",https://map.naver.com/p?lng=128.6901289&lat=35.345181&zoom=18,106814,CWB379000122,35.345181,128.690129
자여민원센터,창원시의창구,동읍,1,"https://map.kakao.com/link/map/%EC%9E%90%EC%97%AC%EB%AF%BC%EC%9B%90%EC%84%BC%ED%84%B0,35.2772571,128.7006784",https://map.naver.com/p?lng=128.7006784&lat=35.2772571&zoom=18,115801,CWB379000294,35.277257,128.700678
자여사거리,창원시의창구,동읍,2,"https://map.kakao.com/link/map/%EC%9E%90%EC%97%AC%EC%82%AC%EA%B1%B0%EB%A6%AC,35.2812376,128.6958137",https://map.naver.com/p?lng=128.6958137&lat=35.2812376&zoom=18,115343,CWB379003506,35.281238,128.695814
자여사거리,창원시의창구,동읍,2,"https://map.kakao.com/link/map/%EC%9E%90%EC%97%AC%EC%82%AC%EA%B1%B0%EB%A6%AC,35.2814058,128.6957046",https://map.naver.com/p?lng=128.6957046&lat=35.2814058&zoom=18,115344,CWB379003507,35.281406,128.695705
자여입구,창원시의창구,동읍,2,"https://map.kakao.com/link/map/%EC%9E%90%EC%97%AC%EC%9E%85%EA%B5%AC,35.2803239,128.6959212",https://map.naver.com/p?lng=128.6959212&lat=35.2803239&zoom=18,115329,CWB379000282,35.280324,128.695921
자여입구,창원시의창구,동읍,2,"https://map.kakao.com/link/map/%EC%9E%90%EC%97%AC%EC%9E%85%EA%B5%AC,35.2802959,128.6957386",https://map.naver.com/p?lng=128.6957386&lat=35.2802959&zoom=18,115330,CWB379000283,35.280296,128.695739
전촌,창원시의창구,동읍,2,"https://map.kakao.com/link/map/%EC%A0%84%EC%B4%8C,35.3597794,128.6533502",https://map.naver.com/p?lng=128.6533502&lat=35.3597794&zoom=18,104646,CWB379000062,35.359779,128.65335
전촌,창원시의창구,동읍,2,"https://map.kakao.com/link/map/%EC%A0%84%EC%B4%8C,35.3596379,128.6534055",https://map.naver.com/p?lng=128.6534055&lat=35.3596379&zoom=18,104643,CWB379000063,35.359638,128.653405
전촌입구,창원시의창구,동읍,4,"https://map.kakao.com/link/map/%EC%A0%84%EC%B4%8C%EC%9E%85%EA%B5%AC,35.3573927,128.6560472",https://map.naver.com/p?lng=128.6560472&lat=35.3573927&zoom=18,104653,CWB379003155,35.357393,128.656047
전촌입구,창원시의창구,동읍,4,"https://map.kakao.com/link/map/%EC%A0%84%EC%B4%8C%EC%9E%85%EA%B5%AC,35.3572722,128.6561347",https://map.naver.com/p?lng=128.6561347&lat=35.3572722&zoom=18,104654,CWB379003156,35.357272,128.656135
전촌입구,창원시의창구,동읍,4,"https://map.kakao.com/link/map/%EC%A0%84%EC%B4%8C%EC%9E%85%EA%B5%AC,35.3576631,128.6555278",https://map.naver.com/p?lng=128.6555278&lat=35.3576631&zoom=18,104641,CWB379000071,35.357663,128.655528
전촌입구,창원시의창구,동읍,4,"https://map.kakao.com/link/map/%EC%A0%84%EC%B4%8C%EC%9E%85%EA%B5%AC,35.3577184,128.6556073",https://map.naver.com/p?lng=128.6556073&lat=35.3577184&zoom=18,104644,CWB379000072,35.357718,128.655607
주남삼거리,창원시의창구,동읍,4,"https://map.kakao.com/link/map/%EC%A3%BC%EB%82%A8%EC%82%BC%EA%B1%B0%EB%A6%AC,35.2993287,128.6697941",https://map.naver.com/p?lng=128.6697941&lat=35.2993287&zoom=18,104649,CWB379003102,35.299329,128.669794
주남삼거리,창원시의창구,동읍,4,"https://map.kakao.com/link/map/%EC%A3%BC%EB%82%A8%EC%82%BC%EA%B1%B0%EB%A6%AC,35.2994385,128.6698328",https://map.naver.com/p?lng=128.6698328&lat=35.2994385&zoom=18,104650,CWB379003103,35.299438,128.669833
주남삼거리,창원시의창구,동읍,4,"https://map.kakao.com/link/map/%EC%A3%BC%EB%82%A8%EC%82%BC%EA%B1%B0%EB%A6%AC,35.2997591,128.670303",https://map.naver.com/p?lng=128.670303&lat=35.2997591&zoom=18,104659,CWB379003377,35.299759,128.670303
주남삼거리,창원시의창구,동읍,4,"https://map.kakao.com/link/map/%EC%A3%BC%EB%82%A8%EC%82%BC%EA%B1%B0%EB%A6%AC,35.299632,128.6703692",https://map.naver.com/p?lng=128.6703692&lat=35.299632&zoom=18,104660,CWB379003378,35.299632,128.670369
주남요양센터,창원시의창구,동읍,2,"https://map.kakao.com/link/map/%EC%A3%BC%EB%82%A8%EC%9A%94%EC%96%91%EC%84%BC%ED%84%B0,35.345389,128.6639472",https://map.naver.com/p?lng=128.6639472&lat=35.345389&zoom=18,104634,CWB379000123,35.345389,128.663947
주남요양센터,창원시의창구,동읍,2,"https://map.kakao.com/link/map/%EC%A3%BC%EB%82%A8%EC%9A%94%EC%96%91%EC%84%BC%ED%84%B0,35.3452992,128.6639206",https://map.naver.com/p?lng=128.6639206&lat=35.3452992&zoom=18,104631,CWB379000124,35.345299,128.663921
주남저수지,창원시의창구,동읍,2,"https://map.kakao.com/link/map/%EC%A3%BC%EB%82%A8%EC%A0%80%EC%88%98%EC%A7%80,35.3049511,128.6783359",https://map.naver.com/p?lng=128.6783359&lat=35.3049511&zoom=18,116503,CWB379000220,35.304951,128.678336
주남저수지,창원시의창구,동읍,2,"https://map.kakao.com/link/map/%EC%A3%BC%EB%82%A8%EC%A0%80%EC%88%98%EC%A7%80,35.3050352,128.6790942",https://map.naver.com/p?lng=128.6790942&lat=35.3050352&zoom=18,116504,CWB379000221,35.305035,128.679094
죽동,창원시의창구,동읍,2,"https://map.kakao.com/link/map/%EC%A3%BD%EB%8F%99,35.3518436,128.6811678",https://map.naver.com/p?lng=128.6811678&lat=35.3518436&zoom=18,106811,CWB379000093,35.351844,128.681168
죽동,창원시의창구,동읍,2,"https://map.kakao.com/link/map/%EC%A3%BD%EB%8F%99,35.3517645,128.6810844",https://map.naver.com/p?lng=128.6810844&lat=35.3517645&zoom=18,106812,CWB379000094,35.351764,128.681084
죽동당산마을,창원시의창구,동읍,2,"https://map.kakao.com/link/map/%EC%A3%BD%EB%8F%99%EB%8B%B9%EC%82%B0%EB%A7%88%EC%9D%84,35.3537987,128.6829137",https://map.naver.com/p?lng=128.6829137&lat=35.3537987&zoom=18,116606,CWB379003146,35.353799,128.682914
죽동당산마을,창원시의창구,동읍,2,"https://map.kakao.com/link/map/%EC%A3%BD%EB%8F%99%EB%8B%B9%EC%82%B0%EB%A7%88%EC%9D%84,35.353786,128.6826713",https://map.naver.com/p?lng=128.6826713&lat=35.353786&zoom=18,116607,CWB379003147,35.353786,128.682671
죽동마을,창원시의창구,동읍,2,"https://map.kakao.com/link/map/%EC%A3%BD%EB%8F%99%EB%A7%88%EC%9D%84,35.3519652,128.6807519",https://map.naver.com/p?lng=128.6807519&lat=35.3519652&zoom=18,106809,CWB379000089,35.351965,128.680752
죽동마을,창원시의창구,동읍,2,"https://map.kakao.com/link/map/%EC%A3%BD%EB%8F%99%EB%A7%88%EC%9D%84,35.3518463,128.6807639",https://map.naver.com/p?lng=128.6807639&lat=35.3518463&zoom=18,106810,CWB379000092,35.351846,128.680764
창원단감테마공원,창원시의창구,동읍,1,"https://map.kakao.com/link/map/%EC%B0%BD%EC%9B%90%EB%8B%A8%EA%B0%90%ED%85%8C%EB%A7%88%EA%B3%B5%EC%9B%90,35.300059,128.6635186",https://map.naver.com/p?lng=128.6635186&lat=35.300059&zoom=18,104661,CWB379003418,35.300059,128.663519
칠성아파트,창원시의창구,동읍,2,"https://map.kakao.com/link/map/%EC%B9%A0%EC%84%B1%EC%95%84%ED%8C%8C%ED%8A%B8,35.2927873,128.6758843",https://map.naver.com/p?lng=128.6758843&lat=35.2927873&zoom=18,104608,CWB379000252,35.292787,128.675884
칠성아파트,창원시의창구,동읍,2,"https://map.kakao.com/link/map/%EC%B9%A0%EC%84%B1%EC%95%84%ED%8C%8C%ED%8A%B8,35.291445,128.6758429",https://map.naver.com/p?lng=128.6758429&lat=35.291445&zoom=18,104605,CWB379000255,35.291445,128.675843
판신,창원시의창구,동읍,2,"https://map.kakao.com/link/map/%ED%8C%90%EC%8B%A0,35.3076727,128.6867987",https://map.naver.com/p?lng=128.6867987&lat=35.3076727&zoom=18,116506,CWB379000212,35.307673,128.686799
판신,창원시의창구,동읍,2,"https://map.kakao.com/link/map/%ED%8C%90%EC%8B%A0,35.3076321,128.6863315",https://map.naver.com/p?lng=128.6863315&lat=35.3076321&zoom=18,116505,CWB379000211,35.307632,128.686332
판신마을,창원시의창구,동읍,2,"https://map.kakao.com/link/map/%ED%8C%90%EC%8B%A0%EB%A7%88%EC%9D%84,35.3091573,128.691649",https://map.naver.com/p?lng=128.691649&lat=35.3091573&zoom=18,630249,CWB379003015,35.309157,128.691649
판신마을,창원시의창구,동읍,2,"https://map.kakao.com/link/map/%ED%8C%90%EC%8B%A0%EB%A7%88%EC%9D%84,35.3091693,128.6919762",https://map.naver.com/p?lng=128.6919762&lat=35.3091693&zoom=18,630250,CWB379003016,35.309169,128.691976
하옥정,창원시의창구,동읍,2,"https://map.kakao.com/link/map/%ED%95%98%EC%98%A5%EC%A0%95,35.3688284,128.667054",https://map.naver.com/p?lng=128.667054&lat=35.3688284&zoom=18,103721,CWB379003144,35.368828,128.667054
하옥정,창원시의창구,동읍,2,"https://map.kakao.com/link/map/%ED%95%98%EC%98%A5%EC%A0%95,35.3687426,128.6669885",https://map.naver.com/p?lng=128.6669885&lat=35.3687426&zoom=18,103704,CWB379000020,35.368743,128.666988
합산,창원시의창구,동읍,2,"https://map.kakao.com/link/map/%ED%95%A9%EC%82%B0,35.3376569,128.6772907",https://map.naver.com/p?lng=128.6772907&lat=35.3376569&zoom=18,100202,CWB379000146,35.337657,128.677291
합산,창원시의창구,동읍,2,"https://map.kakao.com/link/map/%ED%95%A9%EC%82%B0,35.3375815,128.6773869",https://map.naver.com/p?lng=128.6773869&lat=35.3375815&zoom=18,100201,CWB379000147,35.337582,128.677387
화목,창원시의창구,동읍,2,"https://map.kakao.com/link/map/%ED%99%94%EB%AA%A9,35.3039778,128.6576441",https://map.naver.com/p?lng=128.6576441&lat=35.3039778&zoom=18,104616,CWB379000225,35.303978,128.657644
화목,창원시의창구,동읍,2,"https://map.kakao.com/link/map/%ED%99%94%EB%AA%A9,35.3037749,128.6578523",https://map.naver.com/p?lng=128.6578523&lat=35.3037749&zoom=18,104613,CWB379000226,35.303775,128.657852
활천,창원시의창구,동읍,2,"https://map.kakao.com/link/map/%ED%99%9C%EC%B2%9C,35.3698706,128.6514391",https://map.naver.com/p?lng=128.6514391&lat=35.3698706&zoom=18,103701,CWB379000018,35.369871,128.651439
활천,창원시의창구,동읍,2,"https://map.kakao.com/link/map/%ED%99%9C%EC%B2%9C,35.3697336,128.6515684",https://map.naver.com/p?lng=128.6515684&lat=35.3697336&zoom=18,103702,CWB379000019,35.369734,128.651568
농업기술센터,창원시의창구,명곡동,2,"https://map.kakao.com/link/map/%EB%86%8D%EC%97%85%EA%B8%B0%EC%88%A0%EC%84%BC%ED%84%B0,35.2395139,128.6492866",https://map.naver.com/p?lng=128.6492866&lat=35.2395139&zoom=18,119105,CWB379000651,35.239514,128.649287
농업기술센터,창원시의창구,명곡동,2,"https://map.kakao.com/link/map/%EB%86%8D%EC%97%85%EA%B8%B0%EC%88%A0%EC%84%BC%ED%84%B0,35.2393544,128.6487661",https://map.naver.com/p?lng=128.6487661&lat=35.2393544&zoom=18,119106,CWB379000653,35.239354,128.648766
대남종합상가,창원시의창구,명곡동,1,"https://map.kakao.com/link/map/%EB%8C%80%EB%82%A8%EC%A2%85%ED%95%A9%EC%83%81%EA%B0%80,35.256135,128.6402705",https://map.naver.com/p?lng=128.6402705&lat=35.256135&zoom=18,104506,CWB379000420,35.256135,128.640271
도계동,창원시의창구,명곡동,1,"https://map.kakao.com/link/map/%EB%8F%84%EA%B3%84%EB%8F%99,35.2608238,128.6362921",https://map.naver.com/p?lng=128.6362921&lat=35.2608238&zoom=18,104503,CWB379000372,35.260824,128.636292
도계동만남의광장,창원시의창구,명곡동,2,"https://map.kakao.com/link/map/%EB%8F%84%EA%B3%84%EB%8F%99%EB%A7%8C%EB%82%A8%EC%9D%98%EA%B4%91%EC%9E%A5,35.2618589,128.6329544",https://map.naver.com/p?lng=128.6329544&lat=35.2618589&zoom=18,115315,CWB379000357,35.261859,128.632954
도계동만남의광장,창원시의창구,명곡동,2,"https://map.kakao.com/link/map/%EB%8F%84%EA%B3%84%EB%8F%99%EB%A7%8C%EB%82%A8%EC%9D%98%EA%B4%91%EC%9E%A5,35.2615157,128.6322538",https://map.naver.com/p?lng=128.6322538&lat=35.2615157&zoom=18,115316,CWB379000362,35.261516,128.632254
도계초등학교,창원시의창구,명곡동,2,"https://map.kakao.com/link/map/%EB%8F%84%EA%B3%84%EC%B4%88%EB%93%B1%ED%95%99%EA%B5%90,35.2586577,128.6380958",https://map.naver.com/p?lng=128.6380958&lat=35.2586577&zoom=18,104505,CWB379000391,35.258658,128.638096
도계초등학교,창원시의창구,명곡동,2,"https://map.kakao.com/link/map/%EB%8F%84%EA%B3%84%EC%B4%88%EB%93%B1%ED%95%99%EA%B5%90,35.2590599,128.6380159",https://map.naver.com/p?lng=128.6380159&lat=35.2590599&zoom=18,104504,CWB379000393,35.25906,128.638016
두산위브,창원시의창구,명곡동,2,"https://map.kakao.com/link/map/%EB%91%90%EC%82%B0%EC%9C%84%EB%B8%8C,35.2522473,128.6415994",https://map.naver.com/p?lng=128.6415994&lat=35.2522473&zoom=18,104508,CWB379000446,35.252247,128.641599
두산위브,창원시의창구,명곡동,2,"https://map.kakao.com/link/map/%EB%91%90%EC%82%B0%EC%9C%84%EB%B8%8C,35.2520953,128.641729",https://map.naver.com/p?lng=128.641729&lat=35.2520953&zoom=18,104509,CWB379000452,35.252095,128.641729
명곡다리(명곡교회),창원시의창구,명곡동,2,"https://map.kakao.com/link/map/%EB%AA%85%EA%B3%A1%EB%8B%A4%EB%A6%AC%28%EB%AA%85%EA%B3%A1%EA%B5%90%ED%9A%8C%29,35.2461083,128.6437399",https://map.naver.com/p?lng=128.6437399&lat=35.2461083&zoom=18,114240,CWB379006077,35.246108,128.64374
명곡다리(명곡교회),창원시의창구,명곡동,2,"https://map.kakao.com/link/map/%EB%AA%85%EA%B3%A1%EB%8B%A4%EB%A6%AC%28%EB%AA%85%EA%B3%A1%EA%B5%90%ED%9A%8C%29,35.2451156,128.6456643",https://map.naver.com/p?lng=128.6456643&lat=35.2451156&zoom=18,114241,CWB379006078,35.245116,128.645664
명서1동,창원시의창구,명곡동,2,"https://map.kakao.com/link/map/%EB%AA%85%EC%84%9C1%EB%8F%99,35.2486624,128.6487532",https://map.naver.com/p?lng=128.6487532&lat=35.2486624&zoom=18,105406,CWB379000500,35.248662,128.648753
명서1동,창원시의창구,명곡동,2,"https://map.kakao.com/link/map/%EB%AA%85%EC%84%9C1%EB%8F%99,35.2485814,128.6488812",https://map.naver.com/p?lng=128.6488812&lat=35.2485814&zoom=18,105407,CWB379000501,35.248581,128.648881
명서1민원센터,창원시의창구,명곡동,1,"https://map.kakao.com/link/map/%EB%AA%85%EC%84%9C1%EB%AF%BC%EC%9B%90%EC%84%BC%ED%84%B0,35.2437634,128.6478396",https://map.naver.com/p?lng=128.6478396&lat=35.2437634&zoom=18,114242,CWB379006079,35.243763,128.64784
명서동허앤리병원(가로변),창원시의창구,명곡동,1,"https://map.kakao.com/link/map/%EB%AA%85%EC%84%9C%EB%8F%99%ED%97%88%EC%95%A4%EB%A6%AC%EB%B3%91%EC%9B%90%28%EA%B0%80%EB%A1%9C%EB%B3%80%29,35.2439375,128.6479551",https://map.naver.com/p?lng=128.6479551&lat=35.2439375&zoom=18,114211,CWB379000587,35.243938,128.647955
명서로입구,창원시의창구,명곡동,1,"https://map.kakao.com/link/map/%EB%AA%85%EC%84%9C%EB%A1%9C%EC%9E%85%EA%B5%AC,35.2459324,128.6466131",https://map.naver.com/p?lng=128.6466131&lat=35.2459324&zoom=18,105408,CWB379002299,35.245932,128.646613
명서시장,창원시의창구,명곡동,2,"https://map.kakao.com/link/map/%EB%AA%85%EC%84%9C%EC%8B%9C%EC%9E%A5,35.2476771,128.6421978",https://map.naver.com/p?lng=128.6421978&lat=35.2476771&zoom=18,114238,CWB379006075,35.247677,128.642198
명서시장,창원시의창구,명곡동,2,"https://map.kakao.com/link/map/%EB%AA%85%EC%84%9C%EC%8B%9C%EC%9E%A5,35.2468792,128.6430468",https://map.naver.com/p?lng=128.6430468&lat=35.2468792&zoom=18,114239,CWB379006076,35.246879,128.643047
명서중학교,창원시의창구,명곡동,2,"https://map.kakao.com/link/map/%EB%AA%85%EC%84%9C%EC%A4%91%ED%95%99%EA%B5%90,35.2509431,128.6459439",https://map.naver.com/p?lng=128.6459439&lat=35.2509431&zoom=18,105402,CWB379000467,35.250943,128.645944
명서중학교,창원시의창구,명곡동,2,"https://map.kakao.com/link/map/%EB%AA%85%EC%84%9C%EC%A4%91%ED%95%99%EA%B5%90,35.250702,128.6452126",https://map.naver.com/p?lng=128.6452126&lat=35.250702&zoom=18,105403,CWB379000470,35.250702,128.645213
명서초등학교,창원시의창구,명곡동,3,"https://map.kakao.com/link/map/%EB%AA%85%EC%84%9C%EC%B4%88%EB%93%B1%ED%95%99%EA%B5%90,35.250197,128.640131",https://map.naver.com/p?lng=128.640131&lat=35.250197&zoom=18,114236,CWB379006073,35.250197,128.640131
명서초등학교,창원시의창구,명곡동,3,"https://map.kakao.com/link/map/%EB%AA%85%EC%84%9C%EC%B4%88%EB%93%B1%ED%95%99%EA%B5%90,35.2497845,128.6406418",https://map.naver.com/p?lng=128.6406418&lat=35.2497845&zoom=18,114237,CWB379006074,35.249784,128.640642
명서초등학교,창원시의창구,명곡동,3,"https://map.kakao.com/link/map/%EB%AA%85%EC%84%9C%EC%B4%88%EB%93%B1%ED%95%99%EA%B5%90,35.2489236,128.6424087",https://map.naver.com/p?lng=128.6424087&lat=35.2489236&zoom=18,105401,CWB379000495,35.248924,128.642409
명서초등학교(가로변),창원시의창구,명곡동,1,"https://map.kakao.com/link/map/%EB%AA%85%EC%84%9C%EC%B4%88%EB%93%B1%ED%95%99%EA%B5%90%28%EA%B0%80%EB%A1%9C%EB%B3%80%29,35.2492264,128.641231",https://map.naver.com/p?lng=128.641231&lat=35.2492264&zoom=18,114207,CWB379000493,35.249226,128.641231
명지여고,창원시의창구,명곡동,2,"https://map.kakao.com/link/map/%EB%AA%85%EC%A7%80%EC%97%AC%EA%B3%A0,35.2514804,128.6477562",https://map.naver.com/p?lng=128.6477562&lat=35.2514804&zoom=18,105405,CWB379000461,35.25148,128.647756
명지여고,창원시의창구,명곡동,2,"https://map.kakao.com/link/map/%EB%AA%85%EC%A7%80%EC%97%AC%EA%B3%A0,35.2508704,128.6482982",https://map.naver.com/p?lng=128.6482982&lat=35.2508704&zoom=18,105404,CWB379000469,35.25087,128.648298
봉곡동상가입구,창원시의창구,명곡동,1,"https://map.kakao.com/link/map/%EB%B4%89%EA%B3%A1%EB%8F%99%EC%83%81%EA%B0%80%EC%9E%85%EA%B5%AC,35.244586,128.6490254",https://map.naver.com/p?lng=128.6490254&lat=35.244586&zoom=18,117601,CWB379000576,35.244586,128.649025
상북초교정문,창원시의창구,명곡동,1,"https://map.kakao.com/link/map/%EC%83%81%EB%B6%81%EC%B4%88%EA%B5%90%EC%A0%95%EB%AC%B8,35.2465986,128.6507505",https://map.naver.com/p?lng=128.6507505&lat=35.2465986&zoom=18,117603,CWB379000543,35.246599,128.65075
서부경찰서(원흥사),창원시의창구,명곡동,2,"https://map.kakao.com/link/map/%EC%84%9C%EB%B6%80%EA%B2%BD%EC%B0%B0%EC%84%9C%28%EC%9B%90%ED%9D%A5%EC%82%AC%29,35.2524711,128.6382404",https://map.naver.com/p?lng=128.6382404&lat=35.2524711&zoom=18,114234,CWB379006071,35.252471,128.63824
서부경찰서(원흥사),창원시의창구,명곡동,2,"https://map.kakao.com/link/map/%EC%84%9C%EB%B6%80%EA%B2%BD%EC%B0%B0%EC%84%9C%28%EC%9B%90%ED%9D%A5%EC%82%AC%29,35.2517874,128.6389875",https://map.naver.com/p?lng=128.6389875&lat=35.2517874&zoom=18,114235,CWB379006072,35.251787,128.638988
용강검문소,창원시의창구,명곡동,1,"https://map.kakao.com/link/map/%EC%9A%A9%EA%B0%95%EA%B2%80%EB%AC%B8%EC%86%8C,35.2678399,128.6406137",https://map.naver.com/p?lng=128.6406137&lat=35.2678399&zoom=18,115318,CWB379000319,35.26784,128.640614
의창구청,창원시의창구,명곡동,2,"https://map.kakao.com/link/map/%EC%9D%98%EC%B0%BD%EA%B5%AC%EC%B2%AD,35.2556737,128.6355032",https://map.naver.com/p?lng=128.6355032&lat=35.2556737&zoom=18,114232,CWB379006069,35.255674,128.635503
의창구청,창원시의창구,명곡동,2,"https://map.kakao.com/link/map/%EC%9D%98%EC%B0%BD%EA%B5%AC%EC%B2%AD,35.2549578,128.6362963",https://map.naver.com/p?lng=128.6362963&lat=35.2549578&zoom=18,114233,CWB379006070,35.254958,128.636296
의창스포츠센터,창원시의창구,명곡동,2,"https://map.kakao.com/link/map/%EC%9D%98%EC%B0%BD%EC%8A%A4%ED%8F%AC%EC%B8%A0%EC%84%BC%ED%84%B0,35.2585337,128.6331077",https://map.naver.com/p?lng=128.6331077&lat=35.2585337&zoom=18,114230,CWB379006067,35.258534,128.633108
의창스포츠센터,창원시의창구,명곡동,2,"https://map.kakao.com/link/map/%EC%9D%98%EC%B0%BD%EC%8A%A4%ED%8F%AC%EC%B8%A0%EC%84%BC%ED%84%B0,35.2579528,128.6337443",https://map.naver.com/p?lng=128.6337443&lat=35.2579528&zoom=18,114231,CWB379006068,35.257953,128.633744
창원중고등학교,창원시의창구,명곡동,1,"https://map.kakao.com/link/map/%EC%B0%BD%EC%9B%90%EC%A4%91%EA%B3%A0%EB%93%B1%ED%95%99%EA%B5%90,35.2555736,128.6409908",https://map.naver.com/p?lng=128.6409908&lat=35.2555736&zoom=18,104507,CWB379000424,35.255574,128.640991
파티마병원,창원시의창구,명곡동,1,"https://map.kakao.com/link/map/%ED%8C%8C%ED%8B%B0%EB%A7%88%EB%B3%91%EC%9B%90,35.2370188,128.646896",https://map.naver.com/p?lng=128.646896&lat=35.2370188&zoom=18,119104,CWB379000688,35.237019,128.646896
한마음아파트,창원시의창구,명곡동,2,"https://map.kakao.com/link/map/%ED%95%9C%EB%A7%88%EC%9D%8C%EC%95%84%ED%8C%8C%ED%8A%B8,35.2602808,128.6346775",https://map.naver.com/p?lng=128.6346775&lat=35.2602808&zoom=18,104502,CWB379000375,35.260281,128.634678
한마음아파트,창원시의창구,명곡동,2,"https://map.kakao.com/link/map/%ED%95%9C%EB%A7%88%EC%9D%8C%EC%95%84%ED%8C%8C%ED%8A%B8,35.2598432,128.6335314",https://map.naver.com/p?lng=128.6335314&lat=35.2598432&zoom=18,104501,CWB379000381,35.259843,128.633531
SM비즈타운,창원시의창구,봉림동,2,"https://map.kakao.com/link/map/SM%EB%B9%84%EC%A6%88%ED%83%80%EC%9A%B4,35.2399871,128.7000065",https://map.naver.com/p?lng=128.7000065&lat=35.2399871&zoom=18,108922,CWB379003493,35.239987,128.700006
SM비즈타운,창원시의창구,봉림동,2,"https://map.kakao.com/link/map/SM%EB%B9%84%EC%A6%88%ED%83%80%EC%9A%B4,35.2398552,128.7000596",https://map.naver.com/p?lng=128.7000596&lat=35.2398552&zoom=18,108925,CWB379005894,35.239855,128.70006
경남대표도서관,창원시의창구,봉림동,1,"https://map.kakao.com/link/map/%EA%B2%BD%EB%82%A8%EB%8C%80%ED%91%9C%EB%8F%84%EC%84%9C%EA%B4%80,35.2460794,128.6804102",https://map.naver.com/p?lng=128.6804102&lat=35.2460794&zoom=18,107506,CWB379000545,35.246079,128.68041
경남대표도서관입구,창원시의창구,봉림동,1,"https://map.kakao.com/link/map/%EA%B2%BD%EB%82%A8%EB%8C%80%ED%91%9C%EB%8F%84%EC%84%9C%EA%B4%80%EC%9E%85%EA%B5%AC,35.2464642,128.6799422",https://map.naver.com/p?lng=128.6799422&lat=35.2464642&zoom=18,107505,CWB379000537,35.246464,128.679942
경남도의회,창원시의창구,봉림동,2,"https://map.kakao.com/link/map/%EA%B2%BD%EB%82%A8%EB%8F%84%EC%9D%98%ED%9A%8C,35.2350907,128.6934212",https://map.naver.com/p?lng=128.6934212&lat=35.2350907&zoom=18,108915,CWB379003486,35.235091,128.693421
경남도의회,창원시의창구,봉림동,2,"https://map.kakao.com/link/map/%EA%B2%BD%EB%82%A8%EB%8F%84%EC%9D%98%ED%9A%8C,35.2353363,128.6938295",https://map.naver.com/p?lng=128.6938295&lat=35.2353363&zoom=18,108916,CWB379003487,35.235336,128.69383
경남도청,창원시의창구,봉림동,1,"https://map.kakao.com/link/map/%EA%B2%BD%EB%82%A8%EB%8F%84%EC%B2%AD,35.2356975,128.6916432",https://map.naver.com/p?lng=128.6916432&lat=35.2356975&zoom=18,119129,CWB379000701,35.235698,128.691643
국립창원대 동문,창원시의창구,봉림동,2,"https://map.kakao.com/link/map/%EA%B5%AD%EB%A6%BD%EC%B0%BD%EC%9B%90%EB%8C%80%20%EB%8F%99%EB%AC%B8,35.2388557,128.696628",https://map.naver.com/p?lng=128.696628&lat=35.2388557&zoom=18,108920,CWB379003491,35.238856,128.696628
국립창원대 동문,창원시의창구,봉림동,2,"https://map.kakao.com/link/map/%EA%B5%AD%EB%A6%BD%EC%B0%BD%EC%9B%90%EB%8C%80%20%EB%8F%99%EB%AC%B8,35.2395922,128.6958414",https://map.naver.com/p?lng=128.6958414&lat=35.2395922&zoom=18,108924,CWB379005519,35.239592,128.695841
국립창원대입구,창원시의창구,봉림동,2,"https://map.kakao.com/link/map/%EA%B5%AD%EB%A6%BD%EC%B0%BD%EC%9B%90%EB%8C%80%EC%9E%85%EA%B5%AC,35.2422011,128.6900516",https://map.naver.com/p?lng=128.6900516&lat=35.2422011&zoom=18,120503,CWB379000610,35.242201,128.690052
국립창원대입구,창원시의창구,봉림동,2,"https://map.kakao.com/link/map/%EA%B5%AD%EB%A6%BD%EC%B0%BD%EC%9B%90%EB%8C%80%EC%9E%85%EA%B5%AC,35.2421311,128.6902232",https://map.naver.com/p?lng=128.6902232&lat=35.2421311&zoom=18,120504,CWB379000612,35.242131,128.690223
국립창원대학교정문,창원시의창구,봉림동,2,"https://map.kakao.com/link/map/%EA%B5%AD%EB%A6%BD%EC%B0%BD%EC%9B%90%EB%8C%80%ED%95%99%EA%B5%90%EC%A0%95%EB%AC%B8,35.2428134,128.6916984",https://map.naver.com/p?lng=128.6916984&lat=35.2428134&zoom=18,120508,CWB379003517,35.242813,128.691698
국립창원대학교정문,창원시의창구,봉림동,2,"https://map.kakao.com/link/map/%EA%B5%AD%EB%A6%BD%EC%B0%BD%EC%9B%90%EB%8C%80%ED%95%99%EA%B5%90%EC%A0%95%EB%AC%B8,35.2433012,128.6916206",https://map.naver.com/p?lng=128.6916206&lat=35.2433012&zoom=18,120505,CWB379000591,35.243301,128.691621
까치아파트입구,창원시의창구,봉림동,2,"https://map.kakao.com/link/map/%EA%B9%8C%EC%B9%98%EC%95%84%ED%8C%8C%ED%8A%B8%EC%9E%85%EA%B5%AC,35.2460651,128.6645089",https://map.naver.com/p?lng=128.6645089&lat=35.2460651&zoom=18,119113,CWB379000548,35.246065,128.664509
까치아파트입구,창원시의창구,봉림동,2,"https://map.kakao.com/link/map/%EA%B9%8C%EC%B9%98%EC%95%84%ED%8C%8C%ED%8A%B8%EC%9E%85%EA%B5%AC,35.2457156,128.6642455",https://map.naver.com/p?lng=128.6642455&lat=35.2457156&zoom=18,119114,CWB379000560,35.245716,128.664246
농협하나로클럽,창원시의창구,봉림동,2,"https://map.kakao.com/link/map/%EB%86%8D%ED%98%91%ED%95%98%EB%82%98%EB%A1%9C%ED%81%B4%EB%9F%BD,35.2429202,128.6532093",https://map.naver.com/p?lng=128.6532093&lat=35.2429202&zoom=18,119107,CWB379000603,35.24292,128.653209
농협하나로클럽,창원시의창구,봉림동,2,"https://map.kakao.com/link/map/%EB%86%8D%ED%98%91%ED%95%98%EB%82%98%EB%A1%9C%ED%81%B4%EB%9F%BD,35.242558,128.6530763",https://map.naver.com/p?lng=128.6530763&lat=35.242558&zoom=18,119108,CWB379000614,35.242558,128.653076
대동그린코아,창원시의창구,봉림동,1,"https://map.kakao.com/link/map/%EB%8C%80%EB%8F%99%EA%B7%B8%EB%A6%B0%EC%BD%94%EC%95%84,35.2454747,128.6711111",https://map.naver.com/p?lng=128.6711111&lat=35.2454747&zoom=18,119116,CWB379000562,35.245475,128.671111
도립미술관,창원시의창구,봉림동,2,"https://map.kakao.com/link/map/%EB%8F%84%EB%A6%BD%EB%AF%B8%EC%88%A0%EA%B4%80,35.2388548,128.6899685",https://map.naver.com/p?lng=128.6899685&lat=35.2388548&zoom=18,113308,CWB379000655,35.238855,128.689968
도립미술관,창원시의창구,봉림동,2,"https://map.kakao.com/link/map/%EB%8F%84%EB%A6%BD%EB%AF%B8%EC%88%A0%EA%B4%80,35.2383367,128.6892302",https://map.naver.com/p?lng=128.6892302&lat=35.2383367&zoom=18,113307,CWB379000656,35.238337,128.68923
도민의집삼거리,창원시의창구,봉림동,1,"https://map.kakao.com/link/map/%EB%8F%84%EB%AF%BC%EC%9D%98%EC%A7%91%EC%82%BC%EA%B1%B0%EB%A6%AC,35.2393724,128.6859259",https://map.naver.com/p?lng=128.6859259&lat=35.2393724&zoom=18,119125,CWB379000649,35.239372,128.685926
도청사거리,창원시의창구,봉림동,1,"https://map.kakao.com/link/map/%EB%8F%84%EC%B2%AD%EC%82%AC%EA%B1%B0%EB%A6%AC,35.2378986,128.687972",https://map.naver.com/p?lng=128.687972&lat=35.2378986&zoom=18,119127,CWB379000666,35.237899,128.687972
동창원농협사림지점,창원시의창구,봉림동,2,"https://map.kakao.com/link/map/%EB%8F%99%EC%B0%BD%EC%9B%90%EB%86%8D%ED%98%91%EC%82%AC%EB%A6%BC%EC%A7%80%EC%A0%90,35.2430269,128.6854412",https://map.naver.com/p?lng=128.6854412&lat=35.2430269&zoom=18,107510,CWB379000598,35.243027,128.685441
동창원농협사림지점,창원시의창구,봉림동,2,"https://map.kakao.com/link/map/%EB%8F%99%EC%B0%BD%EC%9B%90%EB%86%8D%ED%98%91%EC%82%AC%EB%A6%BC%EC%A7%80%EC%A0%90,35.2432224,128.685481",https://map.naver.com/p?lng=128.685481&lat=35.2432224&zoom=18,107509,CWB379000600,35.243222,128.685481
명서1민원센터,창원시의창구,봉림동,1,"https://map.kakao.com/link/map/%EB%AA%85%EC%84%9C1%EB%AF%BC%EC%9B%90%EC%84%BC%ED%84%B0,35.2433584,128.6487926",https://map.naver.com/p?lng=128.6487926&lat=35.2433584&zoom=18,114243,CWB379006080,35.243358,128.648793
봉곡동상가입구,창원시의창구,봉림동,1,"https://map.kakao.com/link/map/%EB%B4%89%EA%B3%A1%EB%8F%99%EC%83%81%EA%B0%80%EC%9E%85%EA%B5%AC,35.2442488,128.6489546",https://map.naver.com/p?lng=128.6489546&lat=35.2442488&zoom=18,117602,CWB379000584,35.244249,128.648955
봉곡상가,창원시의창구,봉림동,2,"https://map.kakao.com/link/map/%EB%B4%89%EA%B3%A1%EC%83%81%EA%B0%80,35.2475994,128.6704472",https://map.naver.com/p?lng=128.6704472&lat=35.2475994&zoom=18,106905,CWB379002097,35.247599,128.670447
봉곡상가,창원시의창구,봉림동,2,"https://map.kakao.com/link/map/%EB%B4%89%EA%B3%A1%EC%83%81%EA%B0%80,35.2471874,128.6702932",https://map.naver.com/p?lng=128.6702932&lat=35.2471874&zoom=18,106906,CWB379000521,35.247187,128.670293
봉곡상가입구,창원시의창구,봉림동,1,"https://map.kakao.com/link/map/%EB%B4%89%EA%B3%A1%EC%83%81%EA%B0%80%EC%9E%85%EA%B5%AC,35.2458484,128.67087",https://map.naver.com/p?lng=128.67087&lat=35.2458484&zoom=18,119115,CWB379000554,35.245848,128.67087
봉곡중학교,창원시의창구,봉림동,2,"https://map.kakao.com/link/map/%EB%B4%89%EA%B3%A1%EC%A4%91%ED%95%99%EA%B5%90,35.2467064,128.6630152",https://map.naver.com/p?lng=128.6630152&lat=35.2467064&zoom=18,106902,CWB379000536,35.246706,128.663015
봉곡중학교,창원시의창구,봉림동,2,"https://map.kakao.com/link/map/%EB%B4%89%EA%B3%A1%EC%A4%91%ED%95%99%EA%B5%90,35.2462684,128.6628082",https://map.naver.com/p?lng=128.6628082&lat=35.2462684&zoom=18,106901,CWB379000546,35.246268,128.662808
봉림동행정복지센터,창원시의창구,봉림동,1,"https://map.kakao.com/link/map/%EB%B4%89%EB%A6%BC%EB%8F%99%ED%96%89%EC%A0%95%EB%B3%B5%EC%A7%80%EC%84%BC%ED%84%B0,35.2514398,128.6679481",https://map.naver.com/p?lng=128.6679481&lat=35.2514398&zoom=18,103601,CWB379002886,35.25144,128.667948
봉림초등학교,창원시의창구,봉림동,2,"https://map.kakao.com/link/map/%EB%B4%89%EB%A6%BC%EC%B4%88%EB%93%B1%ED%95%99%EA%B5%90,35.2458058,128.6748344",https://map.naver.com/p?lng=128.6748344&lat=35.2458058&zoom=18,107501,CWB379000555,35.245806,128.674834
봉림초등학교,창원시의창구,봉림동,2,"https://map.kakao.com/link/map/%EB%B4%89%EB%A6%BC%EC%B4%88%EB%93%B1%ED%95%99%EA%B5%90,35.2457369,128.6749236",https://map.naver.com/p?lng=128.6749236&lat=35.2457369&zoom=18,107502,CWB379000557,35.245737,128.674924
봉림휴먼시아,창원시의창구,봉림동,2,"https://map.kakao.com/link/map/%EB%B4%89%EB%A6%BC%ED%9C%B4%EB%A8%BC%EC%8B%9C%EC%95%84,35.2492342,128.667319",https://map.naver.com/p?lng=128.667319&lat=35.2492342&zoom=18,106903,CWB379000484,35.249234,128.667319
봉림휴먼시아,창원시의창구,봉림동,2,"https://map.kakao.com/link/map/%EB%B4%89%EB%A6%BC%ED%9C%B4%EB%A8%BC%EC%8B%9C%EC%95%84,35.2491863,128.6661479",https://map.naver.com/p?lng=128.6661479&lat=35.2491863&zoom=18,106904,CWB379000485,35.249186,128.666148
사림동,창원시의창구,봉림동,2,"https://map.kakao.com/link/map/%EC%82%AC%EB%A6%BC%EB%8F%99,35.2442395,128.6758172",https://map.naver.com/p?lng=128.6758172&lat=35.2442395&zoom=18,119119,CWB379000577,35.24424,128.675817
사림동,창원시의창구,봉림동,2,"https://map.kakao.com/link/map/%EC%82%AC%EB%A6%BC%EB%8F%99,35.2439176,128.6758781",https://map.naver.com/p?lng=128.6758781&lat=35.2439176&zoom=18,119120,CWB379000583,35.243918,128.675878
사림민원센터,창원시의창구,봉림동,1,"https://map.kakao.com/link/map/%EC%82%AC%EB%A6%BC%EB%AF%BC%EC%9B%90%EC%84%BC%ED%84%B0,35.2415159,128.6814845",https://map.naver.com/p?lng=128.6814845&lat=35.2415159&zoom=18,630018,CWB379000623,35.241516,128.681485
상북초교후문,창원시의창구,봉림동,1,"https://map.kakao.com/link/map/%EC%83%81%EB%B6%81%EC%B4%88%EA%B5%90%ED%9B%84%EB%AC%B8,35.2470859,128.651375",https://map.naver.com/p?lng=128.651375&lat=35.2470859&zoom=18,117606,CWB379000531,35.247086,128.651375
용동근린공원,창원시의창구,봉림동,2,"https://map.kakao.com/link/map/%EC%9A%A9%EB%8F%99%EA%B7%BC%EB%A6%B0%EA%B3%B5%EC%9B%90,35.2413098,128.6914459",https://map.naver.com/p?lng=128.6914459&lat=35.2413098&zoom=18,120506,CWB379003477,35.24131,128.691446
용동근린공원,창원시의창구,봉림동,2,"https://map.kakao.com/link/map/%EC%9A%A9%EB%8F%99%EA%B7%BC%EB%A6%B0%EA%B3%B5%EC%9B%90,35.2411697,128.6914814",https://map.naver.com/p?lng=128.6914814&lat=35.2411697&zoom=18,120507,CWB379003478,35.24117,128.691481
우영프라자,창원시의창구,봉림동,2,"https://map.kakao.com/link/map/%EC%9A%B0%EC%98%81%ED%94%84%EB%9D%BC%EC%9E%90,35.2416821,128.6878946",https://map.naver.com/p?lng=128.6878946&lat=35.2416821&zoom=18,120501,CWB379002287,35.241682,128.687895
우영프라자,창원시의창구,봉림동,2,"https://map.kakao.com/link/map/%EC%9A%B0%EC%98%81%ED%94%84%EB%9D%BC%EC%9E%90,35.2414813,128.6878827",https://map.naver.com/p?lng=128.6878827&lat=35.2414813&zoom=18,120502,CWB379000621,35.241481,128.687883
유목교,창원시의창구,봉림동,2,"https://map.kakao.com/link/map/%EC%9C%A0%EB%AA%A9%EA%B5%90,35.2436844,128.6563632",https://map.naver.com/p?lng=128.6563632&lat=35.2436844&zoom=18,119110,CWB379001994,35.243684,128.656363
유목교,창원시의창구,봉림동,2,"https://map.kakao.com/link/map/%EC%9C%A0%EB%AA%A9%EA%B5%90,35.2438889,128.6560128",https://map.naver.com/p?lng=128.6560128&lat=35.2438889&zoom=18,119109,CWB379000586,35.243889,128.656013
장애인복지회관,창원시의창구,봉림동,2,"https://map.kakao.com/link/map/%EC%9E%A5%EC%95%A0%EC%9D%B8%EB%B3%B5%EC%A7%80%ED%9A%8C%EA%B4%80,35.2472813,128.6779716",https://map.naver.com/p?lng=128.6779716&lat=35.2472813&zoom=18,107503,CWB379000516,35.247281,128.677972
장애인복지회관,창원시의창구,봉림동,2,"https://map.kakao.com/link/map/%EC%9E%A5%EC%95%A0%EC%9D%B8%EB%B3%B5%EC%A7%80%ED%9A%8C%EA%B4%80,35.2469345,128.6783515",https://map.naver.com/p?lng=128.6783515&lat=35.2469345&zoom=18,107504,CWB379000524,35.246934,128.678351
장애인복지회관입구,창원시의창구,봉림동,2,"https://map.kakao.com/link/map/%EC%9E%A5%EC%95%A0%EC%9D%B8%EB%B3%B5%EC%A7%80%ED%9A%8C%EA%B4%80%EC%9E%85%EA%B5%AC,35.2449602,128.6735972",https://map.naver.com/p?lng=128.6735972&lat=35.2449602&zoom=18,119117,CWB379000568,35.24496,128.673597
장애인복지회관입구,창원시의창구,봉림동,2,"https://map.kakao.com/link/map/%EC%9E%A5%EC%95%A0%EC%9D%B8%EB%B3%B5%EC%A7%80%ED%9A%8C%EA%B4%80%EC%9E%85%EA%B5%AC,35.2447727,128.6732432",https://map.naver.com/p?lng=128.6732432&lat=35.2447727&zoom=18,119118,CWB379000570,35.244773,128.673243
지귀상가,창원시의창구,봉림동,2,"https://map.kakao.com/link/map/%EC%A7%80%EA%B7%80%EC%83%81%EA%B0%80,35.2447775,128.6594371",https://map.naver.com/p?lng=128.6594371&lat=35.2447775&zoom=18,119111,CWB379000573,35.244778,128.659437
지귀상가,창원시의창구,봉림동,2,"https://map.kakao.com/link/map/%EC%A7%80%EA%B7%80%EC%83%81%EA%B0%80,35.2445479,128.6596975",https://map.naver.com/p?lng=128.6596975&lat=35.2445479&zoom=18,119112,CWB379000575,35.244548,128.659698
창원국제사격장입구,창원시의창구,봉림동,2,"https://map.kakao.com/link/map/%EC%B0%BD%EC%9B%90%EA%B5%AD%EC%A0%9C%EC%82%AC%EA%B2%A9%EC%9E%A5%EC%9E%85%EA%B5%AC,35.2451417,128.6830736",https://map.naver.com/p?lng=128.6830736&lat=35.2451417&zoom=18,107507,CWB379000565,35.245142,128.683074
창원국제사격장입구,창원시의창구,봉림동,2,"https://map.kakao.com/link/map/%EC%B0%BD%EC%9B%90%EA%B5%AD%EC%A0%9C%EC%82%AC%EA%B2%A9%EC%9E%A5%EC%9E%85%EA%B5%AC,35.2449646,128.6831716",https://map.naver.com/p?lng=128.6831716&lat=35.2449646&zoom=18,107508,CWB379000567,35.244965,128.683172
창원대삼거리,창원시의창구,봉림동,2,"https://map.kakao.com/link/map/%EC%B0%BD%EC%9B%90%EB%8C%80%EC%82%BC%EA%B1%B0%EB%A6%AC,35.2417568,128.6847949",https://map.naver.com/p?lng=128.6847949&lat=35.2417568&zoom=18,107512,CWB379000619,35.241757,128.684795
창원대삼거리,창원시의창구,봉림동,2,"https://map.kakao.com/link/map/%EC%B0%BD%EC%9B%90%EB%8C%80%EC%82%BC%EA%B1%B0%EB%A6%AC,35.2417786,128.6851291",https://map.naver.com/p?lng=128.6851291&lat=35.2417786&zoom=18,107511,CWB379000620,35.241779,128.685129
창원의집입구,창원시의창구,봉림동,2,"https://map.kakao.com/link/map/%EC%B0%BD%EC%9B%90%EC%9D%98%EC%A7%91%EC%9E%85%EA%B5%AC,35.2426528,128.6807386",https://map.naver.com/p?lng=128.6807386&lat=35.2426528&zoom=18,119121,CWB379000602,35.242653,128.680739
창원의집입구,창원시의창구,봉림동,2,"https://map.kakao.com/link/map/%EC%B0%BD%EC%9B%90%EC%9D%98%EC%A7%91%EC%9E%85%EA%B5%AC,35.2422153,128.6811025",https://map.naver.com/p?lng=128.6811025&lat=35.2422153&zoom=18,119122,CWB379000611,35.242215,128.681103
창원중앙역A,창원시의창구,봉림동,1,"https://map.kakao.com/link/map/%EC%B0%BD%EC%9B%90%EC%A4%91%EC%95%99%EC%97%ADA,35.2420251,128.7008409",https://map.naver.com/p?lng=128.7008409&lat=35.2420251&zoom=18,108913,CWB379003357,35.242025,128.700841
창원중앙역B,창원시의창구,봉림동,1,"https://map.kakao.com/link/map/%EC%B0%BD%EC%9B%90%EC%A4%91%EC%95%99%EC%97%ADB,35.2417356,128.701082",https://map.naver.com/p?lng=128.701082&lat=35.2417356&zoom=18,108912,CWB379003497,35.241736,128.701082
코오롱APT 앞,창원시의창구,봉림동,2,"https://map.kakao.com/link/map/%EC%BD%94%EC%98%A4%EB%A1%B1APT%20%EC%95%9E,35.2471391,128.6552719",https://map.naver.com/p?lng=128.6552719&lat=35.2471391&zoom=18,117607,CWB379000526,35.247139,128.655272
코오롱APT 앞,창원시의창구,봉림동,2,"https://map.kakao.com/link/map/%EC%BD%94%EC%98%A4%EB%A1%B1APT%20%EC%95%9E,35.24708,128.6560101",https://map.naver.com/p?lng=128.6560101&lat=35.24708&zoom=18,117608,CWB379000527,35.24708,128.65601
한마음병원,창원시의창구,봉림동,1,"https://map.kakao.com/link/map/%ED%95%9C%EB%A7%88%EC%9D%8C%EB%B3%91%EC%9B%90,35.2379688,128.6973757",https://map.naver.com/p?lng=128.6973757&lat=35.2379688&zoom=18,108923,CWB379005478,35.237969,128.697376
한마음병원.하나님의 교회,창원시의창구,봉림동,1,"https://map.kakao.com/link/map/%ED%95%9C%EB%A7%88%EC%9D%8C%EB%B3%91%EC%9B%90.%ED%95%98%EB%82%98%EB%8B%98%EC%9D%98%20%EA%B5%90%ED%9A%8C,35.2362934,128.6978665",https://map.naver.com/p?lng=128.6978665&lat=35.2362934&zoom=18,108917,CWB379003488,35.236293,128.697866
한마음병원정문/병역진로센터,창원시의창구,봉림동,1,"https://map.kakao.com/link/map/%ED%95%9C%EB%A7%88%EC%9D%8C%EB%B3%91%EC%9B%90%EC%A0%95%EB%AC%B8%2F%EB%B3%91%EC%97%AD%EC%A7%84%EB%A1%9C%EC%84%BC%ED%84%B0,35.2382468,128.6973128",https://map.naver.com/p?lng=128.6973128&lat=35.2382468&zoom=18,108926,CWB379005904,35.238247,128.697313
한마음병원후문,창원시의창구,봉림동,1,"https://map.kakao.com/link/map/%ED%95%9C%EB%A7%88%EC%9D%8C%EB%B3%91%EC%9B%90%ED%9B%84%EB%AC%B8,35.2378619,128.7004931",https://map.naver.com/p?lng=128.7004931&lat=35.2378619&zoom=18,108921,CWB379003492,35.237862,128.700493
현대썬앤빌,창원시의창구,봉림동,1,"https://map.kakao.com/link/map/%ED%98%84%EB%8C%80%EC%8D%AC%EC%95%A4%EB%B9%8C,35.2364363,128.6978012",https://map.naver.com/p?lng=128.6978012&lat=35.2364363&zoom=18,108918,CWB379003489,35.236436,128.697801
휴먼시아1단지,창원시의창구,봉림동,1,"https://map.kakao.com/link/map/%ED%9C%B4%EB%A8%BC%EC%8B%9C%EC%95%841%EB%8B%A8%EC%A7%80,35.2525819,128.6692067",https://map.naver.com/p?lng=128.6692067&lat=35.2525819&zoom=18,109501,CWB379002887,35.252582,128.669207
휴먼시아2단지입구,창원시의창구,봉림동,1,"https://map.kakao.com/link/map/%ED%9C%B4%EB%A8%BC%EC%8B%9C%EC%95%842%EB%8B%A8%EC%A7%80%EC%9E%85%EA%B5%AC,35.2509639,128.6668093",https://map.naver.com/p?lng=128.6668093&lat=35.2509639&zoom=18,103602,CWB379002888,35.250964,128.666809
1366경남센터,창원시의창구,북면,2,"https://map.kakao.com/link/map/1366%EA%B2%BD%EB%82%A8%EC%84%BC%ED%84%B0,35.3130137,128.5987823",https://map.naver.com/p?lng=128.5987823&lat=35.3130137&zoom=18,104710,CWB379000204,35.313014,128.598782
1366경남센터,창원시의창구,북면,2,"https://map.kakao.com/link/map/1366%EA%B2%BD%EB%82%A8%EC%84%BC%ED%84%B0,35.3129172,128.5985963",https://map.naver.com/p?lng=128.5985963&lat=35.3129172&zoom=18,104709,CWB379000206,35.312917,128.598596
STX칸1차아파트후문,창원시의창구,북면,2,"https://map.kakao.com/link/map/STX%EC%B9%B81%EC%B0%A8%EC%95%84%ED%8C%8C%ED%8A%B8%ED%9B%84%EB%AC%B8,35.3226436,128.583139",https://map.naver.com/p?lng=128.583139&lat=35.3226436&zoom=18,104719,CWB379003349,35.322644,128.583139
STX칸1차아파트후문,창원시의창구,북면,2,"https://map.kakao.com/link/map/STX%EC%B9%B81%EC%B0%A8%EC%95%84%ED%8C%8C%ED%8A%B8%ED%9B%84%EB%AC%B8,35.3230845,128.583407",https://map.naver.com/p?lng=128.583407&lat=35.3230845&zoom=18,104720,CWB379003350,35.323084,128.583407
STX칸2차아파트,창원시의창구,북면,2,"https://map.kakao.com/link/map/STX%EC%B9%B82%EC%B0%A8%EC%95%84%ED%8C%8C%ED%8A%B8,35.3163585,128.58043",https://map.naver.com/p?lng=128.58043&lat=35.3163585&zoom=18,104715,CWB379003344,35.316358,128.58043
STX칸2차아파트,창원시의창구,북면,2,"https://map.kakao.com/link/map/STX%EC%B9%B82%EC%B0%A8%EC%95%84%ED%8C%8C%ED%8A%B8,35.3161749,128.5805745",https://map.naver.com/p?lng=128.5805745&lat=35.3161749&zoom=18,104716,CWB379003345,35.316175,128.580575
갈전마을,창원시의창구,북면,2,"https://map.kakao.com/link/map/%EA%B0%88%EC%A0%84%EB%A7%88%EC%9D%84,35.3024835,128.6204405",https://map.naver.com/p?lng=128.6204405&lat=35.3024835&zoom=18,100709,CWB379003133,35.302484,128.62044
갈전마을,창원시의창구,북면,2,"https://map.kakao.com/link/map/%EA%B0%88%EC%A0%84%EB%A7%88%EC%9D%84,35.3025826,128.6205108",https://map.naver.com/p?lng=128.6205108&lat=35.3025826&zoom=18,100710,CWB379003134,35.302583,128.620511
감계리,창원시의창구,북면,2,"https://map.kakao.com/link/map/%EA%B0%90%EA%B3%84%EB%A6%AC,35.307337,128.5997989",https://map.naver.com/p?lng=128.5997989&lat=35.307337&zoom=18,119404,CWB379000216,35.307337,128.599799
감계리,창원시의창구,북면,2,"https://map.kakao.com/link/map/%EA%B0%90%EA%B3%84%EB%A6%AC,35.3075437,128.5997304",https://map.naver.com/p?lng=128.5997304&lat=35.3075437&zoom=18,119403,CWB379000217,35.307544,128.59973
감계아내2차아파트,창원시의창구,북면,1,"https://map.kakao.com/link/map/%EA%B0%90%EA%B3%84%EC%95%84%EB%82%B42%EC%B0%A8%EC%95%84%ED%8C%8C%ED%8A%B8,35.3022289,128.5965079",https://map.naver.com/p?lng=128.5965079&lat=35.3022289&zoom=18,103114,CWB379003333,35.302229,128.596508
감계입구,창원시의창구,북면,2,"https://map.kakao.com/link/map/%EA%B0%90%EA%B3%84%EC%9E%85%EA%B5%AC,35.3031721,128.6010192",https://map.naver.com/p?lng=128.6010192&lat=35.3031721&zoom=18,119324,CWB379000230,35.303172,128.601019
감계입구,창원시의창구,북면,2,"https://map.kakao.com/link/map/%EA%B0%90%EA%B3%84%EC%9E%85%EA%B5%AC,35.3033396,128.6007906",https://map.naver.com/p?lng=128.6007906&lat=35.3033396&zoom=18,119323,CWB379000231,35.30334,128.600791
감계중학교,창원시의창구,북면,1,"https://map.kakao.com/link/map/%EA%B0%90%EA%B3%84%EC%A4%91%ED%95%99%EA%B5%90,35.3005013,128.5865042",https://map.naver.com/p?lng=128.5865042&lat=35.3005013&zoom=18,103108,CWB379003325,35.300501,128.586504
감계휴먼빌,창원시의창구,북면,2,"https://map.kakao.com/link/map/%EA%B0%90%EA%B3%84%ED%9C%B4%EB%A8%BC%EB%B9%8C,35.3022169,128.5938615",https://map.naver.com/p?lng=128.5938615&lat=35.3022169&zoom=18,103104,CWB379003287,35.302217,128.593862
감계휴먼빌,창원시의창구,북면,2,"https://map.kakao.com/link/map/%EA%B0%90%EA%B3%84%ED%9C%B4%EB%A8%BC%EB%B9%8C,35.3023419,128.592914",https://map.naver.com/p?lng=128.592914&lat=35.3023419&zoom=18,103105,CWB379003330,35.302342,128.592914
감나무골,창원시의창구,북면,2,"https://map.kakao.com/link/map/%EA%B0%90%EB%82%98%EB%AC%B4%EA%B3%A8,35.3075718,128.6007584",https://map.naver.com/p?lng=128.6007584&lat=35.3075718&zoom=18,119326,CWB379000213,35.307572,128.600758
감나무골,창원시의창구,북면,2,"https://map.kakao.com/link/map/%EA%B0%90%EB%82%98%EB%AC%B4%EA%B3%A8,35.3069732,128.6006924",https://map.naver.com/p?lng=128.6006924&lat=35.3069732&zoom=18,119325,CWB379000214,35.306973,128.600692
거풍힐링빌,창원시의창구,북면,2,"https://map.kakao.com/link/map/%EA%B1%B0%ED%92%8D%ED%9E%90%EB%A7%81%EB%B9%8C,35.356205,128.6131493",https://map.naver.com/p?lng=128.6131493&lat=35.356205&zoom=18,119371,CWB379003351,35.356205,128.613149
거풍힐링빌,창원시의창구,북면,2,"https://map.kakao.com/link/map/%EA%B1%B0%ED%92%8D%ED%9E%90%EB%A7%81%EB%B9%8C,35.3561361,128.6132265",https://map.naver.com/p?lng=128.6132265&lat=35.3561361&zoom=18,119372,CWB379003352,35.356136,128.613226
고암마을,창원시의창구,북면,2,"https://map.kakao.com/link/map/%EA%B3%A0%EC%95%94%EB%A7%88%EC%9D%84,35.2969251,128.6284519",https://map.naver.com/p?lng=128.6284519&lat=35.2969251&zoom=18,101706,CWB379000243,35.296925,128.628452
고암마을,창원시의창구,북면,2,"https://map.kakao.com/link/map/%EA%B3%A0%EC%95%94%EB%A7%88%EC%9D%84,35.2971607,128.6284036",https://map.naver.com/p?lng=128.6284036&lat=35.2971607&zoom=18,101707,CWB379000244,35.297161,128.628404
구룡교,창원시의창구,북면,2,"https://map.kakao.com/link/map/%EA%B5%AC%EB%A3%A1%EA%B5%90,35.301189,128.629545",https://map.naver.com/p?lng=128.629545&lat=35.301189&zoom=18,101717,CWB379005786,35.301189,128.629545
구룡교,창원시의창구,북면,2,"https://map.kakao.com/link/map/%EA%B5%AC%EB%A3%A1%EA%B5%90,35.301265,128.629447",https://map.naver.com/p?lng=128.629447&lat=35.301265&zoom=18,101718,CWB379005787,35.301265,128.629447
굴현고개,창원시의창구,북면,1,"https://map.kakao.com/link/map/%EA%B5%B4%ED%98%84%EA%B3%A0%EA%B0%9C,35.2773065,128.6160901",https://map.naver.com/p?lng=128.6160901&lat=35.2773065&zoom=18,119310,CWB379000297,35.277306,128.61609
까치골,창원시의창구,북면,2,"https://map.kakao.com/link/map/%EA%B9%8C%EC%B9%98%EA%B3%A8,35.3119017,128.6051317",https://map.naver.com/p?lng=128.6051317&lat=35.3119017&zoom=18,119329,CWB379000202,35.311902,128.605132
까치골,창원시의창구,북면,2,"https://map.kakao.com/link/map/%EA%B9%8C%EC%B9%98%EA%B3%A8,35.3121177,128.6056242",https://map.naver.com/p?lng=128.6056242&lat=35.3121177&zoom=18,119330,CWB379000205,35.312118,128.605624
남백,창원시의창구,북면,2,"https://map.kakao.com/link/map/%EB%82%A8%EB%B0%B1,35.3179806,128.6346725",https://map.naver.com/p?lng=128.6346725&lat=35.3179806&zoom=18,106713,CWB379003385,35.317981,128.634672
남백,창원시의창구,북면,2,"https://map.kakao.com/link/map/%EB%82%A8%EB%B0%B1,35.3179022,128.634713",https://map.naver.com/p?lng=128.634713&lat=35.3179022&zoom=18,106714,CWB379003534,35.317902,128.634713
남백마을종점,창원시의창구,북면,2,"https://map.kakao.com/link/map/%EB%82%A8%EB%B0%B1%EB%A7%88%EC%9D%84%EC%A2%85%EC%A0%90,35.3185485,128.6369004",https://map.naver.com/p?lng=128.6369004&lat=35.3185485&zoom=18,106707,CWB379000186,35.318548,128.6369
남백마을종점,창원시의창구,북면,2,"https://map.kakao.com/link/map/%EB%82%A8%EB%B0%B1%EB%A7%88%EC%9D%84%EC%A2%85%EC%A0%90,35.3183522,128.6365941",https://map.naver.com/p?lng=128.6365941&lat=35.3183522&zoom=18,106708,CWB379000187,35.318352,128.636594
내감,창원시의창구,북면,2,"https://map.kakao.com/link/map/%EB%82%B4%EA%B0%90,35.3005004,128.5934466",https://map.naver.com/p?lng=128.5934466&lat=35.3005004&zoom=18,103101,CWB379000234,35.3005,128.593447
내감,창원시의창구,북면,2,"https://map.kakao.com/link/map/%EB%82%B4%EA%B0%90,35.3005064,128.5933454",https://map.naver.com/p?lng=128.5933454&lat=35.3005064&zoom=18,103102,CWB379000235,35.300506,128.593345
내산,창원시의창구,북면,2,"https://map.kakao.com/link/map/%EB%82%B4%EC%82%B0,35.3757075,128.5908744",https://map.naver.com/p?lng=128.5908744&lat=35.3757075&zoom=18,112501,CWB379003140,35.375708,128.590874
내산,창원시의창구,북면,2,"https://map.kakao.com/link/map/%EB%82%B4%EC%82%B0,35.3754496,128.590784",https://map.naver.com/p?lng=128.590784&lat=35.3754496&zoom=18,112607,CWB379000009,35.37545,128.590784
달천산림욕장,창원시의창구,북면,2,"https://map.kakao.com/link/map/%EB%8B%AC%EC%B2%9C%EC%82%B0%EB%A6%BC%EC%9A%95%EC%9E%A5,35.2834216,128.6128209",https://map.naver.com/p?lng=128.6128209&lat=35.2834216&zoom=18,119201,CWB379003072,35.283422,128.612821
달천산림욕장,창원시의창구,북면,2,"https://map.kakao.com/link/map/%EB%8B%AC%EC%B2%9C%EC%82%B0%EB%A6%BC%EC%9A%95%EC%9E%A5,35.2837931,128.6122859",https://map.naver.com/p?lng=128.6122859&lat=35.2837931&zoom=18,119313,CWB379000280,35.283793,128.612286
대천,창원시의창구,북면,2,"https://map.kakao.com/link/map/%EB%8C%80%EC%B2%9C,35.309648,128.6020565",https://map.naver.com/p?lng=128.6020565&lat=35.309648&zoom=18,119327,CWB379000209,35.309648,128.602056
대천,창원시의창구,북면,2,"https://map.kakao.com/link/map/%EB%8C%80%EC%B2%9C,35.3096071,128.6022593",https://map.naver.com/p?lng=128.6022593&lat=35.3096071&zoom=18,119328,CWB379000210,35.309607,128.602259
대촌(하천초교),창원시의창구,북면,2,"https://map.kakao.com/link/map/%EB%8C%80%EC%B4%8C%28%ED%95%98%EC%B2%9C%EC%B4%88%EA%B5%90%29,35.367793,128.6034148",https://map.naver.com/p?lng=128.6034148&lat=35.367793&zoom=18,121505,CWB379000035,35.367793,128.603415
대촌(하천초교),창원시의창구,북면,2,"https://map.kakao.com/link/map/%EB%8C%80%EC%B4%8C%28%ED%95%98%EC%B2%9C%EC%B4%88%EA%B5%90%29,35.36784,128.603222",https://map.naver.com/p?lng=128.603222&lat=35.36784&zoom=18,121506,CWB379000037,35.36784,128.603222
대한마을,창원시의창구,북면,2,"https://map.kakao.com/link/map/%EB%8C%80%ED%95%9C%EB%A7%88%EC%9D%84,35.2887025,128.6188743",https://map.naver.com/p?lng=128.6188743&lat=35.2887025&zoom=18,101703,CWB379000264,35.288702,128.618874
대한마을,창원시의창구,북면,2,"https://map.kakao.com/link/map/%EB%8C%80%ED%95%9C%EB%A7%88%EC%9D%84,35.2887166,128.6190316",https://map.naver.com/p?lng=128.6190316&lat=35.2887166&zoom=18,101702,CWB379000265,35.288717,128.619032
대호아파트,창원시의창구,북면,2,"https://map.kakao.com/link/map/%EB%8C%80%ED%98%B8%EC%95%84%ED%8C%8C%ED%8A%B8,35.3448638,128.605945",https://map.naver.com/p?lng=128.605945&lat=35.3448638&zoom=18,119346,CWB379000129,35.344864,128.605945
대호아파트,창원시의창구,북면,2,"https://map.kakao.com/link/map/%EB%8C%80%ED%98%B8%EC%95%84%ED%8C%8C%ED%8A%B8,35.3447171,128.6053135",https://map.naver.com/p?lng=128.6053135&lat=35.3447171&zoom=18,119345,CWB379000130,35.344717,128.605314
덕산아내,창원시의창구,북면,2,"https://map.kakao.com/link/map/%EB%8D%95%EC%82%B0%EC%95%84%EB%82%B4,35.3023395,128.5905689",https://map.naver.com/p?lng=128.5905689&lat=35.3023395&zoom=18,103107,CWB379003331,35.30234,128.590569
덕산아내,창원시의창구,북면,2,"https://map.kakao.com/link/map/%EB%8D%95%EC%82%B0%EC%95%84%EB%82%B4,35.3022056,128.5920454",https://map.naver.com/p?lng=128.5920454&lat=35.3022056&zoom=18,103116,CWB379003424,35.302206,128.592045
도래,창원시의창구,북면,2,"https://map.kakao.com/link/map/%EB%8F%84%EB%9E%98,35.3722417,128.5982019",https://map.naver.com/p?lng=128.5982019&lat=35.3722417&zoom=18,112603,CWB379000015,35.372242,128.598202
도래,창원시의창구,북면,2,"https://map.kakao.com/link/map/%EB%8F%84%EB%9E%98,35.3721847,128.5981019",https://map.naver.com/p?lng=128.5981019&lat=35.3721847&zoom=18,112604,CWB379000016,35.372185,128.598102
도태,창원시의창구,북면,2,"https://map.kakao.com/link/map/%EB%8F%84%ED%83%9C,35.3494135,128.5708132",https://map.naver.com/p?lng=128.5708132&lat=35.3494135&zoom=18,103403,CWB379000104,35.349414,128.570813
도태,창원시의창구,북면,2,"https://map.kakao.com/link/map/%EB%8F%84%ED%83%9C,35.3492547,128.5709348",https://map.naver.com/p?lng=128.5709348&lat=35.3492547&zoom=18,103404,CWB379000105,35.349255,128.570935
동전,창원시의창구,북면,4,"https://map.kakao.com/link/map/%EB%8F%99%EC%A0%84,35.3177037,128.6037841",https://map.naver.com/p?lng=128.6037841&lat=35.3177037&zoom=18,119204,CWB379003141,35.317704,128.603784
동전,창원시의창구,북면,4,"https://map.kakao.com/link/map/%EB%8F%99%EC%A0%84,35.3178894,128.6033727",https://map.naver.com/p?lng=128.6033727&lat=35.3178894&zoom=18,119331,CWB379000191,35.317889,128.603373
동전,창원시의창구,북면,4,"https://map.kakao.com/link/map/%EB%8F%99%EC%A0%84,35.3162199,128.5985878",https://map.naver.com/p?lng=128.5985878&lat=35.3162199&zoom=18,104708,CWB379000199,35.31622,128.598588
동전,창원시의창구,북면,4,"https://map.kakao.com/link/map/%EB%8F%99%EC%A0%84,35.3162862,128.5985654",https://map.naver.com/p?lng=128.5985654&lat=35.3162862&zoom=18,104707,CWB379000200,35.316286,128.598565
동전(14),창원시의창구,북면,2,"https://map.kakao.com/link/map/%EB%8F%99%EC%A0%84%2814%29,35.3184175,128.6039796",https://map.naver.com/p?lng=128.6039796&lat=35.3184175&zoom=18,119205,CWB379003355,35.318418,128.60398
동전(14),창원시의창구,북면,2,"https://map.kakao.com/link/map/%EB%8F%99%EC%A0%84%2814%29,35.3186494,128.603998",https://map.naver.com/p?lng=128.603998&lat=35.3186494&zoom=18,119332,CWB379000188,35.318649,128.603998
동전리,창원시의창구,북면,2,"https://map.kakao.com/link/map/%EB%8F%99%EC%A0%84%EB%A6%AC,35.3182262,128.5985275",https://map.naver.com/p?lng=128.5985275&lat=35.3182262&zoom=18,104724,CWB379005325,35.318226,128.598527
동전리,창원시의창구,북면,2,"https://map.kakao.com/link/map/%EB%8F%99%EC%A0%84%EB%A6%AC,35.3180456,128.5985542",https://map.naver.com/p?lng=128.5985542&lat=35.3180456&zoom=18,104725,CWB379005326,35.318046,128.598554
동전산단,창원시의창구,북면,2,"https://map.kakao.com/link/map/%EB%8F%99%EC%A0%84%EC%82%B0%EB%8B%A8,35.3156805,128.6051378",https://map.naver.com/p?lng=128.6051378&lat=35.3156805&zoom=18,119206,CWB379005949,35.31568,128.605138
동전산단,창원시의창구,북면,2,"https://map.kakao.com/link/map/%EB%8F%99%EC%A0%84%EC%82%B0%EB%8B%A8,35.3156275,128.6048894",https://map.naver.com/p?lng=128.6048894&lat=35.3156275&zoom=18,119207,CWB379005950,35.315628,128.604889
동전회관,창원시의창구,북면,2,"https://map.kakao.com/link/map/%EB%8F%99%EC%A0%84%ED%9A%8C%EA%B4%80,35.3164328,128.5966368",https://map.naver.com/p?lng=128.5966368&lat=35.3164328&zoom=18,104711,CWB379003127,35.316433,128.596637
동전회관,창원시의창구,북면,2,"https://map.kakao.com/link/map/%EB%8F%99%EC%A0%84%ED%9A%8C%EA%B4%80,35.3165136,128.5966153",https://map.naver.com/p?lng=128.5966153&lat=35.3165136&zoom=18,104712,CWB379003128,35.316514,128.596615
마산리,창원시의창구,북면,1,"https://map.kakao.com/link/map/%EB%A7%88%EC%82%B0%EB%A6%AC,35.3442146,128.6178728",https://map.naver.com/p?lng=128.6178728&lat=35.3442146&zoom=18,110306,CWB379000132,35.344215,128.617873
마산리경로당,창원시의창구,북면,2,"https://map.kakao.com/link/map/%EB%A7%88%EC%82%B0%EB%A6%AC%EA%B2%BD%EB%A1%9C%EB%8B%B9,35.3423012,128.6215989",https://map.naver.com/p?lng=128.6215989&lat=35.3423012&zoom=18,105101,CWB379002191,35.342301,128.621599
마산리경로당,창원시의창구,북면,2,"https://map.kakao.com/link/map/%EB%A7%88%EC%82%B0%EB%A6%AC%EA%B2%BD%EB%A1%9C%EB%8B%B9,35.340937,128.6228557",https://map.naver.com/p?lng=128.6228557&lat=35.340937&zoom=18,105102,CWB379002192,35.340937,128.622856
명촌,창원시의창구,북면,2,"https://map.kakao.com/link/map/%EB%AA%85%EC%B4%8C,35.3882089,128.6016379",https://map.naver.com/p?lng=128.6016379&lat=35.3882089&zoom=18,112610,CWB379000002,35.388209,128.601638
명촌,창원시의창구,북면,2,"https://map.kakao.com/link/map/%EB%AA%85%EC%B4%8C,35.3881317,128.6016506",https://map.naver.com/p?lng=128.6016506&lat=35.3881317&zoom=18,112611,CWB379000003,35.388132,128.601651
명촌1,창원시의창구,북면,2,"https://map.kakao.com/link/map/%EB%AA%85%EC%B4%8C1,35.3853133,128.5984664",https://map.naver.com/p?lng=128.5984664&lat=35.3853133&zoom=18,112615,CWB379005457,35.385313,128.598466
명촌1,창원시의창구,북면,2,"https://map.kakao.com/link/map/%EB%AA%85%EC%B4%8C1,35.3851893,128.5984722",https://map.naver.com/p?lng=128.5984722&lat=35.3851893&zoom=18,112616,CWB379005458,35.385189,128.598472
명촌2,창원시의창구,북면,2,"https://map.kakao.com/link/map/%EB%AA%85%EC%B4%8C2,35.3870812,128.5990378",https://map.naver.com/p?lng=128.5990378&lat=35.3870812&zoom=18,112613,CWB379005455,35.387081,128.599038
명촌2,창원시의창구,북면,2,"https://map.kakao.com/link/map/%EB%AA%85%EC%B4%8C2,35.3867689,128.5986272",https://map.naver.com/p?lng=128.5986272&lat=35.3867689&zoom=18,112614,CWB379005456,35.386769,128.598627
명촌마을입구,창원시의창구,북면,2,"https://map.kakao.com/link/map/%EB%AA%85%EC%B4%8C%EB%A7%88%EC%9D%84%EC%9E%85%EA%B5%AC,35.3841124,128.6051005",https://map.naver.com/p?lng=128.6051005&lat=35.3841124&zoom=18,119366,CWB379000005,35.384112,128.6051
명촌마을입구,창원시의창구,북면,2,"https://map.kakao.com/link/map/%EB%AA%85%EC%B4%8C%EB%A7%88%EC%9D%84%EC%9E%85%EA%B5%AC,35.3836005,128.6053049",https://map.naver.com/p?lng=128.6053049&lat=35.3836005&zoom=18,119365,CWB379000006,35.3836,128.605305
명호마을,창원시의창구,북면,2,"https://map.kakao.com/link/map/%EB%AA%85%ED%98%B8%EB%A7%88%EC%9D%84,35.3210009,128.6021103",https://map.naver.com/p?lng=128.6021103&lat=35.3210009&zoom=18,119333,CWB379000178,35.321001,128.60211
명호마을,창원시의창구,북면,2,"https://map.kakao.com/link/map/%EB%AA%85%ED%98%B8%EB%A7%88%EC%9D%84,35.3207854,128.6022759",https://map.naver.com/p?lng=128.6022759&lat=35.3207854&zoom=18,119334,CWB379000179,35.320785,128.602276
무곡리,창원시의창구,북면,2,"https://map.kakao.com/link/map/%EB%AC%B4%EA%B3%A1%EB%A6%AC,35.3298705,128.5943215",https://map.naver.com/p?lng=128.5943215&lat=35.3298705&zoom=18,119369,CWB379003334,35.32987,128.594322
무곡리,창원시의창구,북면,2,"https://map.kakao.com/link/map/%EB%AC%B4%EA%B3%A1%EB%A6%AC,35.3298114,128.5943566",https://map.naver.com/p?lng=128.5943566&lat=35.3298114&zoom=18,119370,CWB379003335,35.329811,128.594357
무곡리.갈곡마을,창원시의창구,북면,2,"https://map.kakao.com/link/map/%EB%AC%B4%EA%B3%A1%EB%A6%AC.%EA%B0%88%EA%B3%A1%EB%A7%88%EC%9D%84,35.3333909,128.5991755",https://map.naver.com/p?lng=128.5991755&lat=35.3333909&zoom=18,119373,CWB379003407,35.333391,128.599176
무곡리.갈곡마을,창원시의창구,북면,2,"https://map.kakao.com/link/map/%EB%AC%B4%EA%B3%A1%EB%A6%AC.%EA%B0%88%EA%B3%A1%EB%A7%88%EC%9D%84,35.3337349,128.5993785",https://map.naver.com/p?lng=128.5993785&lat=35.3337349&zoom=18,119374,CWB379003408,35.333735,128.599378
무동센텀파라디아아파트,창원시의창구,북면,2,"https://map.kakao.com/link/map/%EB%AC%B4%EB%8F%99%EC%84%BC%ED%85%80%ED%8C%8C%EB%9D%BC%EB%94%94%EC%95%84%EC%95%84%ED%8C%8C%ED%8A%B8,35.3188744,128.5799316",https://map.naver.com/p?lng=128.5799316&lat=35.3188744&zoom=18,104704,CWB379000193,35.318874,128.579932
무동센텀파라디아아파트,창원시의창구,북면,2,"https://map.kakao.com/link/map/%EB%AC%B4%EB%8F%99%EC%84%BC%ED%85%80%ED%8C%8C%EB%9D%BC%EB%94%94%EC%95%84%EC%95%84%ED%8C%8C%ED%8A%B8,35.3182497,128.5797637",https://map.naver.com/p?lng=128.5797637&lat=35.3182497&zoom=18,104703,CWB379000194,35.31825,128.579764
무동입구,창원시의창구,북면,2,"https://map.kakao.com/link/map/%EB%AC%B4%EB%8F%99%EC%9E%85%EA%B5%AC,35.3163696,128.5849012",https://map.naver.com/p?lng=128.5849012&lat=35.3163696&zoom=18,104706,CWB379000195,35.31637,128.584901
무동입구,창원시의창구,북면,2,"https://map.kakao.com/link/map/%EB%AC%B4%EB%8F%99%EC%9E%85%EA%B5%AC,35.3161812,128.5862493",https://map.naver.com/p?lng=128.5862493&lat=35.3161812&zoom=18,104705,CWB379000196,35.316181,128.586249
바깥신천,창원시의창구,북면,2,"https://map.kakao.com/link/map/%EB%B0%94%EA%B9%A5%EC%8B%A0%EC%B2%9C,35.3685096,128.6259299",https://map.naver.com/p?lng=128.6259299&lat=35.3685096&zoom=18,119361,CWB379000025,35.36851,128.62593
바깥신천,창원시의창구,북면,2,"https://map.kakao.com/link/map/%EB%B0%94%EA%B9%A5%EC%8B%A0%EC%B2%9C,35.3685716,128.6260472",https://map.naver.com/p?lng=128.6260472&lat=35.3685716&zoom=18,119362,CWB379000028,35.368572,128.626047
봉촌,창원시의창구,북면,2,"https://map.kakao.com/link/map/%EB%B4%89%EC%B4%8C,35.3601998,128.5903038",https://map.naver.com/p?lng=128.5903038&lat=35.3601998&zoom=18,112003,CWB379000064,35.3602,128.590304
봉촌,창원시의창구,북면,2,"https://map.kakao.com/link/map/%EB%B4%89%EC%B4%8C,35.3600405,128.5900744",https://map.naver.com/p?lng=128.5900744&lat=35.3600405&zoom=18,112004,CWB379000065,35.36004,128.590074
북면공설운동장,창원시의창구,북면,2,"https://map.kakao.com/link/map/%EB%B6%81%EB%A9%B4%EA%B3%B5%EC%84%A4%EC%9A%B4%EB%8F%99%EC%9E%A5,35.3440285,128.6174555",https://map.naver.com/p?lng=128.6174555&lat=35.3440285&zoom=18,110303,CWB379000125,35.344028,128.617456
북면공설운동장,창원시의창구,북면,2,"https://map.kakao.com/link/map/%EB%B6%81%EB%A9%B4%EA%B3%B5%EC%84%A4%EC%9A%B4%EB%8F%99%EC%9E%A5,35.3441121,128.6174454",https://map.naver.com/p?lng=128.6174454&lat=35.3441121&zoom=18,110304,CWB379000127,35.344112,128.617445
북면농협,창원시의창구,북면,2,"https://map.kakao.com/link/map/%EB%B6%81%EB%A9%B4%EB%86%8D%ED%98%91,35.3533452,128.6091275",https://map.naver.com/p?lng=128.6091275&lat=35.3533452&zoom=18,119354,CWB379000083,35.353345,128.609128
북면농협,창원시의창구,북면,2,"https://map.kakao.com/link/map/%EB%B6%81%EB%A9%B4%EB%86%8D%ED%98%91,35.3530135,128.6088169",https://map.naver.com/p?lng=128.6088169&lat=35.3530135&zoom=18,119353,CWB379000088,35.353014,128.608817
북면물재생센터,창원시의창구,북면,2,"https://map.kakao.com/link/map/%EB%B6%81%EB%A9%B4%EB%AC%BC%EC%9E%AC%EC%83%9D%EC%84%BC%ED%84%B0,35.3544283,128.6372118",https://map.naver.com/p?lng=128.6372118&lat=35.3544283&zoom=18,114405,CWB379005331,35.354428,128.637212
북면물재생센터,창원시의창구,북면,2,"https://map.kakao.com/link/map/%EB%B6%81%EB%A9%B4%EB%AC%BC%EC%9E%AC%EC%83%9D%EC%84%BC%ED%84%B0,35.3545074,128.6371914",https://map.naver.com/p?lng=128.6371914&lat=35.3545074&zoom=18,114406,CWB379005332,35.354507,128.637191
북면새터,창원시의창구,북면,2,"https://map.kakao.com/link/map/%EB%B6%81%EB%A9%B4%EC%83%88%ED%84%B0,35.2951518,128.5957601",https://map.naver.com/p?lng=128.5957601&lat=35.2951518&zoom=18,112301,CWB379003125,35.295152,128.59576
북면새터,창원시의창구,북면,2,"https://map.kakao.com/link/map/%EB%B6%81%EB%A9%B4%EC%83%88%ED%84%B0,35.295278,128.5956566",https://map.naver.com/p?lng=128.5956566&lat=35.295278&zoom=18,112403,CWB379000249,35.295278,128.595657
북면양촌,창원시의창구,북면,2,"https://map.kakao.com/link/map/%EB%B6%81%EB%A9%B4%EC%96%91%EC%B4%8C,35.3288901,128.5894116",https://map.naver.com/p?lng=128.5894116&lat=35.3288901&zoom=18,113502,CWB379003129,35.32889,128.589412
북면양촌,창원시의창구,북면,2,"https://map.kakao.com/link/map/%EB%B6%81%EB%A9%B4%EC%96%91%EC%B4%8C,35.3289409,128.5893272",https://map.naver.com/p?lng=128.5893272&lat=35.3289409&zoom=18,113603,CWB379000165,35.328941,128.589327
북면연동,창원시의창구,북면,2,"https://map.kakao.com/link/map/%EB%B6%81%EB%A9%B4%EC%97%B0%EB%8F%99,35.3469807,128.6259833",https://map.naver.com/p?lng=128.6259833&lat=35.3469807&zoom=18,110308,CWB379000117,35.346981,128.625983
북면연동,창원시의창구,북면,2,"https://map.kakao.com/link/map/%EB%B6%81%EB%A9%B4%EC%97%B0%EB%8F%99,35.3467748,128.6256784",https://map.naver.com/p?lng=128.6256784&lat=35.3467748&zoom=18,110307,CWB379000118,35.346775,128.625678
북면온천,창원시의창구,북면,2,"https://map.kakao.com/link/map/%EB%B6%81%EB%A9%B4%EC%98%A8%EC%B2%9C,35.3546158,128.6102577",https://map.naver.com/p?lng=128.6102577&lat=35.3546158&zoom=18,119356,CWB379000081,35.354616,128.610258
북면온천,창원시의창구,북면,2,"https://map.kakao.com/link/map/%EB%B6%81%EB%A9%B4%EC%98%A8%EC%B2%9C,35.3546309,128.6099733",https://map.naver.com/p?lng=128.6099733&lat=35.3546309&zoom=18,119355,CWB379000082,35.354631,128.609973
북면온천마을회관,창원시의창구,북면,2,"https://map.kakao.com/link/map/%EB%B6%81%EB%A9%B4%EC%98%A8%EC%B2%9C%EB%A7%88%EC%9D%84%ED%9A%8C%EA%B4%80,35.3510654,128.6082853",https://map.naver.com/p?lng=128.6082853&lat=35.3510654&zoom=18,119352,CWB379000100,35.351065,128.608285
북면온천마을회관,창원시의창구,북면,2,"https://map.kakao.com/link/map/%EB%B6%81%EB%A9%B4%EC%98%A8%EC%B2%9C%EB%A7%88%EC%9D%84%ED%9A%8C%EA%B4%80,35.3508321,128.6080414",https://map.naver.com/p?lng=128.6080414&lat=35.3508321&zoom=18,119351,CWB379000101,35.350832,128.608041
북면종점,창원시의창구,북면,2,"https://map.kakao.com/link/map/%EB%B6%81%EB%A9%B4%EC%A2%85%EC%A0%90,35.3535778,128.6116525",https://map.naver.com/p?lng=128.6116525&lat=35.3535778&zoom=18,119202,CWB379003137,35.353578,128.611652
북면종점,창원시의창구,북면,2,"https://map.kakao.com/link/map/%EB%B6%81%EB%A9%B4%EC%A2%85%EC%A0%90,35.3534177,128.6115508",https://map.naver.com/p?lng=128.6115508&lat=35.3534177&zoom=18,119203,CWB379003138,35.353418,128.611551
북면행정복지센터,창원시의창구,북면,2,"https://map.kakao.com/link/map/%EB%B6%81%EB%A9%B4%ED%96%89%EC%A0%95%EB%B3%B5%EC%A7%80%EC%84%BC%ED%84%B0,35.347814,128.6077811",https://map.naver.com/p?lng=128.6077811&lat=35.347814&zoom=18,119348,CWB379000112,35.347814,128.607781
북면행정복지센터,창원시의창구,북면,2,"https://map.kakao.com/link/map/%EB%B6%81%EB%A9%B4%ED%96%89%EC%A0%95%EB%B3%B5%EC%A7%80%EC%84%BC%ED%84%B0,35.3478064,128.6076596",https://map.naver.com/p?lng=128.6076596&lat=35.3478064&zoom=18,119347,CWB379000113,35.347806,128.60766
북창원농협경제사업장,창원시의창구,북면,2,"https://map.kakao.com/link/map/%EB%B6%81%EC%B0%BD%EC%9B%90%EB%86%8D%ED%98%91%EA%B2%BD%EC%A0%9C%EC%82%AC%EC%97%85%EC%9E%A5,35.3462978,128.6126584",https://map.naver.com/p?lng=128.6126584&lat=35.3462978&zoom=18,110311,CWB379003425,35.346298,128.612658
북창원농협경제사업장,창원시의창구,북면,2,"https://map.kakao.com/link/map/%EB%B6%81%EC%B0%BD%EC%9B%90%EB%86%8D%ED%98%91%EA%B2%BD%EC%A0%9C%EC%82%AC%EC%97%85%EC%9E%A5,35.3461651,128.6126814",https://map.naver.com/p?lng=128.6126814&lat=35.3461651&zoom=18,110312,CWB379003428,35.346165,128.612681
산수정,창원시의창구,북면,2,"https://map.kakao.com/link/map/%EC%82%B0%EC%88%98%EC%A0%95,35.2816274,128.6137152",https://map.naver.com/p?lng=128.6137152&lat=35.2816274&zoom=18,119312,CWB379000284,35.281627,128.613715
산수정,창원시의창구,북면,2,"https://map.kakao.com/link/map/%EC%82%B0%EC%88%98%EC%A0%95,35.2814231,128.6136455",https://map.naver.com/p?lng=128.6136455&lat=35.2814231&zoom=18,119311,CWB379000285,35.281423,128.613645
삼원효도마을,창원시의창구,북면,2,"https://map.kakao.com/link/map/%EC%82%BC%EC%9B%90%ED%9A%A8%EB%8F%84%EB%A7%88%EC%9D%84,35.3610707,128.5747633",https://map.naver.com/p?lng=128.5747633&lat=35.3610707&zoom=18,111903,CWB379003123,35.361071,128.574763
삼원효도마을,창원시의창구,북면,2,"https://map.kakao.com/link/map/%EC%82%BC%EC%9B%90%ED%9A%A8%EB%8F%84%EB%A7%88%EC%9D%84,35.3609181,128.5748677",https://map.naver.com/p?lng=128.5748677&lat=35.3609181&zoom=18,111904,CWB379003124,35.360918,128.574868
새터교,창원시의창구,북면,2,"https://map.kakao.com/link/map/%EC%83%88%ED%84%B0%EA%B5%90,35.2961993,128.5962144",https://map.naver.com/p?lng=128.5962144&lat=35.2961993&zoom=18,103119,CWB379005376,35.296199,128.596214
새터교,창원시의창구,북면,2,"https://map.kakao.com/link/map/%EC%83%88%ED%84%B0%EA%B5%90,35.2960579,128.5961787",https://map.naver.com/p?lng=128.5961787&lat=35.2960579&zoom=18,103120,CWB379005377,35.296058,128.596179
성심원,창원시의창구,북면,2,"https://map.kakao.com/link/map/%EC%84%B1%EC%8B%AC%EC%9B%90,35.348443,128.5730126",https://map.naver.com/p?lng=128.5730126&lat=35.348443&zoom=18,103406,CWB379000110,35.348443,128.573013
성심원,창원시의창구,북면,2,"https://map.kakao.com/link/map/%EC%84%B1%EC%8B%AC%EC%9B%90,35.3483944,128.5733144",https://map.naver.com/p?lng=128.5733144&lat=35.3483944&zoom=18,103405,CWB379000111,35.348394,128.573314
소라,창원시의창구,북면,2,"https://map.kakao.com/link/map/%EC%86%8C%EB%9D%BC,35.3588738,128.5849747",https://map.naver.com/p?lng=128.5849747&lat=35.3588738&zoom=18,112001,CWB379000069,35.358874,128.584975
소라,창원시의창구,북면,2,"https://map.kakao.com/link/map/%EC%86%8C%EB%9D%BC,35.3587581,128.5850433",https://map.naver.com/p?lng=128.5850433&lat=35.3587581&zoom=18,112002,CWB379000070,35.358758,128.585043
승산,창원시의창구,북면,2,"https://map.kakao.com/link/map/%EC%8A%B9%EC%82%B0,35.3027572,128.6245216",https://map.naver.com/p?lng=128.6245216&lat=35.3027572&zoom=18,101710,CWB379003131,35.302757,128.624522
승산,창원시의창구,북면,2,"https://map.kakao.com/link/map/%EC%8A%B9%EC%82%B0,35.3028678,128.6246202",https://map.naver.com/p?lng=128.6246202&lat=35.3028678&zoom=18,101711,CWB379003132,35.302868,128.62462
승산초등학교,창원시의창구,북면,2,"https://map.kakao.com/link/map/%EC%8A%B9%EC%82%B0%EC%B4%88%EB%93%B1%ED%95%99%EA%B5%90,35.3036022,128.6273768",https://map.naver.com/p?lng=128.6273768&lat=35.3036022&zoom=18,101708,CWB379000227,35.303602,128.627377
승산초등학교,창원시의창구,북면,2,"https://map.kakao.com/link/map/%EC%8A%B9%EC%82%B0%EC%B4%88%EB%93%B1%ED%95%99%EA%B5%90,35.3034963,128.6272136",https://map.naver.com/p?lng=128.6272136&lat=35.3034963&zoom=18,101709,CWB379000228,35.303496,128.627214
신기,창원시의창구,북면,2,"https://map.kakao.com/link/map/%EC%8B%A0%EA%B8%B0,35.3640577,128.6236141",https://map.naver.com/p?lng=128.6236141&lat=35.3640577&zoom=18,119360,CWB379000048,35.364058,128.623614
신기,창원시의창구,북면,2,"https://map.kakao.com/link/map/%EC%8B%A0%EA%B8%B0,35.3638701,128.6232711",https://map.naver.com/p?lng=128.6232711&lat=35.3638701&zoom=18,119359,CWB379000049,35.36387,128.623271
신동,창원시의창구,북면,4,"https://map.kakao.com/link/map/%EC%8B%A0%EB%8F%99,35.3304604,128.6002146",https://map.naver.com/p?lng=128.6002146&lat=35.3304604&zoom=18,113503,CWB379003130,35.33046,128.600215
신동,창원시의창구,북면,4,"https://map.kakao.com/link/map/%EC%8B%A0%EB%8F%99,35.3300509,128.6006794",https://map.naver.com/p?lng=128.6006794&lat=35.3300509&zoom=18,119375,CWB379005533,35.330051,128.600679
신동,창원시의창구,북면,4,"https://map.kakao.com/link/map/%EC%8B%A0%EB%8F%99,35.3309032,128.6001216",https://map.naver.com/p?lng=128.6001216&lat=35.3309032&zoom=18,119339,CWB379000163,35.330903,128.600122
신동,창원시의창구,북면,4,"https://map.kakao.com/link/map/%EC%8B%A0%EB%8F%99,35.3301257,128.6007987",https://map.naver.com/p?lng=128.6007987&lat=35.3301257&zoom=18,119340,CWB379000164,35.330126,128.600799
신동이주단지,창원시의창구,북면,2,"https://map.kakao.com/link/map/%EC%8B%A0%EB%8F%99%EC%9D%B4%EC%A3%BC%EB%8B%A8%EC%A7%80,35.3275338,128.6017207",https://map.naver.com/p?lng=128.6017207&lat=35.3275338&zoom=18,119337,CWB379000170,35.327534,128.601721
신동이주단지,창원시의창구,북면,2,"https://map.kakao.com/link/map/%EC%8B%A0%EB%8F%99%EC%9D%B4%EC%A3%BC%EB%8B%A8%EC%A7%80,35.3273994,128.6019839",https://map.naver.com/p?lng=128.6019839&lat=35.3273994&zoom=18,119338,CWB379000171,35.327399,128.601984
신목,창원시의창구,북면,2,"https://map.kakao.com/link/map/%EC%8B%A0%EB%AA%A9,35.3589233,128.6179722",https://map.naver.com/p?lng=128.6179722&lat=35.3589233&zoom=18,119357,CWB379000066,35.358923,128.617972
신목,창원시의창구,북면,2,"https://map.kakao.com/link/map/%EC%8B%A0%EB%AA%A9,35.3588669,128.6180841",https://map.naver.com/p?lng=128.6180841&lat=35.3588669&zoom=18,630008,CWB379000067,35.358867,128.618084
신음,창원시의창구,북면,2,"https://map.kakao.com/link/map/%EC%8B%A0%EC%9D%8C,35.3286916,128.5847338",https://map.naver.com/p?lng=128.5847338&lat=35.3286916&zoom=18,113602,CWB379000168,35.328692,128.584734
신음,창원시의창구,북면,2,"https://map.kakao.com/link/map/%EC%8B%A0%EC%9D%8C,35.3288122,128.5849666",https://map.naver.com/p?lng=128.5849666&lat=35.3288122&zoom=18,113601,CWB379000169,35.328812,128.584967
신진정밀,창원시의창구,북면,2,"https://map.kakao.com/link/map/%EC%8B%A0%EC%A7%84%EC%A0%95%EB%B0%80,35.2961255,128.5889936",https://map.naver.com/p?lng=128.5889936&lat=35.2961255&zoom=18,103111,CWB379003326,35.296126,128.588994
신진정밀,창원시의창구,북면,2,"https://map.kakao.com/link/map/%EC%8B%A0%EC%A7%84%EC%A0%95%EB%B0%80,35.2961926,128.5888547",https://map.naver.com/p?lng=128.5888547&lat=35.2961926&zoom=18,103110,CWB379003327,35.296193,128.588855
신촌주유소,창원시의창구,북면,2,"https://map.kakao.com/link/map/%EC%8B%A0%EC%B4%8C%EC%A3%BC%EC%9C%A0%EC%86%8C,35.3397704,128.6011532",https://map.naver.com/p?lng=128.6011532&lat=35.3397704&zoom=18,119344,CWB379000144,35.33977,128.601153
신촌주유소,창원시의창구,북면,2,"https://map.kakao.com/link/map/%EC%8B%A0%EC%B4%8C%EC%A3%BC%EC%9C%A0%EC%86%8C,35.3397342,128.6010096",https://map.naver.com/p?lng=128.6010096&lat=35.3397342&zoom=18,119343,CWB379000145,35.339734,128.60101
신한아파트,창원시의창구,북면,2,"https://map.kakao.com/link/map/%EC%8B%A0%ED%95%9C%EC%95%84%ED%8C%8C%ED%8A%B8,35.349309,128.6072349",https://map.naver.com/p?lng=128.6072349&lat=35.349309&zoom=18,119350,CWB379000102,35.349309,128.607235
신한아파트,창원시의창구,북면,2,"https://map.kakao.com/link/map/%EC%8B%A0%ED%95%9C%EC%95%84%ED%8C%8C%ED%8A%B8,35.349138,128.6072299",https://map.naver.com/p?lng=128.6072299&lat=35.349138&zoom=18,119349,CWB379000103,35.349138,128.60723
안신천,창원시의창구,북면,2,"https://map.kakao.com/link/map/%EC%95%88%EC%8B%A0%EC%B2%9C,35.3731356,128.6137346",https://map.naver.com/p?lng=128.6137346&lat=35.3731356&zoom=18,119364,CWB379000010,35.373136,128.613735
안신천,창원시의창구,북면,2,"https://map.kakao.com/link/map/%EC%95%88%EC%8B%A0%EC%B2%9C,35.3730351,128.6137921",https://map.naver.com/p?lng=128.6137921&lat=35.3730351&zoom=18,119363,CWB379000012,35.373035,128.613792
앞실마을,창원시의창구,북면,2,"https://map.kakao.com/link/map/%EC%95%9E%EC%8B%A4%EB%A7%88%EC%9D%84,35.3679642,128.6002312",https://map.naver.com/p?lng=128.6002312&lat=35.3679642&zoom=18,112601,CWB379000034,35.367964,128.600231
앞실마을,창원시의창구,북면,2,"https://map.kakao.com/link/map/%EC%95%9E%EC%8B%A4%EB%A7%88%EC%9D%84,35.3678683,128.6002258",https://map.naver.com/p?lng=128.6002258&lat=35.3678683&zoom=18,112602,CWB379000036,35.367868,128.600226
앞실마을입구,창원시의창구,북면,2,"https://map.kakao.com/link/map/%EC%95%9E%EC%8B%A4%EB%A7%88%EC%9D%84%EC%9E%85%EA%B5%AC,35.3642075,128.5997733",https://map.naver.com/p?lng=128.5997733&lat=35.3642075&zoom=18,121501,CWB379000050,35.364208,128.599773
앞실마을입구,창원시의창구,북면,2,"https://map.kakao.com/link/map/%EC%95%9E%EC%8B%A4%EB%A7%88%EC%9D%84%EC%9E%85%EA%B5%AC,35.3641316,128.5998637",https://map.naver.com/p?lng=128.5998637&lat=35.3641316&zoom=18,121502,CWB379000052,35.364132,128.599864
어유골,창원시의창구,북면,2,"https://map.kakao.com/link/map/%EC%96%B4%EC%9C%A0%EA%B3%A8,35.3584497,128.5878745",https://map.naver.com/p?lng=128.5878745&lat=35.3584497&zoom=18,111901,CWB379003121,35.35845,128.587874
어유골,창원시의창구,북면,2,"https://map.kakao.com/link/map/%EC%96%B4%EC%9C%A0%EA%B3%A8,35.3583599,128.5876874",https://map.naver.com/p?lng=128.5876874&lat=35.3583599&zoom=18,111902,CWB379003122,35.35836,128.587687
영신아파트,창원시의창구,북면,2,"https://map.kakao.com/link/map/%EC%98%81%EC%8B%A0%EC%95%84%ED%8C%8C%ED%8A%B8,35.3364351,128.6002381",https://map.naver.com/p?lng=128.6002381&lat=35.3364351&zoom=18,119342,CWB379000154,35.336435,128.600238
영신아파트,창원시의창구,북면,2,"https://map.kakao.com/link/map/%EC%98%81%EC%8B%A0%EC%95%84%ED%8C%8C%ED%8A%B8,35.3364263,128.6000774",https://map.naver.com/p?lng=128.6000774&lat=35.3364263&zoom=18,119341,CWB379000155,35.336426,128.600077
오곡,창원시의창구,북면,2,"https://map.kakao.com/link/map/%EC%98%A4%EA%B3%A1,35.3752216,128.5787941",https://map.naver.com/p?lng=128.5787941&lat=35.3752216&zoom=18,100901,CWB379002258,35.375222,128.578794
오곡,창원시의창구,북면,2,"https://map.kakao.com/link/map/%EC%98%A4%EA%B3%A1,35.3751456,128.5786577",https://map.naver.com/p?lng=128.5786577&lat=35.3751456&zoom=18,100902,CWB379002259,35.375146,128.578658
외감,창원시의창구,북면,2,"https://map.kakao.com/link/map/%EC%99%B8%EA%B0%90,35.2911891,128.6003493",https://map.naver.com/p?lng=128.6003493&lat=35.2911891&zoom=18,112402,CWB379000256,35.291189,128.600349
외감,창원시의창구,북면,2,"https://map.kakao.com/link/map/%EC%99%B8%EA%B0%90,35.2910923,128.6002792",https://map.naver.com/p?lng=128.6002792&lat=35.2910923&zoom=18,112401,CWB379000257,35.291092,128.600279
외감삼거리,창원시의창구,북면,2,"https://map.kakao.com/link/map/%EC%99%B8%EA%B0%90%EC%82%BC%EA%B1%B0%EB%A6%AC,35.2890249,128.6017178",https://map.naver.com/p?lng=128.6017178&lat=35.2890249&zoom=18,112406,CWB379005491,35.289025,128.601718
외감삼거리,창원시의창구,북면,2,"https://map.kakao.com/link/map/%EC%99%B8%EA%B0%90%EC%82%BC%EA%B1%B0%EB%A6%AC,35.2889362,128.6016116",https://map.naver.com/p?lng=128.6016116&lat=35.2889362&zoom=18,112405,CWB379005492,35.288936,128.601612
외감입구,창원시의창구,북면,3,"https://map.kakao.com/link/map/%EC%99%B8%EA%B0%90%EC%9E%85%EA%B5%AC,35.2893883,128.606389",https://map.naver.com/p?lng=128.606389&lat=35.2893883&zoom=18,119318,CWB379000260,35.289388,128.606389
외감입구,창원시의창구,북면,3,"https://map.kakao.com/link/map/%EC%99%B8%EA%B0%90%EC%9E%85%EA%B5%AC,35.2891685,128.6064916",https://map.naver.com/p?lng=128.6064916&lat=35.2891685&zoom=18,119317,CWB379000262,35.289168,128.606492
외감입구,창원시의창구,북면,3,"https://map.kakao.com/link/map/%EC%99%B8%EA%B0%90%EC%9E%85%EA%B5%AC,35.2893155,128.6064802",https://map.naver.com/p?lng=128.6064802&lat=35.2893155&zoom=18,119316,CWB379000263,35.289316,128.60648
월계,창원시의창구,북면,2,"https://map.kakao.com/link/map/%EC%9B%94%EA%B3%84,35.3537055,128.6345159",https://map.naver.com/p?lng=128.6345159&lat=35.3537055&zoom=18,114403,CWB379000084,35.353706,128.634516
월계,창원시의창구,북면,2,"https://map.kakao.com/link/map/%EC%9B%94%EA%B3%84,35.3536444,128.6347044",https://map.naver.com/p?lng=128.6347044&lat=35.3536444&zoom=18,114404,CWB379000085,35.353644,128.634704
월계마을회관,창원시의창구,북면,1,"https://map.kakao.com/link/map/%EC%9B%94%EA%B3%84%EB%A7%88%EC%9D%84%ED%9A%8C%EA%B4%80,35.347898,128.6392429",https://map.naver.com/p?lng=128.6392429&lat=35.347898&zoom=18,114402,CWB379002189,35.347898,128.639243
월드메르디앙아파트,창원시의창구,북면,2,"https://map.kakao.com/link/map/%EC%9B%94%EB%93%9C%EB%A9%94%EB%A5%B4%EB%94%94%EC%95%99%EC%95%84%ED%8C%8C%ED%8A%B8,35.3156561,128.5997134",https://map.naver.com/p?lng=128.5997134&lat=35.3156561&zoom=18,104722,CWB379003469,35.315656,128.599713
월드메르디앙아파트,창원시의창구,북면,2,"https://map.kakao.com/link/map/%EC%9B%94%EB%93%9C%EB%A9%94%EB%A5%B4%EB%94%94%EC%95%99%EC%95%84%ED%8C%8C%ED%8A%B8,35.3156632,128.5995469",https://map.naver.com/p?lng=128.5995469&lat=35.3156632&zoom=18,104723,CWB379003470,35.315663,128.599547
월백,창원시의창구,북면,2,"https://map.kakao.com/link/map/%EC%9B%94%EB%B0%B1,35.3202954,128.6253213",https://map.naver.com/p?lng=128.6253213&lat=35.3202954&zoom=18,106705,CWB379000180,35.320295,128.625321
월백,창원시의창구,북면,2,"https://map.kakao.com/link/map/%EC%9B%94%EB%B0%B1,35.3201716,128.625316",https://map.naver.com/p?lng=128.625316&lat=35.3201716&zoom=18,106706,CWB379000181,35.320172,128.625316
월촌,창원시의창구,북면,2,"https://map.kakao.com/link/map/%EC%9B%94%EC%B4%8C,35.3195008,128.6171506",https://map.naver.com/p?lng=128.6171506&lat=35.3195008&zoom=18,106703,CWB379000182,35.319501,128.617151
월촌,창원시의창구,북면,2,"https://map.kakao.com/link/map/%EC%9B%94%EC%B4%8C,35.3193491,128.6171497",https://map.naver.com/p?lng=128.6171497&lat=35.3193491&zoom=18,106704,CWB379000183,35.319349,128.61715
월촌교,창원시의창구,북면,2,"https://map.kakao.com/link/map/%EC%9B%94%EC%B4%8C%EA%B5%90,35.3190208,128.6094454",https://map.naver.com/p?lng=128.6094454&lat=35.3190208&zoom=18,106701,CWB379000184,35.319021,128.609445
월촌교,창원시의창구,북면,2,"https://map.kakao.com/link/map/%EC%9B%94%EC%B4%8C%EA%B5%90,35.3189189,128.609317",https://map.naver.com/p?lng=128.609317&lat=35.3189189&zoom=18,106702,CWB379000185,35.318919,128.609317
중리,창원시의창구,북면,1,"https://map.kakao.com/link/map/%EC%A4%91%EB%A6%AC,35.3412934,128.5915006",https://map.naver.com/p?lng=128.5915006&lat=35.3412934&zoom=18,103409,CWB379000139,35.341293,128.591501
중리경로당,창원시의창구,북면,1,"https://map.kakao.com/link/map/%EC%A4%91%EB%A6%AC%EA%B2%BD%EB%A1%9C%EB%8B%B9,35.3411322,128.5915062",https://map.naver.com/p?lng=128.5915062&lat=35.3411322&zoom=18,103410,CWB379000140,35.341132,128.591506
중방마을,창원시의창구,북면,2,"https://map.kakao.com/link/map/%EC%A4%91%EB%B0%A9%EB%A7%88%EC%9D%84,35.2983178,128.5937771",https://map.naver.com/p?lng=128.5937771&lat=35.2983178&zoom=18,112302,CWB379003126,35.298318,128.593777
중방마을,창원시의창구,북면,2,"https://map.kakao.com/link/map/%EC%A4%91%EB%B0%A9%EB%A7%88%EC%9D%84,35.2982601,128.5935794",https://map.naver.com/p?lng=128.5935794&lat=35.2982601&zoom=18,112404,CWB379000242,35.29826,128.593579
중방마을회관,창원시의창구,북면,2,"https://map.kakao.com/link/map/%EC%A4%91%EB%B0%A9%EB%A7%88%EC%9D%84%ED%9A%8C%EA%B4%80,35.2964593,128.5932433",https://map.naver.com/p?lng=128.5932433&lat=35.2964593&zoom=18,103113,CWB379003328,35.296459,128.593243
중방마을회관,창원시의창구,북면,2,"https://map.kakao.com/link/map/%EC%A4%91%EB%B0%A9%EB%A7%88%EC%9D%84%ED%9A%8C%EA%B4%80,35.2965704,128.5932506",https://map.naver.com/p?lng=128.5932506&lat=35.2965704&zoom=18,103112,CWB379003329,35.29657,128.593251
중재골입구,창원시의창구,북면,2,"https://map.kakao.com/link/map/%EC%A4%91%EC%9E%AC%EA%B3%A8%EC%9E%85%EA%B5%AC,35.2931892,128.6052432",https://map.naver.com/p?lng=128.6052432&lat=35.2931892&zoom=18,119319,CWB379000253,35.293189,128.605243
중재골입구,창원시의창구,북면,2,"https://map.kakao.com/link/map/%EC%A4%91%EC%9E%AC%EA%B3%A8%EC%9E%85%EA%B5%AC,35.2931516,128.6053578",https://map.naver.com/p?lng=128.6053578&lat=35.2931516&zoom=18,119320,CWB379000254,35.293152,128.605358
중촌,창원시의창구,북면,2,"https://map.kakao.com/link/map/%EC%A4%91%EC%B4%8C,35.3656514,128.6014522",https://map.naver.com/p?lng=128.6014522&lat=35.3656514&zoom=18,121504,CWB379000046,35.365651,128.601452
중촌,창원시의창구,북면,2,"https://map.kakao.com/link/map/%EC%A4%91%EC%B4%8C,35.36565,128.6013072",https://map.naver.com/p?lng=128.6013072&lat=35.36565&zoom=18,121503,CWB379000047,35.36565,128.601307
지개리,창원시의창구,북면,2,"https://map.kakao.com/link/map/%EC%A7%80%EA%B0%9C%EB%A6%AC,35.2866041,128.6140812",https://map.naver.com/p?lng=128.6140812&lat=35.2866041&zoom=18,101712,CWB379003139,35.286604,128.614081
지개리,창원시의창구,북면,2,"https://map.kakao.com/link/map/%EC%A7%80%EA%B0%9C%EB%A6%AC,35.2864844,128.6140952",https://map.naver.com/p?lng=128.6140952&lat=35.2864844&zoom=18,101701,CWB379000272,35.286484,128.614095
지개리입구,창원시의창구,북면,4,"https://map.kakao.com/link/map/%EC%A7%80%EA%B0%9C%EB%A6%AC%EC%9E%85%EA%B5%AC,35.2857215,128.6109101",https://map.naver.com/p?lng=128.6109101&lat=35.2857215&zoom=18,101713,CWB379005435,35.285722,128.61091
지개리입구,창원시의창구,북면,4,"https://map.kakao.com/link/map/%EC%A7%80%EA%B0%9C%EB%A6%AC%EC%9E%85%EA%B5%AC,35.2858047,128.6109227",https://map.naver.com/p?lng=128.6109227&lat=35.2858047&zoom=18,101716,CWB379005488,35.285805,128.610923
지개리입구,창원시의창구,북면,4,"https://map.kakao.com/link/map/%EC%A7%80%EA%B0%9C%EB%A6%AC%EC%9E%85%EA%B5%AC,35.2859929,128.6103302",https://map.naver.com/p?lng=128.6103302&lat=35.2859929&zoom=18,119314,CWB379000274,35.285993,128.61033
지개리입구,창원시의창구,북면,4,"https://map.kakao.com/link/map/%EC%A7%80%EA%B0%9C%EB%A6%AC%EC%9E%85%EA%B5%AC,35.285865,128.6102892",https://map.naver.com/p?lng=128.6102892&lat=35.285865&zoom=18,119315,CWB379000276,35.285865,128.610289
천수림아파트정문,창원시의창구,북면,1,"https://map.kakao.com/link/map/%EC%B2%9C%EC%88%98%EB%A6%BC%EC%95%84%ED%8C%8C%ED%8A%B8%EC%A0%95%EB%AC%B8,35.3016865,128.5864604",https://map.naver.com/p?lng=128.5864604&lat=35.3016865&zoom=18,103117,CWB379003426,35.301686,128.58646
초소,창원시의창구,북면,2,"https://map.kakao.com/link/map/%EC%B4%88%EC%86%8C,35.378131,128.5948613",https://map.naver.com/p?lng=128.5948613&lat=35.378131&zoom=18,112609,CWB379000007,35.378131,128.594861
초소,창원시의창구,북면,2,"https://map.kakao.com/link/map/%EC%B4%88%EC%86%8C,35.3777822,128.5944913",https://map.naver.com/p?lng=128.5944913&lat=35.3777822&zoom=18,112608,CWB379000008,35.377782,128.594491
춘광아파트,창원시의창구,북면,2,"https://map.kakao.com/link/map/%EC%B6%98%EA%B4%91%EC%95%84%ED%8C%8C%ED%8A%B8,35.3475054,128.6093352",https://map.naver.com/p?lng=128.6093352&lat=35.3475054&zoom=18,110302,CWB379000114,35.347505,128.609335
춘광아파트,창원시의창구,북면,2,"https://map.kakao.com/link/map/%EC%B6%98%EA%B4%91%EC%95%84%ED%8C%8C%ED%8A%B8,35.3475578,128.6088782",https://map.naver.com/p?lng=128.6088782&lat=35.3475578&zoom=18,110301,CWB379000115,35.347558,128.608878
포레힐스데시앙아파트,창원시의창구,북면,2,"https://map.kakao.com/link/map/%ED%8F%AC%EB%A0%88%ED%9E%90%EC%8A%A4%EB%8D%B0%EC%8B%9C%EC%95%99%EC%95%84%ED%8C%8C%ED%8A%B8,35.2983201,128.5865795",https://map.naver.com/p?lng=128.5865795&lat=35.2983201&zoom=18,103124,CWB379006166,35.29832,128.58658
포레힐스데시앙아파트,창원시의창구,북면,2,"https://map.kakao.com/link/map/%ED%8F%AC%EB%A0%88%ED%9E%90%EC%8A%A4%EB%8D%B0%EC%8B%9C%EC%95%99%EC%95%84%ED%8C%8C%ED%8A%B8,35.2976021,128.5863567",https://map.naver.com/p?lng=128.5863567&lat=35.2976021&zoom=18,103123,CWB379006167,35.297602,128.586357
푸르지오아파트,창원시의창구,북면,1,"https://map.kakao.com/link/map/%ED%91%B8%EB%A5%B4%EC%A7%80%EC%98%A4%EC%95%84%ED%8C%8C%ED%8A%B8,35.3003405,128.58631",https://map.naver.com/p?lng=128.58631&lat=35.3003405&zoom=18,103109,CWB379003324,35.30034,128.58631
하천리,창원시의창구,북면,2,"https://map.kakao.com/link/map/%ED%95%98%EC%B2%9C%EB%A6%AC,35.370338,128.6060682",https://map.naver.com/p?lng=128.6060682&lat=35.370338&zoom=18,121507,CWB379006168,35.370338,128.606068
하천리,창원시의창구,북면,2,"https://map.kakao.com/link/map/%ED%95%98%EC%B2%9C%EB%A6%AC,35.3704324,128.6059216",https://map.naver.com/p?lng=128.6059216&lat=35.3704324&zoom=18,121508,CWB379006169,35.370432,128.605922
한수,창원시의창구,북면,2,"https://map.kakao.com/link/map/%ED%95%9C%EC%88%98,35.2932246,128.6239049",https://map.naver.com/p?lng=128.6239049&lat=35.2932246&zoom=18,101704,CWB379000250,35.293225,128.623905
한수,창원시의창구,북면,2,"https://map.kakao.com/link/map/%ED%95%9C%EC%88%98,35.2933626,128.6238618",https://map.naver.com/p?lng=128.6238618&lat=35.2933626&zoom=18,101705,CWB379000251,35.293363,128.623862
행복가득한집,창원시의창구,북면,2,"https://map.kakao.com/link/map/%ED%96%89%EB%B3%B5%EA%B0%80%EB%93%9D%ED%95%9C%EC%A7%91,35.3569338,128.6151133",https://map.naver.com/p?lng=128.6151133&lat=35.3569338&zoom=18,119367,CWB379003290,35.356934,128.615113
행복가득한집,창원시의창구,북면,2,"https://map.kakao.com/link/map/%ED%96%89%EB%B3%B5%EA%B0%80%EB%93%9D%ED%95%9C%EC%A7%91,35.356849,128.6151584",https://map.naver.com/p?lng=128.6151584&lat=35.356849&zoom=18,119368,CWB379003291,35.356849,128.615158
행복한병원,창원시의창구,북면,2,"https://map.kakao.com/link/map/%ED%96%89%EB%B3%B5%ED%95%9C%EB%B3%91%EC%9B%90,35.323593,128.6026596",https://map.naver.com/p?lng=128.6026596&lat=35.323593&zoom=18,119336,CWB379002912,35.323593,128.60266
행복한병원,창원시의창구,북면,2,"https://map.kakao.com/link/map/%ED%96%89%EB%B3%B5%ED%95%9C%EB%B3%91%EC%9B%90,35.3232712,128.6026229",https://map.naver.com/p?lng=128.6026229&lat=35.3232712&zoom=18,119335,CWB379002913,35.323271,128.602623
현도,창원시의창구,북면,2,"https://map.kakao.com/link/map/%ED%98%84%EB%8F%84,35.3737089,128.5912312",https://map.naver.com/p?lng=128.5912312&lat=35.3737089&zoom=18,112606,CWB379000013,35.373709,128.591231
현도,창원시의창구,북면,2,"https://map.kakao.com/link/map/%ED%98%84%EB%8F%84,35.3737905,128.5913621",https://map.naver.com/p?lng=128.5913621&lat=35.3737905&zoom=18,112605,CWB379000014,35.37379,128.591362
현천,창원시의창구,북면,2,"https://map.kakao.com/link/map/%ED%98%84%EC%B2%9C,35.3438192,128.5821382",https://map.naver.com/p?lng=128.5821382&lat=35.3438192&zoom=18,103407,CWB379000136,35.343819,128.582138
현천,창원시의창구,북면,2,"https://map.kakao.com/link/map/%ED%98%84%EC%B2%9C,35.3433941,128.5826413",https://map.naver.com/p?lng=128.5826413&lat=35.3433941&zoom=18,103408,CWB379000137,35.343394,128.582641
화산마을,창원시의창구,북면,2,"https://map.kakao.com/link/map/%ED%99%94%EC%82%B0%EB%A7%88%EC%9D%84,35.2982273,128.6097975",https://map.naver.com/p?lng=128.6097975&lat=35.2982273&zoom=18,100711,CWB379003135,35.298227,128.609798
화산마을,창원시의창구,북면,2,"https://map.kakao.com/link/map/%ED%99%94%EC%82%B0%EB%A7%88%EC%9D%84,35.298121,128.6098284",https://map.naver.com/p?lng=128.6098284&lat=35.298121&zoom=18,100712,CWB379003136,35.298121,128.609828
화산마을입구,창원시의창구,북면,2,"https://map.kakao.com/link/map/%ED%99%94%EC%82%B0%EB%A7%88%EC%9D%84%EC%9E%85%EA%B5%AC,35.2992806,128.6069402",https://map.naver.com/p?lng=128.6069402&lat=35.2992806&zoom=18,100713,CWB379003218,35.299281,128.60694
화산마을입구,창원시의창구,북면,2,"https://map.kakao.com/link/map/%ED%99%94%EC%82%B0%EB%A7%88%EC%9D%84%EC%9E%85%EA%B5%AC,35.2991431,128.6070512",https://map.naver.com/p?lng=128.6070512&lat=35.2991431&zoom=18,100714,CWB379003219,35.299143,128.607051
화천리,창원시의창구,북면,2,"https://map.kakao.com/link/map/%ED%99%94%EC%B2%9C%EB%A6%AC,35.3000271,128.6033567",https://map.naver.com/p?lng=128.6033567&lat=35.3000271&zoom=18,119322,CWB379000237,35.300027,128.603357
화천리,창원시의창구,북면,2,"https://map.kakao.com/link/map/%ED%99%94%EC%B2%9C%EB%A6%AC,35.2997835,128.6033253",https://map.naver.com/p?lng=128.6033253&lat=35.2997835&zoom=18,119321,CWB379000238,35.299784,128.603325
휴먼빌1단지,창원시의창구,북면,1,"https://map.kakao.com/link/map/%ED%9C%B4%EB%A8%BC%EB%B9%8C1%EB%8B%A8%EC%A7%80,35.3194762,128.5838751",https://map.naver.com/p?lng=128.5838751&lat=35.3194762&zoom=18,104714,CWB379003251,35.319476,128.583875
휴먼빌2단지,창원시의창구,북면,1,"https://map.kakao.com/link/map/%ED%9C%B4%EB%A8%BC%EB%B9%8C2%EB%8B%A8%EC%A7%80,35.3195585,128.5839562",https://map.naver.com/p?lng=128.5839562&lat=35.3195585&zoom=18,104713,CWB379003250,35.319558,128.583956
휴먼빌3차아파트,창원시의창구,북면,1,"https://map.kakao.com/link/map/%ED%9C%B4%EB%A8%BC%EB%B9%8C3%EC%B0%A8%EC%95%84%ED%8C%8C%ED%8A%B8,35.3161866,128.5822967",https://map.naver.com/p?lng=128.5822967&lat=35.3161866&zoom=18,104721,CWB379003380,35.316187,128.582297
힐스테이트1차,창원시의창구,북면,1,"https://map.kakao.com/link/map/%ED%9E%90%EC%8A%A4%ED%85%8C%EC%9D%B4%ED%8A%B81%EC%B0%A8,35.3023536,128.5974387",https://map.naver.com/p?lng=128.5974387&lat=35.3023536&zoom=18,103103,CWB379003286,35.302354,128.597439
힐스테이트3차,창원시의창구,북면,1,"https://map.kakao.com/link/map/%ED%9E%90%EC%8A%A4%ED%85%8C%EC%9D%B4%ED%8A%B83%EC%B0%A8,35.3023362,128.5878081",https://map.naver.com/p?lng=128.5878081&lat=35.3023362&zoom=18,103115,CWB379003423,35.302336,128.587808
힐스테이트3차.천수림아파트,창원시의창구,북면,1,"https://map.kakao.com/link/map/%ED%9E%90%EC%8A%A4%ED%85%8C%EC%9D%B4%ED%8A%B83%EC%B0%A8.%EC%B2%9C%EC%88%98%EB%A6%BC%EC%95%84%ED%8C%8C%ED%8A%B8,35.3022088,128.5884201",https://map.naver.com/p?lng=128.5884201&lat=35.3022088&zoom=18,103106,CWB379003332,35.302209,128.58842
힐스테이트4차,창원시의창구,북면,1,"https://map.kakao.com/link/map/%ED%9E%90%EC%8A%A4%ED%85%8C%EC%9D%B4%ED%8A%B84%EC%B0%A8,35.3016932,128.5862985",https://map.naver.com/p?lng=128.5862985&lat=35.3016932&zoom=18,103118,CWB379003427,35.301693,128.586298
경상고등학교,창원시의창구,의창동,2,"https://map.kakao.com/link/map/%EA%B2%BD%EC%83%81%EA%B3%A0%EB%93%B1%ED%95%99%EA%B5%90,35.2596804,128.5982512",https://map.naver.com/p?lng=128.5982512&lat=35.2596804&zoom=18,102601,CWB379002378,35.25968,128.598251
경상고등학교,창원시의창구,의창동,2,"https://map.kakao.com/link/map/%EA%B2%BD%EC%83%81%EA%B3%A0%EB%93%B1%ED%95%99%EA%B5%90,35.2596026,128.598279",https://map.naver.com/p?lng=128.598279&lat=35.2596026&zoom=18,109407,CWB379005373,35.259603,128.598279
고향의봄도서관,창원시의창구,의창동,2,"https://map.kakao.com/link/map/%EA%B3%A0%ED%96%A5%EC%9D%98%EB%B4%84%EB%8F%84%EC%84%9C%EA%B4%80,35.2551843,128.618673",https://map.naver.com/p?lng=128.618673&lat=35.2551843&zoom=18,120613,CWB379003301,35.255184,128.618673
고향의봄도서관,창원시의창구,의창동,2,"https://map.kakao.com/link/map/%EA%B3%A0%ED%96%A5%EC%9D%98%EB%B4%84%EB%8F%84%EC%84%9C%EA%B4%80,35.2552336,128.618199",https://map.naver.com/p?lng=128.618199&lat=35.2552336&zoom=18,120614,CWB379003302,35.255234,128.618199
굴현고개,창원시의창구,의창동,1,"https://map.kakao.com/link/map/%EA%B5%B4%ED%98%84%EA%B3%A0%EA%B0%9C,35.2767508,128.6161063",https://map.naver.com/p?lng=128.6161063&lat=35.2767508&zoom=18,119309,CWB379000300,35.276751,128.616106
금호온천,창원시의창구,의창동,1,"https://map.kakao.com/link/map/%EA%B8%88%ED%98%B8%EC%98%A8%EC%B2%9C,35.2615486,128.6292549",https://map.naver.com/p?lng=128.6292549&lat=35.2615486&zoom=18,115313,CWB379000364,35.261549,128.629255
동일그린맨션,창원시의창구,의창동,1,"https://map.kakao.com/link/map/%EB%8F%99%EC%9D%BC%EA%B7%B8%EB%A6%B0%EB%A7%A8%EC%85%98,35.2642634,128.6283102",https://map.naver.com/p?lng=128.6283102&lat=35.2642634&zoom=18,115006,CWB379000337,35.264263,128.62831
동정동,창원시의창구,의창동,1,"https://map.kakao.com/link/map/%EB%8F%99%EC%A0%95%EB%8F%99,35.2633623,128.6183266",https://map.naver.com/p?lng=128.6183266&lat=35.2633623&zoom=18,119302,CWB379000346,35.263362,128.618327
동정동/써니마트,창원시의창구,의창동,1,"https://map.kakao.com/link/map/%EB%8F%99%EC%A0%95%EB%8F%99%2F%EC%8D%A8%EB%8B%88%EB%A7%88%ED%8A%B8,35.2634968,128.6178319",https://map.naver.com/p?lng=128.6178319&lat=35.2634968&zoom=18,119301,CWB379000344,35.263497,128.617832
동정동갓골,창원시의창구,의창동,2,"https://map.kakao.com/link/map/%EB%8F%99%EC%A0%95%EB%8F%99%EA%B0%93%EA%B3%A8,35.2663047,128.6165887",https://map.naver.com/p?lng=128.6165887&lat=35.2663047&zoom=18,119306,CWB379000322,35.266305,128.616589
동정동갓골,창원시의창구,의창동,2,"https://map.kakao.com/link/map/%EB%8F%99%EC%A0%95%EB%8F%99%EA%B0%93%EA%B3%A8,35.2661846,128.6163663",https://map.naver.com/p?lng=128.6163663&lat=35.2661846&zoom=18,119305,CWB379000323,35.266185,128.616366
북동공설시장,창원시의창구,의창동,1,"https://map.kakao.com/link/map/%EB%B6%81%EB%8F%99%EA%B3%B5%EC%84%A4%EC%8B%9C%EC%9E%A5,35.2649244,128.6220922",https://map.naver.com/p?lng=128.6220922&lat=35.2649244&zoom=18,115002,CWB379000333,35.264924,128.622092
서상삼거리,창원시의창구,의창동,1,"https://map.kakao.com/link/map/%EC%84%9C%EC%83%81%EC%82%BC%EA%B1%B0%EB%A6%AC,35.260623,128.6104637",https://map.naver.com/p?lng=128.6104637&lat=35.260623&zoom=18,115303,CWB379000376,35.260623,128.610464
소계갓등1길,창원시의창구,의창동,2,"https://map.kakao.com/link/map/%EC%86%8C%EA%B3%84%EA%B0%93%EB%93%B11%EA%B8%B8,35.2582542,128.599756",https://map.naver.com/p?lng=128.599756&lat=35.2582542&zoom=18,102602,CWB379002411,35.258254,128.599756
소계갓등1길,창원시의창구,의창동,2,"https://map.kakao.com/link/map/%EC%86%8C%EA%B3%84%EA%B0%93%EB%93%B11%EA%B8%B8,35.2582169,128.5996499",https://map.naver.com/p?lng=128.5996499&lat=35.2582169&zoom=18,109408,CWB379005374,35.258217,128.59965
소계동,창원시의창구,의창동,2,"https://map.kakao.com/link/map/%EC%86%8C%EA%B3%84%EB%8F%99,35.2557839,128.6022227",https://map.naver.com/p?lng=128.6022227&lat=35.2557839&zoom=18,109405,CWB379000426,35.255784,128.602223
소계동,창원시의창구,의창동,2,"https://map.kakao.com/link/map/%EC%86%8C%EA%B3%84%EB%8F%99,35.2553649,128.6026193",https://map.naver.com/p?lng=128.6026193&lat=35.2553649&zoom=18,109406,CWB379000432,35.255365,128.602619
소계시장,창원시의창구,의창동,2,"https://map.kakao.com/link/map/%EC%86%8C%EA%B3%84%EC%8B%9C%EC%9E%A5,35.2569022,128.5995692",https://map.naver.com/p?lng=128.5995692&lat=35.2569022&zoom=18,630202,CWB379002418,35.256902,128.599569
소계시장,창원시의창구,의창동,2,"https://map.kakao.com/link/map/%EC%86%8C%EA%B3%84%EC%8B%9C%EC%9E%A5,35.2568216,128.599647",https://map.naver.com/p?lng=128.599647&lat=35.2568216&zoom=18,630017,CWB379000419,35.256822,128.599647
소계입구,창원시의창구,의창동,2,"https://map.kakao.com/link/map/%EC%86%8C%EA%B3%84%EC%9E%85%EA%B5%AC,35.2566722,128.6012452",https://map.naver.com/p?lng=128.6012452&lat=35.2566722&zoom=18,102501,CWB379000418,35.256672,128.601245
소계입구,창원시의창구,의창동,2,"https://map.kakao.com/link/map/%EC%86%8C%EA%B3%84%EC%9E%85%EA%B5%AC,35.256456,128.6011096",https://map.naver.com/p?lng=128.6011096&lat=35.256456&zoom=18,102502,CWB379000423,35.256456,128.60111
소계종점,창원시의창구,의창동,3,"https://map.kakao.com/link/map/%EC%86%8C%EA%B3%84%EC%A2%85%EC%A0%90,35.258876,128.6031322",https://map.naver.com/p?lng=128.6031322&lat=35.258876&zoom=18,630227,CWB379002799,35.258876,128.603132
소계종점,창원시의창구,의창동,3,"https://map.kakao.com/link/map/%EC%86%8C%EA%B3%84%EC%A2%85%EC%A0%90,35.2590172,128.6030196",https://map.naver.com/p?lng=128.6030196&lat=35.2590172&zoom=18,630319,CWB379005361,35.259017,128.60302
소계종점,창원시의창구,의창동,3,"https://map.kakao.com/link/map/%EC%86%8C%EA%B3%84%EC%A2%85%EC%A0%90,35.2588655,128.6027392",https://map.naver.com/p?lng=128.6027392&lat=35.2588655&zoom=18,102504,CWB379005804,35.258866,128.602739
소계종점입구,창원시의창구,의창동,1,"https://map.kakao.com/link/map/%EC%86%8C%EA%B3%84%EC%A2%85%EC%A0%90%EC%9E%85%EA%B5%AC,35.2582234,128.6020942",https://map.naver.com/p?lng=128.6020942&lat=35.2582234&zoom=18,102503,CWB379000403,35.258223,128.602094
소답동,창원시의창구,의창동,2,"https://map.kakao.com/link/map/%EC%86%8C%EB%8B%B5%EB%8F%99,35.2614665,128.6257342",https://map.naver.com/p?lng=128.6257342&lat=35.2614665&zoom=18,115311,CWB379000366,35.261466,128.625734
소답동,창원시의창구,의창동,2,"https://map.kakao.com/link/map/%EC%86%8C%EB%8B%B5%EB%8F%99,35.2611449,128.6285109",https://map.naver.com/p?lng=128.6285109&lat=35.2611449&zoom=18,115314,CWB379000370,35.261145,128.628511
소답상가,창원시의창구,의창동,1,"https://map.kakao.com/link/map/%EC%86%8C%EB%8B%B5%EC%83%81%EA%B0%80,35.2648991,128.6256617",https://map.naver.com/p?lng=128.6256617&lat=35.2648991&zoom=18,115004,CWB379000331,35.264899,128.625662
소답온천,창원시의창구,의창동,1,"https://map.kakao.com/link/map/%EC%86%8C%EB%8B%B5%EC%98%A8%EC%B2%9C,35.2621439,128.6286003",https://map.naver.com/p?lng=128.6286003&lat=35.2621439&zoom=18,115008,CWB379000351,35.262144,128.6286
소답입구,창원시의창구,의창동,1,"https://map.kakao.com/link/map/%EC%86%8C%EB%8B%B5%EC%9E%85%EA%B5%AC,35.2632623,128.6286315",https://map.naver.com/p?lng=128.6286315&lat=35.2632623&zoom=18,115007,CWB379000345,35.263262,128.628632
소답초등학교,창원시의창구,의창동,1,"https://map.kakao.com/link/map/%EC%86%8C%EB%8B%B5%EC%B4%88%EB%93%B1%ED%95%99%EA%B5%90,35.2650724,128.6273052",https://map.naver.com/p?lng=128.6273052&lat=35.2650724&zoom=18,115005,CWB379000328,35.265072,128.627305
어반브릭스,창원시의창구,의창동,2,"https://map.kakao.com/link/map/%EC%96%B4%EB%B0%98%EB%B8%8C%EB%A6%AD%EC%8A%A4,35.2558612,128.6249373",https://map.naver.com/p?lng=128.6249373&lat=35.2558612&zoom=18,120617,CWB379005382,35.255861,128.624937
어반브릭스,창원시의창구,의창동,2,"https://map.kakao.com/link/map/%EC%96%B4%EB%B0%98%EB%B8%8C%EB%A6%AD%EC%8A%A4,35.2558044,128.6251394",https://map.naver.com/p?lng=128.6251394&lat=35.2558044&zoom=18,120618,CWB379005383,35.255804,128.625139
오성아파트,창원시의창구,의창동,2,"https://map.kakao.com/link/map/%EC%98%A4%EC%84%B1%EC%95%84%ED%8C%8C%ED%8A%B8,35.2628916,128.6161279",https://map.naver.com/p?lng=128.6161279&lat=35.2628916&zoom=18,109102,CWB379000349,35.262892,128.616128
오성아파트,창원시의창구,의창동,2,"https://map.kakao.com/link/map/%EC%98%A4%EC%84%B1%EC%95%84%ED%8C%8C%ED%8A%B8,35.2625294,128.6154932",https://map.naver.com/p?lng=128.6154932&lat=35.2625294&zoom=18,109101,CWB379000350,35.262529,128.615493
유니시티1단지,창원시의창구,의창동,2,"https://map.kakao.com/link/map/%EC%9C%A0%EB%8B%88%EC%8B%9C%ED%8B%B01%EB%8B%A8%EC%A7%80,35.2537567,128.6232665",https://map.naver.com/p?lng=128.6232665&lat=35.2537567&zoom=18,120623,CWB379005772,35.253757,128.623266
유니시티1단지,창원시의창구,의창동,2,"https://map.kakao.com/link/map/%EC%9C%A0%EB%8B%88%EC%8B%9C%ED%8B%B01%EB%8B%A8%EC%A7%80,35.2537219,128.6235103",https://map.naver.com/p?lng=128.6235103&lat=35.2537219&zoom=18,120624,CWB379005773,35.253722,128.62351
유니시티2단지,창원시의창구,의창동,3,"https://map.kakao.com/link/map/%EC%9C%A0%EB%8B%88%EC%8B%9C%ED%8B%B02%EB%8B%A8%EC%A7%80,35.2576433,128.6281263",https://map.naver.com/p?lng=128.6281263&lat=35.2576433&zoom=18,120620,CWB379005380,35.257643,128.628126
유니시티2단지,창원시의창구,의창동,3,"https://map.kakao.com/link/map/%EC%9C%A0%EB%8B%88%EC%8B%9C%ED%8B%B02%EB%8B%A8%EC%A7%80,35.2578512,128.628081",https://map.naver.com/p?lng=128.628081&lat=35.2578512&zoom=18,120619,CWB379005381,35.257851,128.628081
유니시티2단지,창원시의창구,의창동,3,"https://map.kakao.com/link/map/%EC%9C%A0%EB%8B%88%EC%8B%9C%ED%8B%B02%EB%8B%A8%EC%A7%80,35.257855,128.6282953",https://map.naver.com/p?lng=128.6282953&lat=35.257855&zoom=18,120625,CWB379005808,35.257855,128.628295
유니시티3단지,창원시의창구,의창동,2,"https://map.kakao.com/link/map/%EC%9C%A0%EB%8B%88%EC%8B%9C%ED%8B%B03%EB%8B%A8%EC%A7%80,35.25785,128.6306767",https://map.naver.com/p?lng=128.6306767&lat=35.25785&zoom=18,120626,CWB379005934,35.25785,128.630677
유니시티3단지,창원시의창구,의창동,2,"https://map.kakao.com/link/map/%EC%9C%A0%EB%8B%88%EC%8B%9C%ED%8B%B03%EB%8B%A8%EC%A7%80,35.2580227,128.6305648",https://map.naver.com/p?lng=128.6305648&lat=35.2580227&zoom=18,120627,CWB379005935,35.258023,128.630565
윤병원,창원시의창구,의창동,2,"https://map.kakao.com/link/map/%EC%9C%A4%EB%B3%91%EC%9B%90,35.2617925,128.6200302",https://map.naver.com/p?lng=128.6200302&lat=35.2617925&zoom=18,115307,CWB379000358,35.261792,128.62003
윤병원,창원시의창구,의창동,2,"https://map.kakao.com/link/map/%EC%9C%A4%EB%B3%91%EC%9B%90,35.2613931,128.6209841",https://map.naver.com/p?lng=128.6209841&lat=35.2613931&zoom=18,115310,CWB379000367,35.261393,128.620984
의창동환승센터,창원시의창구,의창동,2,"https://map.kakao.com/link/map/%EC%9D%98%EC%B0%BD%EB%8F%99%ED%99%98%EC%8A%B9%EC%84%BC%ED%84%B0,35.2616634,128.6228942",https://map.naver.com/p?lng=128.6228942&lat=35.2616634&zoom=18,115309,CWB379000361,35.261663,128.622894
의창동환승센터,창원시의창구,의창동,2,"https://map.kakao.com/link/map/%EC%9D%98%EC%B0%BD%EB%8F%99%ED%99%98%EC%8A%B9%EC%84%BC%ED%84%B0,35.2612419,128.6244038",https://map.naver.com/p?lng=128.6244038&lat=35.2612419&zoom=18,115312,CWB379000369,35.261242,128.624404
중동초등학교,창원시의창구,의창동,1,"https://map.kakao.com/link/map/%EC%A4%91%EB%8F%99%EC%B4%88%EB%93%B1%ED%95%99%EA%B5%90,35.259002,128.6258575",https://map.naver.com/p?lng=128.6258575&lat=35.259002&zoom=18,120610,CWB379003298,35.259002,128.625858
창원과학고등학교,창원시의창구,의창동,2,"https://map.kakao.com/link/map/%EC%B0%BD%EC%9B%90%EA%B3%BC%ED%95%99%EA%B3%A0%EB%93%B1%ED%95%99%EA%B5%90,35.2554157,128.6224234",https://map.naver.com/p?lng=128.6224234&lat=35.2554157&zoom=18,120611,CWB379003299,35.255416,128.622423
창원과학고등학교,창원시의창구,의창동,2,"https://map.kakao.com/link/map/%EC%B0%BD%EC%9B%90%EA%B3%BC%ED%95%99%EA%B3%A0%EB%93%B1%ED%95%99%EA%B5%90,35.2558868,128.6232407",https://map.naver.com/p?lng=128.6232407&lat=35.2558868&zoom=18,120612,CWB379003300,35.255887,128.623241
창원여중,창원시의창구,의창동,1,"https://map.kakao.com/link/map/%EC%B0%BD%EC%9B%90%EC%97%AC%EC%A4%91,35.2589124,128.6165122",https://map.naver.com/p?lng=128.6165122&lat=35.2589124&zoom=18,120608,CWB379000396,35.258912,128.616512
창원역,창원시의창구,의창동,2,"https://map.kakao.com/link/map/%EC%B0%BD%EC%9B%90%EC%97%AD,35.2577187,128.6078285",https://map.naver.com/p?lng=128.6078285&lat=35.2577187&zoom=18,115350,CWB379003518,35.257719,128.607829
창원역,창원시의창구,의창동,2,"https://map.kakao.com/link/map/%EC%B0%BD%EC%9B%90%EC%97%AD,35.2572834,128.6073585",https://map.naver.com/p?lng=128.6073585&lat=35.2572834&zoom=18,115301,CWB379000408,35.257283,128.607358
창원초등학교,창원시의창구,의창동,1,"https://map.kakao.com/link/map/%EC%B0%BD%EC%9B%90%EC%B4%88%EB%93%B1%ED%95%99%EA%B5%90,35.2650804,128.6202862",https://map.naver.com/p?lng=128.6202862&lat=35.2650804&zoom=18,115001,CWB379000330,35.26508,128.620286
천주암,창원시의창구,의창동,2,"https://map.kakao.com/link/map/%EC%B2%9C%EC%A3%BC%EC%95%94,35.2715596,128.614358",https://map.naver.com/p?lng=128.614358&lat=35.2715596&zoom=18,119308,CWB379000314,35.27156,128.614358
천주암,창원시의창구,의창동,2,"https://map.kakao.com/link/map/%EC%B2%9C%EC%A3%BC%EC%95%94,35.2714404,128.6142108",https://map.naver.com/p?lng=128.6142108&lat=35.2714404&zoom=18,119307,CWB379000316,35.27144,128.614211
태광주유소,창원시의창구,의창동,2,"https://map.kakao.com/link/map/%ED%83%9C%EA%B4%91%EC%A3%BC%EC%9C%A0%EC%86%8C,35.2620428,128.6148996",https://map.naver.com/p?lng=128.6148996&lat=35.2620428&zoom=18,115346,CWB379005394,35.262043,128.6149
태광주유소,창원시의창구,의창동,2,"https://map.kakao.com/link/map/%ED%83%9C%EA%B4%91%EC%A3%BC%EC%9C%A0%EC%86%8C,35.2620327,128.6151521",https://map.naver.com/p?lng=128.6151521&lat=35.2620327&zoom=18,115305,CWB379000354,35.262033,128.615152
한보아파트,창원시의창구,의창동,2,"https://map.kakao.com/link/map/%ED%95%9C%EB%B3%B4%EC%95%84%ED%8C%8C%ED%8A%B8,35.2590097,128.5971766",https://map.naver.com/p?lng=128.5971766&lat=35.2590097&zoom=18,109401,CWB379002412,35.25901,128.597177
한보아파트,창원시의창구,의창동,2,"https://map.kakao.com/link/map/%ED%95%9C%EB%B3%B4%EC%95%84%ED%8C%8C%ED%8A%B8,35.259014,128.5973005",https://map.naver.com/p?lng=128.5973005&lat=35.259014&zoom=18,109404,CWB379005372,35.259014,128.5973
향교입구,창원시의창구,의창동,1,"https://map.kakao.com/link/map/%ED%96%A5%EA%B5%90%EC%9E%85%EA%B5%AC,35.2650754,128.6242532",https://map.naver.com/p?lng=128.6242532&lat=35.2650754&zoom=18,115003,CWB379000329,35.265075,128.624253
협성아파트,창원시의창구,의창동,1,"https://map.kakao.com/link/map/%ED%98%91%EC%84%B1%EC%95%84%ED%8C%8C%ED%8A%B8,35.2575649,128.6003952",https://map.naver.com/p?lng=128.6003952&lat=35.2575649&zoom=18,630201,CWB379002375,35.257565,128.600395
흥한웰가아파트,창원시의창구,의창동,2,"https://map.kakao.com/link/map/%ED%9D%A5%ED%95%9C%EC%9B%B0%EA%B0%80%EC%95%84%ED%8C%8C%ED%8A%B8,35.2644647,128.6181899",https://map.naver.com/p?lng=128.6181899&lat=35.2644647&zoom=18,119304,CWB379000336,35.264465,128.61819
흥한웰가아파트,창원시의창구,의창동,2,"https://map.kakao.com/link/map/%ED%9D%A5%ED%95%9C%EC%9B%B0%EA%B0%80%EC%95%84%ED%8C%8C%ED%8A%B8,35.264309,128.617951",https://map.naver.com/p?lng=128.617951&lat=35.264309&zoom=18,119303,CWB379000342,35.264309,128.617951
KPE,창원시의창구,팔룡동,1,"https://map.kakao.com/link/map/KPE,35.2467658,128.6150498",https://map.naver.com/p?lng=128.6150498&lat=35.2467658&zoom=18,120903,CWB379002335,35.246766,128.61505
SCC㈜,창원시의창구,팔룡동,1,"https://map.kakao.com/link/map/SCC%E3%88%9C,35.2468788,128.6229509",https://map.naver.com/p?lng=128.6229509&lat=35.2468788&zoom=18,117001,CWB379002322,35.246879,128.622951
SG서보,창원시의창구,팔룡동,1,"https://map.kakao.com/link/map/SG%EC%84%9C%EB%B3%B4,35.2398474,128.6261514",https://map.naver.com/p?lng=128.6261514&lat=35.2398474&zoom=18,118402,CWB379002339,35.239847,128.626151
경남문화재연구원,창원시의창구,팔룡동,2,"https://map.kakao.com/link/map/%EA%B2%BD%EB%82%A8%EB%AC%B8%ED%99%94%EC%9E%AC%EC%97%B0%EA%B5%AC%EC%9B%90,35.2319801,128.6364375",https://map.naver.com/p?lng=128.6364375&lat=35.2319801&zoom=18,105901,CWB379000762,35.23198,128.636438
경남문화재연구원,창원시의창구,팔룡동,2,"https://map.kakao.com/link/map/%EA%B2%BD%EB%82%A8%EB%AC%B8%ED%99%94%EC%9E%AC%EC%97%B0%EA%B5%AC%EC%9B%90,35.2318014,128.6365369",https://map.naver.com/p?lng=128.6365369&lat=35.2318014&zoom=18,105902,CWB379000765,35.231801,128.636537
경남테크노파크,창원시의창구,팔룡동,2,"https://map.kakao.com/link/map/%EA%B2%BD%EB%82%A8%ED%85%8C%ED%81%AC%EB%85%B8%ED%8C%8C%ED%81%AC,35.254398,128.6067947",https://map.naver.com/p?lng=128.6067947&lat=35.254398&zoom=18,118801,CWB379002297,35.254398,128.606795
경남테크노파크,창원시의창구,팔룡동,2,"https://map.kakao.com/link/map/%EA%B2%BD%EB%82%A8%ED%85%8C%ED%81%AC%EB%85%B8%ED%8C%8C%ED%81%AC,35.2532703,128.6078276",https://map.naver.com/p?lng=128.6078276&lat=35.2532703&zoom=18,118802,CWB379000443,35.25327,128.607828
공단회관,창원시의창구,팔룡동,1,"https://map.kakao.com/link/map/%EA%B3%B5%EB%8B%A8%ED%9A%8C%EA%B4%80,35.2283824,128.6512692",https://map.naver.com/p?lng=128.6512692&lat=35.2283824&zoom=18,218804,CWB379002006,35.228382,128.651269
극동아파트,창원시의창구,팔룡동,2,"https://map.kakao.com/link/map/%EA%B7%B9%EB%8F%99%EC%95%84%ED%8C%8C%ED%8A%B8,35.2547151,128.6136884",https://map.naver.com/p?lng=128.6136884&lat=35.2547151&zoom=18,107603,CWB379000434,35.254715,128.613688
극동아파트,창원시의창구,팔룡동,2,"https://map.kakao.com/link/map/%EA%B7%B9%EB%8F%99%EC%95%84%ED%8C%8C%ED%8A%B8,35.2545487,128.6136132",https://map.naver.com/p?lng=128.6136132&lat=35.2545487&zoom=18,107604,CWB379000435,35.254549,128.613613
늘푸른전당,창원시의창구,팔룡동,2,"https://map.kakao.com/link/map/%EB%8A%98%ED%91%B8%EB%A5%B8%EC%A0%84%EB%8B%B9,35.2298064,128.6538312",https://map.naver.com/p?lng=128.6538312&lat=35.2298064&zoom=18,104801,CWB379000797,35.229806,128.653831
늘푸른전당,창원시의창구,팔룡동,2,"https://map.kakao.com/link/map/%EB%8A%98%ED%91%B8%EB%A5%B8%EC%A0%84%EB%8B%B9,35.2297923,128.6535354",https://map.naver.com/p?lng=128.6535354&lat=35.2297923&zoom=18,104802,CWB379000798,35.229792,128.653535
대원레포츠공원,창원시의창구,팔룡동,1,"https://map.kakao.com/link/map/%EB%8C%80%EC%9B%90%EB%A0%88%ED%8F%AC%EC%B8%A0%EA%B3%B5%EC%9B%90,35.2287621,128.6515094",https://map.naver.com/p?lng=128.6515094&lat=35.2287621&zoom=18,118818,CWB379006165,35.228762,128.651509
대원로,창원시의창구,팔룡동,2,"https://map.kakao.com/link/map/%EB%8C%80%EC%9B%90%EB%A1%9C,35.2316348,128.6539786",https://map.naver.com/p?lng=128.6539786&lat=35.2316348&zoom=18,104105,CWB379000734,35.231635,128.653979
대원로,창원시의창구,팔룡동,2,"https://map.kakao.com/link/map/%EB%8C%80%EC%9B%90%EB%A1%9C,35.2316869,128.6537929",https://map.naver.com/p?lng=128.6537929&lat=35.2316869&zoom=18,104106,CWB379000736,35.231687,128.653793
대원초등학교,창원시의창구,팔룡동,2,"https://map.kakao.com/link/map/%EB%8C%80%EC%9B%90%EC%B4%88%EB%93%B1%ED%95%99%EA%B5%90,35.2340218,128.6535767",https://map.naver.com/p?lng=128.6535767&lat=35.2340218&zoom=18,104111,CWB379000767,35.234022,128.653577
대원초등학교,창원시의창구,팔룡동,2,"https://map.kakao.com/link/map/%EB%8C%80%EC%9B%90%EC%B4%88%EB%93%B1%ED%95%99%EA%B5%90,35.2342237,128.6536384",https://map.naver.com/p?lng=128.6536384&lat=35.2342237&zoom=18,104112,CWB379000768,35.234224,128.653638
대원파크빌아파트,창원시의창구,팔룡동,1,"https://map.kakao.com/link/map/%EB%8C%80%EC%9B%90%ED%8C%8C%ED%81%AC%EB%B9%8C%EC%95%84%ED%8C%8C%ED%8A%B8,35.2248728,128.6556672",https://map.naver.com/p?lng=128.6556672&lat=35.2248728&zoom=18,207901,CWB379000857,35.224873,128.655667
대호테크,창원시의창구,팔룡동,1,"https://map.kakao.com/link/map/%EB%8C%80%ED%98%B8%ED%85%8C%ED%81%AC,35.24244,128.618778",https://map.naver.com/p?lng=128.618778&lat=35.24244&zoom=18,121302,CWB379002337,35.24244,128.618778
동민정공,창원시의창구,팔룡동,1,"https://map.kakao.com/link/map/%EB%8F%99%EB%AF%BC%EC%A0%95%EA%B3%B5,35.2413081,128.6259557",https://map.naver.com/p?lng=128.6259557&lat=35.2413081&zoom=18,118601,CWB379002346,35.241308,128.625956
동서식품,창원시의창구,팔룡동,2,"https://map.kakao.com/link/map/%EB%8F%99%EC%84%9C%EC%8B%9D%ED%92%88,35.2507458,128.6129642",https://map.naver.com/p?lng=128.6129642&lat=35.2507458&zoom=18,118805,CWB379000476,35.250746,128.612964
동서식품,창원시의창구,팔룡동,2,"https://map.kakao.com/link/map/%EB%8F%99%EC%84%9C%EC%8B%9D%ED%92%88,35.2498699,128.6137411",https://map.naver.com/p?lng=128.6137411&lat=35.2498699&zoom=18,118806,CWB379000487,35.24987,128.613741
동우기계공업,창원시의창구,팔룡동,1,"https://map.kakao.com/link/map/%EB%8F%99%EC%9A%B0%EA%B8%B0%EA%B3%84%EA%B3%B5%EC%97%85,35.2463663,128.6171234",https://map.naver.com/p?lng=128.6171234&lat=35.2463663&zoom=18,121001,CWB379002351,35.246366,128.617123
마창자동차운전전문학원,창원시의창구,팔룡동,1,"https://map.kakao.com/link/map/%EB%A7%88%EC%B0%BD%EC%9E%90%EB%8F%99%EC%B0%A8%EC%9A%B4%EC%A0%84%EC%A0%84%EB%AC%B8%ED%95%99%EC%9B%90,35.2481047,128.6046175",https://map.naver.com/p?lng=128.6046175&lat=35.2481047&zoom=18,120622,CWB379005414,35.248105,128.604617
문성고등학교,창원시의창구,팔룡동,1,"https://map.kakao.com/link/map/%EB%AC%B8%EC%84%B1%EA%B3%A0%EB%93%B1%ED%95%99%EA%B5%90,35.2376408,128.6612652",https://map.naver.com/p?lng=128.6612652&lat=35.2376408&zoom=18,114248,CWB379006085,35.237641,128.661265
미래산업,창원시의창구,팔룡동,1,"https://map.kakao.com/link/map/%EB%AF%B8%EB%9E%98%EC%82%B0%EC%97%85,35.2409696,128.6214161",https://map.naver.com/p?lng=128.6214161&lat=35.2409696&zoom=18,118401,CWB379002338,35.24097,128.621416
벽산블루밍아파트,창원시의창구,팔룡동,2,"https://map.kakao.com/link/map/%EB%B2%BD%EC%82%B0%EB%B8%94%EB%A3%A8%EB%B0%8D%EC%95%84%ED%8C%8C%ED%8A%B8,35.2590071,128.6129357",https://map.naver.com/p?lng=128.6129357&lat=35.2590071&zoom=18,120615,CWB379003303,35.259007,128.612936
벽산블루밍아파트,창원시의창구,팔룡동,2,"https://map.kakao.com/link/map/%EB%B2%BD%EC%82%B0%EB%B8%94%EB%A3%A8%EB%B0%8D%EC%95%84%ED%8C%8C%ED%8A%B8,35.2584974,128.613475",https://map.naver.com/p?lng=128.613475&lat=35.2584974&zoom=18,120616,CWB379003304,35.258497,128.613475
부국정공,창원시의창구,팔룡동,1,"https://map.kakao.com/link/map/%EB%B6%80%EA%B5%AD%EC%A0%95%EA%B3%B5,35.2401959,128.6279367",https://map.naver.com/p?lng=128.6279367&lat=35.2401959&zoom=18,118602,CWB379002345,35.240196,128.627937
삼광3공장,창원시의창구,팔룡동,1,"https://map.kakao.com/link/map/%EC%82%BC%EA%B4%913%EA%B3%B5%EC%9E%A5,35.2485124,128.6211646",https://map.naver.com/p?lng=128.6211646&lat=35.2485124&zoom=18,121202,CWB379002316,35.248512,128.621165
삼광기계,창원시의창구,팔룡동,1,"https://map.kakao.com/link/map/%EC%82%BC%EA%B4%91%EA%B8%B0%EA%B3%84,35.2474487,128.6230116",https://map.naver.com/p?lng=128.6230116&lat=35.2474487&zoom=18,121203,CWB379002317,35.247449,128.623012
삼광정밀,창원시의창구,팔룡동,1,"https://map.kakao.com/link/map/%EC%82%BC%EA%B4%91%EC%A0%95%EB%B0%80,35.2462655,128.6251025",https://map.naver.com/p?lng=128.6251025&lat=35.2462655&zoom=18,117101,CWB379002318,35.246266,128.625102
삼동.대원대동1차,창원시의창구,팔룡동,2,"https://map.kakao.com/link/map/%EC%82%BC%EB%8F%99.%EB%8C%80%EC%9B%90%EB%8C%80%EB%8F%991%EC%B0%A8,35.2264544,128.6555832",https://map.naver.com/p?lng=128.6555832&lat=35.2264544&zoom=18,118821,CWB379000843,35.226454,128.655583
삼동.대원대동1차,창원시의창구,팔룡동,2,"https://map.kakao.com/link/map/%EC%82%BC%EB%8F%99.%EB%8C%80%EC%9B%90%EB%8C%80%EB%8F%991%EC%B0%A8,35.2262823,128.6550268",https://map.naver.com/p?lng=128.6550268&lat=35.2262823&zoom=18,218806,CWB379000845,35.226282,128.655027
삼현철강,창원시의창구,팔룡동,1,"https://map.kakao.com/link/map/%EC%82%BC%ED%98%84%EC%B2%A0%EA%B0%95,35.2481054,128.6208018",https://map.naver.com/p?lng=128.6208018&lat=35.2481054&zoom=18,121102,CWB379002323,35.248105,128.620802
서상삼거리,창원시의창구,팔룡동,1,"https://map.kakao.com/link/map/%EC%84%9C%EC%83%81%EC%82%BC%EA%B1%B0%EB%A6%AC,35.2600988,128.610353",https://map.naver.com/p?lng=128.610353&lat=35.2600988&zoom=18,115306,CWB379000382,35.260099,128.610353
셰플러코리아,창원시의창구,팔룡동,1,"https://map.kakao.com/link/map/%EC%85%B0%ED%94%8C%EB%9F%AC%EC%BD%94%EB%A6%AC%EC%95%84,35.220422,128.6518362",https://map.naver.com/p?lng=128.6518362&lat=35.220422&zoom=18,207903,CWB379000920,35.220422,128.651836
시티7,창원시의창구,팔룡동,1,"https://map.kakao.com/link/map/%EC%8B%9C%ED%8B%B07,35.2409993,128.6532624",https://map.naver.com/p?lng=128.6532624&lat=35.2409993&zoom=18,114244,CWB379006081,35.240999,128.653262
신진기업,창원시의창구,팔룡동,1,"https://map.kakao.com/link/map/%EC%8B%A0%EC%A7%84%EA%B8%B0%EC%97%85,35.245055,128.6272299",https://map.naver.com/p?lng=128.6272299&lat=35.245055&zoom=18,117102,CWB379002319,35.245055,128.62723
신흥글로벌,창원시의창구,팔룡동,1,"https://map.kakao.com/link/map/%EC%8B%A0%ED%9D%A5%EA%B8%80%EB%A1%9C%EB%B2%8C,35.2442505,128.6207941",https://map.naver.com/p?lng=128.6207941&lat=35.2442505&zoom=18,116901,CWB379002349,35.24425,128.620794
에스아이텍,창원시의창구,팔룡동,1,"https://map.kakao.com/link/map/%EC%97%90%EC%8A%A4%EC%95%84%EC%9D%B4%ED%85%8D,35.2454494,128.6254619",https://map.naver.com/p?lng=128.6254619&lat=35.2454494&zoom=18,117002,CWB379002321,35.245449,128.625462
운암서원삼거리,창원시의창구,팔룡동,2,"https://map.kakao.com/link/map/%EC%9A%B4%EC%95%94%EC%84%9C%EC%9B%90%EC%82%BC%EA%B1%B0%EB%A6%AC,35.240874,128.635291",https://map.naver.com/p?lng=128.635291&lat=35.240874&zoom=18,118822,CWB379006237,35.240874,128.635291
운암서원삼거리,창원시의창구,팔룡동,2,"https://map.kakao.com/link/map/%EC%9A%B4%EC%95%94%EC%84%9C%EC%9B%90%EC%82%BC%EA%B1%B0%EB%A6%AC,35.2409404,128.6353775",https://map.naver.com/p?lng=128.6353775&lat=35.2409404&zoom=18,118823,CWB379006238,35.24094,128.635378
유남주유소,창원시의창구,팔룡동,1,"https://map.kakao.com/link/map/%EC%9C%A0%EB%82%A8%EC%A3%BC%EC%9C%A0%EC%86%8C,35.2379965,128.6345192",https://map.naver.com/p?lng=128.6345192&lat=35.2379965&zoom=18,118814,CWB379000674,35.237996,128.634519
의창사거리,창원시의창구,팔룡동,1,"https://map.kakao.com/link/map/%EC%9D%98%EC%B0%BD%EC%82%AC%EA%B1%B0%EB%A6%AC,35.2616077,128.6169419",https://map.naver.com/p?lng=128.6169419&lat=35.2616077&zoom=18,115308,CWB379000365,35.261608,128.616942
인화정공,창원시의창구,팔룡동,1,"https://map.kakao.com/link/map/%EC%9D%B8%ED%99%94%EC%A0%95%EA%B3%B5,35.2386208,128.6306418",https://map.naver.com/p?lng=128.6306418&lat=35.2386208&zoom=18,118603,CWB379002344,35.238621,128.630642
종합터미널,창원시의창구,팔룡동,1,"https://map.kakao.com/link/map/%EC%A2%85%ED%95%A9%ED%84%B0%EB%AF%B8%EB%84%90,35.2373489,128.6393206",https://map.naver.com/p?lng=128.6393206&lat=35.2373489&zoom=18,119002,CWB379000692,35.237349,128.639321
중앙정밀,창원시의창구,팔룡동,1,"https://map.kakao.com/link/map/%EC%A4%91%EC%95%99%EC%A0%95%EB%B0%80,35.2498305,128.6188869",https://map.naver.com/p?lng=128.6188869&lat=35.2498305&zoom=18,121201,CWB379002315,35.24983,128.618887
차룡단지,창원시의창구,팔룡동,2,"https://map.kakao.com/link/map/%EC%B0%A8%EB%A3%A1%EB%8B%A8%EC%A7%80,35.2494294,128.6077662",https://map.naver.com/p?lng=128.6077662&lat=35.2494294&zoom=18,120601,CWB379000498,35.249429,128.607766
차룡단지,창원시의창구,팔룡동,2,"https://map.kakao.com/link/map/%EC%B0%A8%EB%A3%A1%EB%8B%A8%EC%A7%80,35.2495177,128.6081181",https://map.naver.com/p?lng=128.6081181&lat=35.2495177&zoom=18,120602,CWB379000499,35.249518,128.608118
차룡사거리,창원시의창구,팔룡동,2,"https://map.kakao.com/link/map/%EC%B0%A8%EB%A3%A1%EC%82%AC%EA%B1%B0%EB%A6%AC,35.2431794,128.6263182",https://map.naver.com/p?lng=128.6263182&lat=35.2431794&zoom=18,118811,CWB379000606,35.243179,128.626318
차룡사거리,창원시의창구,팔룡동,2,"https://map.kakao.com/link/map/%EC%B0%A8%EB%A3%A1%EC%82%AC%EA%B1%B0%EB%A6%AC,35.242835,128.6260183",https://map.naver.com/p?lng=128.6260183&lat=35.242835&zoom=18,118812,CWB379000615,35.242835,128.626018
창원공고.파티마병원,창원시의창구,팔룡동,2,"https://map.kakao.com/link/map/%EC%B0%BD%EC%9B%90%EA%B3%B5%EA%B3%A0.%ED%8C%8C%ED%8B%B0%EB%A7%88%EB%B3%91%EC%9B%90,35.2367674,128.6445201",https://map.naver.com/p?lng=128.6445201&lat=35.2367674&zoom=18,107608,CWB379000689,35.236767,128.64452
창원공고.파티마병원,창원시의창구,팔룡동,2,"https://map.kakao.com/link/map/%EC%B0%BD%EC%9B%90%EA%B3%B5%EA%B3%A0.%ED%8C%8C%ED%8B%B0%EB%A7%88%EB%B3%91%EC%9B%90,35.2351479,128.6457309",https://map.naver.com/p?lng=128.6457309&lat=35.2351479&zoom=18,119103,CWB379000717,35.235148,128.645731
창원공고.홈플러스,창원시의창구,팔룡동,1,"https://map.kakao.com/link/map/%EC%B0%BD%EC%9B%90%EA%B3%B5%EA%B3%A0.%ED%99%88%ED%94%8C%EB%9F%AC%EC%8A%A4,35.2344804,128.6448892",https://map.naver.com/p?lng=128.6448892&lat=35.2344804&zoom=18,119102,CWB379002383,35.23448,128.644889
창원과학체험관,창원시의창구,팔룡동,1,"https://map.kakao.com/link/map/%EC%B0%BD%EC%9B%90%EA%B3%BC%ED%95%99%EC%B2%B4%ED%97%98%EA%B4%80,35.2308301,128.6661569",https://map.naver.com/p?lng=128.6661569&lat=35.2308301&zoom=18,201249,CWB379006219,35.23083,128.666157
창원기계공구상가,창원시의창구,팔룡동,1,"https://map.kakao.com/link/map/%EC%B0%BD%EC%9B%90%EA%B8%B0%EA%B3%84%EA%B3%B5%EA%B5%AC%EC%83%81%EA%B0%80,35.2341973,128.6412156",https://map.naver.com/p?lng=128.6412156&lat=35.2341973&zoom=18,118701,CWB379003215,35.234197,128.641216
창원농산물도매시장,창원시의창구,팔룡동,2,"https://map.kakao.com/link/map/%EC%B0%BD%EC%9B%90%EB%86%8D%EC%82%B0%EB%AC%BC%EB%8F%84%EB%A7%A4%EC%8B%9C%EC%9E%A5,35.230936,128.6384513",https://map.naver.com/p?lng=128.6384513&lat=35.230936&zoom=18,105903,CWB379000780,35.230936,128.638451
창원농산물도매시장,창원시의창구,팔룡동,2,"https://map.kakao.com/link/map/%EC%B0%BD%EC%9B%90%EB%86%8D%EC%82%B0%EB%AC%BC%EB%8F%84%EB%A7%A4%EC%8B%9C%EC%9E%A5,35.2307922,128.6383669",https://map.naver.com/p?lng=128.6383669&lat=35.2307922&zoom=18,105904,CWB379000796,35.230792,128.638367
창원문성대학교,창원시의창구,팔룡동,2,"https://map.kakao.com/link/map/%EC%B0%BD%EC%9B%90%EB%AC%B8%EC%84%B1%EB%8C%80%ED%95%99%EA%B5%90,35.2334668,128.6619248",https://map.naver.com/p?lng=128.6619248&lat=35.2334668&zoom=18,119903,CWB379000741,35.233467,128.661925
창원문성대학교,창원시의창구,팔룡동,2,"https://map.kakao.com/link/map/%EC%B0%BD%EC%9B%90%EB%AC%B8%EC%84%B1%EB%8C%80%ED%95%99%EA%B5%90,35.2339001,128.6625055",https://map.naver.com/p?lng=128.6625055&lat=35.2339001&zoom=18,219904,CWB379000737,35.2339,128.662506
창원스마트업파크,창원시의창구,팔룡동,2,"https://map.kakao.com/link/map/%EC%B0%BD%EC%9B%90%EC%8A%A4%EB%A7%88%ED%8A%B8%EC%97%85%ED%8C%8C%ED%81%AC,35.2393799,128.6328193",https://map.naver.com/p?lng=128.6328193&lat=35.2393799&zoom=18,118813,CWB379000660,35.23938,128.632819
창원스마트업파크,창원시의창구,팔룡동,2,"https://map.kakao.com/link/map/%EC%B0%BD%EC%9B%90%EC%8A%A4%EB%A7%88%ED%8A%B8%EC%97%85%ED%8C%8C%ED%81%AC,35.2400544,128.6340827",https://map.naver.com/p?lng=128.6340827&lat=35.2400544&zoom=18,118820,CWB379006236,35.240054,128.634083
창원여중,창원시의창구,팔룡동,1,"https://map.kakao.com/link/map/%EC%B0%BD%EC%9B%90%EC%97%AC%EC%A4%91,35.2594623,128.6166879",https://map.naver.com/p?lng=128.6166879&lat=35.2594623&zoom=18,120607,CWB379000387,35.259462,128.616688
창원역,창원시의창구,팔룡동,3,"https://map.kakao.com/link/map/%EC%B0%BD%EC%9B%90%EC%97%AD,35.2561725,128.6068586",https://map.naver.com/p?lng=128.6068586&lat=35.2561725&zoom=18,115351,CWB379003249,35.256172,128.606859
창원역,창원시의창구,팔룡동,3,"https://map.kakao.com/link/map/%EC%B0%BD%EC%9B%90%EC%97%AD,35.2571654,128.6077952",https://map.naver.com/p?lng=128.6077952&lat=35.2571654&zoom=18,115304,CWB379000409,35.257165,128.607795
창원역,창원시의창구,팔룡동,3,"https://map.kakao.com/link/map/%EC%B0%BD%EC%9B%90%EC%97%AD,35.2564174,128.6070749",https://map.naver.com/p?lng=128.6070749&lat=35.2564174&zoom=18,115302,CWB379000422,35.256417,128.607075
창원웨딩의전당,창원시의창구,팔룡동,2,"https://map.kakao.com/link/map/%EC%B0%BD%EC%9B%90%EC%9B%A8%EB%94%A9%EC%9D%98%EC%A0%84%EB%8B%B9,35.2565624,128.610464",https://map.naver.com/p?lng=128.610464&lat=35.2565624&zoom=18,107601,CWB379000417,35.256562,128.610464
창원웨딩의전당,창원시의창구,팔룡동,2,"https://map.kakao.com/link/map/%EC%B0%BD%EC%9B%90%EC%9B%A8%EB%94%A9%EC%9D%98%EC%A0%84%EB%8B%B9,35.2564154,128.6103552",https://map.naver.com/p?lng=128.6103552&lat=35.2564154&zoom=18,107602,CWB379000421,35.256415,128.610355
창원자동차검사소,창원시의창구,팔룡동,2,"https://map.kakao.com/link/map/%EC%B0%BD%EC%9B%90%EC%9E%90%EB%8F%99%EC%B0%A8%EA%B2%80%EC%82%AC%EC%86%8C,35.2307447,128.6479801",https://map.naver.com/p?lng=128.6479801&lat=35.2307447&zoom=18,118817,CWB379000781,35.230745,128.64798
창원자동차검사소,창원시의창구,팔룡동,2,"https://map.kakao.com/link/map/%EC%B0%BD%EC%9B%90%EC%9E%90%EB%8F%99%EC%B0%A8%EA%B2%80%EC%82%AC%EC%86%8C,35.2307947,128.6471482",https://map.naver.com/p?lng=128.6471482&lat=35.2307947&zoom=18,218802,CWB379000782,35.230795,128.647148
창원종합운동장,창원시의창구,팔룡동,1,"https://map.kakao.com/link/map/%EC%B0%BD%EC%9B%90%EC%A2%85%ED%95%A9%EC%9A%B4%EB%8F%99%EC%9E%A5,35.2350633,128.6663423",https://map.naver.com/p?lng=128.6663423&lat=35.2350633&zoom=18,114250,CWB379006087,35.235063,128.666342
창원종합터미널,창원시의창구,팔룡동,2,"https://map.kakao.com/link/map/%EC%B0%BD%EC%9B%90%EC%A2%85%ED%95%A9%ED%84%B0%EB%AF%B8%EB%84%90,35.2357672,128.6392231",https://map.naver.com/p?lng=128.6392231&lat=35.2357672&zoom=18,118815,CWB379000715,35.235767,128.639223
창원종합터미널,창원시의창구,팔룡동,2,"https://map.kakao.com/link/map/%EC%B0%BD%EC%9B%90%EC%A2%85%ED%95%A9%ED%84%B0%EB%AF%B8%EB%84%90,35.2357302,128.6385049",https://map.naver.com/p?lng=128.6385049&lat=35.2357302&zoom=18,118816,CWB379000728,35.23573,128.638505
창원컨벤션센터,창원시의창구,팔룡동,1,"https://map.kakao.com/link/map/%EC%B0%BD%EC%9B%90%EC%BB%A8%EB%B2%A4%EC%85%98%EC%84%BC%ED%84%B0,35.2392602,128.6575222",https://map.naver.com/p?lng=128.6575222&lat=35.2392602&zoom=18,114246,CWB379006083,35.23926,128.657522
창일기계,창원시의창구,팔룡동,1,"https://map.kakao.com/link/map/%EC%B0%BD%EC%9D%BC%EA%B8%B0%EA%B3%84,35.2494304,128.6184502",https://map.naver.com/p?lng=128.6184502&lat=35.2494304&zoom=18,121101,CWB379002324,35.24943,128.61845
충혼탑,창원시의창구,팔룡동,2,"https://map.kakao.com/link/map/%EC%B6%A9%ED%98%BC%ED%83%91,35.2279334,128.6570952",https://map.naver.com/p?lng=128.6570952&lat=35.2279334&zoom=18,104803,CWB379000823,35.227933,128.657095
충혼탑,창원시의창구,팔룡동,2,"https://map.kakao.com/link/map/%EC%B6%A9%ED%98%BC%ED%83%91,35.2271594,128.6574312",https://map.naver.com/p?lng=128.6574312&lat=35.2271594&zoom=18,119901,CWB379000836,35.227159,128.657431
칠성산업,창원시의창구,팔룡동,1,"https://map.kakao.com/link/map/%EC%B9%A0%EC%84%B1%EC%82%B0%EC%97%85,35.2382888,128.6288487",https://map.naver.com/p?lng=128.6288487&lat=35.2382888&zoom=18,118403,CWB379002340,35.238289,128.628849
코리아전자,창원시의창구,팔룡동,1,"https://map.kakao.com/link/map/%EC%BD%94%EB%A6%AC%EC%95%84%EC%A0%84%EC%9E%90,35.2442468,128.6156478",https://map.naver.com/p?lng=128.6156478&lat=35.2442468&zoom=18,121301,CWB379002336,35.244247,128.615648
코리아펀치,창원시의창구,팔룡동,1,"https://map.kakao.com/link/map/%EC%BD%94%EB%A6%AC%EC%95%84%ED%8E%80%EC%B9%98,35.2441182,128.6279649",https://map.naver.com/p?lng=128.6279649&lat=35.2441182&zoom=18,118501,CWB379002320,35.244118,128.627965
터미널삼거리,창원시의창구,팔룡동,2,"https://map.kakao.com/link/map/%ED%84%B0%EB%AF%B8%EB%84%90%EC%82%BC%EA%B1%B0%EB%A6%AC,35.2382731,128.6391878",https://map.naver.com/p?lng=128.6391878&lat=35.2382731&zoom=18,118824,CWB379006239,35.238273,128.639188
터미널삼거리,창원시의창구,팔룡동,2,"https://map.kakao.com/link/map/%ED%84%B0%EB%AF%B8%EB%84%90%EC%82%BC%EA%B1%B0%EB%A6%AC,35.2383605,128.6392226",https://map.naver.com/p?lng=128.6392226&lat=35.2383605&zoom=18,118825,CWB379006240,35.23836,128.639223
트리비앙아파트(한국폴리텍대학),창원시의창구,팔룡동,1,"https://map.kakao.com/link/map/%ED%8A%B8%EB%A6%AC%EB%B9%84%EC%95%99%EC%95%84%ED%8C%8C%ED%8A%B8%28%ED%95%9C%EA%B5%AD%ED%8F%B4%EB%A6%AC%ED%85%8D%EB%8C%80%ED%95%99%29,35.2323201,128.6718276",https://map.naver.com/p?lng=128.6718276&lat=35.2323201&zoom=18,114252,CWB379006089,35.23232,128.671828
팔룡119안전센터,창원시의창구,팔룡동,3,"https://map.kakao.com/link/map/%ED%8C%94%EB%A3%A1119%EC%95%88%EC%A0%84%EC%84%BC%ED%84%B0,35.243081,128.6228506",https://map.naver.com/p?lng=128.6228506&lat=35.243081&zoom=18,116902,CWB379002347,35.243081,128.622851
팔룡119안전센터,창원시의창구,팔룡동,3,"https://map.kakao.com/link/map/%ED%8C%94%EB%A3%A1119%EC%95%88%EC%A0%84%EC%84%BC%ED%84%B0,35.2448088,128.6233388",https://map.naver.com/p?lng=128.6233388&lat=35.2448088&zoom=18,118809,CWB379000579,35.244809,128.623339
팔룡119안전센터,창원시의창구,팔룡동,3,"https://map.kakao.com/link/map/%ED%8C%94%EB%A3%A1119%EC%95%88%EC%A0%84%EC%84%BC%ED%84%B0,35.2440491,128.6239615",https://map.naver.com/p?lng=128.6239615&lat=35.2440491&zoom=18,118810,CWB379000594,35.244049,128.623962
팔룡가구거리,창원시의창구,팔룡동,2,"https://map.kakao.com/link/map/%ED%8C%94%EB%A3%A1%EA%B0%80%EA%B5%AC%EA%B1%B0%EB%A6%AC,35.2374851,128.633644",https://map.naver.com/p?lng=128.633644&lat=35.2374851&zoom=18,118406,CWB379005534,35.237485,128.633644
팔룡가구거리,창원시의창구,팔룡동,2,"https://map.kakao.com/link/map/%ED%8C%94%EB%A3%A1%EA%B0%80%EA%B5%AC%EA%B1%B0%EB%A6%AC,35.2373888,128.6335075",https://map.naver.com/p?lng=128.6335075&lat=35.2373888&zoom=18,118405,CWB379000683,35.237389,128.633508
팔룡동,창원시의창구,팔룡동,2,"https://map.kakao.com/link/map/%ED%8C%94%EB%A3%A1%EB%8F%99,35.253248,128.6110368",https://map.naver.com/p?lng=128.6110368&lat=35.253248&zoom=18,120603,CWB379000444,35.253248,128.611037
팔룡동,창원시의창구,팔룡동,2,"https://map.kakao.com/link/map/%ED%8C%94%EB%A3%A1%EB%8F%99,35.2527404,128.6109002",https://map.naver.com/p?lng=128.6109002&lat=35.2527404&zoom=18,120604,CWB379000448,35.25274,128.6109
팔룡동입구,창원시의창구,팔룡동,2,"https://map.kakao.com/link/map/%ED%8C%94%EB%A3%A1%EB%8F%99%EC%9E%85%EA%B5%AC,35.2524663,128.6100229",https://map.naver.com/p?lng=128.6100229&lat=35.2524663&zoom=18,118803,CWB379000453,35.252466,128.610023
팔룡동입구,창원시의창구,팔룡동,2,"https://map.kakao.com/link/map/%ED%8C%94%EB%A3%A1%EB%8F%99%EC%9E%85%EA%B5%AC,35.2516036,128.6107104",https://map.naver.com/p?lng=128.6107104&lat=35.2516036&zoom=18,118804,CWB379000464,35.251604,128.61071
팔룡동행정복지센터,창원시의창구,팔룡동,2,"https://map.kakao.com/link/map/%ED%8C%94%EB%A3%A1%EB%8F%99%ED%96%89%EC%A0%95%EB%B3%B5%EC%A7%80%EC%84%BC%ED%84%B0,35.2554457,128.6130352",https://map.naver.com/p?lng=128.6130352&lat=35.2554457&zoom=18,120605,CWB379000428,35.255446,128.613035
팔룡동행정복지센터,창원시의창구,팔룡동,2,"https://map.kakao.com/link/map/%ED%8C%94%EB%A3%A1%EB%8F%99%ED%96%89%EC%A0%95%EB%B3%B5%EC%A7%80%EC%84%BC%ED%84%B0,35.255383,128.613313",https://map.naver.com/p?lng=128.613313&lat=35.255383&zoom=18,120606,CWB379000429,35.255383,128.613313
팔룡어울림운동장,창원시의창구,팔룡동,2,"https://map.kakao.com/link/map/%ED%8C%94%EB%A3%A1%EC%96%B4%EC%9A%B8%EB%A6%BC%EC%9A%B4%EB%8F%99%EC%9E%A5,35.2501825,128.6176086",https://map.naver.com/p?lng=128.6176086&lat=35.2501825&zoom=18,120902,CWB379000482,35.250182,128.617609
팔룡어울림운동장,창원시의창구,팔룡동,2,"https://map.kakao.com/link/map/%ED%8C%94%EB%A3%A1%EC%96%B4%EC%9A%B8%EB%A6%BC%EC%9A%B4%EB%8F%99%EC%9E%A5,35.2501034,128.6179669",https://map.naver.com/p?lng=128.6179669&lat=35.2501034&zoom=18,120901,CWB379000483,35.250103,128.617967
팔룡중학교,창원시의창구,팔룡동,2,"https://map.kakao.com/link/map/%ED%8C%94%EB%A3%A1%EC%A4%91%ED%95%99%EA%B5%90,35.2526932,128.6172099",https://map.naver.com/p?lng=128.6172099&lat=35.2526932&zoom=18,107605,CWB379000451,35.252693,128.61721
팔룡중학교,창원시의창구,팔룡동,2,"https://map.kakao.com/link/map/%ED%8C%94%EB%A3%A1%EC%A4%91%ED%95%99%EA%B5%90,35.2521784,128.6177622",https://map.naver.com/p?lng=128.6177622&lat=35.2521784&zoom=18,107606,CWB379000456,35.252178,128.617762
평산사거리,창원시의창구,팔룡동,1,"https://map.kakao.com/link/map/%ED%8F%89%EC%82%B0%EC%82%AC%EA%B1%B0%EB%A6%AC,35.2484379,128.6169916",https://map.naver.com/p?lng=128.6169916&lat=35.2484379&zoom=18,118807,CWB379000512,35.248438,128.616992
평산사거리/신화더플렉스,창원시의창구,팔룡동,1,"https://map.kakao.com/link/map/%ED%8F%89%EC%82%B0%EC%82%AC%EA%B1%B0%EB%A6%AC%2F%EC%8B%A0%ED%99%94%EB%8D%94%ED%94%8C%EB%A0%89%EC%8A%A4,35.2477961,128.6176409",https://map.naver.com/p?lng=128.6176409&lat=35.2477961&zoom=18,118808,CWB379000525,35.247796,128.617641
포레나대원아파트,창원시의창구,팔룡동,2,"https://map.kakao.com/link/map/%ED%8F%AC%EB%A0%88%EB%82%98%EB%8C%80%EC%9B%90%EC%95%84%ED%8C%8C%ED%8A%B8,35.2348991,128.6503788",https://map.naver.com/p?lng=128.6503788&lat=35.2348991&zoom=18,104104,CWB379000724,35.234899,128.650379
포레나대원아파트,창원시의창구,팔룡동,2,"https://map.kakao.com/link/map/%ED%8F%AC%EB%A0%88%EB%82%98%EB%8C%80%EC%9B%90%EC%95%84%ED%8C%8C%ED%8A%B8,35.2353135,128.6497309",https://map.naver.com/p?lng=128.6497309&lat=35.2353135&zoom=18,104103,CWB379000726,35.235314,128.649731
홈플러스,창원시의창구,팔룡동,1,"https://map.kakao.com/link/map/%ED%99%88%ED%94%8C%EB%9F%AC%EC%8A%A4,35.2339729,128.6444291",https://map.naver.com/p?lng=128.6444291&lat=35.2339729&zoom=18,119101,CWB379000739,35.233973,128.644429
화신케미칼,창원시의창구,팔룡동,1,"https://map.kakao.com/link/map/%ED%99%94%EC%8B%A0%EC%BC%80%EB%AF%B8%EC%B9%BC,35.2376593,128.6322551",https://map.naver.com/p?lng=128.6322551&lat=35.2376593&zoom=18,118404,CWB379002341,35.237659,128.632255
경화가압장,창원시진해구,경화동,2,"https://map.kakao.com/link/map/%EA%B2%BD%ED%99%94%EA%B0%80%EC%95%95%EC%9E%A5,35.1592507,128.6841943",https://map.naver.com/p?lng=128.6841943&lat=35.1592507&zoom=18,516302,CWB379002564,35.159251,128.684194
경화가압장,창원시진해구,경화동,2,"https://map.kakao.com/link/map/%EA%B2%BD%ED%99%94%EA%B0%80%EC%95%95%EC%9E%A5,35.1594044,128.6840822",https://map.naver.com/p?lng=128.6840822&lat=35.1594044&zoom=18,516301,CWB379002565,35.159404,128.684082
경화대동다숲,창원시진해구,경화동,2,"https://map.kakao.com/link/map/%EA%B2%BD%ED%99%94%EB%8C%80%EB%8F%99%EB%8B%A4%EC%88%B2,35.1609159,128.6810826",https://map.naver.com/p?lng=128.6810826&lat=35.1609159&zoom=18,516404,CWB379002557,35.160916,128.681083
경화대동다숲,창원시진해구,경화동,2,"https://map.kakao.com/link/map/%EA%B2%BD%ED%99%94%EB%8C%80%EB%8F%99%EB%8B%A4%EC%88%B2,35.1609986,128.6809769",https://map.naver.com/p?lng=128.6809769&lat=35.1609986&zoom=18,516403,CWB379002558,35.160999,128.680977
경화동,창원시진해구,경화동,2,"https://map.kakao.com/link/map/%EA%B2%BD%ED%99%94%EB%8F%99,35.1582546,128.6833189",https://map.naver.com/p?lng=128.6833189&lat=35.1582546&zoom=18,518115,CWB379001494,35.158255,128.683319
경화동,창원시진해구,경화동,2,"https://map.kakao.com/link/map/%EA%B2%BD%ED%99%94%EB%8F%99,35.1582686,128.6841313",https://map.naver.com/p?lng=128.6841313&lat=35.1582686&zoom=18,518114,CWB379001495,35.158269,128.684131
경화두산위브아파트,창원시진해구,경화동,2,"https://map.kakao.com/link/map/%EA%B2%BD%ED%99%94%EB%91%90%EC%82%B0%EC%9C%84%EB%B8%8C%EC%95%84%ED%8C%8C%ED%8A%B8,35.1609662,128.6849148",https://map.naver.com/p?lng=128.6849148&lat=35.1609662&zoom=18,516303,CWB379002562,35.160966,128.684915
경화두산위브아파트,창원시진해구,경화동,2,"https://map.kakao.com/link/map/%EA%B2%BD%ED%99%94%EB%91%90%EC%82%B0%EC%9C%84%EB%B8%8C%EC%95%84%ED%8C%8C%ED%8A%B8,35.1610408,128.6850883",https://map.naver.com/p?lng=128.6850883&lat=35.1610408&zoom=18,516304,CWB379002563,35.161041,128.685088
경화성당,창원시진해구,경화동,1,"https://map.kakao.com/link/map/%EA%B2%BD%ED%99%94%EC%84%B1%EB%8B%B9,35.1534018,128.6869288",https://map.naver.com/p?lng=128.6869288&lat=35.1534018&zoom=18,519820,CWB379001526,35.153402,128.686929
경화역,창원시진해구,경화동,2,"https://map.kakao.com/link/map/%EA%B2%BD%ED%99%94%EC%97%AD,35.1588793,128.6863744",https://map.naver.com/p?lng=128.6863744&lat=35.1588793&zoom=18,518117,CWB379001491,35.158879,128.686374
경화역,창원시진해구,경화동,2,"https://map.kakao.com/link/map/%EA%B2%BD%ED%99%94%EC%97%AD,35.1587062,128.686471",https://map.naver.com/p?lng=128.686471&lat=35.1587062&zoom=18,518116,CWB379001493,35.158706,128.686471
경화우체국,창원시진해구,경화동,1,"https://map.kakao.com/link/map/%EA%B2%BD%ED%99%94%EC%9A%B0%EC%B2%B4%EA%B5%AD,35.1535654,128.6858222",https://map.naver.com/p?lng=128.6858222&lat=35.1535654&zoom=18,519819,CWB379001525,35.153565,128.685822
경화육교,창원시진해구,경화동,1,"https://map.kakao.com/link/map/%EA%B2%BD%ED%99%94%EC%9C%A1%EA%B5%90,35.157641,128.6816094",https://map.naver.com/p?lng=128.6816094&lat=35.157641&zoom=18,518112,CWB379001501,35.157641,128.681609
경화포스코,창원시진해구,경화동,2,"https://map.kakao.com/link/map/%EA%B2%BD%ED%99%94%ED%8F%AC%EC%8A%A4%EC%BD%94,35.1596151,128.6799932",https://map.naver.com/p?lng=128.6799932&lat=35.1596151&zoom=18,516402,CWB379002555,35.159615,128.679993
경화포스코,창원시진해구,경화동,2,"https://map.kakao.com/link/map/%EA%B2%BD%ED%99%94%ED%8F%AC%EC%8A%A4%EC%BD%94,35.1595447,128.6797601",https://map.naver.com/p?lng=128.6797601&lat=35.1595447&zoom=18,516401,CWB379002556,35.159545,128.67976
삼정코아,창원시진해구,경화동,2,"https://map.kakao.com/link/map/%EC%82%BC%EC%A0%95%EC%BD%94%EC%95%84,35.1611616,128.6833698",https://map.naver.com/p?lng=128.6833698&lat=35.1611616&zoom=18,516406,CWB379002559,35.161162,128.68337
삼정코아,창원시진해구,경화동,2,"https://map.kakao.com/link/map/%EC%82%BC%EC%A0%95%EC%BD%94%EC%95%84,35.1612855,128.6830941",https://map.naver.com/p?lng=128.6830941&lat=35.1612855&zoom=18,516405,CWB379002560,35.161286,128.683094
중부시장,창원시진해구,경화동,1,"https://map.kakao.com/link/map/%EC%A4%91%EB%B6%80%EC%8B%9C%EC%9E%A5,35.1533519,128.6820012",https://map.naver.com/p?lng=128.6820012&lat=35.1533519&zoom=18,519817,CWB379001527,35.153352,128.682001
중부시장입구,창원시진해구,경화동,1,"https://map.kakao.com/link/map/%EC%A4%91%EB%B6%80%EC%8B%9C%EC%9E%A5%EC%9E%85%EA%B5%AC,35.1530952,128.6820354",https://map.naver.com/p?lng=128.6820354&lat=35.1530952&zoom=18,519818,CWB379001531,35.153095,128.682035
진해루,창원시진해구,경화동,2,"https://map.kakao.com/link/map/%EC%A7%84%ED%95%B4%EB%A3%A8,35.1474994,128.6837605",https://map.naver.com/p?lng=128.6837605&lat=35.1474994&zoom=18,518301,CWB379002579,35.147499,128.68376
진해루,창원시진해구,경화동,2,"https://map.kakao.com/link/map/%EC%A7%84%ED%95%B4%EB%A3%A8,35.1472163,128.6837151",https://map.naver.com/p?lng=128.6837151&lat=35.1472163&zoom=18,518302,CWB379002580,35.147216,128.683715
해군교육사정문,창원시진해구,경화동,2,"https://map.kakao.com/link/map/%ED%95%B4%EA%B5%B0%EA%B5%90%EC%9C%A1%EC%82%AC%EC%A0%95%EB%AC%B8,35.1471836,128.6825625",https://map.naver.com/p?lng=128.6825625&lat=35.1471836&zoom=18,518306,CWB379005757,35.147184,128.682562
해군교육사정문,창원시진해구,경화동,2,"https://map.kakao.com/link/map/%ED%95%B4%EA%B5%B0%EA%B5%90%EC%9C%A1%EC%82%AC%EC%A0%95%EB%AC%B8,35.1474813,128.6825467",https://map.naver.com/p?lng=128.6825467&lat=35.1474813&zoom=18,518305,CWB379005758,35.147481,128.682547
덕산동,창원시진해구,덕산동,2,"https://map.kakao.com/link/map/%EB%8D%95%EC%82%B0%EB%8F%99,35.1442083,128.7010386",https://map.naver.com/p?lng=128.7010386&lat=35.1442083&zoom=18,519832,CWB379001597,35.144208,128.701039
덕산동,창원시진해구,덕산동,2,"https://map.kakao.com/link/map/%EB%8D%95%EC%82%B0%EB%8F%99,35.1441714,128.7012012",https://map.naver.com/p?lng=128.7012012&lat=35.1441714&zoom=18,519833,CWB379001598,35.144171,128.701201
덕산시장,창원시진해구,덕산동,2,"https://map.kakao.com/link/map/%EB%8D%95%EC%82%B0%EC%8B%9C%EC%9E%A5,35.1465226,128.7028592",https://map.naver.com/p?lng=128.7028592&lat=35.1465226&zoom=18,504402,CWB379002450,35.146523,128.702859
덕산시장,창원시진해구,덕산동,2,"https://map.kakao.com/link/map/%EB%8D%95%EC%82%B0%EC%8B%9C%EC%9E%A5,35.1466666,128.7027368",https://map.naver.com/p?lng=128.7027368&lat=35.1466666&zoom=18,504401,CWB379002451,35.146667,128.702737
덕산초등학교,창원시진해구,덕산동,2,"https://map.kakao.com/link/map/%EB%8D%95%EC%82%B0%EC%B4%88%EB%93%B1%ED%95%99%EA%B5%90,35.1443822,128.7048958",https://map.naver.com/p?lng=128.7048958&lat=35.1443822&zoom=18,630203,CWB379002455,35.144382,128.704896
덕산초등학교,창원시진해구,덕산동,2,"https://map.kakao.com/link/map/%EB%8D%95%EC%82%B0%EC%B4%88%EB%93%B1%ED%95%99%EA%B5%90,35.1444744,128.7050462",https://map.naver.com/p?lng=128.7050462&lat=35.1444744&zoom=18,630204,CWB379002456,35.144474,128.705046
덕산해군아파트,창원시진해구,덕산동,1,"https://map.kakao.com/link/map/%EB%8D%95%EC%82%B0%ED%95%B4%EA%B5%B0%EC%95%84%ED%8C%8C%ED%8A%B8,35.1448392,128.707034",https://map.naver.com/p?lng=128.707034&lat=35.1448392&zoom=18,518134,CWB379001593,35.144839,128.707034
동진여중,창원시진해구,덕산동,2,"https://map.kakao.com/link/map/%EB%8F%99%EC%A7%84%EC%97%AC%EC%A4%91,35.1431974,128.7051642",https://map.naver.com/p?lng=128.7051642&lat=35.1431974&zoom=18,630205,CWB379002457,35.143197,128.705164
동진여중,창원시진해구,덕산동,2,"https://map.kakao.com/link/map/%EB%8F%99%EC%A7%84%EC%97%AC%EC%A4%91,35.1431705,128.7049859",https://map.naver.com/p?lng=128.7049859&lat=35.1431705&zoom=18,630206,CWB379002458,35.14317,128.704986
우성아파트,창원시진해구,덕산동,1,"https://map.kakao.com/link/map/%EC%9A%B0%EC%84%B1%EC%95%84%ED%8C%8C%ED%8A%B8,35.1402174,128.7012582",https://map.naver.com/p?lng=128.7012582&lat=35.1402174&zoom=18,519834,CWB379001613,35.140217,128.701258
우성아파트앞,창원시진해구,덕산동,1,"https://map.kakao.com/link/map/%EC%9A%B0%EC%84%B1%EC%95%84%ED%8C%8C%ED%8A%B8%EC%95%9E,35.1397993,128.7020881",https://map.naver.com/p?lng=128.7020881&lat=35.1397993&zoom=18,630211,CWB379002464,35.139799,128.702088
자은교,창원시진해구,덕산동,2,"https://map.kakao.com/link/map/%EC%9E%90%EC%9D%80%EA%B5%90,35.1458124,128.7048052",https://map.naver.com/p?lng=128.7048052&lat=35.1458124&zoom=18,504404,CWB379002453,35.145812,128.704805
자은교,창원시진해구,덕산동,2,"https://map.kakao.com/link/map/%EC%9E%90%EC%9D%80%EA%B5%90,35.1457011,128.7049406",https://map.naver.com/p?lng=128.7049406&lat=35.1457011&zoom=18,504403,CWB379002454,35.145701,128.704941
자은본동,창원시진해구,덕산동,1,"https://map.kakao.com/link/map/%EC%9E%90%EC%9D%80%EB%B3%B8%EB%8F%99,35.1405106,128.7075129",https://map.naver.com/p?lng=128.7075129&lat=35.1405106&zoom=18,518139,CWB379001612,35.140511,128.707513
자은본동교차로,창원시진해구,덕산동,1,"https://map.kakao.com/link/map/%EC%9E%90%EC%9D%80%EB%B3%B8%EB%8F%99%EA%B5%90%EC%B0%A8%EB%A1%9C,35.1416249,128.7071925",https://map.naver.com/p?lng=128.7071925&lat=35.1416249&zoom=18,518136,CWB379002693,35.141625,128.707192
자은포스코,창원시진해구,덕산동,1,"https://map.kakao.com/link/map/%EC%9E%90%EC%9D%80%ED%8F%AC%EC%8A%A4%EC%BD%94,35.1427624,128.7074702",https://map.naver.com/p?lng=128.7074702&lat=35.1427624&zoom=18,518137,CWB379001604,35.142762,128.70747
풍호농협,창원시진해구,덕산동,2,"https://map.kakao.com/link/map/%ED%92%8D%ED%98%B8%EB%86%8D%ED%98%91,35.1401715,128.7053501",https://map.naver.com/p?lng=128.7053501&lat=35.1401715&zoom=18,630207,CWB379002459,35.140172,128.70535
풍호농협,창원시진해구,덕산동,2,"https://map.kakao.com/link/map/%ED%92%8D%ED%98%B8%EB%86%8D%ED%98%91,35.1401159,128.7051776",https://map.naver.com/p?lng=128.7051776&lat=35.1401159&zoom=18,630208,CWB379002460,35.140116,128.705178
협성DS이아이존빌A,창원시진해구,덕산동,1,"https://map.kakao.com/link/map/%ED%98%91%EC%84%B1DS%EC%9D%B4%EC%95%84%EC%9D%B4%EC%A1%B4%EB%B9%8CA,35.1399732,128.7048451",https://map.naver.com/p?lng=128.7048451&lat=35.1399732&zoom=18,522324,CWB379002462,35.139973,128.704845
경화시장,창원시진해구,병암동,2,"https://map.kakao.com/link/map/%EA%B2%BD%ED%99%94%EC%8B%9C%EC%9E%A5,35.1537502,128.6899291",https://map.naver.com/p?lng=128.6899291&lat=35.1537502&zoom=18,519821,CWB379001523,35.15375,128.689929
경화시장,창원시진해구,병암동,2,"https://map.kakao.com/link/map/%EA%B2%BD%ED%99%94%EC%8B%9C%EC%9E%A5,35.1535796,128.6912891",https://map.naver.com/p?lng=128.6912891&lat=35.1535796&zoom=18,519822,CWB379001524,35.15358,128.691289
진해남중,창원시진해구,병암동,2,"https://map.kakao.com/link/map/%EC%A7%84%ED%95%B4%EB%82%A8%EC%A4%91,35.1594521,128.6897526",https://map.naver.com/p?lng=128.6897526&lat=35.1594521&zoom=18,518119,CWB379001487,35.159452,128.689753
진해남중,창원시진해구,병암동,2,"https://map.kakao.com/link/map/%EC%A7%84%ED%95%B4%EB%82%A8%EC%A4%91,35.1593226,128.6899915",https://map.naver.com/p?lng=128.6899915&lat=35.1593226&zoom=18,518118,CWB379001489,35.159323,128.689991
진해세화여고,창원시진해구,병암동,2,"https://map.kakao.com/link/map/%EC%A7%84%ED%95%B4%EC%84%B8%ED%99%94%EC%97%AC%EA%B3%A0,35.159741,128.6942208",https://map.naver.com/p?lng=128.6942208&lat=35.159741&zoom=18,518121,CWB379001484,35.159741,128.694221
진해세화여고,창원시진해구,병암동,2,"https://map.kakao.com/link/map/%EC%A7%84%ED%95%B4%EC%84%B8%ED%99%94%EC%97%AC%EA%B3%A0,35.1595425,128.6944041",https://map.naver.com/p?lng=128.6944041&lat=35.1595425&zoom=18,518120,CWB379001485,35.159542,128.694404
냉천사거리,창원시진해구,석동,1,"https://map.kakao.com/link/map/%EB%83%89%EC%B2%9C%EC%82%AC%EA%B1%B0%EB%A6%AC,35.1536093,128.705243",https://map.naver.com/p?lng=128.705243&lat=35.1536093&zoom=18,518129,CWB379001521,35.153609,128.705243
롯데마트,창원시진해구,석동,2,"https://map.kakao.com/link/map/%EB%A1%AF%EB%8D%B0%EB%A7%88%ED%8A%B8,35.1579253,128.7010845",https://map.naver.com/p?lng=128.7010845&lat=35.1579253&zoom=18,518125,CWB379001492,35.157925,128.701084
롯데마트,창원시진해구,석동,2,"https://map.kakao.com/link/map/%EB%A1%AF%EB%8D%B0%EB%A7%88%ED%8A%B8,35.15791,128.7005807",https://map.naver.com/p?lng=128.7005807&lat=35.15791&zoom=18,518122,CWB379001496,35.15791,128.700581
석동그린빌2단지,창원시진해구,석동,1,"https://map.kakao.com/link/map/%EC%84%9D%EB%8F%99%EA%B7%B8%EB%A6%B0%EB%B9%8C2%EB%8B%A8%EC%A7%80,35.1542414,128.7094012",https://map.naver.com/p?lng=128.7094012&lat=35.1542414&zoom=18,503204,CWB379002686,35.154241,128.709401
석동중학교,창원시진해구,석동,1,"https://map.kakao.com/link/map/%EC%84%9D%EB%8F%99%EC%A4%91%ED%95%99%EA%B5%90,35.1546518,128.7042874",https://map.naver.com/p?lng=128.7042874&lat=35.1546518&zoom=18,518126,CWB379001519,35.154652,128.704287
안민터널,창원시진해구,석동,2,"https://map.kakao.com/link/map/%EC%95%88%EB%AF%BC%ED%84%B0%EB%84%90,35.1596246,128.6980632",https://map.naver.com/p?lng=128.6980632&lat=35.1596246&zoom=18,518123,CWB379002384,35.159625,128.698063
안민터널,창원시진해구,석동,2,"https://map.kakao.com/link/map/%EC%95%88%EB%AF%BC%ED%84%B0%EB%84%90,35.1590629,128.6976974",https://map.naver.com/p?lng=128.6976974&lat=35.1590629&zoom=18,522205,CWB379002567,35.159063,128.697697
우림필유,창원시진해구,석동,2,"https://map.kakao.com/link/map/%EC%9A%B0%EB%A6%BC%ED%95%84%EC%9C%A0,35.1564482,128.6978881",https://map.naver.com/p?lng=128.6978881&lat=35.1564482&zoom=18,522204,CWB379002569,35.156448,128.697888
우림필유,창원시진해구,석동,2,"https://map.kakao.com/link/map/%EC%9A%B0%EB%A6%BC%ED%95%84%EC%9C%A0,35.1562804,128.6976636",https://map.naver.com/p?lng=128.6976636&lat=35.1562804&zoom=18,522203,CWB379002570,35.15628,128.697664
자은농협,창원시진해구,석동,1,"https://map.kakao.com/link/map/%EC%9E%90%EC%9D%80%EB%86%8D%ED%98%91,35.1533407,128.707192",https://map.naver.com/p?lng=128.707192&lat=35.1533407&zoom=18,503202,CWB379002688,35.153341,128.707192
진해경찰서,창원시진해구,석동,2,"https://map.kakao.com/link/map/%EC%A7%84%ED%95%B4%EA%B2%BD%EC%B0%B0%EC%84%9C,35.1568303,128.7026744",https://map.naver.com/p?lng=128.7026744&lat=35.1568303&zoom=18,518124,CWB379001504,35.15683,128.702674
진해경찰서,창원시진해구,석동,2,"https://map.kakao.com/link/map/%EC%A7%84%ED%95%B4%EA%B2%BD%EC%B0%B0%EC%84%9C,35.1555559,128.7040446",https://map.naver.com/p?lng=128.7040446&lat=35.1555559&zoom=18,518127,CWB379001512,35.155556,128.704045
무릉도원,창원시진해구,여좌동,1,"https://map.kakao.com/link/map/%EB%AC%B4%EB%A6%89%EB%8F%84%EC%9B%90,35.1640158,128.6620894",https://map.naver.com/p?lng=128.6620894&lat=35.1640158&zoom=18,511411,CWB379003292,35.164016,128.662089
미고문단앞,창원시진해구,여좌동,1,"https://map.kakao.com/link/map/%EB%AF%B8%EA%B3%A0%EB%AC%B8%EB%8B%A8%EC%95%9E,35.1547464,128.6561422",https://map.naver.com/p?lng=128.6561422&lat=35.1547464&zoom=18,511302,CWB379002438,35.154746,128.656142
북원로터리,창원시진해구,여좌동,1,"https://map.kakao.com/link/map/%EB%B6%81%EC%9B%90%EB%A1%9C%ED%84%B0%EB%A6%AC,35.1530898,128.6570953",https://map.naver.com/p?lng=128.6570953&lat=35.1530898&zoom=18,519801,CWB379002589,35.15309,128.657095
양지마을,창원시진해구,여좌동,1,"https://map.kakao.com/link/map/%EC%96%91%EC%A7%80%EB%A7%88%EC%9D%84,35.1652571,128.6615612",https://map.naver.com/p?lng=128.6615612&lat=35.1652571&zoom=18,511408,CWB379006206,35.165257,128.661561
여좌농협,창원시진해구,여좌동,2,"https://map.kakao.com/link/map/%EC%97%AC%EC%A2%8C%EB%86%8D%ED%98%91,35.1547706,128.6648337",https://map.naver.com/p?lng=128.6648337&lat=35.1547706&zoom=18,511401,CWB379002861,35.154771,128.664834
여좌농협,창원시진해구,여좌동,2,"https://map.kakao.com/link/map/%EC%97%AC%EC%A2%8C%EB%86%8D%ED%98%91,35.1551683,128.66473",https://map.naver.com/p?lng=128.66473&lat=35.1551683&zoom=18,511402,CWB379002862,35.155168,128.66473
여좌동행정복지센터,창원시진해구,여좌동,2,"https://map.kakao.com/link/map/%EC%97%AC%EC%A2%8C%EB%8F%99%ED%96%89%EC%A0%95%EB%B3%B5%EC%A7%80%EC%84%BC%ED%84%B0,35.1583278,128.6603101",https://map.naver.com/p?lng=128.6603101&lat=35.1583278&zoom=18,511306,CWB379002581,35.158328,128.66031
여좌동행정복지센터,창원시진해구,여좌동,2,"https://map.kakao.com/link/map/%EC%97%AC%EC%A2%8C%EB%8F%99%ED%96%89%EC%A0%95%EB%B3%B5%EC%A7%80%EC%84%BC%ED%84%B0,35.1584742,128.6603908",https://map.naver.com/p?lng=128.6603908&lat=35.1584742&zoom=18,511305,CWB379002582,35.158474,128.660391
여좌마을슈퍼,창원시진해구,여좌동,2,"https://map.kakao.com/link/map/%EC%97%AC%EC%A2%8C%EB%A7%88%EC%9D%84%EC%8A%88%ED%8D%BC,35.1603421,128.6615458",https://map.naver.com/p?lng=128.6615458&lat=35.1603421&zoom=18,511502,CWB379002585,35.160342,128.661546
여좌마을슈퍼,창원시진해구,여좌동,2,"https://map.kakao.com/link/map/%EC%97%AC%EC%A2%8C%EB%A7%88%EC%9D%84%EC%8A%88%ED%8D%BC,35.1604102,128.6619308",https://map.naver.com/p?lng=128.6619308&lat=35.1604102&zoom=18,511501,CWB379002586,35.16041,128.661931
여좌신협,창원시진해구,여좌동,2,"https://map.kakao.com/link/map/%EC%97%AC%EC%A2%8C%EC%8B%A0%ED%98%91,35.1568246,128.6624651",https://map.naver.com/p?lng=128.6624651&lat=35.1568246&zoom=18,511403,CWB379001509,35.156825,128.662465
여좌신협,창원시진해구,여좌동,2,"https://map.kakao.com/link/map/%EC%97%AC%EC%A2%8C%EC%8B%A0%ED%98%91,35.1567515,128.6628085",https://map.naver.com/p?lng=128.6628085&lat=35.1567515&zoom=18,511404,CWB379001510,35.156752,128.662809
중앙시장,창원시진해구,여좌동,1,"https://map.kakao.com/link/map/%EC%A4%91%EC%95%99%EC%8B%9C%EC%9E%A5,35.1521643,128.6669363",https://map.naver.com/p?lng=128.6669363&lat=35.1521643&zoom=18,519809,CWB379001548,35.152164,128.666936
진해고등학교,창원시진해구,여좌동,2,"https://map.kakao.com/link/map/%EC%A7%84%ED%95%B4%EA%B3%A0%EB%93%B1%ED%95%99%EA%B5%90,35.1597314,128.6625812",https://map.naver.com/p?lng=128.6625812&lat=35.1597314&zoom=18,511407,CWB379001488,35.159731,128.662581
진해고등학교,창원시진해구,여좌동,2,"https://map.kakao.com/link/map/%EC%A7%84%ED%95%B4%EA%B3%A0%EB%93%B1%ED%95%99%EA%B5%90,35.1594907,128.662744",https://map.naver.com/p?lng=128.662744&lat=35.1594907&zoom=18,511406,CWB379001490,35.159491,128.662744
진해문화센터,창원시진해구,여좌동,2,"https://map.kakao.com/link/map/%EC%A7%84%ED%95%B4%EB%AC%B8%ED%99%94%EC%84%BC%ED%84%B0,35.1689686,128.6587374",https://map.naver.com/p?lng=128.6587374&lat=35.1689686&zoom=18,518109,CWB379001455,35.168969,128.658737
진해문화센터,창원시진해구,여좌동,2,"https://map.kakao.com/link/map/%EC%A7%84%ED%95%B4%EB%AC%B8%ED%99%94%EC%84%BC%ED%84%B0,35.1686883,128.6586183",https://map.naver.com/p?lng=128.6586183&lat=35.1686883&zoom=18,518106,CWB379001456,35.168688,128.658618
진해수협,창원시진해구,여좌동,1,"https://map.kakao.com/link/map/%EC%A7%84%ED%95%B4%EC%88%98%ED%98%91,35.152456,128.6638804",https://map.naver.com/p?lng=128.6638804&lat=35.152456&zoom=18,322608,CWB379001544,35.152456,128.66388
진해여고후문,창원시진해구,여좌동,2,"https://map.kakao.com/link/map/%EC%A7%84%ED%95%B4%EC%97%AC%EA%B3%A0%ED%9B%84%EB%AC%B8,35.1568621,128.6576632",https://map.naver.com/p?lng=128.6576632&lat=35.1568621&zoom=18,511304,CWB379002441,35.156862,128.657663
진해여고후문,창원시진해구,여좌동,2,"https://map.kakao.com/link/map/%EC%A7%84%ED%95%B4%EC%97%AC%EA%B3%A0%ED%9B%84%EB%AC%B8,35.1572494,128.6579223",https://map.naver.com/p?lng=128.6579223&lat=35.1572494&zoom=18,511303,CWB379002443,35.157249,128.657922
진해역,창원시진해구,여좌동,1,"https://map.kakao.com/link/map/%EC%A7%84%ED%95%B4%EC%97%AD,35.152683,128.6613976",https://map.naver.com/p?lng=128.6613976&lat=35.152683&zoom=18,519803,CWB379001538,35.152683,128.661398
진해역(진해역주차앞),창원시진해구,여좌동,1,"https://map.kakao.com/link/map/%EC%A7%84%ED%95%B4%EC%97%AD%28%EC%A7%84%ED%95%B4%EC%97%AD%EC%A3%BC%EC%B0%A8%EC%95%9E%29,35.1528745,128.6598911",https://map.naver.com/p?lng=128.6598911&lat=35.1528745&zoom=18,519846,CWB379005969,35.152874,128.659891
창원편백치유의숲,창원시진해구,여좌동,1,"https://map.kakao.com/link/map/%EC%B0%BD%EC%9B%90%ED%8E%B8%EB%B0%B1%EC%B9%98%EC%9C%A0%EC%9D%98%EC%88%B2,35.1720244,128.6545302",https://map.naver.com/p?lng=128.6545302&lat=35.1720244&zoom=18,518105,CWB379001444,35.172024,128.65453
한전입구,창원시진해구,여좌동,1,"https://map.kakao.com/link/map/%ED%95%9C%EC%A0%84%EC%9E%85%EA%B5%AC,35.1612014,128.6627912",https://map.naver.com/p?lng=128.6627912&lat=35.1612014&zoom=18,511410,CWB379001481,35.161201,128.662791
해성아파트입구,창원시진해구,여좌동,1,"https://map.kakao.com/link/map/%ED%95%B4%EC%84%B1%EC%95%84%ED%8C%8C%ED%8A%B8%EC%9E%85%EA%B5%AC,35.161225,128.6629814",https://map.naver.com/p?lng=128.6629814&lat=35.161225&zoom=18,511409,CWB379001480,35.161225,128.662981
STX아파트,창원시진해구,웅동1동,2,"https://map.kakao.com/link/map/STX%EC%95%84%ED%8C%8C%ED%8A%B8,35.120319,128.7784691",https://map.naver.com/p?lng=128.7784691&lat=35.120319&zoom=18,514506,CWB379002601,35.120319,128.778469
STX아파트,창원시진해구,웅동1동,2,"https://map.kakao.com/link/map/STX%EC%95%84%ED%8C%8C%ED%8A%B8,35.1206631,128.778701",https://map.naver.com/p?lng=128.778701&lat=35.1206631&zoom=18,514505,CWB379002602,35.120663,128.778701
㈜대륜기업,창원시진해구,웅동1동,1,"https://map.kakao.com/link/map/%E3%88%9C%EB%8C%80%EB%A5%9C%EA%B8%B0%EC%97%85,35.115748,128.7787869",https://map.naver.com/p?lng=128.7787869&lat=35.115748&zoom=18,502811,CWB379003442,35.115748,128.778787
㈜세웅전기,창원시진해구,웅동1동,1,"https://map.kakao.com/link/map/%E3%88%9C%EC%84%B8%EC%9B%85%EC%A0%84%EA%B8%B0,35.1156042,128.7791328",https://map.naver.com/p?lng=128.7791328&lat=35.1156042&zoom=18,502812,CWB379003443,35.115604,128.779133
내곡마을,창원시진해구,웅동1동,2,"https://map.kakao.com/link/map/%EB%82%B4%EA%B3%A1%EB%A7%88%EC%9D%84,35.1229862,128.7876079",https://map.naver.com/p?lng=128.7876079&lat=35.1229862&zoom=18,513805,CWB379002611,35.122986,128.787608
내곡마을,창원시진해구,웅동1동,2,"https://map.kakao.com/link/map/%EB%82%B4%EA%B3%A1%EB%A7%88%EC%9D%84,35.122754,128.7877021",https://map.naver.com/p?lng=128.7877021&lat=35.122754&zoom=18,513806,CWB379002612,35.122754,128.787702
대장동종점,창원시진해구,웅동1동,2,"https://map.kakao.com/link/map/%EB%8C%80%EC%9E%A5%EB%8F%99%EC%A2%85%EC%A0%90,35.1427097,128.7775578",https://map.naver.com/p?lng=128.7775578&lat=35.1427097&zoom=18,504201,CWB379002725,35.14271,128.777558
대장동종점,창원시진해구,웅동1동,2,"https://map.kakao.com/link/map/%EB%8C%80%EC%9E%A5%EB%8F%99%EC%A2%85%EC%A0%90,35.142782,128.7776323",https://map.naver.com/p?lng=128.7776323&lat=35.142782&zoom=18,504202,CWB379005504,35.142782,128.777632
로드60,창원시진해구,웅동1동,2,"https://map.kakao.com/link/map/%EB%A1%9C%EB%93%9C60,35.110001,128.7898461",https://map.naver.com/p?lng=128.7898461&lat=35.110001&zoom=18,519606,CWB379003473,35.110001,128.789846
로드60,창원시진해구,웅동1동,2,"https://map.kakao.com/link/map/%EB%A1%9C%EB%93%9C60,35.1100888,128.7897112",https://map.naver.com/p?lng=128.7897112&lat=35.1100888&zoom=18,519607,CWB379003474,35.110089,128.789711
마천공단입구,창원시진해구,웅동1동,2,"https://map.kakao.com/link/map/%EB%A7%88%EC%B2%9C%EA%B3%B5%EB%8B%A8%EC%9E%85%EA%B5%AC,35.1228621,128.7813139",https://map.naver.com/p?lng=128.7813139&lat=35.1228621&zoom=18,502802,CWB379002604,35.122862,128.781314
마천공단입구,창원시진해구,웅동1동,2,"https://map.kakao.com/link/map/%EB%A7%88%EC%B2%9C%EA%B3%B5%EB%8B%A8%EC%9E%85%EA%B5%AC,35.1227792,128.7815874",https://map.naver.com/p?lng=128.7815874&lat=35.1227792&zoom=18,502801,CWB379002605,35.122779,128.781587
마천산업단지,창원시진해구,웅동1동,2,"https://map.kakao.com/link/map/%EB%A7%88%EC%B2%9C%EC%82%B0%EC%97%85%EB%8B%A8%EC%A7%80,35.1174915,128.7817536",https://map.naver.com/p?lng=128.7817536&lat=35.1174915&zoom=18,502803,CWB379002732,35.117492,128.781754
마천산업단지,창원시진해구,웅동1동,2,"https://map.kakao.com/link/map/%EB%A7%88%EC%B2%9C%EC%82%B0%EC%97%85%EB%8B%A8%EC%A7%80,35.1174742,128.7820403",https://map.naver.com/p?lng=128.7820403&lat=35.1174742&zoom=18,502808,CWB379003439,35.117474,128.78204
마천시장,창원시진해구,웅동1동,1,"https://map.kakao.com/link/map/%EB%A7%88%EC%B2%9C%EC%8B%9C%EC%9E%A5,35.1259915,128.781677",https://map.naver.com/p?lng=128.781677&lat=35.1259915&zoom=18,513811,CWB379005502,35.125992,128.781677
부암마을,창원시진해구,웅동1동,2,"https://map.kakao.com/link/map/%EB%B6%80%EC%95%94%EB%A7%88%EC%9D%84,35.1332226,128.7838969",https://map.naver.com/p?lng=128.7838969&lat=35.1332226&zoom=18,505301,CWB379002723,35.133223,128.783897
부암마을,창원시진해구,웅동1동,2,"https://map.kakao.com/link/map/%EB%B6%80%EC%95%94%EB%A7%88%EC%9D%84,35.1332011,128.7839815",https://map.naver.com/p?lng=128.7839815&lat=35.1332011&zoom=18,505302,CWB379005505,35.133201,128.783982
소사마을,창원시진해구,웅동1동,1,"https://map.kakao.com/link/map/%EC%86%8C%EC%82%AC%EB%A7%88%EC%9D%84,35.1282737,128.7773937",https://map.naver.com/p?lng=128.7773937&lat=35.1282737&zoom=18,504203,CWB379002726,35.128274,128.777394
아래평발,창원시진해구,웅동1동,2,"https://map.kakao.com/link/map/%EC%95%84%EB%9E%98%ED%8F%89%EB%B0%9C,35.1150514,128.7688712",https://map.naver.com/p?lng=128.7688712&lat=35.1150514&zoom=18,514502,CWB379002597,35.115051,128.768871
아래평발,창원시진해구,웅동1동,2,"https://map.kakao.com/link/map/%EC%95%84%EB%9E%98%ED%8F%89%EB%B0%9C,35.1152915,128.7692667",https://map.naver.com/p?lng=128.7692667&lat=35.1152915&zoom=18,514501,CWB379002598,35.115292,128.769267
영길,창원시진해구,웅동1동,1,"https://map.kakao.com/link/map/%EC%98%81%EA%B8%B8,35.112699,128.7825241",https://map.naver.com/p?lng=128.7825241&lat=35.112699&zoom=18,630222,CWB379002739,35.112699,128.782524
영길운동장,창원시진해구,웅동1동,2,"https://map.kakao.com/link/map/%EC%98%81%EA%B8%B8%EC%9A%B4%EB%8F%99%EC%9E%A5,35.1144443,128.7815376",https://map.naver.com/p?lng=128.7815376&lat=35.1144443&zoom=18,502806,CWB379003194,35.114444,128.781538
영길운동장,창원시진해구,웅동1동,2,"https://map.kakao.com/link/map/%EC%98%81%EA%B8%B8%EC%9A%B4%EB%8F%99%EC%9E%A5,35.1142965,128.7813323",https://map.naver.com/p?lng=128.7813323&lat=35.1142965&zoom=18,502807,CWB379003195,35.114296,128.781332
용원휴요양병원,창원시진해구,웅동1동,2,"https://map.kakao.com/link/map/%EC%9A%A9%EC%9B%90%ED%9C%B4%EC%9A%94%EC%96%91%EB%B3%91%EC%9B%90,35.1164783,128.7965877",https://map.naver.com/p?lng=128.7965877&lat=35.1164783&zoom=18,503004,CWB379002620,35.116478,128.796588
용원휴요양병원,창원시진해구,웅동1동,2,"https://map.kakao.com/link/map/%EC%9A%A9%EC%9B%90%ED%9C%B4%EC%9A%94%EC%96%91%EB%B3%91%EC%9B%90,35.1166036,128.79671",https://map.naver.com/p?lng=128.79671&lat=35.1166036&zoom=18,503003,CWB379002621,35.116604,128.79671
웅동,창원시진해구,웅동1동,2,"https://map.kakao.com/link/map/%EC%9B%85%EB%8F%99,35.1251575,128.7827154",https://map.naver.com/p?lng=128.7827154&lat=35.1251575&zoom=18,513802,CWB379002607,35.125158,128.782715
웅동,창원시진해구,웅동1동,2,"https://map.kakao.com/link/map/%EC%9B%85%EB%8F%99,35.1252701,128.7825378",https://map.naver.com/p?lng=128.7825378&lat=35.1252701&zoom=18,513801,CWB379002608,35.12527,128.782538
웅동농협앞,창원시진해구,웅동1동,2,"https://map.kakao.com/link/map/%EC%9B%85%EB%8F%99%EB%86%8D%ED%98%91%EC%95%9E,35.1241664,128.7851559",https://map.naver.com/p?lng=128.7851559&lat=35.1241664&zoom=18,513804,CWB379002609,35.124166,128.785156
웅동농협앞,창원시진해구,웅동1동,2,"https://map.kakao.com/link/map/%EC%9B%85%EB%8F%99%EB%86%8D%ED%98%91%EC%95%9E,35.1243034,128.7852552",https://map.naver.com/p?lng=128.7852552&lat=35.1243034&zoom=18,513803,CWB379002610,35.124303,128.785255
웅동중학교,창원시진해구,웅동1동,2,"https://map.kakao.com/link/map/%EC%9B%85%EB%8F%99%EC%A4%91%ED%95%99%EA%B5%90,35.1155529,128.7934099",https://map.naver.com/p?lng=128.7934099&lat=35.1155529&zoom=18,503002,CWB379002618,35.115553,128.79341
웅동중학교,창원시진해구,웅동1동,2,"https://map.kakao.com/link/map/%EC%9B%85%EB%8F%99%EC%A4%91%ED%95%99%EA%B5%90,35.1156716,128.7933091",https://map.naver.com/p?lng=128.7933091&lat=35.1156716&zoom=18,503001,CWB379002619,35.115672,128.793309
월남마을,창원시진해구,웅동1동,2,"https://map.kakao.com/link/map/%EC%9B%94%EB%82%A8%EB%A7%88%EC%9D%84,35.1189396,128.7753324",https://map.naver.com/p?lng=128.7753324&lat=35.1189396&zoom=18,514503,CWB379002599,35.11894,128.775332
월남마을,창원시진해구,웅동1동,2,"https://map.kakao.com/link/map/%EC%9B%94%EB%82%A8%EB%A7%88%EC%9D%84,35.1188389,128.7754297",https://map.naver.com/p?lng=128.7754297&lat=35.1188389&zoom=18,514504,CWB379002600,35.118839,128.77543
월남마을입구,창원시진해구,웅동1동,2,"https://map.kakao.com/link/map/%EC%9B%94%EB%82%A8%EB%A7%88%EC%9D%84%EC%9E%85%EA%B5%AC,35.1175898,128.7774861",https://map.naver.com/p?lng=128.7774861&lat=35.1175898&zoom=18,502809,CWB379003440,35.11759,128.777486
월남마을입구,창원시진해구,웅동1동,2,"https://map.kakao.com/link/map/%EC%9B%94%EB%82%A8%EB%A7%88%EC%9D%84%EC%9E%85%EA%B5%AC,35.11756,128.7777237",https://map.naver.com/p?lng=128.7777237&lat=35.11756&zoom=18,502810,CWB379003441,35.11756,128.777724
의곡마을,창원시진해구,웅동1동,2,"https://map.kakao.com/link/map/%EC%9D%98%EA%B3%A1%EB%A7%88%EC%9D%84,35.1160246,128.7918748",https://map.naver.com/p?lng=128.7918748&lat=35.1160246&zoom=18,513810,CWB379002615,35.116025,128.791875
의곡마을,창원시진해구,웅동1동,2,"https://map.kakao.com/link/map/%EC%9D%98%EA%B3%A1%EB%A7%88%EC%9D%84,35.1162778,128.7920672",https://map.naver.com/p?lng=128.7920672&lat=35.1162778&zoom=18,513809,CWB379002616,35.116278,128.792067
정혜원,창원시진해구,웅동1동,2,"https://map.kakao.com/link/map/%EC%A0%95%ED%98%9C%EC%9B%90,35.112505,128.7809665",https://map.naver.com/p?lng=128.7809665&lat=35.112505&zoom=18,502805,CWB379002734,35.112505,128.780966
정혜원,창원시진해구,웅동1동,2,"https://map.kakao.com/link/map/%EC%A0%95%ED%98%9C%EC%9B%90,35.1124229,128.7811467",https://map.naver.com/p?lng=128.7811467&lat=35.1124229&zoom=18,502804,CWB379002735,35.112423,128.781147
청안해오름,창원시진해구,웅동1동,2,"https://map.kakao.com/link/map/%EC%B2%AD%EC%95%88%ED%95%B4%EC%98%A4%EB%A6%84,35.1203499,128.7913856",https://map.naver.com/p?lng=128.7913856&lat=35.1203499&zoom=18,513807,CWB379002613,35.12035,128.791386
청안해오름,창원시진해구,웅동1동,2,"https://map.kakao.com/link/map/%EC%B2%AD%EC%95%88%ED%95%B4%EC%98%A4%EB%A6%84,35.1198293,128.7918345",https://map.naver.com/p?lng=128.7918345&lat=35.1198293&zoom=18,513808,CWB379002614,35.119829,128.791834
컬리물류센터,창원시진해구,웅동1동,2,"https://map.kakao.com/link/map/%EC%BB%AC%EB%A6%AC%EB%AC%BC%EB%A5%98%EC%84%BC%ED%84%B0,35.1211806,128.7945454",https://map.naver.com/p?lng=128.7945454&lat=35.1211806&zoom=18,513812,CWB379006198,35.121181,128.794545
컬리물류센터,창원시진해구,웅동1동,2,"https://map.kakao.com/link/map/%EC%BB%AC%EB%A6%AC%EB%AC%BC%EB%A5%98%EC%84%BC%ED%84%B0,35.1213614,128.794511",https://map.naver.com/p?lng=128.794511&lat=35.1213614&zoom=18,513813,CWB379006200,35.121361,128.794511
쿠팡물류센터,창원시진해구,웅동1동,1,"https://map.kakao.com/link/map/%EC%BF%A0%ED%8C%A1%EB%AC%BC%EB%A5%98%EC%84%BC%ED%84%B0,35.1212657,128.8009585",https://map.naver.com/p?lng=128.8009585&lat=35.1212657&zoom=18,513814,CWB379006199,35.121266,128.800958
평발마을,창원시진해구,웅동1동,2,"https://map.kakao.com/link/map/%ED%8F%89%EB%B0%9C%EB%A7%88%EC%9D%84,35.1151771,128.7657443",https://map.naver.com/p?lng=128.7657443&lat=35.1151771&zoom=18,514012,CWB379002594,35.115177,128.765744
평발마을,창원시진해구,웅동1동,2,"https://map.kakao.com/link/map/%ED%8F%89%EB%B0%9C%EB%A7%88%EC%9D%84,35.1153513,128.7660904",https://map.naver.com/p?lng=128.7660904&lat=35.1153513&zoom=18,514013,CWB379002595,35.115351,128.76609
가주동,창원시진해구,웅동2동,3,"https://map.kakao.com/link/map/%EA%B0%80%EC%A3%BC%EB%8F%99,35.1035155,128.8373885",https://map.naver.com/p?lng=128.8373885&lat=35.1035155&zoom=18,500501,CWB379002711,35.103516,128.837388
가주동,창원시진해구,웅동2동,3,"https://map.kakao.com/link/map/%EA%B0%80%EC%A3%BC%EB%8F%99,35.1125485,128.8361093",https://map.naver.com/p?lng=128.8361093&lat=35.1125485&zoom=18,518169,CWB379006158,35.112548,128.836109
가주동,창원시진해구,웅동2동,3,"https://map.kakao.com/link/map/%EA%B0%80%EC%A3%BC%EB%8F%99,35.1126398,128.8361799",https://map.naver.com/p?lng=128.8361799&lat=35.1126398&zoom=18,518170,CWB379006159,35.11264,128.83618
가주동시내버스회차지,창원시진해구,웅동2동,2,"https://map.kakao.com/link/map/%EA%B0%80%EC%A3%BC%EB%8F%99%EC%8B%9C%EB%82%B4%EB%B2%84%EC%8A%A4%ED%9A%8C%EC%B0%A8%EC%A7%80,35.1120361,128.8384582",https://map.naver.com/p?lng=128.8384582&lat=35.1120361&zoom=18,630220,CWB379002713,35.112036,128.838458
가주동시내버스회차지,창원시진해구,웅동2동,2,"https://map.kakao.com/link/map/%EA%B0%80%EC%A3%BC%EB%8F%99%EC%8B%9C%EB%82%B4%EB%B2%84%EC%8A%A4%ED%9A%8C%EC%B0%A8%EC%A7%80,35.112013,128.8382853",https://map.naver.com/p?lng=128.8382853&lat=35.112013&zoom=18,518162,CWB379005541,35.112013,128.838285
공지곡,창원시진해구,웅동2동,2,"https://map.kakao.com/link/map/%EA%B3%B5%EC%A7%80%EA%B3%A1,35.1132914,128.8039912",https://map.naver.com/p?lng=128.8039912&lat=35.1132914&zoom=18,518156,CWB379002624,35.113291,128.803991
공지곡,창원시진해구,웅동2동,2,"https://map.kakao.com/link/map/%EA%B3%B5%EC%A7%80%EA%B3%A1,35.111493,128.8048512",https://map.naver.com/p?lng=128.8048512&lat=35.111493&zoom=18,518153,CWB379002625,35.111493,128.804851
남문입구,창원시진해구,웅동2동,1,"https://map.kakao.com/link/map/%EB%82%A8%EB%AC%B8%EC%9E%85%EA%B5%AC,35.1153857,128.8351694",https://map.naver.com/p?lng=128.8351694&lat=35.1153857&zoom=18,518163,CWB379005542,35.115386,128.835169
대청가든,창원시진해구,웅동2동,2,"https://map.kakao.com/link/map/%EB%8C%80%EC%B2%AD%EA%B0%80%EB%93%A0,35.1086044,128.8396097",https://map.naver.com/p?lng=128.8396097&lat=35.1086044&zoom=18,500502,CWB379005459,35.108604,128.83961
대청가든,창원시진해구,웅동2동,2,"https://map.kakao.com/link/map/%EB%8C%80%EC%B2%AD%EA%B0%80%EB%93%A0,35.1086275,128.8397199",https://map.naver.com/p?lng=128.8397199&lat=35.1086275&zoom=18,518167,CWB379005546,35.108628,128.83972
동방물류센터,창원시진해구,웅동2동,2,"https://map.kakao.com/link/map/%EB%8F%99%EB%B0%A9%EB%AC%BC%EB%A5%98%EC%84%BC%ED%84%B0,35.0861767,128.8176156",https://map.naver.com/p?lng=128.8176156&lat=35.0861767&zoom=18,630240,CWB379002850,35.086177,128.817616
동방물류센터,창원시진해구,웅동2동,2,"https://map.kakao.com/link/map/%EB%8F%99%EB%B0%A9%EB%AC%BC%EB%A5%98%EC%84%BC%ED%84%B0,35.0859151,128.8187948",https://map.naver.com/p?lng=128.8187948&lat=35.0859151&zoom=18,523326,CWB379005418,35.085915,128.818795
마린2차푸르지오A,창원시진해구,웅동2동,2,"https://map.kakao.com/link/map/%EB%A7%88%EB%A6%B02%EC%B0%A8%ED%91%B8%EB%A5%B4%EC%A7%80%EC%98%A4A,35.0963528,128.8025458",https://map.naver.com/p?lng=128.8025458&lat=35.0963528&zoom=18,519609,CWB379005513,35.096353,128.802546
마린2차푸르지오A,창원시진해구,웅동2동,2,"https://map.kakao.com/link/map/%EB%A7%88%EB%A6%B02%EC%B0%A8%ED%91%B8%EB%A5%B4%EC%A7%80%EC%98%A4A,35.0963172,128.8028219",https://map.naver.com/p?lng=128.8028219&lat=35.0963172&zoom=18,519610,CWB379005514,35.096317,128.802822
부영13단지,창원시진해구,웅동2동,2,"https://map.kakao.com/link/map/%EB%B6%80%EC%98%8113%EB%8B%A8%EC%A7%80,35.089668,128.8180476",https://map.naver.com/p?lng=128.8180476&lat=35.089668&zoom=18,630338,CWB379003444,35.089668,128.818048
부영13단지,창원시진해구,웅동2동,2,"https://map.kakao.com/link/map/%EB%B6%80%EC%98%8113%EB%8B%A8%EC%A7%80,35.0897262,128.8184671",https://map.naver.com/p?lng=128.8184671&lat=35.0897262&zoom=18,630346,CWB379003452,35.089726,128.818467
부영2단지,창원시진해구,웅동2동,2,"https://map.kakao.com/link/map/%EB%B6%80%EC%98%812%EB%8B%A8%EC%A7%80,35.0889372,128.8047926",https://map.naver.com/p?lng=128.8047926&lat=35.0889372&zoom=18,630341,CWB379003447,35.088937,128.804793
부영2단지,창원시진해구,웅동2동,2,"https://map.kakao.com/link/map/%EB%B6%80%EC%98%812%EB%8B%A8%EC%A7%80,35.088738,128.8030151",https://map.naver.com/p?lng=128.8030151&lat=35.088738&zoom=18,630347,CWB379003453,35.088738,128.803015
부영2차아파트,창원시진해구,웅동2동,1,"https://map.kakao.com/link/map/%EB%B6%80%EC%98%812%EC%B0%A8%EC%95%84%ED%8C%8C%ED%8A%B8,35.1041322,128.8047932",https://map.naver.com/p?lng=128.8047932&lat=35.1041322&zoom=18,511102,CWB379002630,35.104132,128.804793
부영3차아파트,창원시진해구,웅동2동,1,"https://map.kakao.com/link/map/%EB%B6%80%EC%98%813%EC%B0%A8%EC%95%84%ED%8C%8C%ED%8A%B8,35.1043016,128.8043972",https://map.naver.com/p?lng=128.8043972&lat=35.1043016&zoom=18,511101,CWB379002631,35.104302,128.804397
부영4단지,창원시진해구,웅동2동,2,"https://map.kakao.com/link/map/%EB%B6%80%EC%98%814%EB%8B%A8%EC%A7%80,35.0865467,128.8007752",https://map.naver.com/p?lng=128.8007752&lat=35.0865467&zoom=18,630342,CWB379003448,35.086547,128.800775
부영4단지,창원시진해구,웅동2동,2,"https://map.kakao.com/link/map/%EB%B6%80%EC%98%814%EB%8B%A8%EC%A7%80,35.0865722,128.8010022",https://map.naver.com/p?lng=128.8010022&lat=35.0865722&zoom=18,630348,CWB379003454,35.086572,128.801002
부영5단지,창원시진해구,웅동2동,1,"https://map.kakao.com/link/map/%EB%B6%80%EC%98%815%EB%8B%A8%EC%A7%80,35.0887788,128.8067347",https://map.naver.com/p?lng=128.8067347&lat=35.0887788&zoom=18,523340,CWB379005790,35.088779,128.806735
부영8단지,창원시진해구,웅동2동,1,"https://map.kakao.com/link/map/%EB%B6%80%EC%98%818%EB%8B%A8%EC%A7%80,35.0889969,128.813474",https://map.naver.com/p?lng=128.813474&lat=35.0889969&zoom=18,630339,CWB379003445,35.088997,128.813474
세방물류,창원시진해구,웅동2동,1,"https://map.kakao.com/link/map/%EC%84%B8%EB%B0%A9%EB%AC%BC%EB%A5%98,35.0862127,128.8256731",https://map.naver.com/p?lng=128.8256731&lat=35.0862127&zoom=18,523328,CWB379005420,35.086213,128.825673
신항 서문입구,창원시진해구,웅동2동,1,"https://map.kakao.com/link/map/%EC%8B%A0%ED%95%AD%20%EC%84%9C%EB%AC%B8%EC%9E%85%EA%B5%AC,35.0832648,128.801641",https://map.naver.com/p?lng=128.801641&lat=35.0832648&zoom=18,523324,CWB379005416,35.083265,128.801641
신항초등학교,창원시진해구,웅동2동,2,"https://map.kakao.com/link/map/%EC%8B%A0%ED%95%AD%EC%B4%88%EB%93%B1%ED%95%99%EA%B5%90,35.0889705,128.8103482",https://map.naver.com/p?lng=128.8103482&lat=35.0889705&zoom=18,630340,CWB379003446,35.08897,128.810348
신항초등학교,창원시진해구,웅동2동,2,"https://map.kakao.com/link/map/%EC%8B%A0%ED%95%AD%EC%B4%88%EB%93%B1%ED%95%99%EA%B5%90,35.0887414,128.8114543",https://map.naver.com/p?lng=128.8114543&lat=35.0887414&zoom=18,630344,CWB379003450,35.088741,128.811454
신항파출소,창원시진해구,웅동2동,2,"https://map.kakao.com/link/map/%EC%8B%A0%ED%95%AD%ED%8C%8C%EC%B6%9C%EC%86%8C,35.09235,128.789647",https://map.naver.com/p?lng=128.789647&lat=35.09235&zoom=18,523338,CWB379005774,35.09235,128.789647
신항파출소,창원시진해구,웅동2동,2,"https://map.kakao.com/link/map/%EC%8B%A0%ED%95%AD%ED%8C%8C%EC%B6%9C%EC%86%8C,35.092223,128.789802",https://map.naver.com/p?lng=128.789802&lat=35.092223&zoom=18,523339,CWB379005775,35.092223,128.789802
안골,창원시진해구,웅동2동,2,"https://map.kakao.com/link/map/%EC%95%88%EA%B3%A8,35.0929295,128.7977528",https://map.naver.com/p?lng=128.7977528&lat=35.0929295&zoom=18,630422,CWB379002674,35.09293,128.797753
안골,창원시진해구,웅동2동,2,"https://map.kakao.com/link/map/%EC%95%88%EA%B3%A8,35.0928512,128.7974139",https://map.naver.com/p?lng=128.7974139&lat=35.0928512&zoom=18,630423,CWB379006148,35.092851,128.797414
안골버스회차지,창원시진해구,웅동2동,1,"https://map.kakao.com/link/map/%EC%95%88%EA%B3%A8%EB%B2%84%EC%8A%A4%ED%9A%8C%EC%B0%A8%EC%A7%80,35.0926389,128.7977546",https://map.naver.com/p?lng=128.7977546&lat=35.0926389&zoom=18,630214,CWB379002673,35.092639,128.797755
안골입구,창원시진해구,웅동2동,2,"https://map.kakao.com/link/map/%EC%95%88%EA%B3%A8%EC%9E%85%EA%B5%AC,35.0964141,128.8020898",https://map.naver.com/p?lng=128.8020898&lat=35.0964141&zoom=18,519605,CWB379002669,35.096414,128.80209
안골입구,창원시진해구,웅동2동,2,"https://map.kakao.com/link/map/%EC%95%88%EA%B3%A8%EC%9E%85%EA%B5%AC,35.0965245,128.8022097",https://map.naver.com/p?lng=128.8022097&lat=35.0965245&zoom=18,519608,CWB379005512,35.096524,128.80221
안골포초등학교,창원시진해구,웅동2동,2,"https://map.kakao.com/link/map/%EC%95%88%EA%B3%A8%ED%8F%AC%EC%B4%88%EB%93%B1%ED%95%99%EA%B5%90,35.1037994,128.8063782",https://map.naver.com/p?lng=128.8063782&lat=35.1037994&zoom=18,511005,CWB379002633,35.103799,128.806378
안골포초등학교,창원시진해구,웅동2동,2,"https://map.kakao.com/link/map/%EC%95%88%EA%B3%A8%ED%8F%AC%EC%B4%88%EB%93%B1%ED%95%99%EA%B5%90,35.103736,128.8065832",https://map.naver.com/p?lng=128.8065832&lat=35.103736&zoom=18,511006,CWB379002634,35.103736,128.806583
안골회차장,창원시진해구,웅동2동,2,"https://map.kakao.com/link/map/%EC%95%88%EA%B3%A8%ED%9A%8C%EC%B0%A8%EC%9E%A5,35.0932659,128.7908605",https://map.naver.com/p?lng=128.7908605&lat=35.0932659&zoom=18,630425,CWB379006228,35.093266,128.790861
안골회차장,창원시진해구,웅동2동,2,"https://map.kakao.com/link/map/%EC%95%88%EA%B3%A8%ED%9A%8C%EC%B0%A8%EC%9E%A5,35.0932144,128.7909882",https://map.naver.com/p?lng=128.7909882&lat=35.0932144&zoom=18,630426,CWB379006229,35.093214,128.790988
안성마을,창원시진해구,웅동2동,2,"https://map.kakao.com/link/map/%EC%95%88%EC%84%B1%EB%A7%88%EC%9D%84,35.1038754,128.7931055",https://map.naver.com/p?lng=128.7931055&lat=35.1038754&zoom=18,519601,CWB379002666,35.103875,128.793106
안성마을,창원시진해구,웅동2동,2,"https://map.kakao.com/link/map/%EC%95%88%EC%84%B1%EB%A7%88%EC%9D%84,35.1037644,128.7929982",https://map.naver.com/p?lng=128.7929982&lat=35.1037644&zoom=18,519602,CWB379002667,35.103764,128.792998
안청초등학교,창원시진해구,웅동2동,2,"https://map.kakao.com/link/map/%EC%95%88%EC%B2%AD%EC%B4%88%EB%93%B1%ED%95%99%EA%B5%90,35.0998826,128.8074294",https://map.naver.com/p?lng=128.8074294&lat=35.0998826&zoom=18,511001,CWB379002638,35.099883,128.807429
안청초등학교,창원시진해구,웅동2동,2,"https://map.kakao.com/link/map/%EC%95%88%EC%B2%AD%EC%B4%88%EB%93%B1%ED%95%99%EA%B5%90,35.0998994,128.8076506",https://map.naver.com/p?lng=128.8076506&lat=35.0998994&zoom=18,511002,CWB379002639,35.099899,128.807651
에스아이물류,창원시진해구,웅동2동,2,"https://map.kakao.com/link/map/%EC%97%90%EC%8A%A4%EC%95%84%EC%9D%B4%EB%AC%BC%EB%A5%98,35.0847279,128.7870315",https://map.naver.com/p?lng=128.7870315&lat=35.0847279&zoom=18,630352,CWB379003458,35.084728,128.787032
에스아이물류,창원시진해구,웅동2동,2,"https://map.kakao.com/link/map/%EC%97%90%EC%8A%A4%EC%95%84%EC%9D%B4%EB%AC%BC%EB%A5%98,35.0842324,128.7872945",https://map.naver.com/p?lng=128.7872945&lat=35.0842324&zoom=18,630353,CWB379003459,35.084232,128.787294
용원복지회관,창원시진해구,웅동2동,2,"https://map.kakao.com/link/map/%EC%9A%A9%EC%9B%90%EB%B3%B5%EC%A7%80%ED%9A%8C%EA%B4%80,35.0998244,128.8125352",https://map.naver.com/p?lng=128.8125352&lat=35.0998244&zoom=18,513004,CWB379002652,35.099824,128.812535
용원복지회관,창원시진해구,웅동2동,2,"https://map.kakao.com/link/map/%EC%9A%A9%EC%9B%90%EB%B3%B5%EC%A7%80%ED%9A%8C%EA%B4%80,35.0999039,128.8131606",https://map.naver.com/p?lng=128.8131606&lat=35.0999039&zoom=18,513003,CWB379002653,35.099904,128.813161
용원사거리,창원시진해구,웅동2동,3,"https://map.kakao.com/link/map/%EC%9A%A9%EC%9B%90%EC%82%AC%EA%B1%B0%EB%A6%AC,35.0976512,128.8205994",https://map.naver.com/p?lng=128.8205994&lat=35.0976512&zoom=18,512903,CWB379002661,35.097651,128.820599
용원사거리,창원시진해구,웅동2동,3,"https://map.kakao.com/link/map/%EC%9A%A9%EC%9B%90%EC%82%AC%EA%B1%B0%EB%A6%AC,35.0981184,128.821258",https://map.naver.com/p?lng=128.821258&lat=35.0981184&zoom=18,630317,CWB379003247,35.098118,128.821258
용원사거리,창원시진해구,웅동2동,3,"https://map.kakao.com/link/map/%EC%9A%A9%EC%9B%90%EC%82%AC%EA%B1%B0%EB%A6%AC,35.0982872,128.8212631",https://map.naver.com/p?lng=128.8212631&lat=35.0982872&zoom=18,630318,CWB379003248,35.098287,128.821263
용원삼거리,창원시진해구,웅동2동,2,"https://map.kakao.com/link/map/%EC%9A%A9%EC%9B%90%EC%82%BC%EA%B1%B0%EB%A6%AC,35.1007807,128.8220687",https://map.naver.com/p?lng=128.8220687&lat=35.1007807&zoom=18,512905,CWB379002700,35.100781,128.822069
용원삼거리,창원시진해구,웅동2동,2,"https://map.kakao.com/link/map/%EC%9A%A9%EC%9B%90%EC%82%BC%EA%B1%B0%EB%A6%AC,35.100845,128.821885",https://map.naver.com/p?lng=128.821885&lat=35.100845&zoom=18,512904,CWB379002701,35.100845,128.821885
용원어시장,창원시진해구,웅동2동,2,"https://map.kakao.com/link/map/%EC%9A%A9%EC%9B%90%EC%96%B4%EC%8B%9C%EC%9E%A5,35.0930762,128.8186724",https://map.naver.com/p?lng=128.8186724&lat=35.0930762&zoom=18,512906,CWB379003475,35.093076,128.818672
용원어시장,창원시진해구,웅동2동,2,"https://map.kakao.com/link/map/%EC%9A%A9%EC%9B%90%EC%96%B4%EC%8B%9C%EC%9E%A5,35.0929704,128.8188895",https://map.naver.com/p?lng=128.8188895&lat=35.0929704&zoom=18,512907,CWB379003476,35.09297,128.81889
용원종점,창원시진해구,웅동2동,3,"https://map.kakao.com/link/map/%EC%9A%A9%EC%9B%90%EC%A2%85%EC%A0%90,35.0965756,128.820353",https://map.naver.com/p?lng=128.820353&lat=35.0965756&zoom=18,512902,CWB379002662,35.096576,128.820353
용원종점,창원시진해구,웅동2동,3,"https://map.kakao.com/link/map/%EC%9A%A9%EC%9B%90%EC%A2%85%EC%A0%90,35.0965894,128.8201612",https://map.naver.com/p?lng=128.8201612&lat=35.0965894&zoom=18,512901,CWB379002792,35.096589,128.820161
용원종점,창원시진해구,웅동2동,3,"https://map.kakao.com/link/map/%EC%9A%A9%EC%9B%90%EC%A2%85%EC%A0%90,35.0961997,128.8200321",https://map.naver.com/p?lng=128.8200321&lat=35.0961997&zoom=18,512909,CWB379005499,35.0962,128.820032
용원초교,창원시진해구,웅동2동,1,"https://map.kakao.com/link/map/%EC%9A%A9%EC%9B%90%EC%B4%88%EA%B5%90,35.0977358,128.8185754",https://map.naver.com/p?lng=128.8185754&lat=35.0977358&zoom=18,513101,CWB379002665,35.097736,128.818575
용원초등학교,창원시진해구,웅동2동,2,"https://map.kakao.com/link/map/%EC%9A%A9%EC%9B%90%EC%B4%88%EB%93%B1%ED%95%99%EA%B5%90,35.0988376,128.818492",https://map.naver.com/p?lng=128.818492&lat=35.0988376&zoom=18,513007,CWB379002657,35.098838,128.818492
용원초등학교,창원시진해구,웅동2동,2,"https://map.kakao.com/link/map/%EC%9A%A9%EC%9B%90%EC%B4%88%EB%93%B1%ED%95%99%EA%B5%90,35.098691,128.8181886",https://map.naver.com/p?lng=128.8181886&lat=35.098691&zoom=18,513008,CWB379002658,35.098691,128.818189
용원하나로마트,창원시진해구,웅동2동,1,"https://map.kakao.com/link/map/%EC%9A%A9%EC%9B%90%ED%95%98%EB%82%98%EB%A1%9C%EB%A7%88%ED%8A%B8,35.101003,128.8094675",https://map.naver.com/p?lng=128.8094675&lat=35.101003&zoom=18,510403,CWB379002643,35.101003,128.809468
용재,창원시진해구,웅동2동,2,"https://map.kakao.com/link/map/%EC%9A%A9%EC%9E%AC,35.1022517,128.8246836",https://map.naver.com/p?lng=128.8246836&lat=35.1022517&zoom=18,518155,CWB379002703,35.102252,128.824684
용재,창원시진해구,웅동2동,2,"https://map.kakao.com/link/map/%EC%9A%A9%EC%9E%AC,35.1020079,128.8248328",https://map.naver.com/p?lng=128.8248328&lat=35.1020079&zoom=18,518161,CWB379005540,35.102008,128.824833
웅동2동행정복지센터,창원시진해구,웅동2동,2,"https://map.kakao.com/link/map/%EC%9B%85%EB%8F%992%EB%8F%99%ED%96%89%EC%A0%95%EB%B3%B5%EC%A7%80%EC%84%BC%ED%84%B0,35.0995284,128.8151162",https://map.naver.com/p?lng=128.8151162&lat=35.0995284&zoom=18,513005,CWB379002655,35.099528,128.815116
웅동2동행정복지센터,창원시진해구,웅동2동,2,"https://map.kakao.com/link/map/%EC%9B%85%EB%8F%992%EB%8F%99%ED%96%89%EC%A0%95%EB%B3%B5%EC%A7%80%EC%84%BC%ED%84%B0,35.0991944,128.8156102",https://map.naver.com/p?lng=128.8156102&lat=35.0991944&zoom=18,513006,CWB379002656,35.099194,128.81561
웅동농협하나로마트,창원시진해구,웅동2동,2,"https://map.kakao.com/link/map/%EC%9B%85%EB%8F%99%EB%86%8D%ED%98%91%ED%95%98%EB%82%98%EB%A1%9C%EB%A7%88%ED%8A%B8,35.1005445,128.8099436",https://map.naver.com/p?lng=128.8099436&lat=35.1005445&zoom=18,513001,CWB379002650,35.100544,128.809944
웅동농협하나로마트,창원시진해구,웅동2동,2,"https://map.kakao.com/link/map/%EC%9B%85%EB%8F%99%EB%86%8D%ED%98%91%ED%95%98%EB%82%98%EB%A1%9C%EB%A7%88%ED%8A%B8,35.1003401,128.8099264",https://map.naver.com/p?lng=128.8099264&lat=35.1003401&zoom=18,513002,CWB379002651,35.10034,128.809926
이지더원아파트/애플타운,창원시진해구,웅동2동,1,"https://map.kakao.com/link/map/%EC%9D%B4%EC%A7%80%EB%8D%94%EC%9B%90%EC%95%84%ED%8C%8C%ED%8A%B8%2F%EC%95%A0%ED%94%8C%ED%83%80%EC%9A%B4,35.0887384,128.8135104",https://map.naver.com/p?lng=128.8135104&lat=35.0887384&zoom=18,630345,CWB379003451,35.088738,128.81351
주포마을,창원시진해구,웅동2동,2,"https://map.kakao.com/link/map/%EC%A3%BC%ED%8F%AC%EB%A7%88%EC%9D%84,35.1166292,128.8357758",https://map.naver.com/p?lng=128.8357758&lat=35.1166292&zoom=18,518164,CWB379005543,35.116629,128.835776
주포마을,창원시진해구,웅동2동,2,"https://map.kakao.com/link/map/%EC%A3%BC%ED%8F%AC%EB%A7%88%EC%9D%84,35.1165898,128.835849",https://map.naver.com/p?lng=128.835849&lat=35.1165898&zoom=18,518165,CWB379005544,35.11659,128.835849
주포종점,창원시진해구,웅동2동,2,"https://map.kakao.com/link/map/%EC%A3%BC%ED%8F%AC%EC%A2%85%EC%A0%90,35.1202,128.835746",https://map.naver.com/p?lng=128.835746&lat=35.1202&zoom=18,630221,CWB379002715,35.1202,128.835746
주포종점,창원시진해구,웅동2동,2,"https://map.kakao.com/link/map/%EC%A3%BC%ED%8F%AC%EC%A2%85%EC%A0%90,35.1199668,128.8354202",https://map.naver.com/p?lng=128.8354202&lat=35.1199668&zoom=18,518168,CWB379005547,35.119967,128.83542
지앤지,창원시진해구,웅동2동,2,"https://map.kakao.com/link/map/%EC%A7%80%EC%95%A4%EC%A7%80,35.0855585,128.8070636",https://map.naver.com/p?lng=128.8070636&lat=35.0855585&zoom=18,630336,CWB379003404,35.085558,128.807064
지앤지,창원시진해구,웅동2동,2,"https://map.kakao.com/link/map/%EC%A7%80%EC%95%A4%EC%A7%80,35.0861917,128.8066282",https://map.naver.com/p?lng=128.8066282&lat=35.0861917&zoom=18,523325,CWB379005417,35.086192,128.806628
진원무역,창원시진해구,웅동2동,2,"https://map.kakao.com/link/map/%EC%A7%84%EC%9B%90%EB%AC%B4%EC%97%AD,35.0863555,128.7852448",https://map.naver.com/p?lng=128.7852448&lat=35.0863555&zoom=18,630350,CWB379003456,35.086356,128.785245
진원무역,창원시진해구,웅동2동,2,"https://map.kakao.com/link/map/%EC%A7%84%EC%9B%90%EB%AC%B4%EC%97%AD,35.0863636,128.7850084",https://map.naver.com/p?lng=128.7850084&lat=35.0863636&zoom=18,630351,CWB379003457,35.086364,128.785008
청천마을,창원시진해구,웅동2동,2,"https://map.kakao.com/link/map/%EC%B2%AD%EC%B2%9C%EB%A7%88%EC%9D%84,35.100012,128.8009804",https://map.naver.com/p?lng=128.8009804&lat=35.100012&zoom=18,519604,CWB379002790,35.100012,128.80098
청천마을,창원시진해구,웅동2동,2,"https://map.kakao.com/link/map/%EC%B2%AD%EC%B2%9C%EB%A7%88%EC%9D%84,35.1000156,128.8012008",https://map.naver.com/p?lng=128.8012008&lat=35.1000156&zoom=18,519603,CWB379002791,35.100016,128.801201
코아루아파트,창원시진해구,웅동2동,2,"https://map.kakao.com/link/map/%EC%BD%94%EC%95%84%EB%A3%A8%EC%95%84%ED%8C%8C%ED%8A%B8,35.1015776,128.8062652",https://map.naver.com/p?lng=128.8062652&lat=35.1015776&zoom=18,511003,CWB379002635,35.101578,128.806265
코아루아파트,창원시진해구,웅동2동,2,"https://map.kakao.com/link/map/%EC%BD%94%EC%95%84%EB%A3%A8%EC%95%84%ED%8C%8C%ED%8A%B8,35.1015132,128.8064851",https://map.naver.com/p?lng=128.8064851&lat=35.1015132&zoom=18,511004,CWB379002636,35.101513,128.806485
한마음상회,창원시진해구,웅동2동,1,"https://map.kakao.com/link/map/%ED%95%9C%EB%A7%88%EC%9D%8C%EC%83%81%ED%9A%8C,35.1152124,128.8354562",https://map.naver.com/p?lng=128.8354562&lat=35.1152124&zoom=18,518166,CWB379005545,35.115212,128.835456
한진해운,창원시진해구,웅동2동,2,"https://map.kakao.com/link/map/%ED%95%9C%EC%A7%84%ED%95%B4%EC%9A%B4,35.0829191,128.7854156",https://map.naver.com/p?lng=128.7854156&lat=35.0829191&zoom=18,523201,CWB379002857,35.082919,128.785416
한진해운,창원시진해구,웅동2동,2,"https://map.kakao.com/link/map/%ED%95%9C%EC%A7%84%ED%95%B4%EC%9A%B4,35.0827918,128.7836504",https://map.naver.com/p?lng=128.7836504&lat=35.0827918&zoom=18,630349,CWB379003455,35.082792,128.78365
해인로즈빌아파트,창원시진해구,웅동2동,2,"https://map.kakao.com/link/map/%ED%95%B4%EC%9D%B8%EB%A1%9C%EC%A6%88%EB%B9%8C%EC%95%84%ED%8C%8C%ED%8A%B8,35.1072868,128.8050101",https://map.naver.com/p?lng=128.8050101&lat=35.1072868&zoom=18,630212,CWB379002627,35.107287,128.80501
해인로즈빌아파트,창원시진해구,웅동2동,2,"https://map.kakao.com/link/map/%ED%95%B4%EC%9D%B8%EB%A1%9C%EC%A6%88%EB%B9%8C%EC%95%84%ED%8C%8C%ED%8A%B8,35.1070386,128.8049955",https://map.naver.com/p?lng=128.8049955&lat=35.1070386&zoom=18,630213,CWB379002628,35.107039,128.804995
ENK/한진중공업,창원시진해구,웅천동,1,"https://map.kakao.com/link/map/ENK%2F%ED%95%9C%EC%A7%84%EC%A4%91%EA%B3%B5%EC%97%85,35.0857879,128.769914",https://map.naver.com/p?lng=128.769914&lat=35.0857879&zoom=18,630354,CWB379003460,35.085788,128.769914
㈜HND로지스틱스,창원시진해구,웅천동,1,"https://map.kakao.com/link/map/%E3%88%9CHND%EB%A1%9C%EC%A7%80%EC%8A%A4%ED%8B%B1%EC%8A%A4,35.094001,128.7690853",https://map.naver.com/p?lng=128.7690853&lat=35.094001&zoom=18,630357,CWB379003463,35.094001,128.769085
경일글로벌로지스틱스,창원시진해구,웅천동,1,"https://map.kakao.com/link/map/%EA%B2%BD%EC%9D%BC%EA%B8%80%EB%A1%9C%EB%B2%8C%EB%A1%9C%EC%A7%80%EC%8A%A4%ED%8B%B1%EC%8A%A4,35.0869904,128.7678458",https://map.naver.com/p?lng=128.7678458&lat=35.0869904&zoom=18,630355,CWB379003461,35.08699,128.767846
괴정.제덕,창원시진해구,웅천동,2,"https://map.kakao.com/link/map/%EA%B4%B4%EC%A0%95.%EC%A0%9C%EB%8D%95,35.1003747,128.742951",https://map.naver.com/p?lng=128.742951&lat=35.1003747&zoom=18,505604,CWB379002511,35.100375,128.742951
괴정.제덕,창원시진해구,웅천동,2,"https://map.kakao.com/link/map/%EA%B4%B4%EC%A0%95.%EC%A0%9C%EB%8D%95,35.100225,128.7429096",https://map.naver.com/p?lng=128.7429096&lat=35.100225&zoom=18,505603,CWB379002512,35.100225,128.74291
괴정마을,창원시진해구,웅천동,2,"https://map.kakao.com/link/map/%EA%B4%B4%EC%A0%95%EB%A7%88%EC%9D%84,35.1012575,128.7454653",https://map.naver.com/p?lng=128.7454653&lat=35.1012575&zoom=18,516203,CWB379002750,35.101258,128.745465
괴정마을,창원시진해구,웅천동,2,"https://map.kakao.com/link/map/%EA%B4%B4%EC%A0%95%EB%A7%88%EC%9D%84,35.1011195,128.7457616",https://map.naver.com/p?lng=128.7457616&lat=35.1011195&zoom=18,516202,CWB379002751,35.10112,128.745762
국제물류,창원시진해구,웅천동,1,"https://map.kakao.com/link/map/%EA%B5%AD%EC%A0%9C%EB%AC%BC%EB%A5%98,35.0908315,128.7652884",https://map.naver.com/p?lng=128.7652884&lat=35.0908315&zoom=18,630356,CWB379003462,35.090832,128.765288
남문동,창원시진해구,웅천동,2,"https://map.kakao.com/link/map/%EB%82%A8%EB%AC%B8%EB%8F%99,35.1073293,128.7507717",https://map.naver.com/p?lng=128.7507717&lat=35.1073293&zoom=18,513902,CWB379002518,35.107329,128.750772
남문동,창원시진해구,웅천동,2,"https://map.kakao.com/link/map/%EB%82%A8%EB%AC%B8%EB%8F%99,35.1087097,128.7496186",https://map.naver.com/p?lng=128.7496186&lat=35.1087097&zoom=18,513906,CWB379003431,35.10871,128.749619
농업기술센터,창원시진해구,웅천동,2,"https://map.kakao.com/link/map/%EB%86%8D%EC%97%85%EA%B8%B0%EC%88%A0%EC%84%BC%ED%84%B0,35.1148629,128.7546561",https://map.naver.com/p?lng=128.7546561&lat=35.1148629&zoom=18,514009,CWB379002590,35.114863,128.754656
농업기술센터,창원시진해구,웅천동,2,"https://map.kakao.com/link/map/%EB%86%8D%EC%97%85%EA%B8%B0%EC%88%A0%EC%84%BC%ED%84%B0,35.1147915,128.7548252",https://map.naver.com/p?lng=128.7548252&lat=35.1147915&zoom=18,514008,CWB379002591,35.114792,128.754825
동영로지스틱스(주),창원시진해구,웅천동,1,"https://map.kakao.com/link/map/%EB%8F%99%EC%98%81%EB%A1%9C%EC%A7%80%EC%8A%A4%ED%8B%B1%EC%8A%A4%28%EC%A3%BC%29,35.0883237,128.7742296",https://map.naver.com/p?lng=128.7742296&lat=35.0883237&zoom=18,630360,CWB379003466,35.088324,128.77423
만남의광장,창원시진해구,웅천동,1,"https://map.kakao.com/link/map/%EB%A7%8C%EB%82%A8%EC%9D%98%EA%B4%91%EC%9E%A5,35.1201619,128.7168005",https://map.naver.com/p?lng=128.7168005&lat=35.1201619&zoom=18,518147,CWB379002540,35.120162,128.7168
명동,창원시진해구,웅천동,2,"https://map.kakao.com/link/map/%EB%AA%85%EB%8F%99,35.0975356,128.7194013",https://map.naver.com/p?lng=128.7194013&lat=35.0975356&zoom=18,505510,CWB379002502,35.097536,128.719401
명동,창원시진해구,웅천동,2,"https://map.kakao.com/link/map/%EB%AA%85%EB%8F%99,35.0976476,128.7194123",https://map.naver.com/p?lng=128.7194123&lat=35.0976476&zoom=18,505509,CWB379002503,35.097648,128.719412
명동입구,창원시진해구,웅천동,2,"https://map.kakao.com/link/map/%EB%AA%85%EB%8F%99%EC%9E%85%EA%B5%AC,35.0983447,128.717598",https://map.naver.com/p?lng=128.717598&lat=35.0983447&zoom=18,505508,CWB379002500,35.098345,128.717598
명동입구,창원시진해구,웅천동,2,"https://map.kakao.com/link/map/%EB%AA%85%EB%8F%99%EC%9E%85%EA%B5%AC,35.0981634,128.7179628",https://map.naver.com/p?lng=128.7179628&lat=35.0981634&zoom=18,505507,CWB379002501,35.098163,128.717963
사도마을,창원시진해구,웅천동,2,"https://map.kakao.com/link/map/%EC%82%AC%EB%8F%84%EB%A7%88%EC%9D%84,35.105774,128.7590704",https://map.naver.com/p?lng=128.7590704&lat=35.105774&zoom=18,502902,CWB379002758,35.105774,128.75907
사도마을,창원시진해구,웅천동,2,"https://map.kakao.com/link/map/%EC%82%AC%EB%8F%84%EB%A7%88%EC%9D%84,35.1058546,128.759105",https://map.naver.com/p?lng=128.759105&lat=35.1058546&zoom=18,502901,CWB379002794,35.105855,128.759105
삼포,창원시진해구,웅천동,1,"https://map.kakao.com/link/map/%EC%82%BC%ED%8F%AC,35.0953524,128.7279176",https://map.naver.com/p?lng=128.7279176&lat=35.0953524&zoom=18,505513,CWB379002507,35.095352,128.727918
삼포노래비,창원시진해구,웅천동,2,"https://map.kakao.com/link/map/%EC%82%BC%ED%8F%AC%EB%85%B8%EB%9E%98%EB%B9%84,35.0967855,128.7311388",https://map.naver.com/p?lng=128.7311388&lat=35.0967855&zoom=18,505516,CWB379002508,35.096786,128.731139
삼포노래비,창원시진해구,웅천동,2,"https://map.kakao.com/link/map/%EC%82%BC%ED%8F%AC%EB%85%B8%EB%9E%98%EB%B9%84,35.0969591,128.7314105",https://map.naver.com/p?lng=128.7314105&lat=35.0969591&zoom=18,505515,CWB379002509,35.096959,128.731411
삼포마을,창원시진해구,웅천동,1,"https://map.kakao.com/link/map/%EC%82%BC%ED%8F%AC%EB%A7%88%EC%9D%84,35.0944976,128.7304145",https://map.naver.com/p?lng=128.7304145&lat=35.0944976&zoom=18,505519,CWB379006233,35.094498,128.730414
삼포입구,창원시진해구,웅천동,1,"https://map.kakao.com/link/map/%EC%82%BC%ED%8F%AC%EC%9E%85%EA%B5%AC,35.0954117,128.7281015",https://map.naver.com/p?lng=128.7281015&lat=35.0954117&zoom=18,505514,CWB379002506,35.095412,128.728102
서중소류지,창원시진해구,웅천동,2,"https://map.kakao.com/link/map/%EC%84%9C%EC%A4%91%EC%86%8C%EB%A5%98%EC%A7%80,35.11313,128.7411081",https://map.naver.com/p?lng=128.7411081&lat=35.11313&zoom=18,514003,CWB379002530,35.11313,128.741108
서중소류지,창원시진해구,웅천동,2,"https://map.kakao.com/link/map/%EC%84%9C%EC%A4%91%EC%86%8C%EB%A5%98%EC%A7%80,35.1129894,128.7406822",https://map.naver.com/p?lng=128.7406822&lat=35.1129894&zoom=18,514004,CWB379002531,35.112989,128.740682
세스페데스공원,창원시진해구,웅천동,2,"https://map.kakao.com/link/map/%EC%84%B8%EC%8A%A4%ED%8E%98%EB%8D%B0%EC%8A%A4%EA%B3%B5%EC%9B%90,35.1058131,128.751548",https://map.naver.com/p?lng=128.751548&lat=35.1058131&zoom=18,502907,CWB379003434,35.105813,128.751548
세스페데스공원,창원시진해구,웅천동,2,"https://map.kakao.com/link/map/%EC%84%B8%EC%8A%A4%ED%8E%98%EB%8D%B0%EC%8A%A4%EA%B3%B5%EC%9B%90,35.1059353,128.7515123",https://map.naver.com/p?lng=128.7515123&lat=35.1059353&zoom=18,502908,CWB379003435,35.105935,128.751512
수도마을,창원시진해구,웅천동,2,"https://map.kakao.com/link/map/%EC%88%98%EB%8F%84%EB%A7%88%EC%9D%84,35.085571,128.7462772",https://map.naver.com/p?lng=128.7462772&lat=35.085571&zoom=18,516201,CWB379002753,35.085571,128.746277
수도마을,창원시진해구,웅천동,2,"https://map.kakao.com/link/map/%EC%88%98%EB%8F%84%EB%A7%88%EC%9D%84,35.0854589,128.7462365",https://map.naver.com/p?lng=128.7462365&lat=35.0854589&zoom=18,516208,CWB379005503,35.085459,128.746237
시티프라디움1차.리젠시빌란트,창원시진해구,웅천동,2,"https://map.kakao.com/link/map/%EC%8B%9C%ED%8B%B0%ED%94%84%EB%9D%BC%EB%94%94%EC%9B%801%EC%B0%A8.%EB%A6%AC%EC%A0%A0%EC%8B%9C%EB%B9%8C%EB%9E%80%ED%8A%B8,35.1073891,128.755606",https://map.naver.com/p?lng=128.755606&lat=35.1073891&zoom=18,502903,CWB379003420,35.107389,128.755606
시티프라디움1차.리젠시빌란트,창원시진해구,웅천동,2,"https://map.kakao.com/link/map/%EC%8B%9C%ED%8B%B0%ED%94%84%EB%9D%BC%EB%94%94%EC%9B%801%EC%B0%A8.%EB%A6%AC%EC%A0%A0%EC%8B%9C%EB%B9%8C%EB%9E%80%ED%8A%B8,35.107525,128.7555783",https://map.naver.com/p?lng=128.7555783&lat=35.107525&zoom=18,502909,CWB379003436,35.107525,128.755578
어은동,창원시진해구,웅천동,2,"https://map.kakao.com/link/map/%EC%96%B4%EC%9D%80%EB%8F%99,35.1146967,128.7288154",https://map.naver.com/p?lng=128.7288154&lat=35.1146967&zoom=18,630224,CWB379002766,35.114697,128.728815
어은동,창원시진해구,웅천동,2,"https://map.kakao.com/link/map/%EC%96%B4%EC%9D%80%EB%8F%99,35.1145008,128.728962",https://map.naver.com/p?lng=128.728962&lat=35.1145008&zoom=18,630252,CWB379003019,35.114501,128.728962
어은입구,창원시진해구,웅천동,1,"https://map.kakao.com/link/map/%EC%96%B4%EC%9D%80%EC%9E%85%EA%B5%AC,35.1134588,128.726505",https://map.naver.com/p?lng=128.726505&lat=35.1134588&zoom=18,630372,CWB379005338,35.113459,128.726505
연도마을단지,창원시진해구,웅천동,2,"https://map.kakao.com/link/map/%EC%97%B0%EB%8F%84%EB%A7%88%EC%9D%84%EB%8B%A8%EC%A7%80,35.0975329,128.7344838",https://map.naver.com/p?lng=128.7344838&lat=35.0975329&zoom=18,505517,CWB379005577,35.097533,128.734484
연도마을단지,창원시진해구,웅천동,2,"https://map.kakao.com/link/map/%EC%97%B0%EB%8F%84%EB%A7%88%EC%9D%84%EB%8B%A8%EC%A7%80,35.0974216,128.7345473",https://map.naver.com/p?lng=128.7345473&lat=35.0974216&zoom=18,505518,CWB379005578,35.097422,128.734547
오리엔탈정공,창원시진해구,웅천동,2,"https://map.kakao.com/link/map/%EC%98%A4%EB%A6%AC%EC%97%94%ED%83%88%EC%A0%95%EA%B3%B5,35.1010673,128.717686",https://map.naver.com/p?lng=128.717686&lat=35.1010673&zoom=18,505505,CWB379002498,35.101067,128.717686
오리엔탈정공,창원시진해구,웅천동,2,"https://map.kakao.com/link/map/%EC%98%A4%EB%A6%AC%EC%97%94%ED%83%88%EC%A0%95%EA%B3%B5,35.10101,128.7174835",https://map.naver.com/p?lng=128.7174835&lat=35.10101&zoom=18,505506,CWB379002499,35.10101,128.717483
와성마을,창원시진해구,웅천동,1,"https://map.kakao.com/link/map/%EC%99%80%EC%84%B1%EB%A7%88%EC%9D%84,35.1014561,128.7633284",https://map.naver.com/p?lng=128.7633284&lat=35.1014561&zoom=18,630223,CWB379002760,35.101456,128.763328
웅천고등학교,창원시진해구,웅천동,1,"https://map.kakao.com/link/map/%EC%9B%85%EC%B2%9C%EA%B3%A0%EB%93%B1%ED%95%99%EA%B5%90,35.112237,128.7497744",https://map.naver.com/p?lng=128.7497744&lat=35.112237&zoom=18,514014,CWB379003192,35.112237,128.749774
웅천동행정복지센터,창원시진해구,웅천동,2,"https://map.kakao.com/link/map/%EC%9B%85%EC%B2%9C%EB%8F%99%ED%96%89%EC%A0%95%EB%B3%B5%EC%A7%80%EC%84%BC%ED%84%B0,35.1110211,128.7498716",https://map.naver.com/p?lng=128.7498716&lat=35.1110211&zoom=18,514102,CWB379002743,35.111021,128.749872
웅천동행정복지센터,창원시진해구,웅천동,2,"https://map.kakao.com/link/map/%EC%9B%85%EC%B2%9C%EB%8F%99%ED%96%89%EC%A0%95%EB%B3%B5%EC%A7%80%EC%84%BC%ED%84%B0,35.110972,128.7500298",https://map.naver.com/p?lng=128.7500298&lat=35.110972&zoom=18,513907,CWB379005322,35.110972,128.75003
웅천성내,창원시진해구,웅천동,2,"https://map.kakao.com/link/map/%EC%9B%85%EC%B2%9C%EC%84%B1%EB%82%B4,35.1136741,128.7502066",https://map.naver.com/p?lng=128.7502066&lat=35.1136741&zoom=18,514006,CWB379002525,35.113674,128.750207
웅천성내,창원시진해구,웅천동,2,"https://map.kakao.com/link/map/%EC%9B%85%EC%B2%9C%EC%84%B1%EB%82%B4,35.1136765,128.7490438",https://map.naver.com/p?lng=128.7490438&lat=35.1136765&zoom=18,514007,CWB379002527,35.113676,128.749044
웅천시장입구,창원시진해구,웅천동,2,"https://map.kakao.com/link/map/%EC%9B%85%EC%B2%9C%EC%8B%9C%EC%9E%A5%EC%9E%85%EA%B5%AC,35.1101928,128.751843",https://map.naver.com/p?lng=128.751843&lat=35.1101928&zoom=18,513904,CWB379002520,35.110193,128.751843
웅천시장입구,창원시진해구,웅천동,2,"https://map.kakao.com/link/map/%EC%9B%85%EC%B2%9C%EC%8B%9C%EC%9E%A5%EC%9E%85%EA%B5%AC,35.1101775,128.7516853",https://map.naver.com/p?lng=128.7516853&lat=35.1101775&zoom=18,513903,CWB379002522,35.110178,128.751685
웅천우체국,창원시진해구,웅천동,2,"https://map.kakao.com/link/map/%EC%9B%85%EC%B2%9C%EC%9A%B0%EC%B2%B4%EA%B5%AD,35.1121438,128.7516502",https://map.naver.com/p?lng=128.7516502&lat=35.1121438&zoom=18,513905,CWB379002523,35.112144,128.75165
웅천우체국,창원시진해구,웅천동,2,"https://map.kakao.com/link/map/%EC%9B%85%EC%B2%9C%EC%9A%B0%EC%B2%B4%EA%B5%AD,35.1120997,128.7515071",https://map.naver.com/p?lng=128.7515071&lat=35.1120997&zoom=18,513908,CWB379005938,35.1121,128.751507
웅천치안센터,창원시진해구,웅천동,1,"https://map.kakao.com/link/map/%EC%9B%85%EC%B2%9C%EC%B9%98%EC%95%88%EC%84%BC%ED%84%B0,35.1133895,128.7479654",https://map.naver.com/p?lng=128.7479654&lat=35.1133895&zoom=18,514005,CWB379002528,35.11339,128.747965
원포동,창원시진해구,웅천동,2,"https://map.kakao.com/link/map/%EC%9B%90%ED%8F%AC%EB%8F%99,35.1095226,128.7101466",https://map.naver.com/p?lng=128.7101466&lat=35.1095226&zoom=18,522321,CWB379005515,35.109523,128.710147
원포동,창원시진해구,웅천동,2,"https://map.kakao.com/link/map/%EC%9B%90%ED%8F%AC%EB%8F%99,35.1097022,128.7101914",https://map.naver.com/p?lng=128.7101914&lat=35.1097022&zoom=18,522322,CWB379005516,35.109702,128.710191
제덕노인회관,창원시진해구,웅천동,2,"https://map.kakao.com/link/map/%EC%A0%9C%EB%8D%95%EB%85%B8%EC%9D%B8%ED%9A%8C%EA%B4%80,35.1048322,128.7425399",https://map.naver.com/p?lng=128.7425399&lat=35.1048322&zoom=18,516204,CWB379002747,35.104832,128.74254
제덕노인회관,창원시진해구,웅천동,2,"https://map.kakao.com/link/map/%EC%A0%9C%EB%8D%95%EB%85%B8%EC%9D%B8%ED%9A%8C%EA%B4%80,35.1049274,128.7424701",https://map.naver.com/p?lng=128.7424701&lat=35.1049274&zoom=18,516205,CWB379002793,35.104927,128.74247
제덕마을,창원시진해구,웅천동,2,"https://map.kakao.com/link/map/%EC%A0%9C%EB%8D%95%EB%A7%88%EC%9D%84,35.1045719,128.7463669",https://map.naver.com/p?lng=128.7463669&lat=35.1045719&zoom=18,516206,CWB379003382,35.104572,128.746367
제덕마을,창원시진해구,웅천동,2,"https://map.kakao.com/link/map/%EC%A0%9C%EB%8D%95%EB%A7%88%EC%9D%84,35.1045593,128.7461565",https://map.naver.com/p?lng=128.7461565&lat=35.1045593&zoom=18,516207,CWB379003504,35.104559,128.746157
제덕만택지,창원시진해구,웅천동,2,"https://map.kakao.com/link/map/%EC%A0%9C%EB%8D%95%EB%A7%8C%ED%83%9D%EC%A7%80,35.1018777,128.7443564",https://map.naver.com/p?lng=128.7443564&lat=35.1018777&zoom=18,505602,CWB379002514,35.101878,128.744356
제덕만택지,창원시진해구,웅천동,2,"https://map.kakao.com/link/map/%EC%A0%9C%EB%8D%95%EB%A7%8C%ED%83%9D%EC%A7%80,35.1020663,128.7442879",https://map.naver.com/p?lng=128.7442879&lat=35.1020663&zoom=18,505601,CWB379002515,35.102066,128.744288
제이원빌딩,창원시진해구,웅천동,1,"https://map.kakao.com/link/map/%EC%A0%9C%EC%9D%B4%EC%9B%90%EB%B9%8C%EB%94%A9,35.106342,128.7508118",https://map.naver.com/p?lng=128.7508118&lat=35.106342&zoom=18,502911,CWB379003438,35.106342,128.750812
죽곡마을,창원시진해구,웅천동,2,"https://map.kakao.com/link/map/%EC%A3%BD%EA%B3%A1%EB%A7%88%EC%9D%84,35.1047582,128.7165057",https://map.naver.com/p?lng=128.7165057&lat=35.1047582&zoom=18,505503,CWB379002496,35.104758,128.716506
죽곡마을,창원시진해구,웅천동,2,"https://map.kakao.com/link/map/%EC%A3%BD%EA%B3%A1%EB%A7%88%EC%9D%84,35.1047638,128.7163406",https://map.naver.com/p?lng=128.7163406&lat=35.1047638&zoom=18,505504,CWB379002497,35.104764,128.716341
죽곡입구,창원시진해구,웅천동,1,"https://map.kakao.com/link/map/%EC%A3%BD%EA%B3%A1%EC%9E%85%EA%B5%AC,35.1120345,128.7252453",https://map.naver.com/p?lng=128.7252453&lat=35.1120345&zoom=18,518152,CWB379002535,35.112034,128.725245
천자봉공원묘원,창원시진해구,웅천동,2,"https://map.kakao.com/link/map/%EC%B2%9C%EC%9E%90%EB%B4%89%EA%B3%B5%EC%9B%90%EB%AC%98%EC%9B%90,35.1111837,128.7319895",https://map.naver.com/p?lng=128.7319895&lat=35.1111837&zoom=18,514002,CWB379002532,35.111184,128.73199
천자봉공원묘원,창원시진해구,웅천동,2,"https://map.kakao.com/link/map/%EC%B2%9C%EC%9E%90%EB%B4%89%EA%B3%B5%EC%9B%90%EB%AC%98%EC%9B%90,35.1112714,128.7316112",https://map.naver.com/p?lng=128.7316112&lat=35.1112714&zoom=18,514001,CWB379002533,35.111271,128.731611
칼트로지스/SKU,창원시진해구,웅천동,1,"https://map.kakao.com/link/map/%EC%B9%BC%ED%8A%B8%EB%A1%9C%EC%A7%80%EC%8A%A4%2FSKU,35.0934918,128.7786631",https://map.naver.com/p?lng=128.7786631&lat=35.0934918&zoom=18,630359,CWB379003465,35.093492,128.778663
케이조선북문,창원시진해구,웅천동,2,"https://map.kakao.com/link/map/%EC%BC%80%EC%9D%B4%EC%A1%B0%EC%84%A0%EB%B6%81%EB%AC%B8,35.1119314,128.7161012",https://map.naver.com/p?lng=128.7161012&lat=35.1119314&zoom=18,522301,CWB379002491,35.111931,128.716101
케이조선북문,창원시진해구,웅천동,2,"https://map.kakao.com/link/map/%EC%BC%80%EC%9D%B4%EC%A1%B0%EC%84%A0%EB%B6%81%EB%AC%B8,35.1117843,128.7159107",https://map.naver.com/p?lng=128.7159107&lat=35.1117843&zoom=18,522302,CWB379002492,35.111784,128.715911
케이조선서문,창원시진해구,웅천동,2,"https://map.kakao.com/link/map/%EC%BC%80%EC%9D%B4%EC%A1%B0%EC%84%A0%EC%84%9C%EB%AC%B8,35.1079072,128.7083095",https://map.naver.com/p?lng=128.7083095&lat=35.1079072&zoom=18,522303,CWB379002489,35.107907,128.70831
케이조선서문,창원시진해구,웅천동,2,"https://map.kakao.com/link/map/%EC%BC%80%EC%9D%B4%EC%A1%B0%EC%84%A0%EC%84%9C%EB%AC%B8,35.1079448,128.7080033",https://map.naver.com/p?lng=128.7080033&lat=35.1079448&zoom=18,522304,CWB379002490,35.107945,128.708003
케이조선입구,창원시진해구,웅천동,2,"https://map.kakao.com/link/map/%EC%BC%80%EC%9D%B4%EC%A1%B0%EC%84%A0%EC%9E%85%EA%B5%AC,35.1134439,128.7235705",https://map.naver.com/p?lng=128.7235705&lat=35.1134439&zoom=18,518149,CWB379002537,35.113444,128.72357
케이조선입구,창원시진해구,웅천동,2,"https://map.kakao.com/link/map/%EC%BC%80%EC%9D%B4%EC%A1%B0%EC%84%A0%EC%9E%85%EA%B5%AC,35.1127763,128.7247747",https://map.naver.com/p?lng=128.7247747&lat=35.1127763&zoom=18,518150,CWB379002538,35.112776,128.724775
케이조선정문,창원시진해구,웅천동,2,"https://map.kakao.com/link/map/%EC%BC%80%EC%9D%B4%EC%A1%B0%EC%84%A0%EC%A0%95%EB%AC%B8,35.1104905,128.7194519",https://map.naver.com/p?lng=128.7194519&lat=35.1104905&zoom=18,505501,CWB379002494,35.11049,128.719452
케이조선정문,창원시진해구,웅천동,2,"https://map.kakao.com/link/map/%EC%BC%80%EC%9D%B4%EC%A1%B0%EC%84%A0%EC%A0%95%EB%AC%B8,35.1106141,128.7193497",https://map.naver.com/p?lng=128.7193497&lat=35.1106141&zoom=18,505502,CWB379002495,35.110614,128.71935
페어허브물류,창원시진해구,웅천동,1,"https://map.kakao.com/link/map/%ED%8E%98%EC%96%B4%ED%97%88%EB%B8%8C%EB%AC%BC%EB%A5%98,35.0939986,128.7749673",https://map.naver.com/p?lng=128.7749673&lat=35.0939986&zoom=18,630358,CWB379003464,35.093999,128.774967
포스텍지엘씨,창원시진해구,웅천동,1,"https://map.kakao.com/link/map/%ED%8F%AC%EC%8A%A4%ED%85%8D%EC%A7%80%EC%97%98%EC%94%A8,35.0849727,128.7743298",https://map.naver.com/p?lng=128.7743298&lat=35.0849727&zoom=18,630335,CWB379003395,35.084973,128.77433
해양공원입구,창원시진해구,웅천동,2,"https://map.kakao.com/link/map/%ED%95%B4%EC%96%91%EA%B3%B5%EC%9B%90%EC%9E%85%EA%B5%AC,35.0977344,128.722281",https://map.naver.com/p?lng=128.722281&lat=35.0977344&zoom=18,505511,CWB379002504,35.097734,128.722281
해양공원입구,창원시진해구,웅천동,2,"https://map.kakao.com/link/map/%ED%95%B4%EC%96%91%EA%B3%B5%EC%9B%90%EC%9E%85%EA%B5%AC,35.097544,128.7226379",https://map.naver.com/p?lng=128.7226379&lat=35.097544&zoom=18,505512,CWB379002505,35.097544,128.722638
호반베르디움.리젠시빌란트,창원시진해구,웅천동,2,"https://map.kakao.com/link/map/%ED%98%B8%EB%B0%98%EB%B2%A0%EB%A5%B4%EB%94%94%EC%9B%80.%EB%A6%AC%EC%A0%A0%EC%8B%9C%EB%B9%8C%EB%9E%80%ED%8A%B8,35.1050384,128.7561923",https://map.naver.com/p?lng=128.7561923&lat=35.1050384&zoom=18,502916,CWB379003524,35.105038,128.756192
호반베르디움.리젠시빌란트,창원시진해구,웅천동,2,"https://map.kakao.com/link/map/%ED%98%B8%EB%B0%98%EB%B2%A0%EB%A5%B4%EB%94%94%EC%9B%80.%EB%A6%AC%EC%A0%A0%EC%8B%9C%EB%B9%8C%EB%9E%80%ED%8A%B8,35.1049475,128.7560944",https://map.naver.com/p?lng=128.7560944&lat=35.1049475&zoom=18,502917,CWB379003525,35.104948,128.756094
호산나노인복지센터,창원시진해구,웅천동,2,"https://map.kakao.com/link/map/%ED%98%B8%EC%82%B0%EB%82%98%EB%85%B8%EC%9D%B8%EB%B3%B5%EC%A7%80%EC%84%BC%ED%84%B0,35.1152053,128.7604443",https://map.naver.com/p?lng=128.7604443&lat=35.1152053&zoom=18,514010,CWB379002592,35.115205,128.760444
호산나노인복지센터,창원시진해구,웅천동,2,"https://map.kakao.com/link/map/%ED%98%B8%EC%82%B0%EB%82%98%EB%85%B8%EC%9D%B8%EB%B3%B5%EC%A7%80%EC%84%BC%ED%84%B0,35.1153251,128.7603947",https://map.naver.com/p?lng=128.7603947&lat=35.1153251&zoom=18,514011,CWB379002593,35.115325,128.760395
남흥아파트,창원시진해구,이동,2,"https://map.kakao.com/link/map/%EB%82%A8%ED%9D%A5%EC%95%84%ED%8C%8C%ED%8A%B8,35.1535165,128.6955297",https://map.naver.com/p?lng=128.6955297&lat=35.1535165&zoom=18,522202,CWB379002571,35.153516,128.69553
남흥아파트,창원시진해구,이동,2,"https://map.kakao.com/link/map/%EB%82%A8%ED%9D%A5%EC%95%84%ED%8C%8C%ED%8A%B8,35.1535507,128.6951363",https://map.naver.com/p?lng=128.6951363&lat=35.1535507&zoom=18,522201,CWB379002572,35.153551,128.695136
대동아파트앞,창원시진해구,이동,1,"https://map.kakao.com/link/map/%EB%8C%80%EB%8F%99%EC%95%84%ED%8C%8C%ED%8A%B8%EC%95%9E,35.1517244,128.7060667",https://map.naver.com/p?lng=128.7060667&lat=35.1517244&zoom=18,518128,CWB379001551,35.151724,128.706067
에너지환경과학공원입구,창원시진해구,이동,2,"https://map.kakao.com/link/map/%EC%97%90%EB%84%88%EC%A7%80%ED%99%98%EA%B2%BD%EA%B3%BC%ED%95%99%EA%B3%B5%EC%9B%90%EC%9E%85%EA%B5%AC,35.1481221,128.6903474",https://map.naver.com/p?lng=128.6903474&lat=35.1481221&zoom=18,518303,CWB379002577,35.148122,128.690347
에너지환경과학공원입구,창원시진해구,이동,2,"https://map.kakao.com/link/map/%EC%97%90%EB%84%88%EC%A7%80%ED%99%98%EA%B2%BD%EA%B3%BC%ED%95%99%EA%B3%B5%EC%9B%90%EC%9E%85%EA%B5%AC,35.1479681,128.6902929",https://map.naver.com/p?lng=128.6902929&lat=35.1479681&zoom=18,518304,CWB379002578,35.147968,128.690293
염전사거리,창원시진해구,이동,2,"https://map.kakao.com/link/map/%EC%97%BC%EC%A0%84%EC%82%AC%EA%B1%B0%EB%A6%AC,35.1526014,128.6952412",https://map.naver.com/p?lng=128.6952412&lat=35.1526014&zoom=18,519825,CWB379001534,35.152601,128.695241
염전사거리,창원시진해구,이동,2,"https://map.kakao.com/link/map/%EC%97%BC%EC%A0%84%EC%82%AC%EA%B1%B0%EB%A6%AC,35.1520869,128.6954568",https://map.naver.com/p?lng=128.6954568&lat=35.1520869&zoom=18,519824,CWB379001542,35.152087,128.695457
이동119안전센터,창원시진해구,이동,2,"https://map.kakao.com/link/map/%EC%9D%B4%EB%8F%99119%EC%95%88%EC%A0%84%EC%84%BC%ED%84%B0,35.1499084,128.6978717",https://map.naver.com/p?lng=128.6978717&lat=35.1499084&zoom=18,519827,CWB379001565,35.149908,128.697872
이동119안전센터,창원시진해구,이동,2,"https://map.kakao.com/link/map/%EC%9D%B4%EB%8F%99119%EC%95%88%EC%A0%84%EC%84%BC%ED%84%B0,35.1492328,128.6981797",https://map.naver.com/p?lng=128.6981797&lat=35.1492328&zoom=18,519826,CWB379001568,35.149233,128.69818
이동교,창원시진해구,이동,1,"https://map.kakao.com/link/map/%EC%9D%B4%EB%8F%99%EA%B5%90,35.1480904,128.6993762",https://map.naver.com/p?lng=128.6993762&lat=35.1480904&zoom=18,519831,CWB379001572,35.14809,128.699376
이동택지사거리,창원시진해구,이동,2,"https://map.kakao.com/link/map/%EC%9D%B4%EB%8F%99%ED%83%9D%EC%A7%80%EC%82%AC%EA%B1%B0%EB%A6%AC,35.1513472,128.6916154",https://map.naver.com/p?lng=128.6916154&lat=35.1513472&zoom=18,519201,CWB379002574,35.151347,128.691615
이동택지사거리,창원시진해구,이동,2,"https://map.kakao.com/link/map/%EC%9D%B4%EB%8F%99%ED%83%9D%EC%A7%80%EC%82%AC%EA%B1%B0%EB%A6%AC,35.1515284,128.6913092",https://map.naver.com/p?lng=128.6913092&lat=35.1515284&zoom=18,519202,CWB379002575,35.151528,128.691309
진해골프장입구,창원시진해구,이동,1,"https://map.kakao.com/link/map/%EC%A7%84%ED%95%B4%EA%B3%A8%ED%94%84%EC%9E%A5%EC%9E%85%EA%B5%AC,35.147751,128.6993342",https://map.naver.com/p?lng=128.6993342&lat=35.147751&zoom=18,519830,CWB379001574,35.147751,128.699334
냉천중,창원시진해구,자은동,1,"https://map.kakao.com/link/map/%EB%83%89%EC%B2%9C%EC%A4%91,35.1556324,128.7194881",https://map.naver.com/p?lng=128.7194881&lat=35.1556324&zoom=18,503208,CWB379003411,35.155632,128.719488
냉천중.에일린의뜰APT,창원시진해구,자은동,1,"https://map.kakao.com/link/map/%EB%83%89%EC%B2%9C%EC%A4%91.%EC%97%90%EC%9D%BC%EB%A6%B0%EC%9D%98%EB%9C%B0APT,35.1553879,128.7197869",https://map.naver.com/p?lng=128.7197869&lat=35.1553879&zoom=18,503206,CWB379003390,35.155388,128.719787
대동빌라트2차,창원시진해구,자은동,2,"https://map.kakao.com/link/map/%EB%8C%80%EB%8F%99%EB%B9%8C%EB%9D%BC%ED%8A%B82%EC%B0%A8,35.1526014,128.7102512",https://map.naver.com/p?lng=128.7102512&lat=35.1526014&zoom=18,515904,CWB379002682,35.152601,128.710251
대동빌라트2차,창원시진해구,자은동,2,"https://map.kakao.com/link/map/%EB%8C%80%EB%8F%99%EB%B9%8C%EB%9D%BC%ED%8A%B82%EC%B0%A8,35.1526893,128.7101864",https://map.naver.com/p?lng=128.7101864&lat=35.1526893&zoom=18,515903,CWB379002683,35.152689,128.710186
덕산해군아파트,창원시진해구,자은동,1,"https://map.kakao.com/link/map/%EB%8D%95%EC%82%B0%ED%95%B4%EA%B5%B0%EC%95%84%ED%8C%8C%ED%8A%B8,35.1457272,128.7072731",https://map.naver.com/p?lng=128.7072731&lat=35.1457272&zoom=18,518135,CWB379001588,35.145727,128.707273
벚꽃마을삼성아파트입구,창원시진해구,자은동,1,"https://map.kakao.com/link/map/%EB%B2%9A%EA%BD%83%EB%A7%88%EC%9D%84%EC%82%BC%EC%84%B1%EC%95%84%ED%8C%8C%ED%8A%B8%EC%9E%85%EA%B5%AC,35.1477242,128.7071851",https://map.naver.com/p?lng=128.7071851&lat=35.1477242&zoom=18,518133,CWB379001578,35.147724,128.707185
석동그린빌2단지,창원시진해구,자은동,1,"https://map.kakao.com/link/map/%EC%84%9D%EB%8F%99%EA%B7%B8%EB%A6%B0%EB%B9%8C2%EB%8B%A8%EC%A7%80,35.1540955,128.7094335",https://map.naver.com/p?lng=128.7094335&lat=35.1540955&zoom=18,503203,CWB379002687,35.154096,128.709433
센트럴빌리지,창원시진해구,자은동,1,"https://map.kakao.com/link/map/%EC%84%BC%ED%8A%B8%EB%9F%B4%EB%B9%8C%EB%A6%AC%EC%A7%80,35.1563517,128.7153099",https://map.naver.com/p?lng=128.7153099&lat=35.1563517&zoom=18,503211,CWB379003416,35.156352,128.71531
자은농협,창원시진해구,자은동,1,"https://map.kakao.com/link/map/%EC%9E%90%EC%9D%80%EB%86%8D%ED%98%91,35.1531459,128.7070952",https://map.naver.com/p?lng=128.7070952&lat=35.1531459&zoom=18,503201,CWB379002689,35.153146,128.707095
자은동행정복지센터,창원시진해구,자은동,1,"https://map.kakao.com/link/map/%EC%9E%90%EC%9D%80%EB%8F%99%ED%96%89%EC%A0%95%EB%B3%B5%EC%A7%80%EC%84%BC%ED%84%B0,35.1465293,128.7069486",https://map.naver.com/p?lng=128.7069486&lat=35.1465293&zoom=18,518132,CWB379001583,35.146529,128.706949
자은민원센터,창원시진해구,자은동,2,"https://map.kakao.com/link/map/%EC%9E%90%EC%9D%80%EB%AF%BC%EC%9B%90%EC%84%BC%ED%84%B0,35.1539096,128.7133855",https://map.naver.com/p?lng=128.7133855&lat=35.1539096&zoom=18,503213,CWB379003414,35.15391,128.713385
자은민원센터,창원시진해구,자은동,2,"https://map.kakao.com/link/map/%EC%9E%90%EC%9D%80%EB%AF%BC%EC%9B%90%EC%84%BC%ED%84%B0,35.1538195,128.713684",https://map.naver.com/p?lng=128.713684&lat=35.1538195&zoom=18,503214,CWB379003415,35.15382,128.713684
자은주공아파트,창원시진해구,자은동,2,"https://map.kakao.com/link/map/%EC%9E%90%EC%9D%80%EC%A3%BC%EA%B3%B5%EC%95%84%ED%8C%8C%ED%8A%B8,35.1496107,128.7070472",https://map.naver.com/p?lng=128.7070472&lat=35.1496107&zoom=18,518131,CWB379001566,35.149611,128.707047
자은주공아파트,창원시진해구,자은동,2,"https://map.kakao.com/link/map/%EC%9E%90%EC%9D%80%EC%A3%BC%EA%B3%B5%EC%95%84%ED%8C%8C%ED%8A%B8,35.1495814,128.7067372",https://map.naver.com/p?lng=128.7067372&lat=35.1495814&zoom=18,518130,CWB379001567,35.149581,128.706737
자은주공후문,창원시진해구,자은동,2,"https://map.kakao.com/link/map/%EC%9E%90%EC%9D%80%EC%A3%BC%EA%B3%B5%ED%9B%84%EB%AC%B8,35.1509566,128.708536",https://map.naver.com/p?lng=128.708536&lat=35.1509566&zoom=18,515902,CWB379002680,35.150957,128.708536
자은주공후문,창원시진해구,자은동,2,"https://map.kakao.com/link/map/%EC%9E%90%EC%9D%80%EC%A3%BC%EA%B3%B5%ED%9B%84%EB%AC%B8,35.1509839,128.7083588",https://map.naver.com/p?lng=128.7083588&lat=35.1509839&zoom=18,515901,CWB379002681,35.150984,128.708359
자은프라임아파트,창원시진해구,자은동,2,"https://map.kakao.com/link/map/%EC%9E%90%EC%9D%80%ED%94%84%EB%9D%BC%EC%9E%84%EC%95%84%ED%8C%8C%ED%8A%B8,35.1527114,128.7190842",https://map.naver.com/p?lng=128.7190842&lat=35.1527114&zoom=18,503205,CWB379003374,35.152711,128.719084
자은프라임아파트,창원시진해구,자은동,2,"https://map.kakao.com/link/map/%EC%9E%90%EC%9D%80%ED%94%84%EB%9D%BC%EC%9E%84%EC%95%84%ED%8C%8C%ED%8A%B8,35.1535118,128.7203422",https://map.naver.com/p?lng=128.7203422&lat=35.1535118&zoom=18,503209,CWB379003412,35.153512,128.720342
중흥S클래스,창원시진해구,자은동,2,"https://map.kakao.com/link/map/%EC%A4%91%ED%9D%A5S%ED%81%B4%EB%9E%98%EC%8A%A4,35.15313,128.7159309",https://map.naver.com/p?lng=128.7159309&lat=35.15313&zoom=18,503207,CWB379003403,35.15313,128.715931
중흥S클래스,창원시진해구,자은동,2,"https://map.kakao.com/link/map/%EC%A4%91%ED%9D%A5S%ED%81%B4%EB%9E%98%EC%8A%A4,35.152867,128.7163643",https://map.naver.com/p?lng=128.7163643&lat=35.152867&zoom=18,503210,CWB379003413,35.152867,128.716364
진해변전소,창원시진해구,자은동,1,"https://map.kakao.com/link/map/%EC%A7%84%ED%95%B4%EB%B3%80%EC%A0%84%EC%86%8C,35.1547702,128.7111625",https://map.naver.com/p?lng=128.7111625&lat=35.1547702&zoom=18,503215,CWB379003479,35.15477,128.711162
진해변전소(속천행),창원시진해구,자은동,1,"https://map.kakao.com/link/map/%EC%A7%84%ED%95%B4%EB%B3%80%EC%A0%84%EC%86%8C%28%EC%86%8D%EC%B2%9C%ED%96%89%29,35.155089,128.7116008",https://map.naver.com/p?lng=128.7116008&lat=35.155089&zoom=18,503217,CWB379003481,35.155089,128.711601
진해변전소(장천행),창원시진해구,자은동,1,"https://map.kakao.com/link/map/%EC%A7%84%ED%95%B4%EB%B3%80%EC%A0%84%EC%86%8C%28%EC%9E%A5%EC%B2%9C%ED%96%89%29,35.1551274,128.7116875",https://map.naver.com/p?lng=128.7116875&lat=35.1551274&zoom=18,503216,CWB379003480,35.155127,128.711688
천년나무아파트,창원시진해구,자은동,1,"https://map.kakao.com/link/map/%EC%B2%9C%EB%85%84%EB%82%98%EB%AC%B4%EC%95%84%ED%8C%8C%ED%8A%B8,35.1562409,128.7157506",https://map.naver.com/p?lng=128.7157506&lat=35.1562409&zoom=18,503212,CWB379003417,35.156241,128.715751
11부두,창원시진해구,충무동,1,"https://map.kakao.com/link/map/11%EB%B6%80%EB%91%90,35.1368139,128.6559856",https://map.naver.com/p?lng=128.6559856&lat=35.1368139&zoom=18,630418,CWB379005762,35.136814,128.655986
3정문,창원시진해구,충무동,2,"https://map.kakao.com/link/map/3%EC%A0%95%EB%AC%B8,35.1439273,128.6587548",https://map.naver.com/p?lng=128.6587548&lat=35.1439273&zoom=18,630416,CWB379005760,35.143927,128.658755
3정문,창원시진해구,충무동,2,"https://map.kakao.com/link/map/3%EC%A0%95%EB%AC%B8,35.1439202,128.6589439",https://map.naver.com/p?lng=128.6589439&lat=35.1439202&zoom=18,630417,CWB379005761,35.14392,128.658944
공설운동장,창원시진해구,충무동,3,"https://map.kakao.com/link/map/%EA%B3%B5%EC%84%A4%EC%9A%B4%EB%8F%99%EC%9E%A5,35.1499764,128.6562413",https://map.naver.com/p?lng=128.6562413&lat=35.1499764&zoom=18,519704,CWB379002433,35.149976,128.656241
공설운동장,창원시진해구,충무동,3,"https://map.kakao.com/link/map/%EA%B3%B5%EC%84%A4%EC%9A%B4%EB%8F%99%EC%9E%A5,35.1498147,128.6560014",https://map.naver.com/p?lng=128.6560014&lat=35.1498147&zoom=18,519703,CWB379002434,35.149815,128.656001
공설운동장,창원시진해구,충무동,3,"https://map.kakao.com/link/map/%EA%B3%B5%EC%84%A4%EC%9A%B4%EB%8F%99%EC%9E%A5,35.1496178,128.6565112",https://map.naver.com/p?lng=128.6565112&lat=35.1496178&zoom=18,519708,CWB379003376,35.149618,128.656511
남원로터리,창원시진해구,충무동,2,"https://map.kakao.com/link/map/%EB%82%A8%EC%9B%90%EB%A1%9C%ED%84%B0%EB%A6%AC,35.146306,128.6597162",https://map.naver.com/p?lng=128.6597162&lat=35.146306&zoom=18,520301,CWB379001589,35.146306,128.659716
남원로터리,창원시진해구,충무동,2,"https://map.kakao.com/link/map/%EB%82%A8%EC%9B%90%EB%A1%9C%ED%84%B0%EB%A6%AC,35.1460174,128.6602542",https://map.naver.com/p?lng=128.6602542&lat=35.1460174&zoom=18,520302,CWB379001592,35.146017,128.660254
미고문단앞,창원시진해구,충무동,1,"https://map.kakao.com/link/map/%EB%AF%B8%EA%B3%A0%EB%AC%B8%EB%8B%A8%EC%95%9E,35.1552104,128.6558392",https://map.naver.com/p?lng=128.6558392&lat=35.1552104&zoom=18,511301,CWB379002439,35.15521,128.655839
벚꽃상가,창원시진해구,충무동,1,"https://map.kakao.com/link/map/%EB%B2%9A%EA%BD%83%EC%83%81%EA%B0%80,35.1519974,128.6702042",https://map.naver.com/p?lng=128.6702042&lat=35.1519974&zoom=18,519812,CWB379001552,35.151997,128.670204
북원로터리,창원시진해구,충무동,1,"https://map.kakao.com/link/map/%EB%B6%81%EC%9B%90%EB%A1%9C%ED%84%B0%EB%A6%AC,35.1528704,128.6570433",https://map.naver.com/p?lng=128.6570433&lat=35.1528704&zoom=18,519802,CWB379002588,35.15287,128.657043
블루빌아파트,창원시진해구,충무동,2,"https://map.kakao.com/link/map/%EB%B8%94%EB%A3%A8%EB%B9%8C%EC%95%84%ED%8C%8C%ED%8A%B8,35.1478233,128.6577394",https://map.naver.com/p?lng=128.6577394&lat=35.1478233&zoom=18,519702,CWB379002691,35.147823,128.657739
블루빌아파트,창원시진해구,충무동,2,"https://map.kakao.com/link/map/%EB%B8%94%EB%A3%A8%EB%B9%8C%EC%95%84%ED%8C%8C%ED%8A%B8,35.1476447,128.6575634",https://map.naver.com/p?lng=128.6575634&lat=35.1476447&zoom=18,519701,CWB379002692,35.147645,128.657563
속천어촌계,창원시진해구,충무동,2,"https://map.kakao.com/link/map/%EC%86%8D%EC%B2%9C%EC%96%B4%EC%B4%8C%EA%B3%84,35.1397174,128.6727649",https://map.naver.com/p?lng=128.6727649&lat=35.1397174&zoom=18,509602,CWB379002881,35.139717,128.672765
속천어촌계,창원시진해구,충무동,2,"https://map.kakao.com/link/map/%EC%86%8D%EC%B2%9C%EC%96%B4%EC%B4%8C%EA%B3%84,35.1401378,128.6721783",https://map.naver.com/p?lng=128.6721783&lat=35.1401378&zoom=18,509608,CWB379005929,35.140138,128.672178
속천종점,창원시진해구,충무동,2,"https://map.kakao.com/link/map/%EC%86%8D%EC%B2%9C%EC%A2%85%EC%A0%90,35.1445045,128.6697167",https://map.naver.com/p?lng=128.6697167&lat=35.1445045&zoom=18,520308,CWB379002422,35.144504,128.669717
속천종점,창원시진해구,충무동,2,"https://map.kakao.com/link/map/%EC%86%8D%EC%B2%9C%EC%A2%85%EC%A0%90,35.1444535,128.6701435",https://map.naver.com/p?lng=128.6701435&lat=35.1444535&zoom=18,520307,CWB379002423,35.144454,128.670144
속천항,창원시진해구,충무동,2,"https://map.kakao.com/link/map/%EC%86%8D%EC%B2%9C%ED%95%AD,35.1440336,128.672653",https://map.naver.com/p?lng=128.672653&lat=35.1440336&zoom=18,509610,CWB379006196,35.144034,128.672653
속천항,창원시진해구,충무동,2,"https://map.kakao.com/link/map/%EC%86%8D%EC%B2%9C%ED%95%AD,35.14425,128.6732993",https://map.naver.com/p?lng=128.6732993&lat=35.14425&zoom=18,509609,CWB379006197,35.14425,128.673299
속천해양경찰,창원시진해구,충무동,2,"https://map.kakao.com/link/map/%EC%86%8D%EC%B2%9C%ED%95%B4%EC%96%91%EA%B2%BD%EC%B0%B0,35.1424757,128.6702814",https://map.naver.com/p?lng=128.6702814&lat=35.1424757&zoom=18,509606,CWB379005791,35.142476,128.670281
속천해양경찰,창원시진해구,충무동,2,"https://map.kakao.com/link/map/%EC%86%8D%EC%B2%9C%ED%95%B4%EC%96%91%EA%B2%BD%EC%B0%B0,35.1424214,128.6701349",https://map.naver.com/p?lng=128.6701349&lat=35.1424214&zoom=18,509607,CWB379005792,35.142421,128.670135
인의동터미널,창원시진해구,충무동,2,"https://map.kakao.com/link/map/%EC%9D%B8%EC%9D%98%EB%8F%99%ED%84%B0%EB%AF%B8%EB%84%90,35.1449044,128.6609472",https://map.naver.com/p?lng=128.6609472&lat=35.1449044&zoom=18,630064,CWB379001596,35.144904,128.660947
인의동터미널,창원시진해구,충무동,2,"https://map.kakao.com/link/map/%EC%9D%B8%EC%9D%98%EB%8F%99%ED%84%B0%EB%AF%B8%EB%84%90,35.1446564,128.6606162",https://map.naver.com/p?lng=128.6606162&lat=35.1446564&zoom=18,630065,CWB379001599,35.144656,128.660616
장난감도서관,창원시진해구,충무동,1,"https://map.kakao.com/link/map/%EC%9E%A5%EB%82%9C%EA%B0%90%EB%8F%84%EC%84%9C%EA%B4%80,35.149718,128.6604608",https://map.naver.com/p?lng=128.6604608&lat=35.149718&zoom=18,630218,CWB379002697,35.149718,128.660461
중앙동민원센터,창원시진해구,충무동,2,"https://map.kakao.com/link/map/%EC%A4%91%EC%95%99%EB%8F%99%EB%AF%BC%EC%9B%90%EC%84%BC%ED%84%B0,35.1520694,128.6562012",https://map.naver.com/p?lng=128.6562012&lat=35.1520694&zoom=18,519706,CWB379002435,35.152069,128.656201
중앙동민원센터,창원시진해구,충무동,2,"https://map.kakao.com/link/map/%EC%A4%91%EC%95%99%EB%8F%99%EB%AF%BC%EC%9B%90%EC%84%BC%ED%84%B0,35.1518503,128.6559341",https://map.naver.com/p?lng=128.6559341&lat=35.1518503&zoom=18,519705,CWB379002436,35.15185,128.655934
중앙시장,창원시진해구,충무동,2,"https://map.kakao.com/link/map/%EC%A4%91%EC%95%99%EC%8B%9C%EC%9E%A5,35.1519719,128.666584",https://map.naver.com/p?lng=128.666584&lat=35.1519719&zoom=18,519808,CWB379002448,35.151972,128.666584
중앙시장,창원시진해구,충무동,2,"https://map.kakao.com/link/map/%EC%A4%91%EC%95%99%EC%8B%9C%EC%9E%A5,35.1519625,128.6666996",https://map.naver.com/p?lng=128.6666996&lat=35.1519625&zoom=18,519810,CWB379002781,35.151962,128.6667
중앙시장입구,창원시진해구,충무동,2,"https://map.kakao.com/link/map/%EC%A4%91%EC%95%99%EC%8B%9C%EC%9E%A5%EC%9E%85%EA%B5%AC,35.1513648,128.6633726",https://map.naver.com/p?lng=128.6633726&lat=35.1513648&zoom=18,630215,CWB379002694,35.151365,128.663373
중앙시장입구,창원시진해구,충무동,2,"https://map.kakao.com/link/map/%EC%A4%91%EC%95%99%EC%8B%9C%EC%9E%A5%EC%9E%85%EA%B5%AC,35.1514904,128.6631132",https://map.naver.com/p?lng=128.6631132&lat=35.1514904&zoom=18,630216,CWB379002695,35.15149,128.663113
중원로터리,창원시진해구,충무동,2,"https://map.kakao.com/link/map/%EC%A4%91%EC%9B%90%EB%A1%9C%ED%84%B0%EB%A6%AC,35.1495724,128.6583068",https://map.naver.com/p?lng=128.6583068&lat=35.1495724&zoom=18,520801,CWB379002430,35.149572,128.658307
중원로터리,창원시진해구,충무동,2,"https://map.kakao.com/link/map/%EC%A4%91%EC%9B%90%EB%A1%9C%ED%84%B0%EB%A6%AC,35.1493864,128.658926",https://map.naver.com/p?lng=128.658926&lat=35.1493864&zoom=18,520802,CWB379002431,35.149386,128.658926
중원쉼터,창원시진해구,충무동,1,"https://map.kakao.com/link/map/%EC%A4%91%EC%9B%90%EC%89%BC%ED%84%B0,35.1499325,128.6603762",https://map.naver.com/p?lng=128.6603762&lat=35.1499325&zoom=18,630217,CWB379002696,35.149932,128.660376
진해남산초등학교,창원시진해구,충무동,2,"https://map.kakao.com/link/map/%EC%A7%84%ED%95%B4%EB%82%A8%EC%82%B0%EC%B4%88%EB%93%B1%ED%95%99%EA%B5%90,35.145936,128.6635243",https://map.naver.com/p?lng=128.6635243&lat=35.145936&zoom=18,520303,CWB379002427,35.145936,128.663524
진해남산초등학교,창원시진해구,충무동,2,"https://map.kakao.com/link/map/%EC%A7%84%ED%95%B4%EB%82%A8%EC%82%B0%EC%B4%88%EB%93%B1%ED%95%99%EA%B5%90,35.1456461,128.6640083",https://map.naver.com/p?lng=128.6640083&lat=35.1456461&zoom=18,520304,CWB379002428,35.145646,128.664008
진해수협,창원시진해구,충무동,1,"https://map.kakao.com/link/map/%EC%A7%84%ED%95%B4%EC%88%98%ED%98%91,35.1522209,128.6637921",https://map.naver.com/p?lng=128.6637921&lat=35.1522209&zoom=18,519807,CWB379001549,35.152221,128.663792
진해수협웨딩홀,창원시진해구,충무동,2,"https://map.kakao.com/link/map/%EC%A7%84%ED%95%B4%EC%88%98%ED%98%91%EC%9B%A8%EB%94%A9%ED%99%80,35.1413643,128.6711419",https://map.naver.com/p?lng=128.6711419&lat=35.1413643&zoom=18,509601,CWB379002879,35.141364,128.671142
진해수협웨딩홀,창원시진해구,충무동,2,"https://map.kakao.com/link/map/%EC%A7%84%ED%95%B4%EC%88%98%ED%98%91%EC%9B%A8%EB%94%A9%ED%99%80,35.1414388,128.6712943",https://map.naver.com/p?lng=128.6712943&lat=35.1414388&zoom=18,509604,CWB379002882,35.141439,128.671294
진해역,창원시진해구,충무동,1,"https://map.kakao.com/link/map/%EC%A7%84%ED%95%B4%EC%97%AD,35.1525017,128.6608017",https://map.naver.com/p?lng=128.6608017&lat=35.1525017&zoom=18,519804,CWB379001546,35.152502,128.660802
진해청소년전당,창원시진해구,충무동,2,"https://map.kakao.com/link/map/%EC%A7%84%ED%95%B4%EC%B2%AD%EC%86%8C%EB%85%84%EC%A0%84%EB%8B%B9,35.1478277,128.6595416",https://map.naver.com/p?lng=128.6595416&lat=35.1478277&zoom=18,517502,CWB379001579,35.147828,128.659542
진해청소년전당,창원시진해구,충무동,2,"https://map.kakao.com/link/map/%EC%A7%84%ED%95%B4%EC%B2%AD%EC%86%8C%EB%85%84%EC%A0%84%EB%8B%B9,35.1476544,128.6592145",https://map.naver.com/p?lng=128.6592145&lat=35.1476544&zoom=18,517501,CWB379001580,35.147654,128.659214
충무동행정복지센터,창원시진해구,충무동,2,"https://map.kakao.com/link/map/%EC%B6%A9%EB%AC%B4%EB%8F%99%ED%96%89%EC%A0%95%EB%B3%B5%EC%A7%80%EC%84%BC%ED%84%B0,35.1507994,128.6599797",https://map.naver.com/p?lng=128.6599797&lat=35.1507994&zoom=18,517504,CWB379001558,35.150799,128.65998
충무동행정복지센터,창원시진해구,충무동,2,"https://map.kakao.com/link/map/%EC%B6%A9%EB%AC%B4%EB%8F%99%ED%96%89%EC%A0%95%EB%B3%B5%EC%A7%80%EC%84%BC%ED%84%B0,35.1504128,128.6596573",https://map.naver.com/p?lng=128.6596573&lat=35.1504128&zoom=18,517503,CWB379001564,35.150413,128.659657
해군기지사령부,창원시진해구,충무동,1,"https://map.kakao.com/link/map/%ED%95%B4%EA%B5%B0%EA%B8%B0%EC%A7%80%EC%82%AC%EB%A0%B9%EB%B6%80,35.1533587,128.6412271",https://map.naver.com/p?lng=128.6412271&lat=35.1533587&zoom=18,630420,CWB379005764,35.153359,128.641227
해군사관학교,창원시진해구,충무동,1,"https://map.kakao.com/link/map/%ED%95%B4%EA%B5%B0%EC%82%AC%EA%B4%80%ED%95%99%EA%B5%90,35.1302785,128.6634913",https://map.naver.com/p?lng=128.6634913&lat=35.1302785&zoom=18,630419,CWB379005763,35.130278,128.663491
해군아파트,창원시진해구,충무동,2,"https://map.kakao.com/link/map/%ED%95%B4%EA%B5%B0%EC%95%84%ED%8C%8C%ED%8A%B8,35.1456507,128.6660237",https://map.naver.com/p?lng=128.6660237&lat=35.1456507&zoom=18,520305,CWB379002425,35.145651,128.666024
해군아파트,창원시진해구,충무동,2,"https://map.kakao.com/link/map/%ED%95%B4%EA%B5%B0%EC%95%84%ED%8C%8C%ED%8A%B8,35.1454297,128.6662255",https://map.naver.com/p?lng=128.6662255&lat=35.1454297&zoom=18,520306,CWB379002426,35.14543,128.666226
경화육교,창원시진해구,태백동,1,"https://map.kakao.com/link/map/%EA%B2%BD%ED%99%94%EC%9C%A1%EA%B5%90,35.1575398,128.6803154",https://map.naver.com/p?lng=128.6803154&lat=35.1575398&zoom=18,518113,CWB379001502,35.15754,128.680315
벚꽃상가,창원시진해구,태백동,1,"https://map.kakao.com/link/map/%EB%B2%9A%EA%BD%83%EC%83%81%EA%B0%80,35.1522603,128.6702442",https://map.naver.com/p?lng=128.6702442&lat=35.1522603&zoom=18,519811,CWB379001547,35.15226,128.670244
산상교회,창원시진해구,태백동,2,"https://map.kakao.com/link/map/%EC%82%B0%EC%83%81%EA%B5%90%ED%9A%8C,35.1566466,128.6788683",https://map.naver.com/p?lng=128.6788683&lat=35.1566466&zoom=18,518110,CWB379001507,35.156647,128.678868
산상교회,창원시진해구,태백동,2,"https://map.kakao.com/link/map/%EC%82%B0%EC%83%81%EA%B5%90%ED%9A%8C,35.156646,128.6772557",https://map.naver.com/p?lng=128.6772557&lat=35.156646&zoom=18,518111,CWB379002911,35.156646,128.677256
원창시인의마을,창원시진해구,태백동,2,"https://map.kakao.com/link/map/%EC%9B%90%EC%B0%BD%EC%8B%9C%EC%9D%B8%EC%9D%98%EB%A7%88%EC%9D%84,35.1559158,128.6740713",https://map.naver.com/p?lng=128.6740713&lat=35.1559158&zoom=18,520202,CWB379002553,35.155916,128.674071
원창시인의마을,창원시진해구,태백동,2,"https://map.kakao.com/link/map/%EC%9B%90%EC%B0%BD%EC%8B%9C%EC%9D%B8%EC%9D%98%EB%A7%88%EC%9D%84,35.1560451,128.6740757",https://map.naver.com/p?lng=128.6740757&lat=35.1560451&zoom=18,520201,CWB379002554,35.156045,128.674076
중앙초교후문,창원시진해구,태백동,2,"https://map.kakao.com/link/map/%EC%A4%91%EC%95%99%EC%B4%88%EA%B5%90%ED%9B%84%EB%AC%B8,35.1546908,128.6731244",https://map.naver.com/p?lng=128.6731244&lat=35.1546908&zoom=18,504004,CWB379002551,35.154691,128.673124
중앙초교후문,창원시진해구,태백동,2,"https://map.kakao.com/link/map/%EC%A4%91%EC%95%99%EC%B4%88%EA%B5%90%ED%9B%84%EB%AC%B8,35.1548207,128.6730275",https://map.naver.com/p?lng=128.6730275&lat=35.1548207&zoom=18,504003,CWB379002552,35.154821,128.673027
중앙초등학교,창원시진해구,태백동,1,"https://map.kakao.com/link/map/%EC%A4%91%EC%95%99%EC%B4%88%EB%93%B1%ED%95%99%EA%B5%90,35.1526223,128.6744713",https://map.naver.com/p?lng=128.6744713&lat=35.1526223&zoom=18,519813,CWB379001537,35.152622,128.674471
중초삼거리,창원시진해구,태백동,2,"https://map.kakao.com/link/map/%EC%A4%91%EC%B4%88%EC%82%BC%EA%B1%B0%EB%A6%AC,35.1529546,128.678098",https://map.naver.com/p?lng=128.678098&lat=35.1529546&zoom=18,519815,CWB379001533,35.152955,128.678098
중초삼거리,창원시진해구,태백동,2,"https://map.kakao.com/link/map/%EC%A4%91%EC%B4%88%EC%82%BC%EA%B1%B0%EB%A6%AC,35.1527437,128.6781314",https://map.naver.com/p?lng=128.6781314&lat=35.1527437&zoom=18,519816,CWB379001535,35.152744,128.678131
태백사거리,창원시진해구,태백동,2,"https://map.kakao.com/link/map/%ED%83%9C%EB%B0%B1%EC%82%AC%EA%B1%B0%EB%A6%AC,35.152529,128.6758043",https://map.naver.com/p?lng=128.6758043&lat=35.152529&zoom=18,519814,CWB379001539,35.152529,128.675804
태백사거리,창원시진해구,태백동,2,"https://map.kakao.com/link/map/%ED%83%9C%EB%B0%B1%EC%82%AC%EA%B1%B0%EB%A6%AC,35.1531807,128.6761699",https://map.naver.com/p?lng=128.6761699&lat=35.1531807&zoom=18,519707,CWB379003193,35.153181,128.67617
태백아파트,창원시진해구,태백동,2,"https://map.kakao.com/link/map/%ED%83%9C%EB%B0%B1%EC%95%84%ED%8C%8C%ED%8A%B8,35.1551451,128.6771099",https://map.naver.com/p?lng=128.6771099&lat=35.1551451&zoom=18,520101,CWB379001518,35.155145,128.67711
태백아파트,창원시진해구,태백동,2,"https://map.kakao.com/link/map/%ED%83%9C%EB%B0%B1%EC%95%84%ED%8C%8C%ED%8A%B8,35.1547724,128.6769485",https://map.naver.com/p?lng=128.6769485&lat=35.1547724&zoom=18,520102,CWB379001520,35.154772,128.676949
노인주간보호센터,창원시진해구,풍호동,1,"https://map.kakao.com/link/map/%EB%85%B8%EC%9D%B8%EC%A3%BC%EA%B0%84%EB%B3%B4%ED%98%B8%EC%84%BC%ED%84%B0,35.12972,128.7094471",https://map.naver.com/p?lng=128.7094471&lat=35.12972&zoom=18,519847,CWB379002546,35.12972,128.709447
녹수아파트,창원시진해구,풍호동,2,"https://map.kakao.com/link/map/%EB%85%B9%EC%88%98%EC%95%84%ED%8C%8C%ED%8A%B8,35.1362869,128.7083512",https://map.naver.com/p?lng=128.7083512&lat=35.1362869&zoom=18,518141,CWB379001632,35.136287,128.708351
녹수아파트,창원시진해구,풍호동,2,"https://map.kakao.com/link/map/%EB%85%B9%EC%88%98%EC%95%84%ED%8C%8C%ED%8A%B8,35.1374531,128.7100422",https://map.naver.com/p?lng=128.7100422&lat=35.1374531&zoom=18,519209,CWB379005412,35.137453,128.710042
대동다숲.마린푸르지오2단지,창원시진해구,풍호동,2,"https://map.kakao.com/link/map/%EB%8C%80%EB%8F%99%EB%8B%A4%EC%88%B2.%EB%A7%88%EB%A6%B0%ED%91%B8%EB%A5%B4%EC%A7%80%EC%98%A42%EB%8B%A8%EC%A7%80,35.1301357,128.7063966",https://map.naver.com/p?lng=128.7063966&lat=35.1301357&zoom=18,522319,CWB379002677,35.130136,128.706397
대동다숲.마린푸르지오2단지,창원시진해구,풍호동,2,"https://map.kakao.com/link/map/%EB%8C%80%EB%8F%99%EB%8B%A4%EC%88%B2.%EB%A7%88%EB%A6%B0%ED%91%B8%EB%A5%B4%EC%A7%80%EC%98%A42%EB%8B%A8%EC%A7%80,35.1298807,128.7057152",https://map.naver.com/p?lng=128.7057152&lat=35.1298807&zoom=18,522320,CWB379002839,35.129881,128.705715
마린푸르지오1단지.신광아파트,창원시진해구,풍호동,2,"https://map.kakao.com/link/map/%EB%A7%88%EB%A6%B0%ED%91%B8%EB%A5%B4%EC%A7%80%EC%98%A41%EB%8B%A8%EC%A7%80.%EC%8B%A0%EA%B4%91%EC%95%84%ED%8C%8C%ED%8A%B8,35.1350389,128.7064141",https://map.naver.com/p?lng=128.7064141&lat=35.1350389&zoom=18,519203,CWB379001639,35.135039,128.706414
마린푸르지오1단지.신광아파트,창원시진해구,풍호동,2,"https://map.kakao.com/link/map/%EB%A7%88%EB%A6%B0%ED%91%B8%EB%A5%B4%EC%A7%80%EC%98%A41%EB%8B%A8%EC%A7%80.%EC%8B%A0%EA%B4%91%EC%95%84%ED%8C%8C%ED%8A%B8,35.1348577,128.7064338",https://map.naver.com/p?lng=128.7064338&lat=35.1348577&zoom=18,519204,CWB379001641,35.134858,128.706434
만남의광장,창원시진해구,풍호동,1,"https://map.kakao.com/link/map/%EB%A7%8C%EB%82%A8%EC%9D%98%EA%B4%91%EC%9E%A5,35.1205814,128.7152112",https://map.naver.com/p?lng=128.7152112&lat=35.1205814&zoom=18,518148,CWB379002541,35.120581,128.715211
몽카페,창원시진해구,풍호동,2,"https://map.kakao.com/link/map/%EB%AA%BD%EC%B9%B4%ED%8E%98,35.1042453,128.7009303",https://map.naver.com/p?lng=128.7009303&lat=35.1042453&zoom=18,522404,CWB379003312,35.104245,128.70093
몽카페,창원시진해구,풍호동,2,"https://map.kakao.com/link/map/%EB%AA%BD%EC%B9%B4%ED%8E%98,35.1041317,128.700927",https://map.naver.com/p?lng=128.700927&lat=35.1041317&zoom=18,522405,CWB379003313,35.104132,128.700927
벽산솔렌스힐아파트,창원시진해구,풍호동,1,"https://map.kakao.com/link/map/%EB%B2%BD%EC%82%B0%EC%86%94%EB%A0%8C%EC%8A%A4%ED%9E%90%EC%95%84%ED%8C%8C%ED%8A%B8,35.1306693,128.7098701",https://map.naver.com/p?lng=128.7098701&lat=35.1306693&zoom=18,518201,CWB379002840,35.130669,128.70987
상리마을,창원시진해구,풍호동,2,"https://map.kakao.com/link/map/%EC%83%81%EB%A6%AC%EB%A7%88%EC%9D%84,35.1253008,128.7120529",https://map.naver.com/p?lng=128.7120529&lat=35.1253008&zoom=18,518145,CWB379002543,35.125301,128.712053
상리마을,창원시진해구,풍호동,2,"https://map.kakao.com/link/map/%EC%83%81%EB%A6%AC%EB%A7%88%EC%9D%84,35.1255664,128.7117681",https://map.naver.com/p?lng=128.7117681&lat=35.1255664&zoom=18,518146,CWB379002544,35.125566,128.711768
수치,창원시진해구,풍호동,4,"https://map.kakao.com/link/map/%EC%88%98%EC%B9%98,35.1065511,128.7062654",https://map.naver.com/p?lng=128.7062654&lat=35.1065511&zoom=18,522306,CWB379002487,35.106551,128.706265
수치,창원시진해구,풍호동,4,"https://map.kakao.com/link/map/%EC%88%98%EC%B9%98,35.1064888,128.7061439",https://map.naver.com/p?lng=128.7061439&lat=35.1064888&zoom=18,522305,CWB379002488,35.106489,128.706144
수치,창원시진해구,풍호동,4,"https://map.kakao.com/link/map/%EC%88%98%EC%B9%98,35.1062103,128.7052081",https://map.naver.com/p?lng=128.7052081&lat=35.1062103&zoom=18,523321,CWB379003264,35.10621,128.705208
수치,창원시진해구,풍호동,4,"https://map.kakao.com/link/map/%EC%88%98%EC%B9%98,35.1066,128.7053725",https://map.naver.com/p?lng=128.7053725&lat=35.1066&zoom=18,523322,CWB379003265,35.1066,128.705373
수치마을,창원시진해구,풍호동,2,"https://map.kakao.com/link/map/%EC%88%98%EC%B9%98%EB%A7%88%EC%9D%84,35.1061749,128.703768",https://map.naver.com/p?lng=128.703768&lat=35.1061749&zoom=18,522401,CWB379002889,35.106175,128.703768
수치마을,창원시진해구,풍호동,2,"https://map.kakao.com/link/map/%EC%88%98%EC%B9%98%EB%A7%88%EC%9D%84,35.1060626,128.7037421",https://map.naver.com/p?lng=128.7037421&lat=35.1060626&zoom=18,522402,CWB379002892,35.106063,128.703742
시영아파트,창원시진해구,풍호동,2,"https://map.kakao.com/link/map/%EC%8B%9C%EC%98%81%EC%95%84%ED%8C%8C%ED%8A%B8,35.1365484,128.7111582",https://map.naver.com/p?lng=128.7111582&lat=35.1365484&zoom=18,519208,CWB379002470,35.136548,128.711158
시영아파트,창원시진해구,풍호동,2,"https://map.kakao.com/link/map/%EC%8B%9C%EC%98%81%EC%95%84%ED%8C%8C%ED%8A%B8,35.1364953,128.7110205",https://map.naver.com/p?lng=128.7110205&lat=35.1364953&zoom=18,519207,CWB379002471,35.136495,128.71102
아랫장천,창원시진해구,풍호동,2,"https://map.kakao.com/link/map/%EC%95%84%EB%9E%AB%EC%9E%A5%EC%B2%9C,35.127781,128.7006527",https://map.naver.com/p?lng=128.7006527&lat=35.127781&zoom=18,522315,CWB379002475,35.127781,128.700653
아랫장천,창원시진해구,풍호동,2,"https://map.kakao.com/link/map/%EC%95%84%EB%9E%AB%EC%9E%A5%EC%B2%9C,35.1275033,128.7005296",https://map.naver.com/p?lng=128.7005296&lat=35.1275033&zoom=18,522316,CWB379002476,35.127503,128.70053
예비군관리대,창원시진해구,풍호동,2,"https://map.kakao.com/link/map/%EC%98%88%EB%B9%84%EA%B5%B0%EA%B4%80%EB%A6%AC%EB%8C%80,35.1137995,128.7000576",https://map.naver.com/p?lng=128.7000576&lat=35.1137995&zoom=18,522310,CWB379002481,35.1138,128.700058
예비군관리대,창원시진해구,풍호동,2,"https://map.kakao.com/link/map/%EC%98%88%EB%B9%84%EA%B5%B0%EA%B4%80%EB%A6%AC%EB%8C%80,35.1136718,128.7000264",https://map.naver.com/p?lng=128.7000264&lat=35.1136718&zoom=18,522309,CWB379002482,35.113672,128.700026
우성아파트,창원시진해구,풍호동,1,"https://map.kakao.com/link/map/%EC%9A%B0%EC%84%B1%EC%95%84%ED%8C%8C%ED%8A%B8,35.1391054,128.7016712",https://map.naver.com/p?lng=128.7016712&lat=35.1391054&zoom=18,519835,CWB379001621,35.139105,128.701671
우성아파트.아이존빌입구,창원시진해구,풍호동,1,"https://map.kakao.com/link/map/%EC%9A%B0%EC%84%B1%EC%95%84%ED%8C%8C%ED%8A%B8.%EC%95%84%EC%9D%B4%EC%A1%B4%EB%B9%8C%EC%9E%85%EA%B5%AC,35.1395134,128.7073377",https://map.naver.com/p?lng=128.7073377&lat=35.1395134&zoom=18,518138,CWB379001620,35.139513,128.707338
우성아파트후문,창원시진해구,풍호동,1,"https://map.kakao.com/link/map/%EC%9A%B0%EC%84%B1%EC%95%84%ED%8C%8C%ED%8A%B8%ED%9B%84%EB%AC%B8,35.1397069,128.7049796",https://map.naver.com/p?lng=128.7049796&lat=35.1397069&zoom=18,630210,CWB379002463,35.139707,128.70498
장천동.이순신리더쉽국제센터,창원시진해구,풍호동,2,"https://map.kakao.com/link/map/%EC%9E%A5%EC%B2%9C%EB%8F%99.%EC%9D%B4%EC%88%9C%EC%8B%A0%EB%A6%AC%EB%8D%94%EC%89%BD%EA%B5%AD%EC%A0%9C%EC%84%BC%ED%84%B0,35.1315048,128.7036647",https://map.naver.com/p?lng=128.7036647&lat=35.1315048&zoom=18,519839,CWB379001659,35.131505,128.703665
장천동.이순신리더쉽국제센터,창원시진해구,풍호동,2,"https://map.kakao.com/link/map/%EC%9E%A5%EC%B2%9C%EB%8F%99.%EC%9D%B4%EC%88%9C%EC%8B%A0%EB%A6%AC%EB%8D%94%EC%89%BD%EA%B5%AD%EC%A0%9C%EC%84%BC%ED%84%B0,35.1304901,128.7037177",https://map.naver.com/p?lng=128.7037177&lat=35.1304901&zoom=18,519838,CWB379001661,35.13049,128.703718
장천종점,창원시진해구,풍호동,2,"https://map.kakao.com/link/map/%EC%9E%A5%EC%B2%9C%EC%A2%85%EC%A0%90,35.1293712,128.7039474",https://map.naver.com/p?lng=128.7039474&lat=35.1293712&zoom=18,522318,CWB379002473,35.129371,128.703947
장천종점,창원시진해구,풍호동,2,"https://map.kakao.com/link/map/%EC%9E%A5%EC%B2%9C%EC%A2%85%EC%A0%90,35.1301613,128.7040317",https://map.naver.com/p?lng=128.7040317&lat=35.1301613&zoom=18,522323,CWB379005954,35.130161,128.704032
장천초교입구,창원시진해구,풍호동,1,"https://map.kakao.com/link/map/%EC%9E%A5%EC%B2%9C%EC%B4%88%EA%B5%90%EC%9E%85%EA%B5%AC,35.1294942,128.7036671",https://map.naver.com/p?lng=128.7036671&lat=35.1294942&zoom=18,522317,CWB379002474,35.129494,128.703667
진해구청,창원시진해구,풍호동,3,"https://map.kakao.com/link/map/%EC%A7%84%ED%95%B4%EA%B5%AC%EC%B2%AD,35.1352014,128.7103612",https://map.naver.com/p?lng=128.7103612&lat=35.1352014&zoom=18,519206,CWB379002468,35.135201,128.710361
진해구청,창원시진해구,풍호동,3,"https://map.kakao.com/link/map/%EC%A7%84%ED%95%B4%EA%B5%AC%EC%B2%AD,35.1353275,128.7102747",https://map.naver.com/p?lng=128.7102747&lat=35.1353275&zoom=18,519205,CWB379002469,35.135328,128.710275
진해구청,창원시진해구,풍호동,3,"https://map.kakao.com/link/map/%EC%A7%84%ED%95%B4%EA%B5%AC%EC%B2%AD,35.1300429,128.7095976",https://map.naver.com/p?lng=128.7095976&lat=35.1300429&zoom=18,518143,CWB379002545,35.130043,128.709598
진해구청.장전주유소,창원시진해구,풍호동,1,"https://map.kakao.com/link/map/%EC%A7%84%ED%95%B4%EA%B5%AC%EC%B2%AD.%EC%9E%A5%EC%A0%84%EC%A3%BC%EC%9C%A0%EC%86%8C,35.1306309,128.7090786",https://map.naver.com/p?lng=128.7090786&lat=35.1306309&zoom=18,518144,CWB379002547,35.130631,128.709079
풍호동사거리,창원시진해구,풍호동,1,"https://map.kakao.com/link/map/%ED%92%8D%ED%98%B8%EB%8F%99%EC%82%AC%EA%B1%B0%EB%A6%AC,35.1354831,128.7083817",https://map.naver.com/p?lng=128.7083817&lat=35.1354831&zoom=18,518142,CWB379002466,35.135483,128.708382
풍호동평화마을,창원시진해구,풍호동,2,"https://map.kakao.com/link/map/%ED%92%8D%ED%98%B8%EB%8F%99%ED%8F%89%ED%99%94%EB%A7%88%EC%9D%84,35.1366133,128.7022408",https://map.naver.com/p?lng=128.7022408&lat=35.1366133&zoom=18,519837,CWB379001631,35.136613,128.702241
풍호동평화마을,창원시진해구,풍호동,2,"https://map.kakao.com/link/map/%ED%92%8D%ED%98%B8%EB%8F%99%ED%8F%89%ED%99%94%EB%A7%88%EC%9D%84,35.1363836,128.7020861",https://map.naver.com/p?lng=128.7020861&lat=35.1363836&zoom=18,519836,CWB379001633,35.136384,128.702086
풍호동행정복지센터,창원시진해구,풍호동,1,"https://map.kakao.com/link/map/%ED%92%8D%ED%98%B8%EB%8F%99%ED%96%89%EC%A0%95%EB%B3%B5%EC%A7%80%EC%84%BC%ED%84%B0,35.1373814,128.7078281",https://map.naver.com/p?lng=128.7078281&lat=35.1373814&zoom=18,518140,CWB379001626,35.137381,128.707828
합계마을,창원시진해구,풍호동,2,"https://map.kakao.com/link/map/%ED%95%A9%EA%B3%84%EB%A7%88%EC%9D%84,35.1093639,128.7035749",https://map.naver.com/p?lng=128.7035749&lat=35.1093639&zoom=18,522308,CWB379002484,35.109364,128.703575
합계마을,창원시진해구,풍호동,2,"https://map.kakao.com/link/map/%ED%95%A9%EA%B3%84%EB%A7%88%EC%9D%84,35.1093112,128.7034563",https://map.naver.com/p?lng=128.7034563&lat=35.1093112&zoom=18,522307,CWB379002485,35.109311,128.703456
합계종점,창원시진해구,풍호동,1,"https://map.kakao.com/link/map/%ED%95%A9%EA%B3%84%EC%A2%85%EC%A0%90,35.1005911,128.6967019",https://map.naver.com/p?lng=128.6967019&lat=35.1005911&zoom=18,522403,CWB379002891,35.100591,128.696702
행암동,창원시진해구,풍호동,1,"https://map.kakao.com/link/map/%ED%96%89%EC%95%94%EB%8F%99,35.1162854,128.7010883",https://map.naver.com/p?lng=128.7010883&lat=35.1162854&zoom=18,522312,CWB379002479,35.116285,128.701088
행암동종점,창원시진해구,풍호동,1,"https://map.kakao.com/link/map/%ED%96%89%EC%95%94%EB%8F%99%EC%A2%85%EC%A0%90,35.1162647,128.7009563",https://map.naver.com/p?lng=128.7009563&lat=35.1162647&zoom=18,522311,CWB379002480,35.116265,128.700956
행암입구,창원시진해구,풍호동,2,"https://map.kakao.com/link/map/%ED%96%89%EC%95%94%EC%9E%85%EA%B5%AC,35.1212319,128.700374",https://map.naver.com/p?lng=128.700374&lat=35.1212319&zoom=18,522314,CWB379002477,35.121232,128.700374
행암입구,창원시진해구,풍호동,2,"https://map.kakao.com/link/map/%ED%96%89%EC%95%94%EC%9E%85%EA%B5%AC,35.1201649,128.7003079",https://map.naver.com/p?lng=128.7003079&lat=35.1201649&zoom=18,522313,CWB379002478,35.120165,128.700308
